solid 2807263
   facet normal 1.000000e+00 0.000000e+00 0.000000e+00
      outer loop
         vertex 1.399998e+00 7.999999e+00 1.850000e+01
         vertex 1.399998e+00 7.999999e+00 1.560000e+01
         vertex 1.399998e+00 9.578087e+00 1.560000e+01
      endloop
   endfacet
   facet normal 1.000000e+00 0.000000e+00 -0.000000e+00
      outer loop
         vertex 1.399998e+00 9.578087e+00 1.560000e+01
         vertex 1.399998e+00 9.578087e+00 1.760000e+01
         vertex 1.399998e+00 7.999999e+00 1.850000e+01
      endloop
   endfacet
   facet normal 1.000000e+00 0.000000e+00 0.000000e+00
      outer loop
         vertex 1.399998e+00 7.999999e+00 1.850000e+01
         vertex 1.399998e+00 9.578087e+00 1.760000e+01
         vertex 1.399998e+00 1.382672e+01 1.760000e+01
      endloop
   endfacet
   facet normal 1.000000e+00 -0.000000e+00 0.000000e+00
      outer loop
         vertex 1.399998e+00 7.999999e+00 1.850000e+01
         vertex 1.399998e+00 1.382672e+01 1.760000e+01
         vertex 1.399998e+00 3.200000e+01 1.850000e+01
      endloop
   endfacet
   facet normal 1.000000e+00 0.000000e+00 0.000000e+00
      outer loop
         vertex 1.399998e+00 3.042191e+01 1.560000e+01
         vertex 1.399998e+00 3.200000e+01 1.560000e+01
         vertex 1.399998e+00 3.042191e+01 1.760000e+01
      endloop
   endfacet
   facet normal 1.000000e+00 -0.000000e+00 0.000000e+00
      outer loop
         vertex 1.399998e+00 3.042191e+01 1.760000e+01
         vertex 1.399998e+00 3.200000e+01 1.560000e+01
         vertex 1.399998e+00 3.200000e+01 1.850000e+01
      endloop
   endfacet
   facet normal 1.000000e+00 0.000000e+00 -0.000000e+00
      outer loop
         vertex 1.399998e+00 3.042191e+01 1.760000e+01
         vertex 1.399998e+00 3.200000e+01 1.850000e+01
         vertex 1.399998e+00 2.617328e+01 1.760000e+01
      endloop
   endfacet
   facet normal 1.000000e+00 0.000000e+00 -0.000000e+00
      outer loop
         vertex 1.399998e+00 2.617328e+01 1.760000e+01
         vertex 1.399998e+00 3.200000e+01 1.850000e+01
         vertex 1.399998e+00 1.382672e+01 1.760000e+01
      endloop
   endfacet
   facet normal 1.000000e+00 0.000000e+00 0.000000e+00
      outer loop
         vertex 1.399998e+00 2.617328e+01 1.760000e+01
         vertex 1.399998e+00 1.382672e+01 1.760000e+01
         vertex 1.399998e+00 2.617328e+01 1.560000e+01
      endloop
   endfacet
   facet normal 1.000000e+00 0.000000e+00 0.000000e+00
      outer loop
         vertex 1.399998e+00 2.617328e+01 1.560000e+01
         vertex 1.399998e+00 1.382672e+01 1.760000e+01
         vertex 1.399998e+00 1.382672e+01 1.560000e+01
      endloop
   endfacet
   facet normal 0.000000e+00 -1.000000e+00 0.000000e+00
      outer loop
         vertex 6.780000e+01 1.700000e+01 1.610582e+01
         vertex 6.780000e+01 1.700000e+01 1.850000e+01
         vertex 6.346351e+01 1.700000e+01 1.610582e+01
      endloop
   endfacet
   facet normal 0.000000e+00 -1.000000e+00 0.000000e+00
      outer loop
         vertex 6.346351e+01 1.700000e+01 1.610582e+01
         vertex 6.780000e+01 1.700000e+01 1.850000e+01
         vertex 6.480000e+01 1.700000e+01 1.850000e+01
      endloop
   endfacet
   facet normal 0.000000e+00 -1.000000e+00 0.000000e+00
      outer loop
         vertex 6.346351e+01 1.700000e+01 1.610582e+01
         vertex 6.480000e+01 1.700000e+01 1.850000e+01
         vertex 6.321856e+01 1.700000e+01 1.612088e+01
      endloop
   endfacet
   facet normal 0.000000e+00 -1.000000e+00 0.000000e+00
      outer loop
         vertex 6.321856e+01 1.700000e+01 1.612088e+01
         vertex 6.480000e+01 1.700000e+01 1.850000e+01
         vertex 6.297730e+01 1.700000e+01 1.616582e+01
      endloop
   endfacet
   facet normal -0.000000e+00 -1.000000e+00 0.000000e+00
      outer loop
         vertex 6.480000e+01 1.700000e+01 1.850000e+01
         vertex 6.180000e+01 1.700000e+01 1.850000e+01
         vertex 6.180000e+01 1.700000e+01 1.699554e+01
      endloop
   endfacet
   facet normal 0.000000e+00 -1.000000e+00 0.000000e+00
      outer loop
         vertex 6.180000e+01 1.700000e+01 1.699554e+01
         vertex 6.194850e+01 1.700000e+01 1.680016e+01
         vertex 6.480000e+01 1.700000e+01 1.850000e+01
      endloop
   endfacet
   facet normal 0.000000e+00 -1.000000e+00 0.000000e+00
      outer loop
         vertex 6.480000e+01 1.700000e+01 1.850000e+01
         vertex 6.194850e+01 1.700000e+01 1.680016e+01
         vertex 6.211982e+01 1.700000e+01 1.662444e+01
      endloop
   endfacet
   facet normal 0.000000e+00 -1.000000e+00 0.000000e+00
      outer loop
         vertex 6.480000e+01 1.700000e+01 1.850000e+01
         vertex 6.211982e+01 1.700000e+01 1.662444e+01
         vertex 6.231137e+01 1.700000e+01 1.647103e+01
      endloop
   endfacet
   facet normal 0.000000e+00 -1.000000e+00 0.000000e+00
      outer loop
         vertex 6.231137e+01 1.700000e+01 1.647103e+01
         vertex 6.252026e+01 1.700000e+01 1.634223e+01
         vertex 6.480000e+01 1.700000e+01 1.850000e+01
      endloop
   endfacet
   facet normal 0.000000e+00 -1.000000e+00 0.000000e+00
      outer loop
         vertex 6.480000e+01 1.700000e+01 1.850000e+01
         vertex 6.252026e+01 1.700000e+01 1.634223e+01
         vertex 6.274336e+01 1.700000e+01 1.623998e+01
      endloop
   endfacet
   facet normal 0.000000e+00 -1.000000e+00 0.000000e+00
      outer loop
         vertex 6.480000e+01 1.700000e+01 1.850000e+01
         vertex 6.274336e+01 1.700000e+01 1.623998e+01
         vertex 6.297730e+01 1.700000e+01 1.616582e+01
      endloop
   endfacet
   facet normal -0.000000e+00 1.000000e+00 0.000000e+00
      outer loop
         vertex 6.480000e+01 2.300000e+01 1.850000e+01
         vertex 6.780000e+01 2.300000e+01 1.850000e+01
         vertex 6.780000e+01 2.300000e+01 1.610582e+01
      endloop
   endfacet
   facet normal 0.000000e+00 1.000000e+00 0.000000e+00
      outer loop
         vertex 6.780000e+01 2.300000e+01 1.610582e+01
         vertex 6.346351e+01 2.300000e+01 1.610582e+01
         vertex 6.480000e+01 2.300000e+01 1.850000e+01
      endloop
   endfacet
   facet normal 0.000000e+00 1.000000e+00 0.000000e+00
      outer loop
         vertex 6.480000e+01 2.300000e+01 1.850000e+01
         vertex 6.346351e+01 2.300000e+01 1.610582e+01
         vertex 6.321856e+01 2.300000e+01 1.612088e+01
      endloop
   endfacet
   facet normal 0.000000e+00 1.000000e+00 0.000000e+00
      outer loop
         vertex 6.480000e+01 2.300000e+01 1.850000e+01
         vertex 6.321856e+01 2.300000e+01 1.612088e+01
         vertex 6.297730e+01 2.300000e+01 1.616582e+01
      endloop
   endfacet
   facet normal 0.000000e+00 1.000000e+00 -0.000000e+00
      outer loop
         vertex 6.297730e+01 2.300000e+01 1.616582e+01
         vertex 6.274336e+01 2.300000e+01 1.623998e+01
         vertex 6.480000e+01 2.300000e+01 1.850000e+01
      endloop
   endfacet
   facet normal 0.000000e+00 1.000000e+00 0.000000e+00
      outer loop
         vertex 6.480000e+01 2.300000e+01 1.850000e+01
         vertex 6.274336e+01 2.300000e+01 1.623998e+01
         vertex 6.252026e+01 2.300000e+01 1.634223e+01
      endloop
   endfacet
   facet normal 0.000000e+00 1.000000e+00 0.000000e+00
      outer loop
         vertex 6.480000e+01 2.300000e+01 1.850000e+01
         vertex 6.252026e+01 2.300000e+01 1.634223e+01
         vertex 6.231137e+01 2.300000e+01 1.647103e+01
      endloop
   endfacet
   facet normal -0.000000e+00 1.000000e+00 0.000000e+00
      outer loop
         vertex 6.180000e+01 2.300000e+01 1.699554e+01
         vertex 6.180000e+01 2.300000e+01 1.850000e+01
         vertex 6.194850e+01 2.300000e+01 1.680016e+01
      endloop
   endfacet
   facet normal 0.000000e+00 1.000000e+00 -0.000000e+00
      outer loop
         vertex 6.194850e+01 2.300000e+01 1.680016e+01
         vertex 6.180000e+01 2.300000e+01 1.850000e+01
         vertex 6.480000e+01 2.300000e+01 1.850000e+01
      endloop
   endfacet
   facet normal -0.000000e+00 1.000000e+00 0.000000e+00
      outer loop
         vertex 6.194850e+01 2.300000e+01 1.680016e+01
         vertex 6.480000e+01 2.300000e+01 1.850000e+01
         vertex 6.211982e+01 2.300000e+01 1.662444e+01
      endloop
   endfacet
   facet normal -0.000000e+00 1.000000e+00 0.000000e+00
      outer loop
         vertex 6.211982e+01 2.300000e+01 1.662444e+01
         vertex 6.480000e+01 2.300000e+01 1.850000e+01
         vertex 6.231137e+01 2.300000e+01 1.647103e+01
      endloop
   endfacet
   facet normal -6.135276e-02 -0.000000e+00 -9.981161e-01
      outer loop
         vertex 6.346351e+01 2.300000e+01 1.610582e+01
         vertex 6.346351e+01 1.700000e+01 1.610582e+01
         vertex 6.321856e+01 1.700000e+01 1.612088e+01
      endloop
   endfacet
   facet normal -6.135276e-02 0.000000e+00 -9.981161e-01
      outer loop
         vertex 6.346351e+01 2.300000e+01 1.610582e+01
         vertex 6.321856e+01 1.700000e+01 1.612088e+01
         vertex 6.321856e+01 2.300000e+01 1.612088e+01
      endloop
   endfacet
   facet normal -1.831360e-01 -0.000000e+00 -9.830876e-01
      outer loop
         vertex 6.321856e+01 2.300000e+01 1.612088e+01
         vertex 6.321856e+01 1.700000e+01 1.612088e+01
         vertex 6.297730e+01 1.700000e+01 1.616582e+01
      endloop
   endfacet
   facet normal -1.831360e-01 0.000000e+00 -9.830876e-01
      outer loop
         vertex 6.321856e+01 2.300000e+01 1.612088e+01
         vertex 6.297730e+01 1.700000e+01 1.616582e+01
         vertex 6.297730e+01 2.300000e+01 1.616582e+01
      endloop
   endfacet
   facet normal -3.021603e-01 -0.000000e+00 -9.532571e-01
      outer loop
         vertex 6.297730e+01 2.300000e+01 1.616582e+01
         vertex 6.297730e+01 1.700000e+01 1.616582e+01
         vertex 6.274336e+01 1.700000e+01 1.623998e+01
      endloop
   endfacet
   facet normal -3.021603e-01 0.000000e+00 -9.532571e-01
      outer loop
         vertex 6.297730e+01 2.300000e+01 1.616582e+01
         vertex 6.274336e+01 1.700000e+01 1.623998e+01
         vertex 6.274336e+01 2.300000e+01 1.623998e+01
      endloop
   endfacet
   facet normal -4.166350e-01 -0.000000e+00 -9.090739e-01
      outer loop
         vertex 6.274336e+01 2.300000e+01 1.623998e+01
         vertex 6.274336e+01 1.700000e+01 1.623998e+01
         vertex 6.252026e+01 1.700000e+01 1.634223e+01
      endloop
   endfacet
   facet normal -4.166350e-01 0.000000e+00 -9.090739e-01
      outer loop
         vertex 6.274336e+01 2.300000e+01 1.623998e+01
         vertex 6.252026e+01 1.700000e+01 1.634223e+01
         vertex 6.252026e+01 2.300000e+01 1.634223e+01
      endloop
   endfacet
   facet normal -5.248373e-01 -0.000000e+00 -8.512025e-01
      outer loop
         vertex 6.252026e+01 2.300000e+01 1.634223e+01
         vertex 6.252026e+01 1.700000e+01 1.634223e+01
         vertex 6.231137e+01 1.700000e+01 1.647103e+01
      endloop
   endfacet
   facet normal -5.248373e-01 0.000000e+00 -8.512025e-01
      outer loop
         vertex 6.252026e+01 2.300000e+01 1.634223e+01
         vertex 6.231137e+01 1.700000e+01 1.647103e+01
         vertex 6.231137e+01 2.300000e+01 1.647103e+01
      endloop
   endfacet
   facet normal -6.251365e-01 -0.000000e+00 -7.805155e-01
      outer loop
         vertex 6.231137e+01 2.300000e+01 1.647103e+01
         vertex 6.231137e+01 1.700000e+01 1.647103e+01
         vertex 6.211982e+01 1.700000e+01 1.662444e+01
      endloop
   endfacet
   facet normal -6.251365e-01 0.000000e+00 -7.805155e-01
      outer loop
         vertex 6.231137e+01 2.300000e+01 1.647103e+01
         vertex 6.211982e+01 1.700000e+01 1.662444e+01
         vertex 6.211982e+01 2.300000e+01 1.662444e+01
      endloop
   endfacet
   facet normal -7.160234e-01 -0.000000e+00 -6.980762e-01
      outer loop
         vertex 6.211982e+01 2.300000e+01 1.662444e+01
         vertex 6.211982e+01 1.700000e+01 1.662444e+01
         vertex 6.194850e+01 1.700000e+01 1.680016e+01
      endloop
   endfacet
   facet normal -7.160234e-01 0.000000e+00 -6.980762e-01
      outer loop
         vertex 6.211982e+01 2.300000e+01 1.662444e+01
         vertex 6.194850e+01 1.700000e+01 1.680016e+01
         vertex 6.194850e+01 2.300000e+01 1.680016e+01
      endloop
   endfacet
   facet normal -7.961302e-01 -0.000000e+00 -6.051254e-01
      outer loop
         vertex 6.194850e+01 2.300000e+01 1.680016e+01
         vertex 6.194850e+01 1.700000e+01 1.680016e+01
         vertex 6.180000e+01 1.700000e+01 1.699554e+01
      endloop
   endfacet
   facet normal -7.961302e-01 0.000000e+00 -6.051254e-01
      outer loop
         vertex 6.194850e+01 2.300000e+01 1.680016e+01
         vertex 6.180000e+01 1.700000e+01 1.699554e+01
         vertex 6.180000e+01 2.300000e+01 1.699554e+01
      endloop
   endfacet
   facet normal 1.000000e+00 0.000000e+00 0.000000e+00
      outer loop
         vertex 6.480000e+01 3.860000e+01 1.850000e+01
         vertex 6.480000e+01 3.860000e+01 1.560000e+01
         vertex 6.480000e+01 4.000000e+01 1.560000e+01
      endloop
   endfacet
   facet normal 1.000000e+00 0.000000e+00 0.000000e+00
      outer loop
         vertex 6.480000e+01 0.000000e+00 1.560000e+01
         vertex 6.480000e+01 1.399999e+00 1.560000e+01
         vertex 6.480000e+01 0.000000e+00 1.800000e+01
      endloop
   endfacet
   facet normal 1.000000e+00 -0.000000e+00 0.000000e+00
      outer loop
         vertex 6.480000e+01 0.000000e+00 1.800000e+01
         vertex 6.480000e+01 1.399999e+00 1.560000e+01
         vertex 6.480000e+01 1.399999e+00 1.850000e+01
      endloop
   endfacet
   facet normal 1.000000e+00 0.000000e+00 0.000000e+00
      outer loop
         vertex 6.480000e+01 0.000000e+00 1.800000e+01
         vertex 6.480000e+01 1.399999e+00 1.850000e+01
         vertex 6.480000e+01 1.458265e-02 1.824107e+01
      endloop
   endfacet
   facet normal 1.000000e+00 0.000000e+00 0.000000e+00
      outer loop
         vertex 6.480000e+01 3.540311e-01 1.913613e+01
         vertex 6.480000e+01 2.290867e-01 1.892945e+01
         vertex 6.480000e+01 1.399999e+00 1.850000e+01
      endloop
   endfacet
   facet normal 1.000000e+00 0.000000e+00 0.000000e+00
      outer loop
         vertex 6.480000e+01 3.800000e+01 2.000000e+01
         vertex 6.480000e+01 2.000000e+00 2.000000e+01
         vertex 6.480000e+01 1.700000e+01 1.850000e+01
      endloop
   endfacet
   facet normal 1.000000e+00 0.000000e+00 -0.000000e+00
      outer loop
         vertex 6.480000e+01 4.000000e+01 1.560000e+01
         vertex 6.480000e+01 4.000000e+01 1.800000e+01
         vertex 6.480000e+01 3.860000e+01 1.850000e+01
      endloop
   endfacet
   facet normal 1.000000e+00 0.000000e+00 0.000000e+00
      outer loop
         vertex 6.480000e+01 3.860000e+01 1.850000e+01
         vertex 6.480000e+01 4.000000e+01 1.800000e+01
         vertex 6.480000e+01 3.998542e+01 1.824107e+01
      endloop
   endfacet
   facet normal 1.000000e+00 0.000000e+00 0.000000e+00
      outer loop
         vertex 6.480000e+01 3.860000e+01 1.850000e+01
         vertex 6.480000e+01 3.998542e+01 1.824107e+01
         vertex 6.480000e+01 3.994188e+01 1.847863e+01
      endloop
   endfacet
   facet normal 1.000000e+00 0.000000e+00 0.000000e+00
      outer loop
         vertex 6.480000e+01 3.994188e+01 1.847863e+01
         vertex 6.480000e+01 3.987003e+01 1.870921e+01
         vertex 6.480000e+01 3.860000e+01 1.850000e+01
      endloop
   endfacet
   facet normal 1.000000e+00 0.000000e+00 0.000000e+00
      outer loop
         vertex 6.480000e+01 3.860000e+01 1.850000e+01
         vertex 6.480000e+01 3.987003e+01 1.870921e+01
         vertex 6.480000e+01 3.977091e+01 1.892945e+01
      endloop
   endfacet
   facet normal 1.000000e+00 0.000000e+00 0.000000e+00
      outer loop
         vertex 6.480000e+01 3.860000e+01 1.850000e+01
         vertex 6.480000e+01 3.977091e+01 1.892945e+01
         vertex 6.480000e+01 3.964597e+01 1.913613e+01
      endloop
   endfacet
   facet normal 1.000000e+00 0.000000e+00 0.000000e+00
      outer loop
         vertex 6.480000e+01 1.700000e+01 1.850000e+01
         vertex 6.480000e+01 2.000000e+00 2.000000e+01
         vertex 6.480000e+01 1.399999e+00 1.850000e+01
      endloop
   endfacet
   facet normal 1.000000e+00 0.000000e+00 0.000000e+00
      outer loop
         vertex 6.480000e+01 1.399999e+00 1.850000e+01
         vertex 6.480000e+01 2.000000e+00 2.000000e+01
         vertex 6.480000e+01 1.758926e+00 1.998542e+01
      endloop
   endfacet
   facet normal 1.000000e+00 0.000000e+00 0.000000e+00
      outer loop
         vertex 6.480000e+01 1.399999e+00 1.850000e+01
         vertex 6.480000e+01 1.758926e+00 1.998542e+01
         vertex 6.480000e+01 1.521368e+00 1.994188e+01
      endloop
   endfacet
   facet normal 1.000000e+00 0.000000e+00 0.000000e+00
      outer loop
         vertex 6.480000e+01 8.638706e-01 1.964597e+01
         vertex 6.480000e+01 6.737541e-01 1.949702e+01
         vertex 6.480000e+01 1.399999e+00 1.850000e+01
      endloop
   endfacet
   facet normal 1.000000e+00 0.000000e+00 0.000000e+00
      outer loop
         vertex 6.480000e+01 1.399999e+00 1.850000e+01
         vertex 6.480000e+01 6.737541e-01 1.949702e+01
         vertex 6.480000e+01 5.029775e-01 1.932625e+01
      endloop
   endfacet
   facet normal 1.000000e+00 0.000000e+00 0.000000e+00
      outer loop
         vertex 6.480000e+01 1.399999e+00 1.850000e+01
         vertex 6.480000e+01 5.029775e-01 1.932625e+01
         vertex 6.480000e+01 3.540311e-01 1.913613e+01
      endloop
   endfacet
   facet normal 1.000000e+00 0.000000e+00 0.000000e+00
      outer loop
         vertex 6.480000e+01 3.964597e+01 1.913613e+01
         vertex 6.480000e+01 3.949702e+01 1.932625e+01
         vertex 6.480000e+01 3.860000e+01 1.850000e+01
      endloop
   endfacet
   facet normal 1.000000e+00 0.000000e+00 0.000000e+00
      outer loop
         vertex 6.480000e+01 3.860000e+01 1.850000e+01
         vertex 6.480000e+01 3.949702e+01 1.932625e+01
         vertex 6.480000e+01 3.932624e+01 1.949702e+01
      endloop
   endfacet
   facet normal 1.000000e+00 0.000000e+00 0.000000e+00
      outer loop
         vertex 6.480000e+01 3.860000e+01 1.850000e+01
         vertex 6.480000e+01 3.932624e+01 1.949702e+01
         vertex 6.480000e+01 3.913613e+01 1.964597e+01
      endloop
   endfacet
   facet normal 1.000000e+00 0.000000e+00 0.000000e+00
      outer loop
         vertex 6.480000e+01 2.290867e-01 1.892945e+01
         vertex 6.480000e+01 1.299679e-01 1.870921e+01
         vertex 6.480000e+01 1.399999e+00 1.850000e+01
      endloop
   endfacet
   facet normal 1.000000e+00 0.000000e+00 0.000000e+00
      outer loop
         vertex 6.480000e+01 1.399999e+00 1.850000e+01
         vertex 6.480000e+01 1.299679e-01 1.870921e+01
         vertex 6.480000e+01 5.811639e-02 1.847863e+01
      endloop
   endfacet
   facet normal 1.000000e+00 0.000000e+00 0.000000e+00
      outer loop
         vertex 6.480000e+01 1.399999e+00 1.850000e+01
         vertex 6.480000e+01 5.811639e-02 1.847863e+01
         vertex 6.480000e+01 1.458265e-02 1.824107e+01
      endloop
   endfacet
   facet normal 1.000000e+00 0.000000e+00 0.000000e+00
      outer loop
         vertex 6.480000e+01 1.521368e+00 1.994188e+01
         vertex 6.480000e+01 1.290789e+00 1.987003e+01
         vertex 6.480000e+01 1.399999e+00 1.850000e+01
      endloop
   endfacet
   facet normal 1.000000e+00 0.000000e+00 0.000000e+00
      outer loop
         vertex 6.480000e+01 1.399999e+00 1.850000e+01
         vertex 6.480000e+01 1.290789e+00 1.987003e+01
         vertex 6.480000e+01 1.070553e+00 1.977091e+01
      endloop
   endfacet
   facet normal 1.000000e+00 0.000000e+00 0.000000e+00
      outer loop
         vertex 6.480000e+01 1.399999e+00 1.850000e+01
         vertex 6.480000e+01 1.070553e+00 1.977091e+01
         vertex 6.480000e+01 8.638706e-01 1.964597e+01
      endloop
   endfacet
   facet normal 1.000000e+00 0.000000e+00 0.000000e+00
      outer loop
         vertex 6.480000e+01 3.913613e+01 1.964597e+01
         vertex 6.480000e+01 3.892945e+01 1.977091e+01
         vertex 6.480000e+01 3.860000e+01 1.850000e+01
      endloop
   endfacet
   facet normal 1.000000e+00 0.000000e+00 0.000000e+00
      outer loop
         vertex 6.480000e+01 3.860000e+01 1.850000e+01
         vertex 6.480000e+01 3.892945e+01 1.977091e+01
         vertex 6.480000e+01 3.870921e+01 1.987003e+01
      endloop
   endfacet
   facet normal 1.000000e+00 0.000000e+00 -0.000000e+00
      outer loop
         vertex 6.480000e+01 3.860000e+01 1.850000e+01
         vertex 6.480000e+01 3.870921e+01 1.987003e+01
         vertex 6.480000e+01 3.847863e+01 1.994188e+01
      endloop
   endfacet
   facet normal 1.000000e+00 0.000000e+00 0.000000e+00
      outer loop
         vertex 6.480000e+01 3.847863e+01 1.994188e+01
         vertex 6.480000e+01 3.824107e+01 1.998542e+01
         vertex 6.480000e+01 3.860000e+01 1.850000e+01
      endloop
   endfacet
   facet normal 1.000000e+00 0.000000e+00 0.000000e+00
      outer loop
         vertex 6.480000e+01 3.860000e+01 1.850000e+01
         vertex 6.480000e+01 3.824107e+01 1.998542e+01
         vertex 6.480000e+01 3.800000e+01 2.000000e+01
      endloop
   endfacet
   facet normal 1.000000e+00 0.000000e+00 0.000000e+00
      outer loop
         vertex 6.480000e+01 3.860000e+01 1.850000e+01
         vertex 6.480000e+01 3.800000e+01 2.000000e+01
         vertex 6.480000e+01 2.300000e+01 1.850000e+01
      endloop
   endfacet
   facet normal 1.000000e+00 0.000000e+00 -0.000000e+00
      outer loop
         vertex 6.480000e+01 2.300000e+01 1.850000e+01
         vertex 6.480000e+01 3.800000e+01 2.000000e+01
         vertex 6.480000e+01 1.700000e+01 1.850000e+01
      endloop
   endfacet
   facet normal -0.000000e+00 -0.000000e+00 -1.000000e+00
      outer loop
         vertex 4.400000e+00 3.042191e+01 1.560000e+01
         vertex 4.400000e+00 2.617328e+01 1.560000e+01
         vertex 1.399998e+00 3.042191e+01 1.560000e+01
      endloop
   endfacet
   facet normal 0.000000e+00 0.000000e+00 -1.000000e+00
      outer loop
         vertex 1.399998e+00 3.042191e+01 1.560000e+01
         vertex 4.400000e+00 2.617328e+01 1.560000e+01
         vertex 1.399998e+00 2.617328e+01 1.560000e+01
      endloop
   endfacet
   facet normal 0.000000e+00 -0.000000e+00 -1.000000e+00
      outer loop
         vertex 1.399998e+00 2.617328e+01 1.560000e+01
         vertex 1.399998e+00 1.382672e+01 1.560000e+01
         vertex 0.000000e+00 7.999999e+00 1.560000e+01
      endloop
   endfacet
   facet normal -0.000000e+00 0.000000e+00 -1.000000e+00
      outer loop
         vertex 1.399998e+00 2.617328e+01 1.560000e+01
         vertex 0.000000e+00 7.999999e+00 1.560000e+01
         vertex 1.399998e+00 3.042191e+01 1.560000e+01
      endloop
   endfacet
   facet normal -0.000000e+00 0.000000e+00 -1.000000e+00
      outer loop
         vertex 1.399998e+00 3.042191e+01 1.560000e+01
         vertex 0.000000e+00 7.999999e+00 1.560000e+01
         vertex 0.000000e+00 3.200000e+01 1.560000e+01
      endloop
   endfacet
   facet normal 0.000000e+00 0.000000e+00 -1.000000e+00
      outer loop
         vertex 1.399998e+00 3.042191e+01 1.560000e+01
         vertex 0.000000e+00 3.200000e+01 1.560000e+01
         vertex 1.399998e+00 3.200000e+01 1.560000e+01
      endloop
   endfacet
   facet normal 0.000000e+00 0.000000e+00 -1.000000e+00
      outer loop
         vertex 3.176481e+00 3.650485e+01 1.560000e+01
         vertex 2.343144e+00 3.765685e+01 1.560000e+01
         vertex 3.495149e+00 3.682352e+01 1.560000e+01
      endloop
   endfacet
   facet normal 0.000000e+00 0.000000e+00 -1.000000e+00
      outer loop
         vertex 3.495149e+00 3.682352e+01 1.560000e+01
         vertex 2.343144e+00 3.765685e+01 1.560000e+01
         vertex 2.695017e+00 3.798809e+01 1.560000e+01
      endloop
   endfacet
   facet normal 0.000000e+00 0.000000e+00 -1.000000e+00
      outer loop
         vertex 3.495149e+00 3.682352e+01 1.560000e+01
         vertex 2.695017e+00 3.798809e+01 1.560000e+01
         vertex 3.834818e+00 3.711969e+01 1.560000e+01
      endloop
   endfacet
   facet normal 0.000000e+00 0.000000e+00 -1.000000e+00
      outer loop
         vertex 3.834818e+00 3.711969e+01 1.560000e+01
         vertex 2.695017e+00 3.798809e+01 1.560000e+01
         vertex 3.066249e+00 3.829747e+01 1.560000e+01
      endloop
   endfacet
   facet normal 0.000000e+00 0.000000e+00 -1.000000e+00
      outer loop
         vertex 3.834818e+00 3.711969e+01 1.560000e+01
         vertex 3.066249e+00 3.829747e+01 1.560000e+01
         vertex 4.193909e+00 3.739200e+01 1.560000e+01
      endloop
   endfacet
   facet normal 0.000000e+00 0.000000e+00 -1.000000e+00
      outer loop
         vertex 4.193909e+00 3.739200e+01 1.560000e+01
         vertex 3.066249e+00 3.829747e+01 1.560000e+01
         vertex 3.455482e+00 3.858387e+01 1.560000e+01
      endloop
   endfacet
   facet normal 0.000000e+00 0.000000e+00 -1.000000e+00
      outer loop
         vertex 4.193909e+00 3.739200e+01 1.560000e+01
         vertex 3.455482e+00 3.858387e+01 1.560000e+01
         vertex 4.570745e+00 3.763917e+01 1.560000e+01
      endloop
   endfacet
   facet normal 0.000000e+00 0.000000e+00 -1.000000e+00
      outer loop
         vertex 4.570745e+00 3.763917e+01 1.560000e+01
         vertex 3.455482e+00 3.858387e+01 1.560000e+01
         vertex 3.861297e+00 3.884625e+01 1.560000e+01
      endloop
   endfacet
   facet normal 0.000000e+00 0.000000e+00 -1.000000e+00
      outer loop
         vertex 4.570745e+00 3.763917e+01 1.560000e+01
         vertex 3.861297e+00 3.884625e+01 1.560000e+01
         vertex 4.963569e+00 3.786004e+01 1.560000e+01
      endloop
   endfacet
   facet normal 0.000000e+00 0.000000e+00 -1.000000e+00
      outer loop
         vertex 4.963569e+00 3.786004e+01 1.560000e+01
         vertex 3.861297e+00 3.884625e+01 1.560000e+01
         vertex 4.282214e+00 3.908365e+01 1.560000e+01
      endloop
   endfacet
   facet normal 0.000000e+00 0.000000e+00 -1.000000e+00
      outer loop
         vertex 4.963569e+00 3.786004e+01 1.560000e+01
         vertex 4.282214e+00 3.908365e+01 1.560000e+01
         vertex 5.370550e+00 3.805359e+01 1.560000e+01
      endloop
   endfacet
   facet normal 0.000000e+00 0.000000e+00 -1.000000e+00
      outer loop
         vertex 5.370550e+00 3.805359e+01 1.560000e+01
         vertex 4.282214e+00 3.908365e+01 1.560000e+01
         vertex 4.716694e+00 3.929520e+01 1.560000e+01
      endloop
   endfacet
   facet normal 0.000000e+00 0.000000e+00 -1.000000e+00
      outer loop
         vertex 5.370550e+00 3.805359e+01 1.560000e+01
         vertex 4.716694e+00 3.929520e+01 1.560000e+01
         vertex 5.789794e+00 3.821892e+01 1.560000e+01
      endloop
   endfacet
   facet normal 0.000000e+00 0.000000e+00 -1.000000e+00
      outer loop
         vertex 5.789794e+00 3.821892e+01 1.560000e+01
         vertex 4.716694e+00 3.929520e+01 1.560000e+01
         vertex 5.163159e+00 3.948013e+01 1.560000e+01
      endloop
   endfacet
   facet normal 0.000000e+00 0.000000e+00 -1.000000e+00
      outer loop
         vertex 5.789794e+00 3.821892e+01 1.560000e+01
         vertex 5.163159e+00 3.948013e+01 1.560000e+01
         vertex 6.219339e+00 3.835525e+01 1.560000e+01
      endloop
   endfacet
   facet normal 0.000000e+00 0.000000e+00 -1.000000e+00
      outer loop
         vertex 1.538042e+00 3.334281e+01 1.560000e+01
         vertex 2.324656e-01 3.391453e+01 1.560000e+01
         vertex 1.644745e+00 3.378066e+01 1.560000e+01
      endloop
   endfacet
   facet normal 0.000000e+00 0.000000e+00 -1.000000e+00
      outer loop
         vertex 1.644745e+00 3.378066e+01 1.560000e+01
         vertex 2.324656e-01 3.391453e+01 1.560000e+01
         vertex 3.622323e-01 3.438002e+01 1.560000e+01
      endloop
   endfacet
   facet normal 0.000000e+00 0.000000e+00 -1.000000e+00
      outer loop
         vertex 1.644745e+00 3.378066e+01 1.560000e+01
         vertex 3.622323e-01 3.438002e+01 1.560000e+01
         vertex 1.781076e+00 3.421021e+01 1.560000e+01
      endloop
   endfacet
   facet normal 0.000000e+00 0.000000e+00 -1.000000e+00
      outer loop
         vertex 1.781076e+00 3.421021e+01 1.560000e+01
         vertex 3.622323e-01 3.438002e+01 1.560000e+01
         vertex 5.198680e-01 3.483684e+01 1.560000e+01
      endloop
   endfacet
   facet normal 0.000000e+00 0.000000e+00 -1.000000e+00
      outer loop
         vertex 1.781076e+00 3.421021e+01 1.560000e+01
         vertex 5.198680e-01 3.483684e+01 1.560000e+01
         vertex 1.946405e+00 3.462945e+01 1.560000e+01
      endloop
   endfacet
   facet normal 0.000000e+00 0.000000e+00 -1.000000e+00
      outer loop
         vertex 1.946405e+00 3.462945e+01 1.560000e+01
         vertex 5.198680e-01 3.483684e+01 1.560000e+01
         vertex 7.047988e-01 3.528330e+01 1.560000e+01
      endloop
   endfacet
   facet normal 0.000000e+00 0.000000e+00 -1.000000e+00
      outer loop
         vertex 1.946405e+00 3.462945e+01 1.560000e+01
         vertex 7.047988e-01 3.528330e+01 1.560000e+01
         vertex 2.139956e+00 3.503643e+01 1.560000e+01
      endloop
   endfacet
   facet normal 0.000000e+00 0.000000e+00 -1.000000e+00
      outer loop
         vertex 2.139956e+00 3.503643e+01 1.560000e+01
         vertex 7.047988e-01 3.528330e+01 1.560000e+01
         vertex 9.163506e-01 3.571779e+01 1.560000e+01
      endloop
   endfacet
   facet normal 0.000000e+00 0.000000e+00 -1.000000e+00
      outer loop
         vertex 2.139956e+00 3.503643e+01 1.560000e+01
         vertex 9.163506e-01 3.571779e+01 1.560000e+01
         vertex 2.360832e+00 3.542925e+01 1.560000e+01
      endloop
   endfacet
   facet normal 0.000000e+00 0.000000e+00 -1.000000e+00
      outer loop
         vertex 2.360832e+00 3.542925e+01 1.560000e+01
         vertex 9.163506e-01 3.571779e+01 1.560000e+01
         vertex 1.153748e+00 3.613870e+01 1.560000e+01
      endloop
   endfacet
   facet normal 0.000000e+00 0.000000e+00 -1.000000e+00
      outer loop
         vertex 2.360832e+00 3.542925e+01 1.560000e+01
         vertex 1.153748e+00 3.613870e+01 1.560000e+01
         vertex 2.607998e+00 3.580609e+01 1.560000e+01
      endloop
   endfacet
   facet normal 0.000000e+00 0.000000e+00 -1.000000e+00
      outer loop
         vertex 2.607998e+00 3.580609e+01 1.560000e+01
         vertex 1.153748e+00 3.613870e+01 1.560000e+01
         vertex 1.416128e+00 3.654452e+01 1.560000e+01
      endloop
   endfacet
   facet normal 0.000000e+00 0.000000e+00 -1.000000e+00
      outer loop
         vertex 2.607998e+00 3.580609e+01 1.560000e+01
         vertex 1.416128e+00 3.654452e+01 1.560000e+01
         vertex 2.880305e+00 3.616518e+01 1.560000e+01
      endloop
   endfacet
   facet normal 0.000000e+00 0.000000e+00 -1.000000e+00
      outer loop
         vertex 2.880305e+00 3.616518e+01 1.560000e+01
         vertex 1.416128e+00 3.654452e+01 1.560000e+01
         vertex 1.702532e+00 3.693375e+01 1.560000e+01
      endloop
   endfacet
   facet normal 0.000000e+00 0.000000e+00 -1.000000e+00
      outer loop
         vertex 2.880305e+00 3.616518e+01 1.560000e+01
         vertex 1.702532e+00 3.693375e+01 1.560000e+01
         vertex 3.176481e+00 3.650485e+01 1.560000e+01
      endloop
   endfacet
   facet normal 0.000000e+00 0.000000e+00 -1.000000e+00
      outer loop
         vertex 3.176481e+00 3.650485e+01 1.560000e+01
         vertex 1.702532e+00 3.693375e+01 1.560000e+01
         vertex 2.011914e+00 3.730498e+01 1.560000e+01
      endloop
   endfacet
   facet normal 0.000000e+00 0.000000e+00 -1.000000e+00
      outer loop
         vertex 3.176481e+00 3.650485e+01 1.560000e+01
         vertex 2.011914e+00 3.730498e+01 1.560000e+01
         vertex 2.343144e+00 3.765685e+01 1.560000e+01
      endloop
   endfacet
   facet normal 0.000000e+00 0.000000e+00 -1.000000e+00
      outer loop
         vertex 1.399998e+00 3.200000e+01 1.560000e+01
         vertex 0.000000e+00 3.200000e+01 1.560000e+01
         vertex 1.415383e+00 3.245040e+01 1.560000e+01
      endloop
   endfacet
   facet normal -0.000000e+00 0.000000e+00 -1.000000e+00
      outer loop
         vertex 1.415383e+00 3.245040e+01 1.560000e+01
         vertex 0.000000e+00 3.200000e+01 1.560000e+01
         vertex 1.459569e-02 3.248303e+01 1.560000e+01
      endloop
   endfacet
   facet normal 0.000000e+00 0.000000e+00 -1.000000e+00
      outer loop
         vertex 1.415383e+00 3.245040e+01 1.560000e+01
         vertex 1.459569e-02 3.248303e+01 1.560000e+01
         vertex 1.461472e+00 3.289870e+01 1.560000e+01
      endloop
   endfacet
   facet normal -0.000000e+00 0.000000e+00 -1.000000e+00
      outer loop
         vertex 1.461472e+00 3.289870e+01 1.560000e+01
         vertex 1.459569e-02 3.248303e+01 1.560000e+01
         vertex 5.832687e-02 3.296429e+01 1.560000e+01
      endloop
   endfacet
   facet normal 0.000000e+00 0.000000e+00 -1.000000e+00
      outer loop
         vertex 1.461472e+00 3.289870e+01 1.560000e+01
         vertex 5.832687e-02 3.296429e+01 1.560000e+01
         vertex 1.538042e+00 3.334281e+01 1.560000e+01
      endloop
   endfacet
   facet normal -0.000000e+00 0.000000e+00 -1.000000e+00
      outer loop
         vertex 1.538042e+00 3.334281e+01 1.560000e+01
         vertex 5.832687e-02 3.296429e+01 1.560000e+01
         vertex 1.310408e-01 3.344204e+01 1.560000e+01
      endloop
   endfacet
   facet normal 0.000000e+00 0.000000e+00 -1.000000e+00
      outer loop
         vertex 1.538042e+00 3.334281e+01 1.560000e+01
         vertex 1.310408e-01 3.344204e+01 1.560000e+01
         vertex 2.324656e-01 3.391453e+01 1.560000e+01
      endloop
   endfacet
   facet normal -0.000000e+00 -0.000000e+00 -1.000000e+00
      outer loop
         vertex 6.480000e+01 4.000000e+01 1.560000e+01
         vertex 6.480000e+01 3.860000e+01 1.560000e+01
         vertex 7.999998e+00 4.000000e+01 1.560000e+01
      endloop
   endfacet
   facet normal 0.000000e+00 0.000000e+00 -1.000000e+00
      outer loop
         vertex 7.999998e+00 4.000000e+01 1.560000e+01
         vertex 6.480000e+01 3.860000e+01 1.560000e+01
         vertex 7.999998e+00 3.860000e+01 1.560000e+01
      endloop
   endfacet
   facet normal 0.000000e+00 -0.000000e+00 -1.000000e+00
      outer loop
         vertex 7.999998e+00 4.000000e+01 1.560000e+01
         vertex 7.999998e+00 3.860000e+01 1.560000e+01
         vertex 7.516969e+00 3.998540e+01 1.560000e+01
      endloop
   endfacet
   facet normal 0.000000e+00 0.000000e+00 -1.000000e+00
      outer loop
         vertex 7.516969e+00 3.998540e+01 1.560000e+01
         vertex 7.999998e+00 3.860000e+01 1.560000e+01
         vertex 7.549599e+00 3.858461e+01 1.560000e+01
      endloop
   endfacet
   facet normal 0.000000e+00 -0.000000e+00 -1.000000e+00
      outer loop
         vertex 7.516969e+00 3.998540e+01 1.560000e+01
         vertex 7.549599e+00 3.858461e+01 1.560000e+01
         vertex 7.035706e+00 3.994167e+01 1.560000e+01
      endloop
   endfacet
   facet normal 0.000000e+00 0.000000e+00 -1.000000e+00
      outer loop
         vertex 7.035706e+00 3.994167e+01 1.560000e+01
         vertex 7.549599e+00 3.858461e+01 1.560000e+01
         vertex 7.101297e+00 3.853853e+01 1.560000e+01
      endloop
   endfacet
   facet normal 0.000000e+00 -0.000000e+00 -1.000000e+00
      outer loop
         vertex 7.035706e+00 3.994167e+01 1.560000e+01
         vertex 7.101297e+00 3.853853e+01 1.560000e+01
         vertex 6.557960e+00 3.986896e+01 1.560000e+01
      endloop
   endfacet
   facet normal 0.000000e+00 0.000000e+00 -1.000000e+00
      outer loop
         vertex 6.557960e+00 3.986896e+01 1.560000e+01
         vertex 7.101297e+00 3.853853e+01 1.560000e+01
         vertex 6.657191e+00 3.846196e+01 1.560000e+01
      endloop
   endfacet
   facet normal 0.000000e+00 -0.000000e+00 -1.000000e+00
      outer loop
         vertex 6.557960e+00 3.986896e+01 1.560000e+01
         vertex 6.657191e+00 3.846196e+01 1.560000e+01
         vertex 6.085474e+00 3.976753e+01 1.560000e+01
      endloop
   endfacet
   facet normal 0.000000e+00 0.000000e+00 -1.000000e+00
      outer loop
         vertex 6.085474e+00 3.976753e+01 1.560000e+01
         vertex 6.657191e+00 3.846196e+01 1.560000e+01
         vertex 6.219339e+00 3.835525e+01 1.560000e+01
      endloop
   endfacet
   facet normal 0.000000e+00 -0.000000e+00 -1.000000e+00
      outer loop
         vertex 6.085474e+00 3.976753e+01 1.560000e+01
         vertex 6.219339e+00 3.835525e+01 1.560000e+01
         vertex 5.619973e+00 3.963777e+01 1.560000e+01
      endloop
   endfacet
   facet normal 0.000000e+00 -0.000000e+00 -1.000000e+00
      outer loop
         vertex 5.619973e+00 3.963777e+01 1.560000e+01
         vertex 6.219339e+00 3.835525e+01 1.560000e+01
         vertex 5.163159e+00 3.948013e+01 1.560000e+01
      endloop
   endfacet
   facet normal -0.000000e+00 0.000000e+00 -1.000000e+00
      outer loop
         vertex 6.657191e+00 1.538044e+00 1.560000e+01
         vertex 6.085474e+00 2.324656e-01 1.560000e+01
         vertex 6.219339e+00 1.644745e+00 1.560000e+01
      endloop
   endfacet
   facet normal 0.000000e+00 0.000000e+00 -1.000000e+00
      outer loop
         vertex 6.219339e+00 1.644745e+00 1.560000e+01
         vertex 6.085474e+00 2.324656e-01 1.560000e+01
         vertex 5.619973e+00 3.622323e-01 1.560000e+01
      endloop
   endfacet
   facet normal -0.000000e+00 0.000000e+00 -1.000000e+00
      outer loop
         vertex 6.219339e+00 1.644745e+00 1.560000e+01
         vertex 5.619973e+00 3.622323e-01 1.560000e+01
         vertex 5.789794e+00 1.781078e+00 1.560000e+01
      endloop
   endfacet
   facet normal 0.000000e+00 0.000000e+00 -1.000000e+00
      outer loop
         vertex 5.789794e+00 1.781078e+00 1.560000e+01
         vertex 5.619973e+00 3.622323e-01 1.560000e+01
         vertex 5.163159e+00 5.198698e-01 1.560000e+01
      endloop
   endfacet
   facet normal -0.000000e+00 0.000000e+00 -1.000000e+00
      outer loop
         vertex 5.789794e+00 1.781078e+00 1.560000e+01
         vertex 5.163159e+00 5.198698e-01 1.560000e+01
         vertex 5.370550e+00 1.946405e+00 1.560000e+01
      endloop
   endfacet
   facet normal 0.000000e+00 0.000000e+00 -1.000000e+00
      outer loop
         vertex 5.370550e+00 1.946405e+00 1.560000e+01
         vertex 5.163159e+00 5.198698e-01 1.560000e+01
         vertex 4.716694e+00 7.048007e-01 1.560000e+01
      endloop
   endfacet
   facet normal -0.000000e+00 0.000000e+00 -1.000000e+00
      outer loop
         vertex 5.370550e+00 1.946405e+00 1.560000e+01
         vertex 4.716694e+00 7.048007e-01 1.560000e+01
         vertex 4.963569e+00 2.139958e+00 1.560000e+01
      endloop
   endfacet
   facet normal 0.000000e+00 0.000000e+00 -1.000000e+00
      outer loop
         vertex 4.963569e+00 2.139958e+00 1.560000e+01
         vertex 4.716694e+00 7.048007e-01 1.560000e+01
         vertex 4.282214e+00 9.163506e-01 1.560000e+01
      endloop
   endfacet
   facet normal -0.000000e+00 0.000000e+00 -1.000000e+00
      outer loop
         vertex 4.963569e+00 2.139958e+00 1.560000e+01
         vertex 4.282214e+00 9.163506e-01 1.560000e+01
         vertex 4.570745e+00 2.360832e+00 1.560000e+01
      endloop
   endfacet
   facet normal 0.000000e+00 0.000000e+00 -1.000000e+00
      outer loop
         vertex 4.570745e+00 2.360832e+00 1.560000e+01
         vertex 4.282214e+00 9.163506e-01 1.560000e+01
         vertex 3.861297e+00 1.153748e+00 1.560000e+01
      endloop
   endfacet
   facet normal -0.000000e+00 0.000000e+00 -1.000000e+00
      outer loop
         vertex 4.570745e+00 2.360832e+00 1.560000e+01
         vertex 3.861297e+00 1.153748e+00 1.560000e+01
         vertex 4.193909e+00 2.607998e+00 1.560000e+01
      endloop
   endfacet
   facet normal 0.000000e+00 0.000000e+00 -1.000000e+00
      outer loop
         vertex 4.193909e+00 2.607998e+00 1.560000e+01
         vertex 3.861297e+00 1.153748e+00 1.560000e+01
         vertex 3.455482e+00 1.416128e+00 1.560000e+01
      endloop
   endfacet
   facet normal -0.000000e+00 0.000000e+00 -1.000000e+00
      outer loop
         vertex 4.193909e+00 2.607998e+00 1.560000e+01
         vertex 3.455482e+00 1.416128e+00 1.560000e+01
         vertex 3.834818e+00 2.880305e+00 1.560000e+01
      endloop
   endfacet
   facet normal 0.000000e+00 0.000000e+00 -1.000000e+00
      outer loop
         vertex 3.834818e+00 2.880305e+00 1.560000e+01
         vertex 3.455482e+00 1.416128e+00 1.560000e+01
         vertex 3.066249e+00 1.702532e+00 1.560000e+01
      endloop
   endfacet
   facet normal -0.000000e+00 0.000000e+00 -1.000000e+00
      outer loop
         vertex 3.834818e+00 2.880305e+00 1.560000e+01
         vertex 3.066249e+00 1.702532e+00 1.560000e+01
         vertex 3.495149e+00 3.176482e+00 1.560000e+01
      endloop
   endfacet
   facet normal -0.000000e+00 -0.000000e+00 -1.000000e+00
      outer loop
         vertex 6.480000e+01 1.399999e+00 1.560000e+01
         vertex 6.480000e+01 0.000000e+00 1.560000e+01
         vertex 7.999998e+00 1.399999e+00 1.560000e+01
      endloop
   endfacet
   facet normal 0.000000e+00 0.000000e+00 -1.000000e+00
      outer loop
         vertex 7.999998e+00 1.399999e+00 1.560000e+01
         vertex 6.480000e+01 0.000000e+00 1.560000e+01
         vertex 7.999998e+00 0.000000e+00 1.560000e+01
      endloop
   endfacet
   facet normal -0.000000e+00 -0.000000e+00 -1.000000e+00
      outer loop
         vertex 7.999998e+00 1.399999e+00 1.560000e+01
         vertex 7.999998e+00 0.000000e+00 1.560000e+01
         vertex 7.549599e+00 1.415385e+00 1.560000e+01
      endloop
   endfacet
   facet normal 0.000000e+00 -0.000000e+00 -1.000000e+00
      outer loop
         vertex 7.549599e+00 1.415385e+00 1.560000e+01
         vertex 7.999998e+00 0.000000e+00 1.560000e+01
         vertex 7.516969e+00 1.459569e-02 1.560000e+01
      endloop
   endfacet
   facet normal -0.000000e+00 0.000000e+00 -1.000000e+00
      outer loop
         vertex 7.549599e+00 1.415385e+00 1.560000e+01
         vertex 7.516969e+00 1.459569e-02 1.560000e+01
         vertex 7.101297e+00 1.461472e+00 1.560000e+01
      endloop
   endfacet
   facet normal 0.000000e+00 -0.000000e+00 -1.000000e+00
      outer loop
         vertex 7.101297e+00 1.461472e+00 1.560000e+01
         vertex 7.516969e+00 1.459569e-02 1.560000e+01
         vertex 7.035706e+00 5.832873e-02 1.560000e+01
      endloop
   endfacet
   facet normal -0.000000e+00 0.000000e+00 -1.000000e+00
      outer loop
         vertex 7.101297e+00 1.461472e+00 1.560000e+01
         vertex 7.035706e+00 5.832873e-02 1.560000e+01
         vertex 6.657191e+00 1.538044e+00 1.560000e+01
      endloop
   endfacet
   facet normal 0.000000e+00 -0.000000e+00 -1.000000e+00
      outer loop
         vertex 6.657191e+00 1.538044e+00 1.560000e+01
         vertex 7.035706e+00 5.832873e-02 1.560000e+01
         vertex 6.557960e+00 1.310408e-01 1.560000e+01
      endloop
   endfacet
   facet normal 0.000000e+00 0.000000e+00 -1.000000e+00
      outer loop
         vertex 6.657191e+00 1.538044e+00 1.560000e+01
         vertex 6.557960e+00 1.310408e-01 1.560000e+01
         vertex 6.085474e+00 2.324656e-01 1.560000e+01
      endloop
   endfacet
   facet normal -0.000000e+00 -0.000000e+00 -1.000000e+00
      outer loop
         vertex 4.400000e+00 1.382672e+01 1.560000e+01
         vertex 4.400000e+00 9.578087e+00 1.560000e+01
         vertex 1.399998e+00 1.382672e+01 1.560000e+01
      endloop
   endfacet
   facet normal 0.000000e+00 0.000000e+00 -1.000000e+00
      outer loop
         vertex 1.399998e+00 1.382672e+01 1.560000e+01
         vertex 4.400000e+00 9.578087e+00 1.560000e+01
         vertex 1.399998e+00 9.578087e+00 1.560000e+01
      endloop
   endfacet
   facet normal 0.000000e+00 -0.000000e+00 -1.000000e+00
      outer loop
         vertex 1.399998e+00 1.382672e+01 1.560000e+01
         vertex 1.399998e+00 9.578087e+00 1.560000e+01
         vertex 0.000000e+00 7.999999e+00 1.560000e+01
      endloop
   endfacet
   facet normal 0.000000e+00 0.000000e+00 -1.000000e+00
      outer loop
         vertex 0.000000e+00 7.999999e+00 1.560000e+01
         vertex 1.399998e+00 9.578087e+00 1.560000e+01
         vertex 1.399998e+00 7.999999e+00 1.560000e+01
      endloop
   endfacet
   facet normal 0.000000e+00 0.000000e+00 -1.000000e+00
      outer loop
         vertex 0.000000e+00 7.999999e+00 1.560000e+01
         vertex 1.399998e+00 7.999999e+00 1.560000e+01
         vertex 1.459569e-02 7.516972e+00 1.560000e+01
      endloop
   endfacet
   facet normal 0.000000e+00 0.000000e+00 -1.000000e+00
      outer loop
         vertex 1.459569e-02 7.516972e+00 1.560000e+01
         vertex 1.399998e+00 7.999999e+00 1.560000e+01
         vertex 1.415383e+00 7.549600e+00 1.560000e+01
      endloop
   endfacet
   facet normal 0.000000e+00 0.000000e+00 -1.000000e+00
      outer loop
         vertex 1.459569e-02 7.516972e+00 1.560000e+01
         vertex 1.415383e+00 7.549600e+00 1.560000e+01
         vertex 5.832687e-02 7.035706e+00 1.560000e+01
      endloop
   endfacet
   facet normal 0.000000e+00 0.000000e+00 -1.000000e+00
      outer loop
         vertex 5.832687e-02 7.035706e+00 1.560000e+01
         vertex 1.415383e+00 7.549600e+00 1.560000e+01
         vertex 1.461472e+00 7.101299e+00 1.560000e+01
      endloop
   endfacet
   facet normal 0.000000e+00 0.000000e+00 -1.000000e+00
      outer loop
         vertex 5.832687e-02 7.035706e+00 1.560000e+01
         vertex 1.461472e+00 7.101299e+00 1.560000e+01
         vertex 1.310408e-01 6.557959e+00 1.560000e+01
      endloop
   endfacet
   facet normal 0.000000e+00 0.000000e+00 -1.000000e+00
      outer loop
         vertex 1.310408e-01 6.557959e+00 1.560000e+01
         vertex 1.461472e+00 7.101299e+00 1.560000e+01
         vertex 1.538042e+00 6.657190e+00 1.560000e+01
      endloop
   endfacet
   facet normal 0.000000e+00 0.000000e+00 -1.000000e+00
      outer loop
         vertex 1.310408e-01 6.557959e+00 1.560000e+01
         vertex 1.538042e+00 6.657190e+00 1.560000e+01
         vertex 2.324656e-01 6.085474e+00 1.560000e+01
      endloop
   endfacet
   facet normal 0.000000e+00 0.000000e+00 -1.000000e+00
      outer loop
         vertex 2.324656e-01 6.085474e+00 1.560000e+01
         vertex 1.538042e+00 6.657190e+00 1.560000e+01
         vertex 1.644745e+00 6.219340e+00 1.560000e+01
      endloop
   endfacet
   facet normal 0.000000e+00 0.000000e+00 -1.000000e+00
      outer loop
         vertex 3.066249e+00 1.702532e+00 1.560000e+01
         vertex 2.695017e+00 2.011914e+00 1.560000e+01
         vertex 3.495149e+00 3.176482e+00 1.560000e+01
      endloop
   endfacet
   facet normal 0.000000e+00 0.000000e+00 -1.000000e+00
      outer loop
         vertex 3.495149e+00 3.176482e+00 1.560000e+01
         vertex 2.695017e+00 2.011914e+00 1.560000e+01
         vertex 2.343144e+00 2.343146e+00 1.560000e+01
      endloop
   endfacet
   facet normal -0.000000e+00 0.000000e+00 -1.000000e+00
      outer loop
         vertex 3.495149e+00 3.176482e+00 1.560000e+01
         vertex 2.343144e+00 2.343146e+00 1.560000e+01
         vertex 3.176481e+00 3.495149e+00 1.560000e+01
      endloop
   endfacet
   facet normal 0.000000e+00 0.000000e+00 -1.000000e+00
      outer loop
         vertex 3.176481e+00 3.495149e+00 1.560000e+01
         vertex 2.343144e+00 2.343146e+00 1.560000e+01
         vertex 2.011914e+00 2.695018e+00 1.560000e+01
      endloop
   endfacet
   facet normal -0.000000e+00 0.000000e+00 -1.000000e+00
      outer loop
         vertex 3.176481e+00 3.495149e+00 1.560000e+01
         vertex 2.011914e+00 2.695018e+00 1.560000e+01
         vertex 2.880305e+00 3.834819e+00 1.560000e+01
      endloop
   endfacet
   facet normal 0.000000e+00 0.000000e+00 -1.000000e+00
      outer loop
         vertex 2.880305e+00 3.834819e+00 1.560000e+01
         vertex 2.011914e+00 2.695018e+00 1.560000e+01
         vertex 1.702532e+00 3.066249e+00 1.560000e+01
      endloop
   endfacet
   facet normal -0.000000e+00 0.000000e+00 -1.000000e+00
      outer loop
         vertex 2.880305e+00 3.834819e+00 1.560000e+01
         vertex 1.702532e+00 3.066249e+00 1.560000e+01
         vertex 2.607998e+00 4.193909e+00 1.560000e+01
      endloop
   endfacet
   facet normal 0.000000e+00 0.000000e+00 -1.000000e+00
      outer loop
         vertex 2.607998e+00 4.193909e+00 1.560000e+01
         vertex 1.702532e+00 3.066249e+00 1.560000e+01
         vertex 1.416128e+00 3.455482e+00 1.560000e+01
      endloop
   endfacet
   facet normal -0.000000e+00 0.000000e+00 -1.000000e+00
      outer loop
         vertex 2.607998e+00 4.193909e+00 1.560000e+01
         vertex 1.416128e+00 3.455482e+00 1.560000e+01
         vertex 2.360832e+00 4.570746e+00 1.560000e+01
      endloop
   endfacet
   facet normal 0.000000e+00 0.000000e+00 -1.000000e+00
      outer loop
         vertex 2.360832e+00 4.570746e+00 1.560000e+01
         vertex 1.416128e+00 3.455482e+00 1.560000e+01
         vertex 1.153748e+00 3.861297e+00 1.560000e+01
      endloop
   endfacet
   facet normal -0.000000e+00 0.000000e+00 -1.000000e+00
      outer loop
         vertex 2.360832e+00 4.570746e+00 1.560000e+01
         vertex 1.153748e+00 3.861297e+00 1.560000e+01
         vertex 2.139956e+00 4.963570e+00 1.560000e+01
      endloop
   endfacet
   facet normal 0.000000e+00 0.000000e+00 -1.000000e+00
      outer loop
         vertex 2.139956e+00 4.963570e+00 1.560000e+01
         vertex 1.153748e+00 3.861297e+00 1.560000e+01
         vertex 9.163506e-01 4.282214e+00 1.560000e+01
      endloop
   endfacet
   facet normal -0.000000e+00 0.000000e+00 -1.000000e+00
      outer loop
         vertex 2.139956e+00 4.963570e+00 1.560000e+01
         vertex 9.163506e-01 4.282214e+00 1.560000e+01
         vertex 1.946405e+00 5.370553e+00 1.560000e+01
      endloop
   endfacet
   facet normal 0.000000e+00 0.000000e+00 -1.000000e+00
      outer loop
         vertex 1.946405e+00 5.370553e+00 1.560000e+01
         vertex 9.163506e-01 4.282214e+00 1.560000e+01
         vertex 7.047988e-01 4.716697e+00 1.560000e+01
      endloop
   endfacet
   facet normal -0.000000e+00 0.000000e+00 -1.000000e+00
      outer loop
         vertex 1.946405e+00 5.370553e+00 1.560000e+01
         vertex 7.047988e-01 4.716697e+00 1.560000e+01
         vertex 1.781076e+00 5.789794e+00 1.560000e+01
      endloop
   endfacet
   facet normal 0.000000e+00 0.000000e+00 -1.000000e+00
      outer loop
         vertex 1.781076e+00 5.789794e+00 1.560000e+01
         vertex 7.047988e-01 4.716697e+00 1.560000e+01
         vertex 5.198680e-01 5.163160e+00 1.560000e+01
      endloop
   endfacet
   facet normal -0.000000e+00 0.000000e+00 -1.000000e+00
      outer loop
         vertex 1.781076e+00 5.789794e+00 1.560000e+01
         vertex 5.198680e-01 5.163160e+00 1.560000e+01
         vertex 1.644745e+00 6.219340e+00 1.560000e+01
      endloop
   endfacet
   facet normal 0.000000e+00 0.000000e+00 -1.000000e+00
      outer loop
         vertex 1.644745e+00 6.219340e+00 1.560000e+01
         vertex 5.198680e-01 5.163160e+00 1.560000e+01
         vertex 3.622323e-01 5.619975e+00 1.560000e+01
      endloop
   endfacet
   facet normal 0.000000e+00 0.000000e+00 -1.000000e+00
      outer loop
         vertex 1.644745e+00 6.219340e+00 1.560000e+01
         vertex 3.622323e-01 5.619975e+00 1.560000e+01
         vertex 2.324656e-01 6.085474e+00 1.560000e+01
      endloop
   endfacet
   facet normal 0.000000e+00 0.000000e+00 -1.000000e+00
      outer loop
         vertex 7.549599e+00 3.858461e+01 1.850000e+01
         vertex 7.999998e+00 3.860000e+01 1.850000e+01
         vertex 6.180000e+01 2.300000e+01 1.850000e+01
      endloop
   endfacet
   facet normal 0.000000e+00 0.000000e+00 -1.000000e+00
      outer loop
         vertex 6.180000e+01 2.300000e+01 1.850000e+01
         vertex 7.999998e+00 3.860000e+01 1.850000e+01
         vertex 6.480000e+01 3.860000e+01 1.850000e+01
      endloop
   endfacet
   facet normal 0.000000e+00 0.000000e+00 -1.000000e+00
      outer loop
         vertex 6.180000e+01 2.300000e+01 1.850000e+01
         vertex 6.480000e+01 3.860000e+01 1.850000e+01
         vertex 6.480000e+01 2.300000e+01 1.850000e+01
      endloop
   endfacet
   facet normal -0.000000e+00 -0.000000e+00 -1.000000e+00
      outer loop
         vertex 6.480000e+01 1.700000e+01 1.850000e+01
         vertex 6.480000e+01 1.399999e+00 1.850000e+01
         vertex 6.180000e+01 1.700000e+01 1.850000e+01
      endloop
   endfacet
   facet normal 0.000000e+00 -0.000000e+00 -1.000000e+00
      outer loop
         vertex 6.180000e+01 1.700000e+01 1.850000e+01
         vertex 6.480000e+01 1.399999e+00 1.850000e+01
         vertex 7.999998e+00 1.399999e+00 1.850000e+01
      endloop
   endfacet
   facet normal 0.000000e+00 -0.000000e+00 -1.000000e+00
      outer loop
         vertex 6.180000e+01 2.300000e+01 1.850000e+01
         vertex 6.180000e+01 1.700000e+01 1.850000e+01
         vertex 1.399998e+00 7.999999e+00 1.850000e+01
      endloop
   endfacet
   facet normal 0.000000e+00 0.000000e+00 -1.000000e+00
      outer loop
         vertex 1.781076e+00 3.421021e+01 1.850000e+01
         vertex 1.946405e+00 3.462945e+01 1.850000e+01
         vertex 6.180000e+01 2.300000e+01 1.850000e+01
      endloop
   endfacet
   facet normal 0.000000e+00 0.000000e+00 -1.000000e+00
      outer loop
         vertex 1.946405e+00 3.462945e+01 1.850000e+01
         vertex 2.139956e+00 3.503643e+01 1.850000e+01
         vertex 6.180000e+01 2.300000e+01 1.850000e+01
      endloop
   endfacet
   facet normal 0.000000e+00 0.000000e+00 -1.000000e+00
      outer loop
         vertex 6.180000e+01 2.300000e+01 1.850000e+01
         vertex 2.139956e+00 3.503643e+01 1.850000e+01
         vertex 2.360832e+00 3.542925e+01 1.850000e+01
      endloop
   endfacet
   facet normal 0.000000e+00 0.000000e+00 -1.000000e+00
      outer loop
         vertex 6.180000e+01 2.300000e+01 1.850000e+01
         vertex 2.360832e+00 3.542925e+01 1.850000e+01
         vertex 2.607998e+00 3.580609e+01 1.850000e+01
      endloop
   endfacet
   facet normal 0.000000e+00 0.000000e+00 -1.000000e+00
      outer loop
         vertex 2.360832e+00 4.570746e+00 1.850000e+01
         vertex 2.139956e+00 4.963570e+00 1.850000e+01
         vertex 6.180000e+01 1.700000e+01 1.850000e+01
      endloop
   endfacet
   facet normal 0.000000e+00 0.000000e+00 -1.000000e+00
      outer loop
         vertex 6.180000e+01 1.700000e+01 1.850000e+01
         vertex 2.139956e+00 4.963570e+00 1.850000e+01
         vertex 1.946405e+00 5.370553e+00 1.850000e+01
      endloop
   endfacet
   facet normal 0.000000e+00 0.000000e+00 -1.000000e+00
      outer loop
         vertex 1.399998e+00 7.999999e+00 1.850000e+01
         vertex 1.399998e+00 3.200000e+01 1.850000e+01
         vertex 6.180000e+01 2.300000e+01 1.850000e+01
      endloop
   endfacet
   facet normal 0.000000e+00 0.000000e+00 -1.000000e+00
      outer loop
         vertex 6.180000e+01 2.300000e+01 1.850000e+01
         vertex 1.399998e+00 3.200000e+01 1.850000e+01
         vertex 1.415383e+00 3.245040e+01 1.850000e+01
      endloop
   endfacet
   facet normal 0.000000e+00 0.000000e+00 -1.000000e+00
      outer loop
         vertex 6.180000e+01 2.300000e+01 1.850000e+01
         vertex 1.415383e+00 3.245040e+01 1.850000e+01
         vertex 1.461472e+00 3.289870e+01 1.850000e+01
      endloop
   endfacet
   facet normal 0.000000e+00 0.000000e+00 -1.000000e+00
      outer loop
         vertex 1.461472e+00 3.289870e+01 1.850000e+01
         vertex 1.538042e+00 3.334281e+01 1.850000e+01
         vertex 6.180000e+01 2.300000e+01 1.850000e+01
      endloop
   endfacet
   facet normal 0.000000e+00 0.000000e+00 -1.000000e+00
      outer loop
         vertex 6.180000e+01 2.300000e+01 1.850000e+01
         vertex 1.538042e+00 3.334281e+01 1.850000e+01
         vertex 1.644745e+00 3.378066e+01 1.850000e+01
      endloop
   endfacet
   facet normal 0.000000e+00 0.000000e+00 -1.000000e+00
      outer loop
         vertex 6.180000e+01 2.300000e+01 1.850000e+01
         vertex 1.644745e+00 3.378066e+01 1.850000e+01
         vertex 1.781076e+00 3.421021e+01 1.850000e+01
      endloop
   endfacet
   facet normal 0.000000e+00 0.000000e+00 -1.000000e+00
      outer loop
         vertex 1.946405e+00 5.370553e+00 1.850000e+01
         vertex 1.781076e+00 5.789794e+00 1.850000e+01
         vertex 6.180000e+01 1.700000e+01 1.850000e+01
      endloop
   endfacet
   facet normal 0.000000e+00 0.000000e+00 -1.000000e+00
      outer loop
         vertex 6.180000e+01 1.700000e+01 1.850000e+01
         vertex 1.781076e+00 5.789794e+00 1.850000e+01
         vertex 1.644745e+00 6.219340e+00 1.850000e+01
      endloop
   endfacet
   facet normal 0.000000e+00 0.000000e+00 -1.000000e+00
      outer loop
         vertex 6.180000e+01 1.700000e+01 1.850000e+01
         vertex 1.644745e+00 6.219340e+00 1.850000e+01
         vertex 1.538042e+00 6.657190e+00 1.850000e+01
      endloop
   endfacet
   facet normal 0.000000e+00 0.000000e+00 -1.000000e+00
      outer loop
         vertex 2.607998e+00 3.580609e+01 1.850000e+01
         vertex 2.880305e+00 3.616518e+01 1.850000e+01
         vertex 6.180000e+01 2.300000e+01 1.850000e+01
      endloop
   endfacet
   facet normal 0.000000e+00 0.000000e+00 -1.000000e+00
      outer loop
         vertex 6.180000e+01 2.300000e+01 1.850000e+01
         vertex 2.880305e+00 3.616518e+01 1.850000e+01
         vertex 3.176481e+00 3.650485e+01 1.850000e+01
      endloop
   endfacet
   facet normal 0.000000e+00 0.000000e+00 -1.000000e+00
      outer loop
         vertex 6.180000e+01 2.300000e+01 1.850000e+01
         vertex 3.176481e+00 3.650485e+01 1.850000e+01
         vertex 7.549599e+00 3.858461e+01 1.850000e+01
      endloop
   endfacet
   facet normal 0.000000e+00 0.000000e+00 -1.000000e+00
      outer loop
         vertex 7.549599e+00 3.858461e+01 1.850000e+01
         vertex 3.176481e+00 3.650485e+01 1.850000e+01
         vertex 3.495149e+00 3.682352e+01 1.850000e+01
      endloop
   endfacet
   facet normal 0.000000e+00 0.000000e+00 -1.000000e+00
      outer loop
         vertex 3.495149e+00 3.682352e+01 1.850000e+01
         vertex 3.834818e+00 3.711969e+01 1.850000e+01
         vertex 7.549599e+00 3.858461e+01 1.850000e+01
      endloop
   endfacet
   facet normal 0.000000e+00 0.000000e+00 -1.000000e+00
      outer loop
         vertex 7.549599e+00 3.858461e+01 1.850000e+01
         vertex 3.834818e+00 3.711969e+01 1.850000e+01
         vertex 4.193909e+00 3.739200e+01 1.850000e+01
      endloop
   endfacet
   facet normal 0.000000e+00 0.000000e+00 -1.000000e+00
      outer loop
         vertex 7.549599e+00 3.858461e+01 1.850000e+01
         vertex 4.193909e+00 3.739200e+01 1.850000e+01
         vertex 4.570745e+00 3.763917e+01 1.850000e+01
      endloop
   endfacet
   facet normal 0.000000e+00 0.000000e+00 -1.000000e+00
      outer loop
         vertex 7.999998e+00 1.399999e+00 1.850000e+01
         vertex 7.549599e+00 1.415385e+00 1.850000e+01
         vertex 6.180000e+01 1.700000e+01 1.850000e+01
      endloop
   endfacet
   facet normal 0.000000e+00 0.000000e+00 -1.000000e+00
      outer loop
         vertex 6.180000e+01 1.700000e+01 1.850000e+01
         vertex 7.549599e+00 1.415385e+00 1.850000e+01
         vertex 7.101297e+00 1.461472e+00 1.850000e+01
      endloop
   endfacet
   facet normal 0.000000e+00 0.000000e+00 -1.000000e+00
      outer loop
         vertex 6.180000e+01 1.700000e+01 1.850000e+01
         vertex 7.101297e+00 1.461472e+00 1.850000e+01
         vertex 6.657191e+00 1.538044e+00 1.850000e+01
      endloop
   endfacet
   facet normal 0.000000e+00 0.000000e+00 -1.000000e+00
      outer loop
         vertex 6.657191e+00 1.538044e+00 1.850000e+01
         vertex 6.219339e+00 1.644745e+00 1.850000e+01
         vertex 6.180000e+01 1.700000e+01 1.850000e+01
      endloop
   endfacet
   facet normal 0.000000e+00 0.000000e+00 -1.000000e+00
      outer loop
         vertex 6.180000e+01 1.700000e+01 1.850000e+01
         vertex 6.219339e+00 1.644745e+00 1.850000e+01
         vertex 5.789794e+00 1.781078e+00 1.850000e+01
      endloop
   endfacet
   facet normal 0.000000e+00 0.000000e+00 -1.000000e+00
      outer loop
         vertex 6.180000e+01 1.700000e+01 1.850000e+01
         vertex 5.789794e+00 1.781078e+00 1.850000e+01
         vertex 5.370550e+00 1.946405e+00 1.850000e+01
      endloop
   endfacet
   facet normal 0.000000e+00 0.000000e+00 -1.000000e+00
      outer loop
         vertex 4.193909e+00 2.607998e+00 1.850000e+01
         vertex 3.834818e+00 2.880305e+00 1.850000e+01
         vertex 6.180000e+01 1.700000e+01 1.850000e+01
      endloop
   endfacet
   facet normal 0.000000e+00 0.000000e+00 -1.000000e+00
      outer loop
         vertex 6.180000e+01 1.700000e+01 1.850000e+01
         vertex 3.834818e+00 2.880305e+00 1.850000e+01
         vertex 3.495149e+00 3.176482e+00 1.850000e+01
      endloop
   endfacet
   facet normal 0.000000e+00 0.000000e+00 -1.000000e+00
      outer loop
         vertex 6.180000e+01 1.700000e+01 1.850000e+01
         vertex 3.495149e+00 3.176482e+00 1.850000e+01
         vertex 3.176481e+00 3.495149e+00 1.850000e+01
      endloop
   endfacet
   facet normal 0.000000e+00 0.000000e+00 -1.000000e+00
      outer loop
         vertex 1.538042e+00 6.657190e+00 1.850000e+01
         vertex 1.461472e+00 7.101299e+00 1.850000e+01
         vertex 6.180000e+01 1.700000e+01 1.850000e+01
      endloop
   endfacet
   facet normal 0.000000e+00 0.000000e+00 -1.000000e+00
      outer loop
         vertex 6.180000e+01 1.700000e+01 1.850000e+01
         vertex 1.461472e+00 7.101299e+00 1.850000e+01
         vertex 1.415383e+00 7.549600e+00 1.850000e+01
      endloop
   endfacet
   facet normal 0.000000e+00 0.000000e+00 -1.000000e+00
      outer loop
         vertex 6.180000e+01 1.700000e+01 1.850000e+01
         vertex 1.415383e+00 7.549600e+00 1.850000e+01
         vertex 1.399998e+00 7.999999e+00 1.850000e+01
      endloop
   endfacet
   facet normal 0.000000e+00 0.000000e+00 -1.000000e+00
      outer loop
         vertex 4.570745e+00 3.763917e+01 1.850000e+01
         vertex 4.963569e+00 3.786004e+01 1.850000e+01
         vertex 7.549599e+00 3.858461e+01 1.850000e+01
      endloop
   endfacet
   facet normal 0.000000e+00 0.000000e+00 -1.000000e+00
      outer loop
         vertex 7.549599e+00 3.858461e+01 1.850000e+01
         vertex 4.963569e+00 3.786004e+01 1.850000e+01
         vertex 5.370550e+00 3.805359e+01 1.850000e+01
      endloop
   endfacet
   facet normal 0.000000e+00 0.000000e+00 -1.000000e+00
      outer loop
         vertex 7.549599e+00 3.858461e+01 1.850000e+01
         vertex 5.370550e+00 3.805359e+01 1.850000e+01
         vertex 5.789794e+00 3.821892e+01 1.850000e+01
      endloop
   endfacet
   facet normal 0.000000e+00 0.000000e+00 -1.000000e+00
      outer loop
         vertex 5.789794e+00 3.821892e+01 1.850000e+01
         vertex 6.219339e+00 3.835525e+01 1.850000e+01
         vertex 7.549599e+00 3.858461e+01 1.850000e+01
      endloop
   endfacet
   facet normal 0.000000e+00 0.000000e+00 -1.000000e+00
      outer loop
         vertex 7.549599e+00 3.858461e+01 1.850000e+01
         vertex 6.219339e+00 3.835525e+01 1.850000e+01
         vertex 6.657191e+00 3.846196e+01 1.850000e+01
      endloop
   endfacet
   facet normal 0.000000e+00 0.000000e+00 -1.000000e+00
      outer loop
         vertex 7.549599e+00 3.858461e+01 1.850000e+01
         vertex 6.657191e+00 3.846196e+01 1.850000e+01
         vertex 7.101297e+00 3.853853e+01 1.850000e+01
      endloop
   endfacet
   facet normal 0.000000e+00 0.000000e+00 -1.000000e+00
      outer loop
         vertex 3.176481e+00 3.495149e+00 1.850000e+01
         vertex 2.880305e+00 3.834819e+00 1.850000e+01
         vertex 6.180000e+01 1.700000e+01 1.850000e+01
      endloop
   endfacet
   facet normal 0.000000e+00 0.000000e+00 -1.000000e+00
      outer loop
         vertex 6.180000e+01 1.700000e+01 1.850000e+01
         vertex 2.880305e+00 3.834819e+00 1.850000e+01
         vertex 2.607998e+00 4.193909e+00 1.850000e+01
      endloop
   endfacet
   facet normal 0.000000e+00 0.000000e+00 -1.000000e+00
      outer loop
         vertex 6.180000e+01 1.700000e+01 1.850000e+01
         vertex 2.607998e+00 4.193909e+00 1.850000e+01
         vertex 2.360832e+00 4.570746e+00 1.850000e+01
      endloop
   endfacet
   facet normal 0.000000e+00 0.000000e+00 -1.000000e+00
      outer loop
         vertex 5.370550e+00 1.946405e+00 1.850000e+01
         vertex 4.963569e+00 2.139958e+00 1.850000e+01
         vertex 6.180000e+01 1.700000e+01 1.850000e+01
      endloop
   endfacet
   facet normal 0.000000e+00 0.000000e+00 -1.000000e+00
      outer loop
         vertex 6.180000e+01 1.700000e+01 1.850000e+01
         vertex 4.963569e+00 2.139958e+00 1.850000e+01
         vertex 4.570745e+00 2.360832e+00 1.850000e+01
      endloop
   endfacet
   facet normal 0.000000e+00 0.000000e+00 -1.000000e+00
      outer loop
         vertex 6.180000e+01 1.700000e+01 1.850000e+01
         vertex 4.570745e+00 2.360832e+00 1.850000e+01
         vertex 4.193909e+00 2.607998e+00 1.850000e+01
      endloop
   endfacet
   facet normal -1.000000e+00 -0.000000e+00 -0.000000e+00
      outer loop
         vertex 0.000000e+00 3.200000e+01 1.800000e+01
         vertex 0.000000e+00 3.200000e+01 1.560000e+01
         vertex 0.000000e+00 7.999999e+00 1.800000e+01
      endloop
   endfacet
   facet normal -1.000000e+00 0.000000e+00 0.000000e+00
      outer loop
         vertex 0.000000e+00 7.999999e+00 1.800000e+01
         vertex 0.000000e+00 3.200000e+01 1.560000e+01
         vertex 0.000000e+00 7.999999e+00 1.560000e+01
      endloop
   endfacet
   facet normal -2.181563e-02 9.997620e-01 0.000000e+00
      outer loop
         vertex 7.999998e+00 4.000000e+01 1.800000e+01
         vertex 7.999998e+00 4.000000e+01 1.560000e+01
         vertex 7.651042e+00 3.999238e+01 1.800000e+01
      endloop
   endfacet
   facet normal -3.020322e-02 9.995430e-01 -1.220234e-03
      outer loop
         vertex 7.651042e+00 3.999238e+01 1.800000e+01
         vertex 7.999998e+00 4.000000e+01 1.560000e+01
         vertex 7.516969e+00 3.998540e+01 1.560000e+01
      endloop
   endfacet
   facet normal -5.199957e-02 9.986471e-01 0.000000e+00
      outer loop
         vertex 7.651042e+00 3.999238e+01 1.800000e+01
         vertex 7.516969e+00 3.998540e+01 1.560000e+01
         vertex 7.516969e+00 3.998540e+01 1.800000e+01
      endloop
   endfacet
   facet normal -7.376851e-02 9.972754e-01 0.000000e+00
      outer loop
         vertex 7.516969e+00 3.998540e+01 1.800000e+01
         vertex 7.516969e+00 3.998540e+01 1.560000e+01
         vertex 7.302754e+00 3.996956e+01 1.800000e+01
      endloop
   endfacet
   facet normal -9.049846e-02 9.958955e-01 -1.502365e-03
      outer loop
         vertex 7.302754e+00 3.996956e+01 1.800000e+01
         vertex 7.516969e+00 3.998540e+01 1.560000e+01
         vertex 7.035706e+00 3.994167e+01 1.560000e+01
      endloop
   endfacet
   facet normal -1.038643e-01 9.945915e-01 0.000000e+00
      outer loop
         vertex 7.302754e+00 3.996956e+01 1.800000e+01
         vertex 7.035706e+00 3.994167e+01 1.560000e+01
         vertex 7.035706e+00 3.994167e+01 1.800000e+01
      endloop
   endfacet
   facet normal -1.255315e-01 9.920896e-01 0.000000e+00
      outer loop
         vertex 7.035706e+00 3.994167e+01 1.800000e+01
         vertex 7.035706e+00 3.994167e+01 1.560000e+01
         vertex 6.955788e+00 3.993156e+01 1.800000e+01
      endloop
   endfacet
   facet normal -1.504654e-01 9.886149e-01 -8.449240e-04
      outer loop
         vertex 6.955788e+00 3.993156e+01 1.800000e+01
         vertex 7.035706e+00 3.994167e+01 1.560000e+01
         vertex 6.557960e+00 3.986896e+01 1.560000e+01
      endloop
   endfacet
   facet normal -1.521237e-01 9.883613e-01 -5.634162e-04
      outer loop
         vertex 6.955788e+00 3.993156e+01 1.800000e+01
         vertex 6.557960e+00 3.986896e+01 1.560000e+01
         vertex 6.610814e+00 3.987846e+01 1.800000e+01
      endloop
   endfacet
   facet normal -2.098805e-01 9.777260e-01 -1.445571e-03
      outer loop
         vertex 6.085474e+00 3.976753e+01 1.560000e+01
         vertex 6.268483e+00 3.981037e+01 1.800000e+01
         vertex 6.557960e+00 3.986896e+01 1.560000e+01
      endloop
   endfacet
   facet normal -1.983811e-01 9.801250e-01 0.000000e+00
      outer loop
         vertex 6.557960e+00 3.986896e+01 1.560000e+01
         vertex 6.268483e+00 3.981037e+01 1.800000e+01
         vertex 6.557960e+00 3.986896e+01 1.800000e+01
      endloop
   endfacet
   facet normal -1.769622e-01 9.842177e-01 0.000000e+00
      outer loop
         vertex 6.557960e+00 3.986896e+01 1.560000e+01
         vertex 6.557960e+00 3.986896e+01 1.800000e+01
         vertex 6.610814e+00 3.987846e+01 1.800000e+01
      endloop
   endfacet
   facet normal -2.685289e-01 9.632707e-01 -1.351857e-03
      outer loop
         vertex 5.619973e+00 3.963777e+01 1.560000e+01
         vertex 5.929448e+00 3.972741e+01 1.800000e+01
         vertex 6.085474e+00 3.976753e+01 1.560000e+01
      endloop
   endfacet
   facet normal -2.490754e-01 9.684841e-01 0.000000e+00
      outer loop
         vertex 6.085474e+00 3.976753e+01 1.560000e+01
         vertex 5.929448e+00 3.972741e+01 1.800000e+01
         vertex 6.085474e+00 3.976753e+01 1.800000e+01
      endloop
   endfacet
   facet normal -2.278925e-01 9.736863e-01 0.000000e+00
      outer loop
         vertex 6.085474e+00 3.976753e+01 1.560000e+01
         vertex 6.085474e+00 3.976753e+01 1.800000e+01
         vertex 6.268483e+00 3.981037e+01 1.800000e+01
      endloop
   endfacet
   facet normal -3.483167e-01 9.373769e-01 0.000000e+00
      outer loop
         vertex 5.163159e+00 3.948013e+01 1.800000e+01
         vertex 5.263839e+00 3.951754e+01 1.800000e+01
         vertex 5.163159e+00 3.948013e+01 1.560000e+01
      endloop
   endfacet
   facet normal -3.214386e-01 9.469296e-01 -1.276439e-03
      outer loop
         vertex 5.163159e+00 3.948013e+01 1.560000e+01
         vertex 5.263839e+00 3.951754e+01 1.800000e+01
         vertex 5.594354e+00 3.962974e+01 1.800000e+01
      endloop
   endfacet
   facet normal -3.262044e-01 9.452992e-01 -3.185778e-04
      outer loop
         vertex 5.163159e+00 3.948013e+01 1.560000e+01
         vertex 5.594354e+00 3.962974e+01 1.800000e+01
         vertex 5.619973e+00 3.963777e+01 1.560000e+01
      endloop
   endfacet
   facet normal -2.991518e-01 9.542055e-01 0.000000e+00
      outer loop
         vertex 5.619973e+00 3.963777e+01 1.560000e+01
         vertex 5.594354e+00 3.962974e+01 1.800000e+01
         vertex 5.619973e+00 3.963777e+01 1.800000e+01
      endloop
   endfacet
   facet normal -2.782156e-01 9.605187e-01 0.000000e+00
      outer loop
         vertex 5.619973e+00 3.963777e+01 1.560000e+01
         vertex 5.619973e+00 3.963777e+01 1.800000e+01
         vertex 5.929448e+00 3.972741e+01 1.800000e+01
      endloop
   endfacet
   facet normal -3.686887e-01 9.295529e-01 0.000000e+00
      outer loop
         vertex 5.163159e+00 3.948013e+01 1.800000e+01
         vertex 5.163159e+00 3.948013e+01 1.560000e+01
         vertex 4.938532e+00 3.939104e+01 1.800000e+01
      endloop
   endfacet
   facet normal -3.826813e-01 9.238792e-01 -1.520267e-03
      outer loop
         vertex 4.938532e+00 3.939104e+01 1.800000e+01
         vertex 5.163159e+00 3.948013e+01 1.560000e+01
         vertex 4.716694e+00 3.929520e+01 1.560000e+01
      endloop
   endfacet
   facet normal -3.965875e-01 9.179969e-01 0.000000e+00
      outer loop
         vertex 4.938532e+00 3.939104e+01 1.800000e+01
         vertex 4.716694e+00 3.929520e+01 1.560000e+01
         vertex 4.716694e+00 3.929520e+01 1.800000e+01
      endloop
   endfacet
   facet normal -4.165293e-01 9.091223e-01 0.000000e+00
      outer loop
         vertex 4.716694e+00 3.929520e+01 1.800000e+01
         vertex 4.716694e+00 3.929520e+01 1.560000e+01
         vertex 4.619051e+00 3.925046e+01 1.800000e+01
      endloop
   endfacet
   facet normal -4.377683e-01 8.990872e-01 -1.051162e-03
      outer loop
         vertex 4.619051e+00 3.925046e+01 1.800000e+01
         vertex 4.716694e+00 3.929520e+01 1.560000e+01
         vertex 4.282214e+00 3.908365e+01 1.560000e+01
      endloop
   endfacet
   facet normal -4.422929e-01 8.968706e-01 -2.620667e-04
      outer loop
         vertex 4.619051e+00 3.925046e+01 1.800000e+01
         vertex 4.282214e+00 3.908365e+01 1.560000e+01
         vertex 4.306011e+00 3.909609e+01 1.800000e+01
      endloop
   endfacet
   facet normal -4.912542e-01 8.710152e-01 -1.352108e-03
      outer loop
         vertex 3.861297e+00 3.884625e+01 1.560000e+01
         vertex 3.999997e+00 3.892820e+01 1.800000e+01
         vertex 4.282214e+00 3.908365e+01 1.560000e+01
      endloop
   endfacet
   facet normal -4.824570e-01 8.759196e-01 0.000000e+00
      outer loop
         vertex 4.282214e+00 3.908365e+01 1.560000e+01
         vertex 3.999997e+00 3.892820e+01 1.800000e+01
         vertex 4.282214e+00 3.908365e+01 1.800000e+01
      endloop
   endfacet
   facet normal -4.631799e-01 8.862643e-01 0.000000e+00
      outer loop
         vertex 4.282214e+00 3.908365e+01 1.560000e+01
         vertex 4.282214e+00 3.908365e+01 1.800000e+01
         vertex 4.306011e+00 3.909609e+01 1.800000e+01
      endloop
   endfacet
   facet normal -5.429499e-01 8.397638e-01 -1.446002e-03
      outer loop
         vertex 3.455482e+00 3.858387e+01 1.560000e+01
         vertex 3.701601e+00 3.874713e+01 1.800000e+01
         vertex 3.861297e+00 3.884625e+01 1.560000e+01
      endloop
   endfacet
   facet normal -5.273525e-01 8.496466e-01 0.000000e+00
      outer loop
         vertex 3.861297e+00 3.884625e+01 1.560000e+01
         vertex 3.701601e+00 3.874713e+01 1.800000e+01
         vertex 3.861297e+00 3.884625e+01 1.800000e+01
      endloop
   endfacet
   facet normal -5.086997e-01 8.609440e-01 0.000000e+00
      outer loop
         vertex 3.861297e+00 3.884625e+01 1.560000e+01
         vertex 3.861297e+00 3.884625e+01 1.800000e+01
         vertex 3.999997e+00 3.892820e+01 1.800000e+01
      endloop
   endfacet
   facet normal -6.127681e-01 7.902628e-01 0.000000e+00
      outer loop
         vertex 3.066249e+00 3.829747e+01 1.800000e+01
         vertex 3.129907e+00 3.834683e+01 1.800000e+01
         vertex 3.066249e+00 3.829747e+01 1.560000e+01
      endloop
   endfacet
   facet normal -5.913084e-01 8.064450e-01 -9.020161e-04
      outer loop
         vertex 3.066249e+00 3.829747e+01 1.560000e+01
         vertex 3.129907e+00 3.834683e+01 1.800000e+01
         vertex 3.411386e+00 3.855322e+01 1.800000e+01
      endloop
   endfacet
   facet normal -5.926632e-01 8.054502e-01 -6.011748e-04
      outer loop
         vertex 3.066249e+00 3.829747e+01 1.560000e+01
         vertex 3.411386e+00 3.855322e+01 1.800000e+01
         vertex 3.455482e+00 3.858387e+01 1.560000e+01
      endloop
   endfacet
   facet normal -5.708104e-01 8.210819e-01 0.000000e+00
      outer loop
         vertex 3.455482e+00 3.858387e+01 1.560000e+01
         vertex 3.411386e+00 3.855322e+01 1.800000e+01
         vertex 3.455482e+00 3.858387e+01 1.800000e+01
      endloop
   endfacet
   facet normal -5.527805e-01 8.333269e-01 0.000000e+00
      outer loop
         vertex 3.455482e+00 3.858387e+01 1.560000e+01
         vertex 3.455482e+00 3.858387e+01 1.800000e+01
         vertex 3.701601e+00 3.874713e+01 1.800000e+01
      endloop
   endfacet
   facet normal -6.298344e-01 7.767294e-01 0.000000e+00
      outer loop
         vertex 3.066249e+00 3.829747e+01 1.800000e+01
         vertex 3.066249e+00 3.829747e+01 1.560000e+01
         vertex 2.857696e+00 3.812836e+01 1.800000e+01
      endloop
   endfacet
   facet normal -6.402095e-01 7.681989e-01 -1.502644e-03
      outer loop
         vertex 2.857696e+00 3.812836e+01 1.800000e+01
         vertex 3.066249e+00 3.829747e+01 1.560000e+01
         vertex 2.695017e+00 3.798809e+01 1.560000e+01
      endloop
   endfacet
   facet normal -6.530173e-01 7.573430e-01 0.000000e+00
      outer loop
         vertex 2.857696e+00 3.812836e+01 1.800000e+01
         vertex 2.695017e+00 3.798809e+01 1.560000e+01
         vertex 2.695017e+00 3.798809e+01 1.800000e+01
      endloop
   endfacet
   facet normal -6.693770e-01 7.429229e-01 0.000000e+00
      outer loop
         vertex 2.695017e+00 3.798809e+01 1.800000e+01
         vertex 2.695017e+00 3.798809e+01 1.560000e+01
         vertex 2.595276e+00 3.789822e+01 1.800000e+01
      endloop
   endfacet
   facet normal -6.854283e-01 7.281391e-01 -1.220641e-03
      outer loop
         vertex 2.595276e+00 3.789822e+01 1.800000e+01
         vertex 2.695017e+00 3.798809e+01 1.560000e+01
         vertex 2.343144e+00 3.765685e+01 1.560000e+01
      endloop
   endfacet
   facet normal -6.915160e-01 7.223611e-01 0.000000e+00
      outer loop
         vertex 2.595276e+00 3.789822e+01 1.800000e+01
         vertex 2.343144e+00 3.765685e+01 1.560000e+01
         vertex 2.343144e+00 3.765685e+01 1.800000e+01
      endloop
   endfacet
   facet normal -7.223611e-01 6.915160e-01 0.000000e+00
      outer loop
         vertex 2.343144e+00 3.765685e+01 1.800000e+01
         vertex 2.343144e+00 3.765685e+01 1.560000e+01
         vertex 2.101779e+00 3.740472e+01 1.800000e+01
      endloop
   endfacet
   facet normal -7.281411e-01 6.854262e-01 -1.221049e-03
      outer loop
         vertex 2.101779e+00 3.740472e+01 1.800000e+01
         vertex 2.343144e+00 3.765685e+01 1.560000e+01
         vertex 2.011914e+00 3.730498e+01 1.560000e+01
      endloop
   endfacet
   facet normal -7.429298e-01 6.693694e-01 0.000000e+00
      outer loop
         vertex 2.101779e+00 3.740472e+01 1.800000e+01
         vertex 2.011914e+00 3.730498e+01 1.560000e+01
         vertex 2.011914e+00 3.730498e+01 1.800000e+01
      endloop
   endfacet
   facet normal -7.573387e-01 6.530223e-01 0.000000e+00
      outer loop
         vertex 2.011914e+00 3.730498e+01 1.800000e+01
         vertex 2.011914e+00 3.730498e+01 1.560000e+01
         vertex 1.871642e+00 3.714230e+01 1.800000e+01
      endloop
   endfacet
   facet normal -7.681973e-01 6.402114e-01 -1.503020e-03
      outer loop
         vertex 1.871642e+00 3.714230e+01 1.800000e+01
         vertex 2.011914e+00 3.730498e+01 1.560000e+01
         vertex 1.702532e+00 3.693375e+01 1.560000e+01
      endloop
   endfacet
   facet normal -7.767301e-01 6.298336e-01 0.000000e+00
      outer loop
         vertex 1.871642e+00 3.714230e+01 1.800000e+01
         vertex 1.702532e+00 3.693375e+01 1.560000e+01
         vertex 1.702532e+00 3.693375e+01 1.800000e+01
      endloop
   endfacet
   facet normal -7.902714e-01 6.127569e-01 0.000000e+00
      outer loop
         vertex 1.702532e+00 3.693375e+01 1.800000e+01
         vertex 1.702532e+00 3.693375e+01 1.560000e+01
         vertex 1.653172e+00 3.687009e+01 1.800000e+01
      endloop
   endfacet
   facet normal -8.054501e-01 5.926630e-01 -8.451607e-04
      outer loop
         vertex 1.653172e+00 3.687009e+01 1.800000e+01
         vertex 1.702532e+00 3.693375e+01 1.560000e+01
         vertex 1.416128e+00 3.654452e+01 1.560000e+01
      endloop
   endfacet
   facet normal -8.064452e-01 5.913085e-01 -5.631166e-04
      outer loop
         vertex 1.653172e+00 3.687009e+01 1.800000e+01
         vertex 1.416128e+00 3.654452e+01 1.560000e+01
         vertex 1.446784e+00 3.658861e+01 1.800000e+01
      endloop
   endfacet
   facet normal -8.397638e-01 5.429499e-01 -1.445580e-03
      outer loop
         vertex 1.153748e+00 3.613870e+01 1.560000e+01
         vertex 1.252867e+00 3.629840e+01 1.800000e+01
         vertex 1.416128e+00 3.654452e+01 1.560000e+01
      endloop
   endfacet
   facet normal -8.333288e-01 5.527776e-01 0.000000e+00
      outer loop
         vertex 1.416128e+00 3.654452e+01 1.560000e+01
         vertex 1.252867e+00 3.629840e+01 1.800000e+01
         vertex 1.416128e+00 3.654452e+01 1.800000e+01
      endloop
   endfacet
   facet normal -8.210706e-01 5.708267e-01 0.000000e+00
      outer loop
         vertex 1.416128e+00 3.654452e+01 1.560000e+01
         vertex 1.416128e+00 3.654452e+01 1.800000e+01
         vertex 1.446784e+00 3.658861e+01 1.800000e+01
      endloop
   endfacet
   facet normal -8.710152e-01 4.912542e-01 -1.351727e-03
      outer loop
         vertex 9.163506e-01 3.571779e+01 1.560000e+01
         vertex 1.071796e+00 3.600000e+01 1.800000e+01
         vertex 1.153748e+00 3.613870e+01 1.560000e+01
      endloop
   endfacet
   facet normal -8.609470e-01 5.086946e-01 0.000000e+00
      outer loop
         vertex 1.153748e+00 3.613870e+01 1.560000e+01
         vertex 1.071796e+00 3.600000e+01 1.800000e+01
         vertex 1.153748e+00 3.613870e+01 1.800000e+01
      endloop
   endfacet
   facet normal -8.496438e-01 5.273569e-01 0.000000e+00
      outer loop
         vertex 1.153748e+00 3.613870e+01 1.560000e+01
         vertex 1.153748e+00 3.613870e+01 1.800000e+01
         vertex 1.252867e+00 3.629840e+01 1.800000e+01
      endloop
   endfacet
   facet normal -9.091223e-01 4.165293e-01 0.000000e+00
      outer loop
         vertex 7.047988e-01 3.528330e+01 1.800000e+01
         vertex 7.495359e-01 3.538095e+01 1.800000e+01
         vertex 7.047988e-01 3.528330e+01 1.560000e+01
      endloop
   endfacet
   facet normal -8.968715e-01 4.422894e-01 -1.276406e-03
      outer loop
         vertex 7.047988e-01 3.528330e+01 1.560000e+01
         vertex 7.495359e-01 3.538095e+01 1.800000e+01
         vertex 9.039119e-01 3.569399e+01 1.800000e+01
      endloop
   endfacet
   facet normal -8.990873e-01 4.377693e-01 -3.191048e-04
      outer loop
         vertex 7.047988e-01 3.528330e+01 1.560000e+01
         vertex 9.039119e-01 3.569399e+01 1.800000e+01
         vertex 9.163506e-01 3.571779e+01 1.560000e+01
      endloop
   endfacet
   facet normal -8.862358e-01 4.632344e-01 0.000000e+00
      outer loop
         vertex 9.163506e-01 3.571779e+01 1.560000e+01
         vertex 9.039119e-01 3.569399e+01 1.800000e+01
         vertex 9.163506e-01 3.571779e+01 1.800000e+01
      endloop
   endfacet
   facet normal -8.759183e-01 4.824595e-01 0.000000e+00
      outer loop
         vertex 9.163506e-01 3.571779e+01 1.560000e+01
         vertex 9.163506e-01 3.571779e+01 1.800000e+01
         vertex 1.071796e+00 3.600000e+01 1.800000e+01
      endloop
   endfacet
   facet normal -9.179951e-01 3.965917e-01 0.000000e+00
      outer loop
         vertex 7.047988e-01 3.528330e+01 1.800000e+01
         vertex 7.047988e-01 3.528330e+01 1.560000e+01
         vertex 6.089620e-01 3.506147e+01 1.800000e+01
      endloop
   endfacet
   facet normal -9.238786e-01 3.826827e-01 -1.520564e-03
      outer loop
         vertex 6.089620e-01 3.506147e+01 1.800000e+01
         vertex 7.047988e-01 3.528330e+01 1.560000e+01
         vertex 5.198680e-01 3.483684e+01 1.560000e+01
      endloop
   endfacet
   facet normal -9.295535e-01 3.686873e-01 0.000000e+00
      outer loop
         vertex 6.089620e-01 3.506147e+01 1.800000e+01
         vertex 5.198680e-01 3.483684e+01 1.560000e+01
         vertex 5.198680e-01 3.483684e+01 1.800000e+01
      endloop
   endfacet
   facet normal -9.373805e-01 3.483071e-01 0.000000e+00
      outer loop
         vertex 5.198680e-01 3.483684e+01 1.800000e+01
         vertex 5.198680e-01 3.483684e+01 1.560000e+01
         vertex 4.824586e-01 3.473616e+01 1.800000e+01
      endloop
   endfacet
   facet normal -9.453001e-01 3.262002e-01 -1.050814e-03
      outer loop
         vertex 4.824586e-01 3.473616e+01 1.800000e+01
         vertex 5.198680e-01 3.483684e+01 1.560000e+01
         vertex 3.622323e-01 3.438002e+01 1.560000e+01
      endloop
   endfacet
   facet normal -9.469303e-01 3.214389e-01 -2.626244e-04
      outer loop
         vertex 4.824586e-01 3.473616e+01 1.800000e+01
         vertex 3.622323e-01 3.438002e+01 1.560000e+01
         vertex 3.702641e-01 3.440565e+01 1.800000e+01
      endloop
   endfacet
   facet normal -9.632704e-01 2.685299e-01 -1.352778e-03
      outer loop
         vertex 2.324656e-01 3.391453e+01 1.560000e+01
         vertex 2.725907e-01 3.407055e+01 1.800000e+01
         vertex 3.622323e-01 3.438002e+01 1.560000e+01
      endloop
   endfacet
   facet normal -9.605164e-01 2.782232e-01 0.000000e+00
      outer loop
         vertex 3.622323e-01 3.438002e+01 1.560000e+01
         vertex 2.725907e-01 3.407055e+01 1.800000e+01
         vertex 3.622323e-01 3.438002e+01 1.800000e+01
      endloop
   endfacet
   facet normal -9.542148e-01 2.991221e-01 0.000000e+00
      outer loop
         vertex 3.622323e-01 3.438002e+01 1.560000e+01
         vertex 3.622323e-01 3.438002e+01 1.800000e+01
         vertex 3.702641e-01 3.440565e+01 1.800000e+01
      endloop
   endfacet
   facet normal -9.777259e-01 2.098809e-01 -1.445539e-03
      outer loop
         vertex 1.310408e-01 3.344204e+01 1.560000e+01
         vertex 1.896322e-01 3.373152e+01 1.800000e+01
         vertex 2.324656e-01 3.391453e+01 1.560000e+01
      endloop
   endfacet
   facet normal -9.736863e-01 2.278925e-01 0.000000e+00
      outer loop
         vertex 2.324656e-01 3.391453e+01 1.560000e+01
         vertex 1.896322e-01 3.373152e+01 1.800000e+01
         vertex 2.324656e-01 3.391453e+01 1.800000e+01
      endloop
   endfacet
   facet normal -9.684872e-01 2.490632e-01 0.000000e+00
      outer loop
         vertex 2.324656e-01 3.391453e+01 1.560000e+01
         vertex 2.324656e-01 3.391453e+01 1.800000e+01
         vertex 2.725907e-01 3.407055e+01 1.800000e+01
      endloop
   endfacet
   facet normal -9.920862e-01 1.255586e-01 0.000000e+00
      outer loop
         vertex 5.832687e-02 3.296429e+01 1.800000e+01
         vertex 6.844103e-02 3.304421e+01 1.800000e+01
         vertex 5.832687e-02 3.296429e+01 1.560000e+01
      endloop
   endfacet
   facet normal -9.883612e-01 1.521225e-01 -9.002299e-04
      outer loop
         vertex 5.832687e-02 3.296429e+01 1.560000e+01
         vertex 6.844103e-02 3.304421e+01 1.800000e+01
         vertex 1.215376e-01 3.338918e+01 1.800000e+01
      endloop
   endfacet
   facet normal -9.886146e-01 1.504689e-01 -6.008050e-04
      outer loop
         vertex 5.832687e-02 3.296429e+01 1.560000e+01
         vertex 1.215376e-01 3.338918e+01 1.800000e+01
         vertex 1.310408e-01 3.344204e+01 1.560000e+01
      endloop
   endfacet
   facet normal -9.842182e-01 1.769591e-01 0.000000e+00
      outer loop
         vertex 1.310408e-01 3.344204e+01 1.560000e+01
         vertex 1.215376e-01 3.338918e+01 1.800000e+01
         vertex 1.310408e-01 3.344204e+01 1.800000e+01
      endloop
   endfacet
   facet normal -9.801248e-01 1.983818e-01 0.000000e+00
      outer loop
         vertex 1.310408e-01 3.344204e+01 1.560000e+01
         vertex 1.310408e-01 3.344204e+01 1.800000e+01
         vertex 1.896322e-01 3.373152e+01 1.800000e+01
      endloop
   endfacet
   facet normal -9.945915e-01 1.038643e-01 0.000000e+00
      outer loop
         vertex 5.832687e-02 3.296429e+01 1.800000e+01
         vertex 5.832687e-02 3.296429e+01 1.560000e+01
         vertex 3.043935e-02 3.269725e+01 1.800000e+01
      endloop
   endfacet
   facet normal -9.958959e-01 9.049411e-02 -1.502853e-03
      outer loop
         vertex 3.043935e-02 3.269725e+01 1.800000e+01
         vertex 5.832687e-02 3.296429e+01 1.560000e+01
         vertex 1.459569e-02 3.248303e+01 1.560000e+01
      endloop
   endfacet
   facet normal -9.972761e-01 7.375893e-02 0.000000e+00
      outer loop
         vertex 3.043935e-02 3.269725e+01 1.800000e+01
         vertex 1.459569e-02 3.248303e+01 1.560000e+01
         vertex 1.459569e-02 3.248303e+01 1.800000e+01
      endloop
   endfacet
   facet normal -9.986471e-01 5.199993e-02 0.000000e+00
      outer loop
         vertex 1.459569e-02 3.248303e+01 1.800000e+01
         vertex 1.459569e-02 3.248303e+01 1.560000e+01
         vertex 7.614493e-03 3.234896e+01 1.800000e+01
      endloop
   endfacet
   facet normal -9.995430e-01 3.020328e-02 -1.220242e-03
      outer loop
         vertex 7.614493e-03 3.234896e+01 1.800000e+01
         vertex 1.459569e-02 3.248303e+01 1.560000e+01
         vertex 0.000000e+00 3.200000e+01 1.560000e+01
      endloop
   endfacet
   facet normal -9.997620e-01 2.181563e-02 0.000000e+00
      outer loop
         vertex 7.614493e-03 3.234896e+01 1.800000e+01
         vertex 0.000000e+00 3.200000e+01 1.560000e+01
         vertex 0.000000e+00 3.200000e+01 1.800000e+01
      endloop
   endfacet
   facet normal -9.997620e-01 -2.181563e-02 -0.000000e+00
      outer loop
         vertex 0.000000e+00 7.999999e+00 1.800000e+01
         vertex 0.000000e+00 7.999999e+00 1.560000e+01
         vertex 7.614493e-03 7.651044e+00 1.800000e+01
      endloop
   endfacet
   facet normal -9.995430e-01 -3.020328e-02 -1.220242e-03
      outer loop
         vertex 7.614493e-03 7.651044e+00 1.800000e+01
         vertex 0.000000e+00 7.999999e+00 1.560000e+01
         vertex 1.459569e-02 7.516972e+00 1.560000e+01
      endloop
   endfacet
   facet normal -9.986471e-01 -5.199993e-02 0.000000e+00
      outer loop
         vertex 7.614493e-03 7.651044e+00 1.800000e+01
         vertex 1.459569e-02 7.516972e+00 1.560000e+01
         vertex 1.459569e-02 7.516972e+00 1.800000e+01
      endloop
   endfacet
   facet normal -9.972761e-01 -7.375893e-02 -0.000000e+00
      outer loop
         vertex 1.459569e-02 7.516972e+00 1.800000e+01
         vertex 1.459569e-02 7.516972e+00 1.560000e+01
         vertex 3.043935e-02 7.302754e+00 1.800000e+01
      endloop
   endfacet
   facet normal -9.958959e-01 -9.049411e-02 -1.502853e-03
      outer loop
         vertex 3.043935e-02 7.302754e+00 1.800000e+01
         vertex 1.459569e-02 7.516972e+00 1.560000e+01
         vertex 5.832687e-02 7.035706e+00 1.560000e+01
      endloop
   endfacet
   facet normal -9.945915e-01 -1.038643e-01 0.000000e+00
      outer loop
         vertex 3.043935e-02 7.302754e+00 1.800000e+01
         vertex 5.832687e-02 7.035706e+00 1.560000e+01
         vertex 5.832687e-02 7.035706e+00 1.800000e+01
      endloop
   endfacet
   facet normal -9.920862e-01 -1.255586e-01 -0.000000e+00
      outer loop
         vertex 5.832687e-02 7.035706e+00 1.800000e+01
         vertex 5.832687e-02 7.035706e+00 1.560000e+01
         vertex 6.844103e-02 6.955790e+00 1.800000e+01
      endloop
   endfacet
   facet normal -9.886144e-01 -1.504688e-01 -8.440997e-04
      outer loop
         vertex 6.844103e-02 6.955790e+00 1.800000e+01
         vertex 5.832687e-02 7.035706e+00 1.560000e+01
         vertex 1.310408e-01 6.557959e+00 1.560000e+01
      endloop
   endfacet
   facet normal -9.883615e-01 -1.521225e-01 -5.633844e-04
      outer loop
         vertex 6.844103e-02 6.955790e+00 1.800000e+01
         vertex 1.310408e-01 6.557959e+00 1.560000e+01
         vertex 1.215376e-01 6.610814e+00 1.800000e+01
      endloop
   endfacet
   facet normal -9.777259e-01 -2.098809e-01 -1.445539e-03
      outer loop
         vertex 2.324656e-01 6.085474e+00 1.560000e+01
         vertex 1.896322e-01 6.268483e+00 1.800000e+01
         vertex 1.310408e-01 6.557959e+00 1.560000e+01
      endloop
   endfacet
   facet normal -9.801248e-01 -1.983818e-01 0.000000e+00
      outer loop
         vertex 1.310408e-01 6.557959e+00 1.560000e+01
         vertex 1.896322e-01 6.268483e+00 1.800000e+01
         vertex 1.310408e-01 6.557959e+00 1.800000e+01
      endloop
   endfacet
   facet normal -9.842182e-01 -1.769591e-01 0.000000e+00
      outer loop
         vertex 1.310408e-01 6.557959e+00 1.560000e+01
         vertex 1.310408e-01 6.557959e+00 1.800000e+01
         vertex 1.215376e-01 6.610814e+00 1.800000e+01
      endloop
   endfacet
   facet normal -9.632704e-01 -2.685299e-01 -1.352778e-03
      outer loop
         vertex 3.622323e-01 5.619975e+00 1.560000e+01
         vertex 2.725907e-01 5.929447e+00 1.800000e+01
         vertex 2.324656e-01 6.085474e+00 1.560000e+01
      endloop
   endfacet
   facet normal -9.684872e-01 -2.490632e-01 0.000000e+00
      outer loop
         vertex 2.324656e-01 6.085474e+00 1.560000e+01
         vertex 2.725907e-01 5.929447e+00 1.800000e+01
         vertex 2.324656e-01 6.085474e+00 1.800000e+01
      endloop
   endfacet
   facet normal -9.736863e-01 -2.278925e-01 0.000000e+00
      outer loop
         vertex 2.324656e-01 6.085474e+00 1.560000e+01
         vertex 2.324656e-01 6.085474e+00 1.800000e+01
         vertex 1.896322e-01 6.268483e+00 1.800000e+01
      endloop
   endfacet
   facet normal -9.373805e-01 -3.483071e-01 -0.000000e+00
      outer loop
         vertex 5.198680e-01 5.163160e+00 1.800000e+01
         vertex 4.824586e-01 5.263838e+00 1.800000e+01
         vertex 5.198680e-01 5.163160e+00 1.560000e+01
      endloop
   endfacet
   facet normal -9.469296e-01 -3.214386e-01 -1.275954e-03
      outer loop
         vertex 5.198680e-01 5.163160e+00 1.560000e+01
         vertex 4.824586e-01 5.263838e+00 1.800000e+01
         vertex 3.702641e-01 5.594353e+00 1.800000e+01
      endloop
   endfacet
   facet normal -9.453006e-01 -3.262003e-01 -3.189098e-04
      outer loop
         vertex 5.198680e-01 5.163160e+00 1.560000e+01
         vertex 3.702641e-01 5.594353e+00 1.800000e+01
         vertex 3.622323e-01 5.619975e+00 1.560000e+01
      endloop
   endfacet
   facet normal -9.542148e-01 -2.991221e-01 0.000000e+00
      outer loop
         vertex 3.622323e-01 5.619975e+00 1.560000e+01
         vertex 3.702641e-01 5.594353e+00 1.800000e+01
         vertex 3.622323e-01 5.619975e+00 1.800000e+01
      endloop
   endfacet
   facet normal -9.605164e-01 -2.782232e-01 0.000000e+00
      outer loop
         vertex 3.622323e-01 5.619975e+00 1.560000e+01
         vertex 3.622323e-01 5.619975e+00 1.800000e+01
         vertex 2.725907e-01 5.929447e+00 1.800000e+01
      endloop
   endfacet
   facet normal -9.295535e-01 -3.686873e-01 -0.000000e+00
      outer loop
         vertex 5.198680e-01 5.163160e+00 1.800000e+01
         vertex 5.198680e-01 5.163160e+00 1.560000e+01
         vertex 6.089620e-01 4.938532e+00 1.800000e+01
      endloop
   endfacet
   facet normal -9.238786e-01 -3.826827e-01 -1.520564e-03
      outer loop
         vertex 6.089620e-01 4.938532e+00 1.800000e+01
         vertex 5.198680e-01 5.163160e+00 1.560000e+01
         vertex 7.047988e-01 4.716697e+00 1.560000e+01
      endloop
   endfacet
   facet normal -9.179951e-01 -3.965917e-01 0.000000e+00
      outer loop
         vertex 6.089620e-01 4.938532e+00 1.800000e+01
         vertex 7.047988e-01 4.716697e+00 1.560000e+01
         vertex 7.047988e-01 4.716697e+00 1.800000e+01
      endloop
   endfacet
   facet normal -9.091223e-01 -4.165293e-01 -0.000000e+00
      outer loop
         vertex 7.047988e-01 4.716697e+00 1.800000e+01
         vertex 7.047988e-01 4.716697e+00 1.560000e+01
         vertex 7.495359e-01 4.619054e+00 1.800000e+01
      endloop
   endfacet
   facet normal -8.990868e-01 -4.377691e-01 -1.051204e-03
      outer loop
         vertex 7.495359e-01 4.619054e+00 1.800000e+01
         vertex 7.047988e-01 4.716697e+00 1.560000e+01
         vertex 9.163506e-01 4.282214e+00 1.560000e+01
      endloop
   endfacet
   facet normal -8.968722e-01 -4.422898e-01 -2.628024e-04
      outer loop
         vertex 7.495359e-01 4.619054e+00 1.800000e+01
         vertex 9.163506e-01 4.282214e+00 1.560000e+01
         vertex 9.039119e-01 4.306011e+00 1.800000e+01
      endloop
   endfacet
   facet normal -8.710152e-01 -4.912542e-01 -1.351727e-03
      outer loop
         vertex 1.153748e+00 3.861297e+00 1.560000e+01
         vertex 1.071796e+00 3.999999e+00 1.800000e+01
         vertex 9.163506e-01 4.282214e+00 1.560000e+01
      endloop
   endfacet
   facet normal -8.759183e-01 -4.824595e-01 0.000000e+00
      outer loop
         vertex 9.163506e-01 4.282214e+00 1.560000e+01
         vertex 1.071796e+00 3.999999e+00 1.800000e+01
         vertex 9.163506e-01 4.282214e+00 1.800000e+01
      endloop
   endfacet
   facet normal -8.862358e-01 -4.632344e-01 0.000000e+00
      outer loop
         vertex 9.163506e-01 4.282214e+00 1.560000e+01
         vertex 9.163506e-01 4.282214e+00 1.800000e+01
         vertex 9.039119e-01 4.306011e+00 1.800000e+01
      endloop
   endfacet
   facet normal -8.397638e-01 -5.429499e-01 -1.445580e-03
      outer loop
         vertex 1.416128e+00 3.455482e+00 1.560000e+01
         vertex 1.252867e+00 3.701603e+00 1.800000e+01
         vertex 1.153748e+00 3.861297e+00 1.560000e+01
      endloop
   endfacet
   facet normal -8.496438e-01 -5.273569e-01 0.000000e+00
      outer loop
         vertex 1.153748e+00 3.861297e+00 1.560000e+01
         vertex 1.252867e+00 3.701603e+00 1.800000e+01
         vertex 1.153748e+00 3.861297e+00 1.800000e+01
      endloop
   endfacet
   facet normal -8.609470e-01 -5.086946e-01 0.000000e+00
      outer loop
         vertex 1.153748e+00 3.861297e+00 1.560000e+01
         vertex 1.153748e+00 3.861297e+00 1.800000e+01
         vertex 1.071796e+00 3.999999e+00 1.800000e+01
      endloop
   endfacet
   facet normal -7.902714e-01 -6.127569e-01 -0.000000e+00
      outer loop
         vertex 1.702532e+00 3.066249e+00 1.800000e+01
         vertex 1.653172e+00 3.129909e+00 1.800000e+01
         vertex 1.702532e+00 3.066249e+00 1.560000e+01
      endloop
   endfacet
   facet normal -8.064450e-01 -5.913084e-01 -9.015572e-04
      outer loop
         vertex 1.702532e+00 3.066249e+00 1.560000e+01
         vertex 1.653172e+00 3.129909e+00 1.800000e+01
         vertex 1.446784e+00 3.411388e+00 1.800000e+01
      endloop
   endfacet
   facet normal -8.054502e-01 -5.926632e-01 -6.007149e-04
      outer loop
         vertex 1.702532e+00 3.066249e+00 1.560000e+01
         vertex 1.446784e+00 3.411388e+00 1.800000e+01
         vertex 1.416128e+00 3.455482e+00 1.560000e+01
      endloop
   endfacet
   facet normal -8.210706e-01 -5.708267e-01 0.000000e+00
      outer loop
         vertex 1.416128e+00 3.455482e+00 1.560000e+01
         vertex 1.446784e+00 3.411388e+00 1.800000e+01
         vertex 1.416128e+00 3.455482e+00 1.800000e+01
      endloop
   endfacet
   facet normal -8.333288e-01 -5.527776e-01 0.000000e+00
      outer loop
         vertex 1.416128e+00 3.455482e+00 1.560000e+01
         vertex 1.416128e+00 3.455482e+00 1.800000e+01
         vertex 1.252867e+00 3.701603e+00 1.800000e+01
      endloop
   endfacet
   facet normal -7.767301e-01 -6.298336e-01 -0.000000e+00
      outer loop
         vertex 1.702532e+00 3.066249e+00 1.800000e+01
         vertex 1.702532e+00 3.066249e+00 1.560000e+01
         vertex 1.871642e+00 2.857698e+00 1.800000e+01
      endloop
   endfacet
   facet normal -7.681973e-01 -6.402114e-01 -1.503020e-03
      outer loop
         vertex 1.871642e+00 2.857698e+00 1.800000e+01
         vertex 1.702532e+00 3.066249e+00 1.560000e+01
         vertex 2.011914e+00 2.695018e+00 1.560000e+01
      endloop
   endfacet
   facet normal -7.573387e-01 -6.530223e-01 0.000000e+00
      outer loop
         vertex 1.871642e+00 2.857698e+00 1.800000e+01
         vertex 2.011914e+00 2.695018e+00 1.560000e+01
         vertex 2.011914e+00 2.695018e+00 1.800000e+01
      endloop
   endfacet
   facet normal -7.429298e-01 -6.693694e-01 -0.000000e+00
      outer loop
         vertex 2.011914e+00 2.695018e+00 1.800000e+01
         vertex 2.011914e+00 2.695018e+00 1.560000e+01
         vertex 2.101779e+00 2.595278e+00 1.800000e+01
      endloop
   endfacet
   facet normal -7.281411e-01 -6.854262e-01 -1.221049e-03
      outer loop
         vertex 2.101779e+00 2.595278e+00 1.800000e+01
         vertex 2.011914e+00 2.695018e+00 1.560000e+01
         vertex 2.343144e+00 2.343146e+00 1.560000e+01
      endloop
   endfacet
   facet normal -7.223611e-01 -6.915160e-01 0.000000e+00
      outer loop
         vertex 2.101779e+00 2.595278e+00 1.800000e+01
         vertex 2.343144e+00 2.343146e+00 1.560000e+01
         vertex 2.343144e+00 2.343146e+00 1.800000e+01
      endloop
   endfacet
   facet normal -6.915160e-01 -7.223611e-01 -0.000000e+00
      outer loop
         vertex 2.343144e+00 2.343146e+00 1.800000e+01
         vertex 2.343144e+00 2.343146e+00 1.560000e+01
         vertex 2.595276e+00 2.101781e+00 1.800000e+01
      endloop
   endfacet
   facet normal -6.854283e-01 -7.281391e-01 -1.220641e-03
      outer loop
         vertex 2.595276e+00 2.101781e+00 1.800000e+01
         vertex 2.343144e+00 2.343146e+00 1.560000e+01
         vertex 2.695017e+00 2.011914e+00 1.560000e+01
      endloop
   endfacet
   facet normal -6.693770e-01 -7.429229e-01 0.000000e+00
      outer loop
         vertex 2.595276e+00 2.101781e+00 1.800000e+01
         vertex 2.695017e+00 2.011914e+00 1.560000e+01
         vertex 2.695017e+00 2.011914e+00 1.800000e+01
      endloop
   endfacet
   facet normal -6.530173e-01 -7.573430e-01 -0.000000e+00
      outer loop
         vertex 2.695017e+00 2.011914e+00 1.800000e+01
         vertex 2.695017e+00 2.011914e+00 1.560000e+01
         vertex 2.857696e+00 1.871644e+00 1.800000e+01
      endloop
   endfacet
   facet normal -6.402095e-01 -7.681989e-01 -1.502644e-03
      outer loop
         vertex 2.857696e+00 1.871644e+00 1.800000e+01
         vertex 2.695017e+00 2.011914e+00 1.560000e+01
         vertex 3.066249e+00 1.702532e+00 1.560000e+01
      endloop
   endfacet
   facet normal -6.298344e-01 -7.767294e-01 0.000000e+00
      outer loop
         vertex 2.857696e+00 1.871644e+00 1.800000e+01
         vertex 3.066249e+00 1.702532e+00 1.560000e+01
         vertex 3.066249e+00 1.702532e+00 1.800000e+01
      endloop
   endfacet
   facet normal -6.127681e-01 -7.902628e-01 -0.000000e+00
      outer loop
         vertex 3.066249e+00 1.702532e+00 1.800000e+01
         vertex 3.066249e+00 1.702532e+00 1.560000e+01
         vertex 3.129907e+00 1.653172e+00 1.800000e+01
      endloop
   endfacet
   facet normal -5.926630e-01 -8.054501e-01 -8.456207e-04
      outer loop
         vertex 3.129907e+00 1.653172e+00 1.800000e+01
         vertex 3.066249e+00 1.702532e+00 1.560000e+01
         vertex 3.455482e+00 1.416128e+00 1.560000e+01
      endloop
   endfacet
   facet normal -5.913085e-01 -8.064452e-01 -5.635756e-04
      outer loop
         vertex 3.129907e+00 1.653172e+00 1.800000e+01
         vertex 3.455482e+00 1.416128e+00 1.560000e+01
         vertex 3.411386e+00 1.446784e+00 1.800000e+01
      endloop
   endfacet
   facet normal -5.429499e-01 -8.397638e-01 -1.446002e-03
      outer loop
         vertex 3.861297e+00 1.153748e+00 1.560000e+01
         vertex 3.701601e+00 1.252867e+00 1.800000e+01
         vertex 3.455482e+00 1.416128e+00 1.560000e+01
      endloop
   endfacet
   facet normal -5.527805e-01 -8.333269e-01 0.000000e+00
      outer loop
         vertex 3.455482e+00 1.416128e+00 1.560000e+01
         vertex 3.701601e+00 1.252867e+00 1.800000e+01
         vertex 3.455482e+00 1.416128e+00 1.800000e+01
      endloop
   endfacet
   facet normal -5.708104e-01 -8.210819e-01 0.000000e+00
      outer loop
         vertex 3.455482e+00 1.416128e+00 1.560000e+01
         vertex 3.455482e+00 1.416128e+00 1.800000e+01
         vertex 3.411386e+00 1.446784e+00 1.800000e+01
      endloop
   endfacet
   facet normal -4.912542e-01 -8.710152e-01 -1.352108e-03
      outer loop
         vertex 4.282214e+00 9.163506e-01 1.560000e+01
         vertex 3.999997e+00 1.071796e+00 1.800000e+01
         vertex 3.861297e+00 1.153748e+00 1.560000e+01
      endloop
   endfacet
   facet normal -5.086997e-01 -8.609440e-01 0.000000e+00
      outer loop
         vertex 3.861297e+00 1.153748e+00 1.560000e+01
         vertex 3.999997e+00 1.071796e+00 1.800000e+01
         vertex 3.861297e+00 1.153748e+00 1.800000e+01
      endloop
   endfacet
   facet normal -5.273525e-01 -8.496466e-01 0.000000e+00
      outer loop
         vertex 3.861297e+00 1.153748e+00 1.560000e+01
         vertex 3.861297e+00 1.153748e+00 1.800000e+01
         vertex 3.701601e+00 1.252867e+00 1.800000e+01
      endloop
   endfacet
   facet normal -4.165293e-01 -9.091223e-01 -0.000000e+00
      outer loop
         vertex 4.716694e+00 7.048007e-01 1.800000e+01
         vertex 4.619051e+00 7.495377e-01 1.800000e+01
         vertex 4.716694e+00 7.048007e-01 1.560000e+01
      endloop
   endfacet
   facet normal -4.422926e-01 -8.968699e-01 -1.276564e-03
      outer loop
         vertex 4.716694e+00 7.048007e-01 1.560000e+01
         vertex 4.619051e+00 7.495377e-01 1.800000e+01
         vertex 4.306011e+00 9.039138e-01 1.800000e+01
      endloop
   endfacet
   facet normal -4.377685e-01 -8.990877e-01 -3.184175e-04
      outer loop
         vertex 4.716694e+00 7.048007e-01 1.560000e+01
         vertex 4.306011e+00 9.039138e-01 1.800000e+01
         vertex 4.282214e+00 9.163506e-01 1.560000e+01
      endloop
   endfacet
   facet normal -4.631799e-01 -8.862643e-01 0.000000e+00
      outer loop
         vertex 4.282214e+00 9.163506e-01 1.560000e+01
         vertex 4.306011e+00 9.039138e-01 1.800000e+01
         vertex 4.282214e+00 9.163506e-01 1.800000e+01
      endloop
   endfacet
   facet normal -4.824570e-01 -8.759196e-01 0.000000e+00
      outer loop
         vertex 4.282214e+00 9.163506e-01 1.560000e+01
         vertex 4.282214e+00 9.163506e-01 1.800000e+01
         vertex 3.999997e+00 1.071796e+00 1.800000e+01
      endloop
   endfacet
   facet normal -3.965875e-01 -9.179969e-01 -0.000000e+00
      outer loop
         vertex 4.716694e+00 7.048007e-01 1.800000e+01
         vertex 4.716694e+00 7.048007e-01 1.560000e+01
         vertex 4.938532e+00 6.089639e-01 1.800000e+01
      endloop
   endfacet
   facet normal -3.826813e-01 -9.238792e-01 -1.520267e-03
      outer loop
         vertex 4.938532e+00 6.089639e-01 1.800000e+01
         vertex 4.716694e+00 7.048007e-01 1.560000e+01
         vertex 5.163159e+00 5.198698e-01 1.560000e+01
      endloop
   endfacet
   facet normal -3.686887e-01 -9.295529e-01 0.000000e+00
      outer loop
         vertex 4.938532e+00 6.089639e-01 1.800000e+01
         vertex 5.163159e+00 5.198698e-01 1.560000e+01
         vertex 5.163159e+00 5.198698e-01 1.800000e+01
      endloop
   endfacet
   facet normal -3.483167e-01 -9.373769e-01 -0.000000e+00
      outer loop
         vertex 5.163159e+00 5.198698e-01 1.800000e+01
         vertex 5.163159e+00 5.198698e-01 1.560000e+01
         vertex 5.263839e+00 4.824586e-01 1.800000e+01
      endloop
   endfacet
   facet normal -3.262042e-01 -9.452987e-01 -1.051103e-03
      outer loop
         vertex 5.263839e+00 4.824586e-01 1.800000e+01
         vertex 5.163159e+00 5.198698e-01 1.560000e+01
         vertex 5.619973e+00 3.622323e-01 1.560000e+01
      endloop
   endfacet
   facet normal -3.214389e-01 -9.469303e-01 -2.622502e-04
      outer loop
         vertex 5.263839e+00 4.824586e-01 1.800000e+01
         vertex 5.619973e+00 3.622323e-01 1.560000e+01
         vertex 5.594354e+00 3.702641e-01 1.800000e+01
      endloop
   endfacet
   facet normal -2.685289e-01 -9.632707e-01 -1.351857e-03
      outer loop
         vertex 6.085474e+00 2.324656e-01 1.560000e+01
         vertex 5.929448e+00 2.725925e-01 1.800000e+01
         vertex 5.619973e+00 3.622323e-01 1.560000e+01
      endloop
   endfacet
   facet normal -2.782156e-01 -9.605187e-01 0.000000e+00
      outer loop
         vertex 5.619973e+00 3.622323e-01 1.560000e+01
         vertex 5.929448e+00 2.725925e-01 1.800000e+01
         vertex 5.619973e+00 3.622323e-01 1.800000e+01
      endloop
   endfacet
   facet normal -2.991518e-01 -9.542055e-01 0.000000e+00
      outer loop
         vertex 5.619973e+00 3.622323e-01 1.560000e+01
         vertex 5.619973e+00 3.622323e-01 1.800000e+01
         vertex 5.594354e+00 3.702641e-01 1.800000e+01
      endloop
   endfacet
   facet normal -2.098805e-01 -9.777260e-01 -1.445571e-03
      outer loop
         vertex 6.557960e+00 1.310408e-01 1.560000e+01
         vertex 6.268483e+00 1.896322e-01 1.800000e+01
         vertex 6.085474e+00 2.324656e-01 1.560000e+01
      endloop
   endfacet
   facet normal -2.278925e-01 -9.736863e-01 0.000000e+00
      outer loop
         vertex 6.085474e+00 2.324656e-01 1.560000e+01
         vertex 6.268483e+00 1.896322e-01 1.800000e+01
         vertex 6.085474e+00 2.324656e-01 1.800000e+01
      endloop
   endfacet
   facet normal -2.490754e-01 -9.684841e-01 0.000000e+00
      outer loop
         vertex 6.085474e+00 2.324656e-01 1.560000e+01
         vertex 6.085474e+00 2.324656e-01 1.800000e+01
         vertex 5.929448e+00 2.725925e-01 1.800000e+01
      endloop
   endfacet
   facet normal -1.255315e-01 -9.920896e-01 -0.000000e+00
      outer loop
         vertex 7.035706e+00 5.832873e-02 1.800000e+01
         vertex 6.955788e+00 6.844103e-02 1.800000e+01
         vertex 7.035706e+00 5.832873e-02 1.560000e+01
      endloop
   endfacet
   facet normal -1.521237e-01 -9.883611e-01 -9.012149e-04
      outer loop
         vertex 7.035706e+00 5.832873e-02 1.560000e+01
         vertex 6.955788e+00 6.844103e-02 1.800000e+01
         vertex 6.610814e+00 1.215376e-01 1.800000e+01
      endloop
   endfacet
   facet normal -1.504654e-01 -9.886151e-01 -6.009421e-04
      outer loop
         vertex 7.035706e+00 5.832873e-02 1.560000e+01
         vertex 6.610814e+00 1.215376e-01 1.800000e+01
         vertex 6.557960e+00 1.310408e-01 1.560000e+01
      endloop
   endfacet
   facet normal -1.769622e-01 -9.842177e-01 0.000000e+00
      outer loop
         vertex 6.557960e+00 1.310408e-01 1.560000e+01
         vertex 6.610814e+00 1.215376e-01 1.800000e+01
         vertex 6.557960e+00 1.310408e-01 1.800000e+01
      endloop
   endfacet
   facet normal -1.983811e-01 -9.801250e-01 0.000000e+00
      outer loop
         vertex 6.557960e+00 1.310408e-01 1.560000e+01
         vertex 6.557960e+00 1.310408e-01 1.800000e+01
         vertex 6.268483e+00 1.896322e-01 1.800000e+01
      endloop
   endfacet
   facet normal -1.038643e-01 -9.945915e-01 -0.000000e+00
      outer loop
         vertex 7.035706e+00 5.832873e-02 1.800000e+01
         vertex 7.035706e+00 5.832873e-02 1.560000e+01
         vertex 7.302754e+00 3.044121e-02 1.800000e+01
      endloop
   endfacet
   facet normal -9.049846e-02 -9.958955e-01 -1.502365e-03
      outer loop
         vertex 7.302754e+00 3.044121e-02 1.800000e+01
         vertex 7.035706e+00 5.832873e-02 1.560000e+01
         vertex 7.516969e+00 1.459569e-02 1.560000e+01
      endloop
   endfacet
   facet normal -7.376851e-02 -9.972754e-01 0.000000e+00
      outer loop
         vertex 7.302754e+00 3.044121e-02 1.800000e+01
         vertex 7.516969e+00 1.459569e-02 1.560000e+01
         vertex 7.516969e+00 1.459569e-02 1.800000e+01
      endloop
   endfacet
   facet normal -5.199957e-02 -9.986471e-01 -0.000000e+00
      outer loop
         vertex 7.516969e+00 1.459569e-02 1.800000e+01
         vertex 7.516969e+00 1.459569e-02 1.560000e+01
         vertex 7.651042e+00 7.614493e-03 1.800000e+01
      endloop
   endfacet
   facet normal -3.020322e-02 -9.995430e-01 -1.220234e-03
      outer loop
         vertex 7.651042e+00 7.614493e-03 1.800000e+01
         vertex 7.516969e+00 1.459569e-02 1.560000e+01
         vertex 7.999998e+00 0.000000e+00 1.560000e+01
      endloop
   endfacet
   facet normal -2.181563e-02 -9.997620e-01 0.000000e+00
      outer loop
         vertex 7.651042e+00 7.614493e-03 1.800000e+01
         vertex 7.999998e+00 0.000000e+00 1.560000e+01
         vertex 7.999998e+00 0.000000e+00 1.800000e+01
      endloop
   endfacet
   facet normal 0.000000e+00 -1.000000e+00 0.000000e+00
      outer loop
         vertex 7.999998e+00 0.000000e+00 1.560000e+01
         vertex 6.480000e+01 0.000000e+00 1.560000e+01
         vertex 7.999998e+00 0.000000e+00 1.800000e+01
      endloop
   endfacet
   facet normal 0.000000e+00 -1.000000e+00 0.000000e+00
      outer loop
         vertex 7.999998e+00 0.000000e+00 1.800000e+01
         vertex 6.480000e+01 0.000000e+00 1.560000e+01
         vertex 6.480000e+01 0.000000e+00 1.800000e+01
      endloop
   endfacet
   facet normal 6.346919e-05 -9.836202e-01 1.802535e-01
      outer loop
         vertex 6.480000e+01 5.811639e-02 1.847863e+01
         vertex 7.999998e+00 3.038347e-02 1.834730e+01
         vertex 6.480000e+01 1.458265e-02 1.824107e+01
      endloop
   endfacet
   facet normal 0.000000e+00 -9.891168e-01 1.471326e-01
      outer loop
         vertex 6.480000e+01 1.458265e-02 1.824107e+01
         vertex 7.999998e+00 3.038347e-02 1.834730e+01
         vertex 7.999998e+00 1.458265e-02 1.824107e+01
      endloop
   endfacet
   facet normal 0.000000e+00 -9.981754e-01 6.038026e-02
      outer loop
         vertex 6.480000e+01 1.458265e-02 1.824107e+01
         vertex 7.999998e+00 1.458265e-02 1.824107e+01
         vertex 6.480000e+01 0.000000e+00 1.800000e+01
      endloop
   endfacet
   facet normal 1.854768e-04 -9.945915e-01 1.038643e-01
      outer loop
         vertex 6.480000e+01 0.000000e+00 1.800000e+01
         vertex 7.999998e+00 1.458265e-02 1.824107e+01
         vertex 7.999998e+00 7.610768e-03 1.817431e+01
      endloop
   endfacet
   facet normal 0.000000e+00 -9.990482e-01 4.362045e-02
      outer loop
         vertex 6.480000e+01 0.000000e+00 1.800000e+01
         vertex 7.999998e+00 7.610768e-03 1.817431e+01
         vertex 7.999998e+00 0.000000e+00 1.800000e+01
      endloop
   endfacet
   facet normal 0.000000e+00 -9.547205e-01 2.975042e-01
      outer loop
         vertex 6.480000e+01 1.299679e-01 1.870921e+01
         vertex 7.999998e+00 1.299679e-01 1.870921e+01
         vertex 6.480000e+01 5.811639e-02 1.847863e+01
      endloop
   endfacet
   facet normal 2.284191e-04 -9.373599e-01 3.483624e-01
      outer loop
         vertex 6.480000e+01 5.811639e-02 1.847863e+01
         vertex 7.999998e+00 1.299679e-01 1.870921e+01
         vertex 7.999998e+00 1.206137e-01 1.868404e+01
      endloop
   endfacet
   facet normal 3.805172e-05 -9.537191e-01 3.006991e-01
      outer loop
         vertex 6.480000e+01 5.811639e-02 1.847863e+01
         vertex 7.999998e+00 1.206137e-01 1.868404e+01
         vertex 7.999998e+00 6.814860e-02 1.851764e+01
      endloop
   endfacet
   facet normal 3.902684e-06 -9.670957e-01 2.544129e-01
      outer loop
         vertex 7.999998e+00 6.814860e-02 1.851764e+01
         vertex 7.999998e+00 6.350875e-02 1.850000e+01
         vertex 6.480000e+01 5.811639e-02 1.847863e+01
      endloop
   endfacet
   facet normal 0.000000e+00 -9.696057e-01 2.446728e-01
      outer loop
         vertex 6.480000e+01 5.811639e-02 1.847863e+01
         vertex 7.999998e+00 6.350875e-02 1.850000e+01
         vertex 7.999998e+00 5.811639e-02 1.847863e+01
      endloop
   endfacet
   facet normal 0.000000e+00 -9.784243e-01 2.066056e-01
      outer loop
         vertex 6.480000e+01 5.811639e-02 1.847863e+01
         vertex 7.999998e+00 5.811639e-02 1.847863e+01
         vertex 7.999998e+00 3.038347e-02 1.834730e+01
      endloop
   endfacet
   facet normal 5.708414e-05 -8.557808e-01 5.173386e-01
      outer loop
         vertex 6.480000e+01 3.540311e-01 1.913613e+01
         vertex 7.999998e+00 2.679490e-01 1.900000e+01
         vertex 6.480000e+01 2.290867e-01 1.892945e+01
      endloop
   endfacet
   facet normal 0.000000e+00 -8.759121e-01 4.824708e-01
      outer loop
         vertex 6.480000e+01 2.290867e-01 1.892945e+01
         vertex 7.999998e+00 2.679490e-01 1.900000e+01
         vertex 7.999998e+00 2.290867e-01 1.892945e+01
      endloop
   endfacet
   facet normal 0.000000e+00 -9.119022e-01 4.104075e-01
      outer loop
         vertex 6.480000e+01 2.290867e-01 1.892945e+01
         vertex 7.999998e+00 2.290867e-01 1.892945e+01
         vertex 6.480000e+01 1.299679e-01 1.870921e+01
      endloop
   endfacet
   facet normal 1.569363e-04 -8.961332e-01 4.437851e-01
      outer loop
         vertex 6.480000e+01 1.299679e-01 1.870921e+01
         vertex 7.999998e+00 2.290867e-01 1.892945e+01
         vertex 7.999998e+00 1.873840e-01 1.884524e+01
      endloop
   endfacet
   facet normal 0.000000e+00 -9.212914e-01 3.888729e-01
      outer loop
         vertex 6.480000e+01 1.299679e-01 1.870921e+01
         vertex 7.999998e+00 1.873840e-01 1.884524e+01
         vertex 7.999998e+00 1.299679e-01 1.870921e+01
      endloop
   endfacet
   facet normal 0.000000e+00 -7.871841e-01 6.167181e-01
      outer loop
         vertex 6.480000e+01 5.029775e-01 1.932625e+01
         vertex 7.999998e+00 5.029775e-01 1.932625e+01
         vertex 6.480000e+01 3.540311e-01 1.913613e+01
      endloop
   endfacet
   facet normal 1.996186e-04 -7.573632e-01 6.529938e-01
      outer loop
         vertex 6.480000e+01 3.540311e-01 1.913613e+01
         vertex 7.999998e+00 5.029775e-01 1.932625e+01
         vertex 7.999998e+00 4.679114e-01 1.928557e+01
      endloop
   endfacet
   facet normal 1.109503e-05 -7.933509e-01 6.087646e-01
      outer loop
         vertex 7.999998e+00 4.679114e-01 1.928557e+01
         vertex 7.999998e+00 3.616959e-01 1.914715e+01
         vertex 6.480000e+01 3.540311e-01 1.913613e+01
      endloop
   endfacet
   facet normal 0.000000e+00 -8.210494e-01 5.708572e-01
      outer loop
         vertex 6.480000e+01 3.540311e-01 1.913613e+01
         vertex 7.999998e+00 3.616959e-01 1.914715e+01
         vertex 7.999998e+00 3.540311e-01 1.913613e+01
      endloop
   endfacet
   facet normal 0.000000e+00 -8.451928e-01 5.344615e-01
      outer loop
         vertex 6.480000e+01 3.540311e-01 1.913613e+01
         vertex 7.999998e+00 3.540311e-01 1.913613e+01
         vertex 7.999998e+00 2.679490e-01 1.900000e+01
      endloop
   endfacet
   facet normal 0.000000e+00 -6.167181e-01 7.871841e-01
      outer loop
         vertex 6.480000e+01 8.638706e-01 1.964597e+01
         vertex 7.999998e+00 8.638706e-01 1.964597e+01
         vertex 6.480000e+01 6.737541e-01 1.949702e+01
      endloop
   endfacet
   facet normal 2.423803e-04 -5.708429e-01 8.210593e-01
      outer loop
         vertex 6.480000e+01 6.737541e-01 1.949702e+01
         vertex 7.999998e+00 8.638706e-01 1.964597e+01
         vertex 7.999998e+00 8.528475e-01 1.963830e+01
      endloop
   endfacet
   facet normal 5.392017e-05 -6.087587e-01 7.933554e-01
      outer loop
         vertex 7.999998e+00 8.528475e-01 1.963830e+01
         vertex 7.999998e+00 7.144250e-01 1.953209e+01
         vertex 6.480000e+01 6.737541e-01 1.949702e+01
      endloop
   endfacet
   facet normal 0.000000e+00 -6.530137e-01 7.573461e-01
      outer loop
         vertex 6.480000e+01 6.737541e-01 1.949702e+01
         vertex 7.999998e+00 7.144250e-01 1.953209e+01
         vertex 7.999998e+00 6.737541e-01 1.949702e+01
      endloop
   endfacet
   facet normal 0.000000e+00 -7.071049e-01 7.071087e-01
      outer loop
         vertex 6.480000e+01 6.737541e-01 1.949702e+01
         vertex 7.999998e+00 6.737541e-01 1.949702e+01
         vertex 6.480000e+01 5.029775e-01 1.932625e+01
      endloop
   endfacet
   facet normal 1.284383e-04 -6.854229e-01 7.281452e-01
      outer loop
         vertex 6.480000e+01 5.029775e-01 1.932625e+01
         vertex 7.999998e+00 6.737541e-01 1.949702e+01
         vertex 7.999998e+00 5.857851e-01 1.941421e+01
      endloop
   endfacet
   facet normal 0.000000e+00 -7.281416e-01 6.854267e-01
      outer loop
         vertex 6.480000e+01 5.029775e-01 1.932625e+01
         vertex 7.999998e+00 5.857851e-01 1.941421e+01
         vertex 7.999998e+00 5.029775e-01 1.932625e+01
      endloop
   endfacet
   facet normal 6.106322e-05 -4.104153e-01 9.118987e-01
      outer loop
         vertex 6.480000e+01 1.290789e+00 1.987003e+01
         vertex 7.999998e+00 1.154764e+00 1.981262e+01
         vertex 6.480000e+01 1.070553e+00 1.977091e+01
      endloop
   endfacet
   facet normal 0.000000e+00 -4.437931e-01 8.961293e-01
      outer loop
         vertex 6.480000e+01 1.070553e+00 1.977091e+01
         vertex 7.999998e+00 1.154764e+00 1.981262e+01
         vertex 7.999998e+00 1.070553e+00 1.977091e+01
      endloop
   endfacet
   facet normal 0.000000e+00 -5.173386e-01 8.557808e-01
      outer loop
         vertex 6.480000e+01 1.070553e+00 1.977091e+01
         vertex 7.999998e+00 1.070553e+00 1.977091e+01
         vertex 6.480000e+01 8.638706e-01 1.964597e+01
      endloop
   endfacet
   facet normal 1.712024e-04 -4.824619e-01 8.759169e-01
      outer loop
         vertex 6.480000e+01 8.638706e-01 1.964597e+01
         vertex 7.999998e+00 1.070553e+00 1.977091e+01
         vertex 7.999998e+00 1.000000e+00 1.973205e+01
      endloop
   endfacet
   facet normal 0.000000e+00 -5.344656e-01 8.451902e-01
      outer loop
         vertex 6.480000e+01 8.638706e-01 1.964597e+01
         vertex 7.999998e+00 1.000000e+00 1.973205e+01
         vertex 7.999998e+00 8.638706e-01 1.964597e+01
      endloop
   endfacet
   facet normal 2.377998e-05 -3.007073e-01 9.537165e-01
      outer loop
         vertex 7.999998e+00 1.482362e+00 1.993185e+01
         vertex 7.999998e+00 1.315959e+00 1.987938e+01
         vertex 6.480000e+01 1.290789e+00 1.987003e+01
      endloop
   endfacet
   facet normal 0.000000e+00 -3.483015e-01 9.373826e-01
      outer loop
         vertex 6.480000e+01 1.290789e+00 1.987003e+01
         vertex 7.999998e+00 1.315959e+00 1.987938e+01
         vertex 7.999998e+00 1.290789e+00 1.987003e+01
      endloop
   endfacet
   facet normal 0.000000e+00 -3.888806e-01 9.212882e-01
      outer loop
         vertex 6.480000e+01 1.290789e+00 1.987003e+01
         vertex 7.999998e+00 1.290789e+00 1.987003e+01
         vertex 7.999998e+00 1.154764e+00 1.981262e+01
      endloop
   endfacet
   facet normal 2.140139e-04 -2.490702e-01 9.684854e-01
      outer loop
         vertex 7.999998e+00 1.482362e+00 1.993185e+01
         vertex 6.480000e+01 1.290789e+00 1.987003e+01
         vertex 7.999998e+00 1.521368e+00 1.994188e+01
      endloop
   endfacet
   facet normal 0.000000e+00 -2.975007e-01 9.547216e-01
      outer loop
         vertex 7.999998e+00 1.521368e+00 1.994188e+01
         vertex 6.480000e+01 1.290789e+00 1.987003e+01
         vertex 6.480000e+01 1.521368e+00 1.994188e+01
      endloop
   endfacet
   facet normal 0.000000e+00 -2.065989e-01 9.784257e-01
      outer loop
         vertex 7.999998e+00 1.521368e+00 1.994188e+01
         vertex 6.480000e+01 1.521368e+00 1.994188e+01
         vertex 7.999998e+00 1.652703e+00 1.996962e+01
      endloop
   endfacet
   facet normal 1.426797e-04 -1.471496e-01 9.891142e-01
      outer loop
         vertex 7.999998e+00 1.652703e+00 1.996962e+01
         vertex 6.480000e+01 1.521368e+00 1.994188e+01
         vertex 7.999998e+00 1.758926e+00 1.998542e+01
      endloop
   endfacet
   facet normal 0.000000e+00 -1.802572e-01 9.836195e-01
      outer loop
         vertex 7.999998e+00 1.758926e+00 1.998542e+01
         vertex 6.480000e+01 1.521368e+00 1.994188e+01
         vertex 6.480000e+01 1.758926e+00 1.998542e+01
      endloop
   endfacet
   facet normal 0.000000e+00 -1.038491e-01 9.945931e-01
      outer loop
         vertex 7.999998e+00 1.758926e+00 1.998542e+01
         vertex 6.480000e+01 1.758926e+00 1.998542e+01
         vertex 7.999998e+00 1.825688e+00 1.999239e+01
      endloop
   endfacet
   facet normal 5.153812e-05 -6.037596e-02 9.981757e-01
      outer loop
         vertex 7.999998e+00 1.825688e+00 1.999239e+01
         vertex 6.480000e+01 1.758926e+00 1.998542e+01
         vertex 6.480000e+01 2.000000e+00 2.000000e+01
      endloop
   endfacet
   facet normal 0.000000e+00 -4.362022e-02 9.990482e-01
      outer loop
         vertex 7.999998e+00 1.825688e+00 1.999239e+01
         vertex 6.480000e+01 2.000000e+00 2.000000e+01
         vertex 7.999998e+00 2.000000e+00 2.000000e+01
      endloop
   endfacet
   facet normal -0.000000e+00 -0.000000e+00 1.000000e+00
      outer loop
         vertex 7.738281e+00 2.005709e+00 2.000000e+01
         vertex 7.999998e+00 2.000000e+00 2.000000e+01
         vertex 4.143272e+00 3.403733e+00 2.000000e+01
      endloop
   endfacet
   facet normal 0.000000e+00 -0.000000e+00 1.000000e+00
      outer loop
         vertex 6.480000e+01 2.000000e+00 2.000000e+01
         vertex 6.480000e+01 3.800000e+01 2.000000e+01
         vertex 7.999998e+00 2.000000e+00 2.000000e+01
      endloop
   endfacet
   facet normal 0.000000e+00 0.000000e+00 1.000000e+00
      outer loop
         vertex 7.999998e+00 2.000000e+00 2.000000e+01
         vertex 6.480000e+01 3.800000e+01 2.000000e+01
         vertex 7.999998e+00 3.800000e+01 2.000000e+01
      endloop
   endfacet
   facet normal 0.000000e+00 0.000000e+00 1.000000e+00
      outer loop
         vertex 2.277698e+00 6.195765e+00 2.000000e+01
         vertex 2.361841e+00 5.947879e+00 2.000000e+01
         vertex 7.999998e+00 2.000000e+00 2.000000e+01
      endloop
   endfacet
   facet normal 0.000000e+00 0.000000e+00 1.000000e+00
      outer loop
         vertex 4.999999e+00 3.719615e+01 2.000000e+01
         vertex 4.776202e+00 3.706035e+01 2.000000e+01
         vertex 2.000000e+00 3.200000e+01 2.000000e+01
      endloop
   endfacet
   facet normal 0.000000e+00 0.000000e+00 1.000000e+00
      outer loop
         vertex 7.999998e+00 3.800000e+01 2.000000e+01
         vertex 2.000000e+00 3.200000e+01 2.000000e+01
         vertex 7.999998e+00 2.000000e+00 2.000000e+01
      endloop
   endfacet
   facet normal 0.000000e+00 0.000000e+00 1.000000e+00
      outer loop
         vertex 7.999998e+00 2.000000e+00 2.000000e+01
         vertex 2.000000e+00 3.200000e+01 2.000000e+01
         vertex 2.000000e+00 7.999999e+00 2.000000e+01
      endloop
   endfacet
   facet normal 0.000000e+00 0.000000e+00 1.000000e+00
      outer loop
         vertex 7.999998e+00 2.000000e+00 2.000000e+01
         vertex 2.000000e+00 7.999999e+00 2.000000e+01
         vertex 2.005707e+00 7.738283e+00 2.000000e+01
      endloop
   endfacet
   facet normal 0.000000e+00 0.000000e+00 1.000000e+00
      outer loop
         vertex 3.576335e+00 3.946459e+00 2.000000e+01
         vertex 3.757358e+00 3.757359e+00 2.000000e+01
         vertex 7.999998e+00 2.000000e+00 2.000000e+01
      endloop
   endfacet
   facet normal 0.000000e+00 0.000000e+00 1.000000e+00
      outer loop
         vertex 7.999998e+00 2.000000e+00 2.000000e+01
         vertex 3.757358e+00 3.757359e+00 2.000000e+01
         vertex 3.946457e+00 3.576336e+00 2.000000e+01
      endloop
   endfacet
   facet normal 0.000000e+00 0.000000e+00 1.000000e+00
      outer loop
         vertex 7.999998e+00 2.000000e+00 2.000000e+01
         vertex 3.946457e+00 3.576336e+00 2.000000e+01
         vertex 4.143272e+00 3.403733e+00 2.000000e+01
      endloop
   endfacet
   facet normal 0.000000e+00 0.000000e+00 1.000000e+00
      outer loop
         vertex 4.143272e+00 3.659627e+01 2.000000e+01
         vertex 3.946457e+00 3.642366e+01 2.000000e+01
         vertex 2.204444e+00 3.355291e+01 2.000000e+01
      endloop
   endfacet
   facet normal 0.000000e+00 0.000000e+00 1.000000e+00
      outer loop
         vertex 2.204444e+00 3.355291e+01 2.000000e+01
         vertex 3.946457e+00 3.642366e+01 2.000000e+01
         vertex 3.757358e+00 3.624264e+01 2.000000e+01
      endloop
   endfacet
   facet normal 0.000000e+00 0.000000e+00 1.000000e+00
      outer loop
         vertex 2.204444e+00 3.355291e+01 2.000000e+01
         vertex 3.757358e+00 3.624264e+01 2.000000e+01
         vertex 2.277698e+00 3.380423e+01 2.000000e+01
      endloop
   endfacet
   facet normal 0.000000e+00 0.000000e+00 1.000000e+00
      outer loop
         vertex 2.005707e+00 7.738283e+00 2.000000e+01
         vertex 2.022829e+00 7.477066e+00 2.000000e+01
         vertex 7.999998e+00 2.000000e+00 2.000000e+01
      endloop
   endfacet
   facet normal 0.000000e+00 0.000000e+00 1.000000e+00
      outer loop
         vertex 7.999998e+00 2.000000e+00 2.000000e+01
         vertex 2.022829e+00 7.477066e+00 2.000000e+01
         vertex 2.051331e+00 7.216843e+00 2.000000e+01
      endloop
   endfacet
   facet normal 0.000000e+00 0.000000e+00 1.000000e+00
      outer loop
         vertex 7.999998e+00 2.000000e+00 2.000000e+01
         vertex 2.051331e+00 7.216843e+00 2.000000e+01
         vertex 2.091151e+00 6.958110e+00 2.000000e+01
      endloop
   endfacet
   facet normal 0.000000e+00 0.000000e+00 1.000000e+00
      outer loop
         vertex 2.091151e+00 6.958110e+00 2.000000e+01
         vertex 2.142224e+00 6.701362e+00 2.000000e+01
         vertex 7.999998e+00 2.000000e+00 2.000000e+01
      endloop
   endfacet
   facet normal 0.000000e+00 0.000000e+00 1.000000e+00
      outer loop
         vertex 7.999998e+00 2.000000e+00 2.000000e+01
         vertex 2.142224e+00 6.701362e+00 2.000000e+01
         vertex 2.204444e+00 6.447085e+00 2.000000e+01
      endloop
   endfacet
   facet normal 0.000000e+00 0.000000e+00 1.000000e+00
      outer loop
         vertex 7.999998e+00 2.000000e+00 2.000000e+01
         vertex 2.204444e+00 6.447085e+00 2.000000e+01
         vertex 2.277698e+00 6.195765e+00 2.000000e+01
      endloop
   endfacet
   facet normal 0.000000e+00 0.000000e+00 1.000000e+00
      outer loop
         vertex 7.999998e+00 3.800000e+01 2.000000e+01
         vertex 7.738281e+00 3.799429e+01 2.000000e+01
         vertex 2.000000e+00 3.200000e+01 2.000000e+01
      endloop
   endfacet
   facet normal 0.000000e+00 0.000000e+00 1.000000e+00
      outer loop
         vertex 2.000000e+00 3.200000e+01 2.000000e+01
         vertex 7.738281e+00 3.799429e+01 2.000000e+01
         vertex 7.477064e+00 3.797717e+01 2.000000e+01
      endloop
   endfacet
   facet normal 0.000000e+00 0.000000e+00 1.000000e+00
      outer loop
         vertex 2.000000e+00 3.200000e+01 2.000000e+01
         vertex 7.477064e+00 3.797717e+01 2.000000e+01
         vertex 7.216841e+00 3.794867e+01 2.000000e+01
      endloop
   endfacet
   facet normal 0.000000e+00 0.000000e+00 1.000000e+00
      outer loop
         vertex 4.776202e+00 3.706035e+01 2.000000e+01
         vertex 4.558541e+00 3.691491e+01 2.000000e+01
         vertex 2.000000e+00 3.200000e+01 2.000000e+01
      endloop
   endfacet
   facet normal 0.000000e+00 0.000000e+00 1.000000e+00
      outer loop
         vertex 2.000000e+00 3.200000e+01 2.000000e+01
         vertex 4.558541e+00 3.691491e+01 2.000000e+01
         vertex 4.347429e+00 3.676012e+01 2.000000e+01
      endloop
   endfacet
   facet normal 0.000000e+00 0.000000e+00 1.000000e+00
      outer loop
         vertex 2.000000e+00 3.200000e+01 2.000000e+01
         vertex 4.347429e+00 3.676012e+01 2.000000e+01
         vertex 4.143272e+00 3.659627e+01 2.000000e+01
      endloop
   endfacet
   facet normal -0.000000e+00 0.000000e+00 1.000000e+00
      outer loop
         vertex 2.204444e+00 3.355291e+01 2.000000e+01
         vertex 2.142224e+00 3.329864e+01 2.000000e+01
         vertex 4.143272e+00 3.659627e+01 2.000000e+01
      endloop
   endfacet
   facet normal 0.000000e+00 0.000000e+00 1.000000e+00
      outer loop
         vertex 4.143272e+00 3.659627e+01 2.000000e+01
         vertex 2.142224e+00 3.329864e+01 2.000000e+01
         vertex 2.091151e+00 3.304189e+01 2.000000e+01
      endloop
   endfacet
   facet normal 0.000000e+00 0.000000e+00 1.000000e+00
      outer loop
         vertex 4.143272e+00 3.659627e+01 2.000000e+01
         vertex 2.091151e+00 3.304189e+01 2.000000e+01
         vertex 2.051331e+00 3.278316e+01 2.000000e+01
      endloop
   endfacet
   facet normal 0.000000e+00 0.000000e+00 1.000000e+00
      outer loop
         vertex 2.361841e+00 5.947879e+00 2.000000e+01
         vertex 2.456721e+00 5.703899e+00 2.000000e+01
         vertex 7.999998e+00 2.000000e+00 2.000000e+01
      endloop
   endfacet
   facet normal 0.000000e+00 0.000000e+00 1.000000e+00
      outer loop
         vertex 7.999998e+00 2.000000e+00 2.000000e+01
         vertex 2.456721e+00 5.703899e+00 2.000000e+01
         vertex 2.562150e+00 5.464290e+00 2.000000e+01
      endloop
   endfacet
   facet normal 0.000000e+00 0.000000e+00 1.000000e+00
      outer loop
         vertex 7.999998e+00 2.000000e+00 2.000000e+01
         vertex 2.562150e+00 5.464290e+00 2.000000e+01
         vertex 2.677932e+00 5.229508e+00 2.000000e+01
      endloop
   endfacet
   facet normal 0.000000e+00 0.000000e+00 1.000000e+00
      outer loop
         vertex 4.776202e+00 2.939651e+00 2.000000e+01
         vertex 4.143272e+00 3.403733e+00 2.000000e+01
         vertex 4.558541e+00 3.085088e+00 2.000000e+01
      endloop
   endfacet
   facet normal 0.000000e+00 0.000000e+00 1.000000e+00
      outer loop
         vertex 4.558541e+00 3.085088e+00 2.000000e+01
         vertex 4.143272e+00 3.403733e+00 2.000000e+01
         vertex 4.347429e+00 3.239879e+00 2.000000e+01
      endloop
   endfacet
   facet normal -0.000000e+00 -0.000000e+00 1.000000e+00
      outer loop
         vertex 4.776202e+00 2.939651e+00 2.000000e+01
         vertex 4.999999e+00 2.803847e+00 2.000000e+01
         vertex 4.143272e+00 3.403733e+00 2.000000e+01
      endloop
   endfacet
   facet normal 0.000000e+00 0.000000e+00 1.000000e+00
      outer loop
         vertex 4.143272e+00 3.403733e+00 2.000000e+01
         vertex 4.999999e+00 2.803847e+00 2.000000e+01
         vertex 5.229507e+00 2.677934e+00 2.000000e+01
      endloop
   endfacet
   facet normal 0.000000e+00 0.000000e+00 1.000000e+00
      outer loop
         vertex 4.143272e+00 3.403733e+00 2.000000e+01
         vertex 5.229507e+00 2.677934e+00 2.000000e+01
         vertex 5.464289e+00 2.562152e+00 2.000000e+01
      endloop
   endfacet
   facet normal -0.000000e+00 -0.000000e+00 1.000000e+00
      outer loop
         vertex 5.464289e+00 2.562152e+00 2.000000e+01
         vertex 5.703896e+00 2.456723e+00 2.000000e+01
         vertex 4.143272e+00 3.403733e+00 2.000000e+01
      endloop
   endfacet
   facet normal 0.000000e+00 0.000000e+00 1.000000e+00
      outer loop
         vertex 4.143272e+00 3.403733e+00 2.000000e+01
         vertex 5.703896e+00 2.456723e+00 2.000000e+01
         vertex 5.947877e+00 2.361843e+00 2.000000e+01
      endloop
   endfacet
   facet normal 0.000000e+00 0.000000e+00 1.000000e+00
      outer loop
         vertex 4.143272e+00 3.403733e+00 2.000000e+01
         vertex 5.947877e+00 2.361843e+00 2.000000e+01
         vertex 6.195765e+00 2.277698e+00 2.000000e+01
      endloop
   endfacet
   facet normal -0.000000e+00 -0.000000e+00 1.000000e+00
      outer loop
         vertex 6.195765e+00 2.277698e+00 2.000000e+01
         vertex 6.447084e+00 2.204444e+00 2.000000e+01
         vertex 4.143272e+00 3.403733e+00 2.000000e+01
      endloop
   endfacet
   facet normal 0.000000e+00 0.000000e+00 1.000000e+00
      outer loop
         vertex 4.143272e+00 3.403733e+00 2.000000e+01
         vertex 6.447084e+00 2.204444e+00 2.000000e+01
         vertex 6.701361e+00 2.142223e+00 2.000000e+01
      endloop
   endfacet
   facet normal 0.000000e+00 0.000000e+00 1.000000e+00
      outer loop
         vertex 4.143272e+00 3.403733e+00 2.000000e+01
         vertex 6.701361e+00 2.142223e+00 2.000000e+01
         vertex 6.958108e+00 2.091153e+00 2.000000e+01
      endloop
   endfacet
   facet normal 0.000000e+00 0.000000e+00 1.000000e+00
      outer loop
         vertex 7.216841e+00 3.794867e+01 2.000000e+01
         vertex 6.958108e+00 3.790885e+01 2.000000e+01
         vertex 2.000000e+00 3.200000e+01 2.000000e+01
      endloop
   endfacet
   facet normal 0.000000e+00 0.000000e+00 1.000000e+00
      outer loop
         vertex 2.000000e+00 3.200000e+01 2.000000e+01
         vertex 6.958108e+00 3.790885e+01 2.000000e+01
         vertex 6.701361e+00 3.785778e+01 2.000000e+01
      endloop
   endfacet
   facet normal 0.000000e+00 0.000000e+00 1.000000e+00
      outer loop
         vertex 2.000000e+00 3.200000e+01 2.000000e+01
         vertex 6.701361e+00 3.785778e+01 2.000000e+01
         vertex 6.447084e+00 3.779555e+01 2.000000e+01
      endloop
   endfacet
   facet normal 0.000000e+00 0.000000e+00 1.000000e+00
      outer loop
         vertex 6.447084e+00 3.779555e+01 2.000000e+01
         vertex 6.195765e+00 3.772230e+01 2.000000e+01
         vertex 2.000000e+00 3.200000e+01 2.000000e+01
      endloop
   endfacet
   facet normal 0.000000e+00 0.000000e+00 1.000000e+00
      outer loop
         vertex 2.000000e+00 3.200000e+01 2.000000e+01
         vertex 6.195765e+00 3.772230e+01 2.000000e+01
         vertex 5.947877e+00 3.763816e+01 2.000000e+01
      endloop
   endfacet
   facet normal 0.000000e+00 0.000000e+00 1.000000e+00
      outer loop
         vertex 2.000000e+00 3.200000e+01 2.000000e+01
         vertex 5.947877e+00 3.763816e+01 2.000000e+01
         vertex 5.703896e+00 3.754328e+01 2.000000e+01
      endloop
   endfacet
   facet normal 0.000000e+00 0.000000e+00 1.000000e+00
      outer loop
         vertex 5.703896e+00 3.754328e+01 2.000000e+01
         vertex 5.464289e+00 3.743785e+01 2.000000e+01
         vertex 2.000000e+00 3.200000e+01 2.000000e+01
      endloop
   endfacet
   facet normal 0.000000e+00 0.000000e+00 1.000000e+00
      outer loop
         vertex 2.000000e+00 3.200000e+01 2.000000e+01
         vertex 5.464289e+00 3.743785e+01 2.000000e+01
         vertex 5.229507e+00 3.732206e+01 2.000000e+01
      endloop
   endfacet
   facet normal 0.000000e+00 0.000000e+00 1.000000e+00
      outer loop
         vertex 2.000000e+00 3.200000e+01 2.000000e+01
         vertex 5.229507e+00 3.732206e+01 2.000000e+01
         vertex 4.999999e+00 3.719615e+01 2.000000e+01
      endloop
   endfacet
   facet normal 0.000000e+00 0.000000e+00 1.000000e+00
      outer loop
         vertex 3.576335e+00 3.605354e+01 2.000000e+01
         vertex 3.403731e+00 3.585673e+01 2.000000e+01
         vertex 2.803847e+00 3.500000e+01 2.000000e+01
      endloop
   endfacet
   facet normal -0.000000e+00 0.000000e+00 1.000000e+00
      outer loop
         vertex 2.562150e+00 3.453571e+01 2.000000e+01
         vertex 2.456721e+00 3.429610e+01 2.000000e+01
         vertex 3.757358e+00 3.624264e+01 2.000000e+01
      endloop
   endfacet
   facet normal 0.000000e+00 0.000000e+00 1.000000e+00
      outer loop
         vertex 3.757358e+00 3.624264e+01 2.000000e+01
         vertex 2.456721e+00 3.429610e+01 2.000000e+01
         vertex 2.361841e+00 3.405212e+01 2.000000e+01
      endloop
   endfacet
   facet normal 0.000000e+00 0.000000e+00 1.000000e+00
      outer loop
         vertex 3.757358e+00 3.624264e+01 2.000000e+01
         vertex 2.361841e+00 3.405212e+01 2.000000e+01
         vertex 2.277698e+00 3.380423e+01 2.000000e+01
      endloop
   endfacet
   facet normal -0.000000e+00 0.000000e+00 1.000000e+00
      outer loop
         vertex 2.051331e+00 3.278316e+01 2.000000e+01
         vertex 2.022829e+00 3.252293e+01 2.000000e+01
         vertex 4.143272e+00 3.659627e+01 2.000000e+01
      endloop
   endfacet
   facet normal 0.000000e+00 0.000000e+00 1.000000e+00
      outer loop
         vertex 4.143272e+00 3.659627e+01 2.000000e+01
         vertex 2.022829e+00 3.252293e+01 2.000000e+01
         vertex 2.005707e+00 3.226172e+01 2.000000e+01
      endloop
   endfacet
   facet normal 0.000000e+00 0.000000e+00 1.000000e+00
      outer loop
         vertex 4.143272e+00 3.659627e+01 2.000000e+01
         vertex 2.005707e+00 3.226172e+01 2.000000e+01
         vertex 2.000000e+00 3.200000e+01 2.000000e+01
      endloop
   endfacet
   facet normal 0.000000e+00 0.000000e+00 1.000000e+00
      outer loop
         vertex 2.677932e+00 5.229508e+00 2.000000e+01
         vertex 2.803847e+00 5.000000e+00 2.000000e+01
         vertex 7.999998e+00 2.000000e+00 2.000000e+01
      endloop
   endfacet
   facet normal 0.000000e+00 0.000000e+00 1.000000e+00
      outer loop
         vertex 7.999998e+00 2.000000e+00 2.000000e+01
         vertex 2.803847e+00 5.000000e+00 2.000000e+01
         vertex 2.939649e+00 4.776202e+00 2.000000e+01
      endloop
   endfacet
   facet normal 0.000000e+00 0.000000e+00 1.000000e+00
      outer loop
         vertex 7.999998e+00 2.000000e+00 2.000000e+01
         vertex 2.939649e+00 4.776202e+00 2.000000e+01
         vertex 3.085088e+00 4.558541e+00 2.000000e+01
      endloop
   endfacet
   facet normal -0.000000e+00 -0.000000e+00 1.000000e+00
      outer loop
         vertex 6.958108e+00 2.091153e+00 2.000000e+01
         vertex 7.216841e+00 2.051331e+00 2.000000e+01
         vertex 4.143272e+00 3.403733e+00 2.000000e+01
      endloop
   endfacet
   facet normal 0.000000e+00 0.000000e+00 1.000000e+00
      outer loop
         vertex 4.143272e+00 3.403733e+00 2.000000e+01
         vertex 7.216841e+00 2.051331e+00 2.000000e+01
         vertex 7.477064e+00 2.022831e+00 2.000000e+01
      endloop
   endfacet
   facet normal 0.000000e+00 0.000000e+00 1.000000e+00
      outer loop
         vertex 4.143272e+00 3.403733e+00 2.000000e+01
         vertex 7.477064e+00 2.022831e+00 2.000000e+01
         vertex 7.738281e+00 2.005709e+00 2.000000e+01
      endloop
   endfacet
   facet normal 0.000000e+00 0.000000e+00 1.000000e+00
      outer loop
         vertex 3.085088e+00 4.558541e+00 2.000000e+01
         vertex 3.239878e+00 4.347431e+00 2.000000e+01
         vertex 7.999998e+00 2.000000e+00 2.000000e+01
      endloop
   endfacet
   facet normal 0.000000e+00 0.000000e+00 1.000000e+00
      outer loop
         vertex 7.999998e+00 2.000000e+00 2.000000e+01
         vertex 3.239878e+00 4.347431e+00 2.000000e+01
         vertex 3.403731e+00 4.143273e+00 2.000000e+01
      endloop
   endfacet
   facet normal 0.000000e+00 0.000000e+00 1.000000e+00
      outer loop
         vertex 7.999998e+00 2.000000e+00 2.000000e+01
         vertex 3.403731e+00 4.143273e+00 2.000000e+01
         vertex 3.576335e+00 3.946459e+00 2.000000e+01
      endloop
   endfacet
   facet normal 0.000000e+00 0.000000e+00 1.000000e+00
      outer loop
         vertex 3.403731e+00 3.585673e+01 2.000000e+01
         vertex 3.239878e+00 3.565257e+01 2.000000e+01
         vertex 2.803847e+00 3.500000e+01 2.000000e+01
      endloop
   endfacet
   facet normal 0.000000e+00 0.000000e+00 1.000000e+00
      outer loop
         vertex 2.803847e+00 3.500000e+01 2.000000e+01
         vertex 3.239878e+00 3.565257e+01 2.000000e+01
         vertex 3.085088e+00 3.544146e+01 2.000000e+01
      endloop
   endfacet
   facet normal 0.000000e+00 0.000000e+00 1.000000e+00
      outer loop
         vertex 2.803847e+00 3.500000e+01 2.000000e+01
         vertex 3.085088e+00 3.544146e+01 2.000000e+01
         vertex 2.939649e+00 3.522380e+01 2.000000e+01
      endloop
   endfacet
   facet normal -0.000000e+00 0.000000e+00 1.000000e+00
      outer loop
         vertex 3.576335e+00 3.605354e+01 2.000000e+01
         vertex 2.803847e+00 3.500000e+01 2.000000e+01
         vertex 3.757358e+00 3.624264e+01 2.000000e+01
      endloop
   endfacet
   facet normal 0.000000e+00 0.000000e+00 1.000000e+00
      outer loop
         vertex 3.757358e+00 3.624264e+01 2.000000e+01
         vertex 2.803847e+00 3.500000e+01 2.000000e+01
         vertex 2.677932e+00 3.477049e+01 2.000000e+01
      endloop
   endfacet
   facet normal 0.000000e+00 0.000000e+00 1.000000e+00
      outer loop
         vertex 3.757358e+00 3.624264e+01 2.000000e+01
         vertex 2.677932e+00 3.477049e+01 2.000000e+01
         vertex 2.562150e+00 3.453571e+01 2.000000e+01
      endloop
   endfacet
   facet normal 6.344410e-05 1.802572e-01 9.836195e-01
      outer loop
         vertex 6.480000e+01 3.847863e+01 1.994188e+01
         vertex 7.999998e+00 3.834730e+01 1.996962e+01
         vertex 6.480000e+01 3.824107e+01 1.998542e+01
      endloop
   endfacet
   facet normal 0.000000e+00 1.471496e-01 9.891143e-01
      outer loop
         vertex 6.480000e+01 3.824107e+01 1.998542e+01
         vertex 7.999998e+00 3.834730e+01 1.996962e+01
         vertex 7.999998e+00 3.824107e+01 1.998542e+01
      endloop
   endfacet
   facet normal 0.000000e+00 6.037596e-02 9.981757e-01
      outer loop
         vertex 6.480000e+01 3.824107e+01 1.998542e+01
         vertex 7.999998e+00 3.824107e+01 1.998542e+01
         vertex 6.480000e+01 3.800000e+01 2.000000e+01
      endloop
   endfacet
   facet normal 1.854318e-04 1.038491e-01 9.945930e-01
      outer loop
         vertex 6.480000e+01 3.800000e+01 2.000000e+01
         vertex 7.999998e+00 3.824107e+01 1.998542e+01
         vertex 7.999998e+00 3.817431e+01 1.999239e+01
      endloop
   endfacet
   facet normal 0.000000e+00 4.362022e-02 9.990482e-01
      outer loop
         vertex 6.480000e+01 3.800000e+01 2.000000e+01
         vertex 7.999998e+00 3.817431e+01 1.999239e+01
         vertex 7.999998e+00 3.800000e+01 2.000000e+01
      endloop
   endfacet
   facet normal 0.000000e+00 2.975007e-01 9.547216e-01
      outer loop
         vertex 6.480000e+01 3.870921e+01 1.987003e+01
         vertex 7.999998e+00 3.870921e+01 1.987003e+01
         vertex 6.480000e+01 3.847863e+01 1.994188e+01
      endloop
   endfacet
   facet normal 2.281584e-04 3.483015e-01 9.373825e-01
      outer loop
         vertex 6.480000e+01 3.847863e+01 1.994188e+01
         vertex 7.999998e+00 3.870921e+01 1.987003e+01
         vertex 7.999998e+00 3.868404e+01 1.987938e+01
      endloop
   endfacet
   facet normal 3.806850e-05 3.007073e-01 9.537165e-01
      outer loop
         vertex 7.999998e+00 3.868404e+01 1.987938e+01
         vertex 7.999998e+00 3.851764e+01 1.993185e+01
         vertex 6.480000e+01 3.847863e+01 1.994188e+01
      endloop
   endfacet
   facet normal 0.000000e+00 2.490702e-01 9.684854e-01
      outer loop
         vertex 6.480000e+01 3.847863e+01 1.994188e+01
         vertex 7.999998e+00 3.851764e+01 1.993185e+01
         vertex 7.999998e+00 3.847863e+01 1.994188e+01
      endloop
   endfacet
   facet normal 0.000000e+00 2.065989e-01 9.784257e-01
      outer loop
         vertex 6.480000e+01 3.847863e+01 1.994188e+01
         vertex 7.999998e+00 3.847863e+01 1.994188e+01
         vertex 7.999998e+00 3.834730e+01 1.996962e+01
      endloop
   endfacet
   facet normal 0.000000e+00 5.708429e-01 8.210593e-01
      outer loop
         vertex 7.999998e+00 3.914715e+01 1.963830e+01
         vertex 7.999998e+00 3.913613e+01 1.964597e+01
         vertex 6.480000e+01 3.913613e+01 1.964597e+01
      endloop
   endfacet
   facet normal 0.000000e+00 5.344656e-01 8.451902e-01
      outer loop
         vertex 6.480000e+01 3.913613e+01 1.964597e+01
         vertex 7.999998e+00 3.913613e+01 1.964597e+01
         vertex 7.999998e+00 3.900000e+01 1.973205e+01
      endloop
   endfacet
   facet normal 5.709817e-05 5.173386e-01 8.557808e-01
      outer loop
         vertex 6.480000e+01 3.913613e+01 1.964597e+01
         vertex 7.999998e+00 3.900000e+01 1.973205e+01
         vertex 6.480000e+01 3.892945e+01 1.977091e+01
      endloop
   endfacet
   facet normal 0.000000e+00 4.824619e-01 8.759169e-01
      outer loop
         vertex 6.480000e+01 3.892945e+01 1.977091e+01
         vertex 7.999998e+00 3.900000e+01 1.973205e+01
         vertex 7.999998e+00 3.892945e+01 1.977091e+01
      endloop
   endfacet
   facet normal 0.000000e+00 4.104153e-01 9.118987e-01
      outer loop
         vertex 6.480000e+01 3.892945e+01 1.977091e+01
         vertex 7.999998e+00 3.892945e+01 1.977091e+01
         vertex 6.480000e+01 3.870921e+01 1.987003e+01
      endloop
   endfacet
   facet normal 1.569374e-04 4.437931e-01 8.961293e-01
      outer loop
         vertex 6.480000e+01 3.870921e+01 1.987003e+01
         vertex 7.999998e+00 3.892945e+01 1.977091e+01
         vertex 7.999998e+00 3.884524e+01 1.981262e+01
      endloop
   endfacet
   facet normal 0.000000e+00 3.888806e-01 9.212882e-01
      outer loop
         vertex 6.480000e+01 3.870921e+01 1.987003e+01
         vertex 7.999998e+00 3.884524e+01 1.981262e+01
         vertex 7.999998e+00 3.870921e+01 1.987003e+01
      endloop
   endfacet
   facet normal 6.424867e-05 7.071049e-01 7.071087e-01
      outer loop
         vertex 6.480000e+01 3.949702e+01 1.932625e+01
         vertex 7.999998e+00 3.941421e+01 1.941421e+01
         vertex 6.480000e+01 3.932624e+01 1.949702e+01
      endloop
   endfacet
   facet normal 0.000000e+00 6.854229e-01 7.281452e-01
      outer loop
         vertex 6.480000e+01 3.932624e+01 1.949702e+01
         vertex 7.999998e+00 3.941421e+01 1.941421e+01
         vertex 7.999998e+00 3.932624e+01 1.949702e+01
      endloop
   endfacet
   facet normal 0.000000e+00 6.167181e-01 7.871841e-01
      outer loop
         vertex 6.480000e+01 3.932624e+01 1.949702e+01
         vertex 7.999998e+00 3.932624e+01 1.949702e+01
         vertex 6.480000e+01 3.913613e+01 1.964597e+01
      endloop
   endfacet
   facet normal 1.997302e-04 6.530137e-01 7.573461e-01
      outer loop
         vertex 6.480000e+01 3.913613e+01 1.964597e+01
         vertex 7.999998e+00 3.932624e+01 1.949702e+01
         vertex 7.999998e+00 3.928557e+01 1.953209e+01
      endloop
   endfacet
   facet normal 1.109629e-05 6.087587e-01 7.933554e-01
      outer loop
         vertex 6.480000e+01 3.913613e+01 1.964597e+01
         vertex 7.999998e+00 3.928557e+01 1.953209e+01
         vertex 7.999998e+00 3.914715e+01 1.963830e+01
      endloop
   endfacet
   facet normal 0.000000e+00 7.871841e-01 6.167181e-01
      outer loop
         vertex 6.480000e+01 3.964597e+01 1.913613e+01
         vertex 7.999998e+00 3.964597e+01 1.913613e+01
         vertex 6.480000e+01 3.949702e+01 1.932625e+01
      endloop
   endfacet
   facet normal 2.423066e-04 8.210494e-01 5.708572e-01
      outer loop
         vertex 6.480000e+01 3.949702e+01 1.932625e+01
         vertex 7.999998e+00 3.964597e+01 1.913613e+01
         vertex 7.999998e+00 3.963830e+01 1.914715e+01
      endloop
   endfacet
   facet normal 5.388709e-05 7.933509e-01 6.087646e-01
      outer loop
         vertex 7.999998e+00 3.963830e+01 1.914715e+01
         vertex 7.999998e+00 3.953209e+01 1.928557e+01
         vertex 6.480000e+01 3.949702e+01 1.932625e+01
      endloop
   endfacet
   facet normal 0.000000e+00 7.573632e-01 6.529938e-01
      outer loop
         vertex 6.480000e+01 3.949702e+01 1.932625e+01
         vertex 7.999998e+00 3.953209e+01 1.928557e+01
         vertex 7.999998e+00 3.949702e+01 1.932625e+01
      endloop
   endfacet
   facet normal 0.000000e+00 7.281416e-01 6.854267e-01
      outer loop
         vertex 6.480000e+01 3.949702e+01 1.932625e+01
         vertex 7.999998e+00 3.949702e+01 1.932625e+01
         vertex 7.999998e+00 3.941421e+01 1.941421e+01
      endloop
   endfacet
   facet normal 6.106251e-05 9.119022e-01 4.104075e-01
      outer loop
         vertex 6.480000e+01 3.987003e+01 1.870921e+01
         vertex 7.999998e+00 3.981262e+01 1.884524e+01
         vertex 6.480000e+01 3.977091e+01 1.892945e+01
      endloop
   endfacet
   facet normal 0.000000e+00 8.961332e-01 4.437851e-01
      outer loop
         vertex 6.480000e+01 3.977091e+01 1.892945e+01
         vertex 7.999998e+00 3.981262e+01 1.884524e+01
         vertex 7.999998e+00 3.977091e+01 1.892945e+01
      endloop
   endfacet
   facet normal 0.000000e+00 8.557808e-01 5.173386e-01
      outer loop
         vertex 6.480000e+01 3.977091e+01 1.892945e+01
         vertex 7.999998e+00 3.977091e+01 1.892945e+01
         vertex 6.480000e+01 3.964597e+01 1.913613e+01
      endloop
   endfacet
   facet normal 1.711594e-04 8.759120e-01 4.824708e-01
      outer loop
         vertex 6.480000e+01 3.964597e+01 1.913613e+01
         vertex 7.999998e+00 3.977091e+01 1.892945e+01
         vertex 7.999998e+00 3.973205e+01 1.900000e+01
      endloop
   endfacet
   facet normal 0.000000e+00 8.451928e-01 5.344615e-01
      outer loop
         vertex 6.480000e+01 3.964597e+01 1.913613e+01
         vertex 7.999998e+00 3.973205e+01 1.900000e+01
         vertex 7.999998e+00 3.964597e+01 1.913613e+01
      endloop
   endfacet
   facet normal 1.944858e-04 9.670957e-01 2.544129e-01
      outer loop
         vertex 6.480000e+01 3.987003e+01 1.870921e+01
         vertex 7.999998e+00 3.993649e+01 1.850000e+01
         vertex 7.999998e+00 3.993185e+01 1.851764e+01
      endloop
   endfacet
   facet normal 2.381530e-05 9.537191e-01 3.006991e-01
      outer loop
         vertex 7.999998e+00 3.993185e+01 1.851764e+01
         vertex 7.999998e+00 3.987939e+01 1.868404e+01
         vertex 6.480000e+01 3.987003e+01 1.870921e+01
      endloop
   endfacet
   facet normal 0.000000e+00 9.373599e-01 3.483624e-01
      outer loop
         vertex 6.480000e+01 3.987003e+01 1.870921e+01
         vertex 7.999998e+00 3.987939e+01 1.868404e+01
         vertex 7.999998e+00 3.987003e+01 1.870921e+01
      endloop
   endfacet
   facet normal 0.000000e+00 9.212914e-01 3.888729e-01
      outer loop
         vertex 6.480000e+01 3.987003e+01 1.870921e+01
         vertex 7.999998e+00 3.987003e+01 1.870921e+01
         vertex 7.999998e+00 3.981262e+01 1.884524e+01
      endloop
   endfacet
   facet normal 2.332980e-04 9.696057e-01 2.446728e-01
      outer loop
         vertex 7.999998e+00 3.993649e+01 1.850000e+01
         vertex 6.480000e+01 3.987003e+01 1.870921e+01
         vertex 7.999998e+00 3.994188e+01 1.847863e+01
      endloop
   endfacet
   facet normal -0.000000e+00 9.547205e-01 2.975042e-01
      outer loop
         vertex 7.999998e+00 3.994188e+01 1.847863e+01
         vertex 6.480000e+01 3.987003e+01 1.870921e+01
         vertex 6.480000e+01 3.994188e+01 1.847863e+01
      endloop
   endfacet
   facet normal -0.000000e+00 9.784243e-01 2.066056e-01
      outer loop
         vertex 7.999998e+00 3.994188e+01 1.847863e+01
         vertex 6.480000e+01 3.994188e+01 1.847863e+01
         vertex 7.999998e+00 3.996962e+01 1.834730e+01
      endloop
   endfacet
   facet normal 1.427363e-04 9.891168e-01 1.471326e-01
      outer loop
         vertex 7.999998e+00 3.996962e+01 1.834730e+01
         vertex 6.480000e+01 3.994188e+01 1.847863e+01
         vertex 7.999998e+00 3.998542e+01 1.824107e+01
      endloop
   endfacet
   facet normal -0.000000e+00 9.836202e-01 1.802535e-01
      outer loop
         vertex 7.999998e+00 3.998542e+01 1.824107e+01
         vertex 6.480000e+01 3.994188e+01 1.847863e+01
         vertex 6.480000e+01 3.998542e+01 1.824107e+01
      endloop
   endfacet
   facet normal -0.000000e+00 9.945915e-01 1.038643e-01
      outer loop
         vertex 7.999998e+00 3.998542e+01 1.824107e+01
         vertex 6.480000e+01 3.998542e+01 1.824107e+01
         vertex 7.999998e+00 3.999239e+01 1.817431e+01
      endloop
   endfacet
   facet normal 5.155038e-05 9.981754e-01 6.038026e-02
      outer loop
         vertex 7.999998e+00 3.999239e+01 1.817431e+01
         vertex 6.480000e+01 3.998542e+01 1.824107e+01
         vertex 6.480000e+01 4.000000e+01 1.800000e+01
      endloop
   endfacet
   facet normal 0.000000e+00 9.990482e-01 4.362045e-02
      outer loop
         vertex 7.999998e+00 3.999239e+01 1.817431e+01
         vertex 6.480000e+01 4.000000e+01 1.800000e+01
         vertex 7.999998e+00 4.000000e+01 1.800000e+01
      endloop
   endfacet
   facet normal -0.000000e+00 1.000000e+00 0.000000e+00
      outer loop
         vertex 7.999998e+00 4.000000e+01 1.800000e+01
         vertex 6.480000e+01 4.000000e+01 1.800000e+01
         vertex 7.999998e+00 4.000000e+01 1.560000e+01
      endloop
   endfacet
   facet normal 0.000000e+00 1.000000e+00 0.000000e+00
      outer loop
         vertex 7.999998e+00 4.000000e+01 1.560000e+01
         vertex 6.480000e+01 4.000000e+01 1.800000e+01
         vertex 6.480000e+01 4.000000e+01 1.560000e+01
      endloop
   endfacet
   facet normal -2.490553e-01 -5.433757e-03 9.684740e-01
      outer loop
         vertex 1.521368e+00 7.999999e+00 1.994188e+01
         vertex 1.482360e+00 7.999999e+00 1.993185e+01
         vertex 1.488563e+00 7.715704e+00 1.993185e+01
      endloop
   endfacet
   facet normal -9.371639e-01 -2.044788e-02 3.482896e-01
      outer loop
         vertex 1.299679e-01 7.999999e+00 1.870921e+01
         vertex 1.206137e-01 7.999999e+00 1.868404e+01
         vertex 1.281127e-01 7.656306e+00 1.868404e+01
      endloop
   endfacet
   facet normal -2.109722e-02 -9.668805e-01 2.543562e-01
      outer loop
         vertex 7.999998e+00 6.350875e-02 1.850000e+01
         vertex 7.999998e+00 6.814860e-02 1.851764e+01
         vertex 7.654015e+00 7.569790e-02 1.851764e+01
      endloop
   endfacet
   facet normal -9.943602e-01 -2.169720e-02 1.038124e-01
      outer loop
         vertex 1.458079e-02 7.999999e+00 1.824107e+01
         vertex 7.610768e-03 7.999999e+00 1.817431e+01
         vertex 1.521781e-02 7.651377e+00 1.817431e+01
      endloop
   endfacet
   facet normal -2.179487e-02 -9.988109e-01 4.360885e-02
      outer loop
         vertex 7.651374e+00 1.521781e-02 1.817431e+01
         vertex 7.651042e+00 7.614493e-03 1.800000e+01
         vertex 7.999998e+00 0.000000e+00 1.800000e+01
      endloop
   endfacet
   facet normal -9.988109e-01 -2.179487e-02 4.361009e-02
      outer loop
         vertex 7.610768e-03 7.999999e+00 1.817431e+01
         vertex 0.000000e+00 7.999999e+00 1.800000e+01
         vertex 7.614493e-03 7.651044e+00 1.800000e+01
      endloop
   endfacet
   facet normal -9.988109e-01 -2.179431e-02 4.360897e-02
      outer loop
         vertex 7.610768e-03 7.999999e+00 1.817431e+01
         vertex 7.614493e-03 7.651044e+00 1.800000e+01
         vertex 1.521781e-02 7.651377e+00 1.817431e+01
      endloop
   endfacet
   facet normal -9.976967e-01 -5.195045e-02 4.361789e-02
      outer loop
         vertex 1.521781e-02 7.651377e+00 1.817431e+01
         vertex 7.614493e-03 7.651044e+00 1.800000e+01
         vertex 1.459569e-02 7.516972e+00 1.800000e+01
      endloop
   endfacet
   facet normal -9.964078e-01 -6.530726e-02 5.391223e-02
      outer loop
         vertex 1.521781e-02 7.651377e+00 1.817431e+01
         vertex 1.459569e-02 7.516972e+00 1.800000e+01
         vertex 3.802404e-02 7.303417e+00 1.817431e+01
      endloop
   endfacet
   facet normal -9.963263e-01 -7.368869e-02 4.363288e-02
      outer loop
         vertex 1.459569e-02 7.516972e+00 1.800000e+01
         vertex 3.043935e-02 7.302754e+00 1.800000e+01
         vertex 3.802404e-02 7.303417e+00 1.817431e+01
      endloop
   endfacet
   facet normal -9.936444e-01 -1.037654e-01 4.363060e-02
      outer loop
         vertex 3.802404e-02 7.303417e+00 1.817431e+01
         vertex 3.043935e-02 7.302754e+00 1.800000e+01
         vertex 5.832687e-02 7.035706e+00 1.800000e+01
      endloop
   endfacet
   facet normal -9.927459e-01 -1.087181e-01 5.134169e-02
      outer loop
         vertex 3.802404e-02 7.303417e+00 1.817431e+01
         vertex 5.832687e-02 7.035706e+00 1.800000e+01
         vertex 7.598475e-02 6.956783e+00 1.817431e+01
      endloop
   endfacet
   facet normal -9.911424e-01 -1.254391e-01 4.360843e-02
      outer loop
         vertex 5.832687e-02 7.035706e+00 1.800000e+01
         vertex 6.844103e-02 6.955790e+00 1.800000e+01
         vertex 7.598475e-02 6.956783e+00 1.817431e+01
      endloop
   endfacet
   facet normal -9.874218e-01 -1.519779e-01 4.359856e-02
      outer loop
         vertex 7.598475e-02 6.956783e+00 1.817431e+01
         vertex 6.844103e-02 6.955790e+00 1.800000e+01
         vertex 1.215376e-01 6.610814e+00 1.800000e+01
      endloop
   endfacet
   facet normal -9.874204e-01 -1.519839e-01 4.361085e-02
      outer loop
         vertex 7.598475e-02 6.956783e+00 1.817431e+01
         vertex 1.215376e-01 6.610814e+00 1.800000e+01
         vertex 1.290329e-01 6.612136e+00 1.817431e+01
      endloop
   endfacet
   facet normal -9.832814e-01 -1.767907e-01 4.362095e-02
      outer loop
         vertex 1.290329e-01 6.612136e+00 1.817431e+01
         vertex 1.215376e-01 6.610814e+00 1.800000e+01
         vertex 1.310408e-01 6.557959e+00 1.800000e+01
      endloop
   endfacet
   facet normal -9.795947e-01 -1.948487e-01 4.927595e-02
      outer loop
         vertex 1.290329e-01 6.612136e+00 1.817431e+01
         vertex 1.310408e-01 6.557959e+00 1.800000e+01
         vertex 1.970604e-01 6.270130e+00 1.817431e+01
      endloop
   endfacet
   facet normal -9.791927e-01 -1.981931e-01 4.360134e-02
      outer loop
         vertex 1.970604e-01 6.270130e+00 1.817431e+01
         vertex 1.310408e-01 6.557959e+00 1.800000e+01
         vertex 1.896322e-01 6.268483e+00 1.800000e+01
      endloop
   endfacet
   facet normal -9.704176e-01 -2.374634e-01 4.359855e-02
      outer loop
         vertex 1.970604e-01 6.270130e+00 1.817431e+01
         vertex 1.896322e-01 6.268483e+00 1.800000e+01
         vertex 2.799444e-01 5.931417e+00 1.817431e+01
      endloop
   endfacet
   facet normal -9.717107e-01 -2.274301e-01 6.366994e-02
      outer loop
         vertex 2.799444e-01 5.931417e+00 1.817431e+01
         vertex 1.896322e-01 6.268483e+00 1.800000e+01
         vertex 2.324656e-01 6.085474e+00 1.800000e+01
      endloop
   endfacet
   facet normal -9.675650e-01 -2.488260e-01 4.363081e-02
      outer loop
         vertex 2.324656e-01 6.085474e+00 1.800000e+01
         vertex 2.725907e-01 5.929447e+00 1.800000e+01
         vertex 2.799444e-01 5.931417e+00 1.817431e+01
      endloop
   endfacet
   facet normal -9.596020e-01 -2.779584e-01 4.362407e-02
      outer loop
         vertex 2.799444e-01 5.931417e+00 1.817431e+01
         vertex 2.725907e-01 5.929447e+00 1.800000e+01
         vertex 3.622323e-01 5.619975e+00 1.800000e+01
      endloop
   endfacet
   facet normal -9.590037e-01 -2.795198e-01 4.669632e-02
      outer loop
         vertex 2.799444e-01 5.931417e+00 1.817431e+01
         vertex 3.622323e-01 5.619975e+00 1.800000e+01
         vertex 3.775209e-01 5.596641e+00 1.817431e+01
      endloop
   endfacet
   facet normal -9.533070e-01 -2.988375e-01 4.361078e-02
      outer loop
         vertex 3.622323e-01 5.619975e+00 1.800000e+01
         vertex 3.702641e-01 5.594353e+00 1.800000e+01
         vertex 3.775209e-01 5.596641e+00 1.817431e+01
      endloop
   endfacet
   facet normal -9.460298e-01 -3.211332e-01 4.360051e-02
      outer loop
         vertex 3.775209e-01 5.596641e+00 1.817431e+01
         vertex 3.702641e-01 5.594353e+00 1.800000e+01
         vertex 4.824586e-01 5.263838e+00 1.800000e+01
      endloop
   endfacet
   facet normal -9.460270e-01 -3.211396e-01 4.361431e-02
      outer loop
         vertex 3.775209e-01 5.596641e+00 1.817431e+01
         vertex 4.824586e-01 5.263838e+00 1.800000e+01
         vertex 4.896112e-01 5.266441e+00 1.817431e+01
      endloop
   endfacet
   facet normal -9.364881e-01 -3.479756e-01 4.362365e-02
      outer loop
         vertex 4.896112e-01 5.266441e+00 1.817431e+01
         vertex 4.824586e-01 5.263838e+00 1.800000e+01
         vertex 5.198680e-01 5.163160e+00 1.800000e+01
      endloop
   endfacet
   facet normal -9.307030e-01 -3.619309e-01 5.289647e-02
      outer loop
         vertex 4.896112e-01 5.266441e+00 1.817431e+01
         vertex 5.198680e-01 5.163160e+00 1.800000e+01
         vertex 6.159954e-01 4.941445e+00 1.817431e+01
      endloop
   endfacet
   facet normal -9.286684e-01 -3.683363e-01 4.362707e-02
      outer loop
         vertex 6.159954e-01 4.941445e+00 1.817431e+01
         vertex 5.198680e-01 5.163160e+00 1.800000e+01
         vertex 6.089620e-01 4.938532e+00 1.800000e+01
      endloop
   endfacet
   facet normal -9.144411e-01 -4.023613e-01 4.362165e-02
      outer loop
         vertex 6.159954e-01 4.941445e+00 1.817431e+01
         vertex 6.089620e-01 4.938532e+00 1.800000e+01
         vertex 7.564351e-01 4.622269e+00 1.817431e+01
      endloop
   endfacet
   facet normal -9.165024e-01 -3.959468e-01 5.700379e-02
      outer loop
         vertex 7.564351e-01 4.622269e+00 1.817431e+01
         vertex 6.089620e-01 4.938532e+00 1.800000e+01
         vertex 7.047988e-01 4.716697e+00 1.800000e+01
      endloop
   endfacet
   facet normal -9.082567e-01 -4.161327e-01 4.362606e-02
      outer loop
         vertex 7.047988e-01 4.716697e+00 1.800000e+01
         vertex 7.495359e-01 4.619054e+00 1.800000e+01
         vertex 7.564351e-01 4.622269e+00 1.817431e+01
      endloop
   endfacet
   facet normal -8.960187e-01 -4.418689e-01 4.361649e-02
      outer loop
         vertex 7.564351e-01 4.622269e+00 1.817431e+01
         vertex 7.495359e-01 4.619054e+00 1.800000e+01
         vertex 9.039119e-01 4.306011e+00 1.800000e+01
      endloop
   endfacet
   facet normal -8.960208e-01 -4.418654e-01 4.360836e-02
      outer loop
         vertex 7.564351e-01 4.622269e+00 1.817431e+01
         vertex 9.039119e-01 4.306011e+00 1.800000e+01
         vertex 9.106621e-01 4.309526e+00 1.817431e+01
      endloop
   endfacet
   facet normal -8.853923e-01 -4.627935e-01 4.361877e-02
      outer loop
         vertex 9.106621e-01 4.309526e+00 1.817431e+01
         vertex 9.039119e-01 4.306011e+00 1.800000e+01
         vertex 9.163506e-01 4.282214e+00 1.800000e+01
      endloop
   endfacet
   facet normal -8.757712e-01 -4.804621e-01 4.670116e-02
      outer loop
         vertex 9.106621e-01 4.309526e+00 1.817431e+01
         vertex 9.163506e-01 4.282214e+00 1.800000e+01
         vertex 1.078386e+00 4.003804e+00 1.817431e+01
      endloop
   endfacet
   facet normal -8.750851e-01 -4.820006e-01 4.360621e-02
      outer loop
         vertex 9.163506e-01 4.282214e+00 1.800000e+01
         vertex 1.071796e+00 3.999999e+00 1.800000e+01
         vertex 1.078386e+00 4.003804e+00 1.817431e+01
      endloop
   endfacet
   facet normal -8.601278e-01 -5.082106e-01 4.361292e-02
      outer loop
         vertex 1.078386e+00 4.003804e+00 1.817431e+01
         vertex 1.071796e+00 3.999999e+00 1.800000e+01
         vertex 1.153748e+00 3.861297e+00 1.800000e+01
      endloop
   endfacet
   facet normal -8.536436e-01 -5.180063e-01 5.442474e-02
      outer loop
         vertex 1.078386e+00 4.003804e+00 1.817431e+01
         vertex 1.153748e+00 3.861297e+00 1.800000e+01
         vertex 1.259286e+00 3.705692e+00 1.817431e+01
      endloop
   endfacet
   facet normal -8.488354e-01 -5.268551e-01 4.361428e-02
      outer loop
         vertex 1.153748e+00 3.861297e+00 1.800000e+01
         vertex 1.252867e+00 3.701603e+00 1.800000e+01
         vertex 1.259286e+00 3.705692e+00 1.817431e+01
      endloop
   endfacet
   facet normal -8.325360e-01 -5.522517e-01 4.360977e-02
      outer loop
         vertex 1.259286e+00 3.705692e+00 1.817431e+01
         vertex 1.252867e+00 3.701603e+00 1.800000e+01
         vertex 1.416128e+00 3.455482e+00 1.800000e+01
      endloop
   endfacet
   facet normal -8.304597e-01 -5.548953e-01 4.927269e-02
      outer loop
         vertex 1.259286e+00 3.705692e+00 1.817431e+01
         vertex 1.416128e+00 3.455482e+00 1.800000e+01
         vertex 1.453016e+00 3.415754e+00 1.817431e+01
      endloop
   endfacet
   facet normal -8.202893e-01 -5.702835e-01 4.361320e-02
      outer loop
         vertex 1.416128e+00 3.455482e+00 1.800000e+01
         vertex 1.446784e+00 3.411388e+00 1.800000e+01
         vertex 1.453016e+00 3.415754e+00 1.817431e+01
      endloop
   endfacet
   facet normal -8.056784e-01 -5.907462e-01 4.360333e-02
      outer loop
         vertex 1.453016e+00 3.415754e+00 1.817431e+01
         vertex 1.446784e+00 3.411388e+00 1.800000e+01
         vertex 1.653172e+00 3.129909e+00 1.800000e+01
      endloop
   endfacet
   facet normal -8.056760e-01 -5.907490e-01 4.361066e-02
      outer loop
         vertex 1.453016e+00 3.415754e+00 1.817431e+01
         vertex 1.653172e+00 3.129909e+00 1.800000e+01
         vertex 1.659211e+00 3.134541e+00 1.817431e+01
      endloop
   endfacet
   facet normal -7.895192e-01 -6.121737e-01 4.362031e-02
      outer loop
         vertex 1.659211e+00 3.134541e+00 1.817431e+01
         vertex 1.653172e+00 3.129909e+00 1.800000e+01
         vertex 1.702532e+00 3.066249e+00 1.800000e+01
      endloop
   endfacet
   facet normal -7.788589e-01 -6.250951e-01 5.133208e-02
      outer loop
         vertex 1.659211e+00 3.134541e+00 1.817431e+01
         vertex 1.702532e+00 3.066249e+00 1.800000e+01
         vertex 1.877472e+00 2.862591e+00 1.817431e+01
      endloop
   endfacet
   facet normal -7.759908e-01 -6.292342e-01 4.361766e-02
      outer loop
         vertex 1.877472e+00 2.862591e+00 1.817431e+01
         vertex 1.702532e+00 3.066249e+00 1.800000e+01
         vertex 1.871642e+00 2.857698e+00 1.800000e+01
      endloop
   endfacet
   facet normal -7.511249e-01 -6.587179e-01 4.361363e-02
      outer loop
         vertex 1.877472e+00 2.862591e+00 1.817431e+01
         vertex 1.871642e+00 2.857698e+00 1.800000e+01
         vertex 2.107389e+00 2.600420e+00 1.817431e+01
      endloop
   endfacet
   facet normal -7.559599e-01 -6.518334e-01 6.031393e-02
      outer loop
         vertex 2.107389e+00 2.600420e+00 1.817431e+01
         vertex 1.871642e+00 2.857698e+00 1.800000e+01
         vertex 2.011914e+00 2.695018e+00 1.800000e+01
      endloop
   endfacet
   facet normal -7.422227e-01 -6.687323e-01 4.361867e-02
      outer loop
         vertex 2.011914e+00 2.695018e+00 1.800000e+01
         vertex 2.101779e+00 2.595278e+00 1.800000e+01
         vertex 2.107389e+00 2.600420e+00 1.817431e+01
      endloop
   endfacet
   facet normal -7.216739e-01 -6.908582e-01 4.361009e-02
      outer loop
         vertex 2.107389e+00 2.600420e+00 1.817431e+01
         vertex 2.101779e+00 2.595278e+00 1.800000e+01
         vertex 2.343144e+00 2.343146e+00 1.800000e+01
      endloop
   endfacet
   facet normal -7.216723e-01 -6.908595e-01 4.361420e-02
      outer loop
         vertex 2.107389e+00 2.600420e+00 1.817431e+01
         vertex 2.343144e+00 2.343146e+00 1.800000e+01
         vertex 2.348527e+00 2.348527e+00 1.817431e+01
      endloop
   endfacet
   facet normal -6.908580e-01 -7.216737e-01 4.361387e-02
      outer loop
         vertex 2.348527e+00 2.348527e+00 1.817431e+01
         vertex 2.343144e+00 2.343146e+00 1.800000e+01
         vertex 2.595276e+00 2.101781e+00 1.800000e+01
      endloop
   endfacet
   facet normal -6.908566e-01 -7.216749e-01 4.361746e-02
      outer loop
         vertex 2.348527e+00 2.348527e+00 1.817431e+01
         vertex 2.595276e+00 2.101781e+00 1.800000e+01
         vertex 2.600420e+00 2.107391e+00 1.817431e+01
      endloop
   endfacet
   facet normal -6.687397e-01 -7.422156e-01 4.362581e-02
      outer loop
         vertex 2.600420e+00 2.107391e+00 1.817431e+01
         vertex 2.595276e+00 2.101781e+00 1.800000e+01
         vertex 2.695017e+00 2.011914e+00 1.800000e+01
      endloop
   endfacet
   facet normal -6.583862e-01 -7.507467e-01 5.391740e-02
      outer loop
         vertex 2.600420e+00 2.107391e+00 1.817431e+01
         vertex 2.695017e+00 2.011914e+00 1.800000e+01
         vertex 2.862591e+00 1.877474e+00 1.817431e+01
      endloop
   endfacet
   facet normal -6.523956e-01 -7.566219e-01 4.362698e-02
      outer loop
         vertex 2.695017e+00 2.011914e+00 1.800000e+01
         vertex 2.857696e+00 1.871644e+00 1.800000e+01
         vertex 2.862591e+00 1.877474e+00 1.817431e+01
      endloop
   endfacet
   facet normal -6.292348e-01 -7.759900e-01 4.362437e-02
      outer loop
         vertex 2.862591e+00 1.877474e+00 1.817431e+01
         vertex 2.857696e+00 1.871644e+00 1.800000e+01
         vertex 3.066249e+00 1.702532e+00 1.800000e+01
      endloop
   endfacet
   facet normal -6.250982e-01 -7.788562e-01 5.133400e-02
      outer loop
         vertex 2.862591e+00 1.877474e+00 1.817431e+01
         vertex 3.066249e+00 1.702532e+00 1.800000e+01
         vertex 3.134541e+00 1.659211e+00 1.817431e+01
      endloop
   endfacet
   facet normal -6.121847e-01 -7.895104e-01 4.362683e-02
      outer loop
         vertex 3.066249e+00 1.702532e+00 1.800000e+01
         vertex 3.129907e+00 1.653172e+00 1.800000e+01
         vertex 3.134541e+00 1.659211e+00 1.817431e+01
      endloop
   endfacet
   facet normal -5.907459e-01 -8.056779e-01 4.361695e-02
      outer loop
         vertex 3.134541e+00 1.659211e+00 1.817431e+01
         vertex 3.129907e+00 1.653172e+00 1.800000e+01
         vertex 3.411386e+00 1.446784e+00 1.800000e+01
      endloop
   endfacet
   facet normal -5.907480e-01 -8.056766e-01 4.361192e-02
      outer loop
         vertex 3.134541e+00 1.659211e+00 1.817431e+01
         vertex 3.411386e+00 1.446784e+00 1.800000e+01
         vertex 3.415752e+00 1.453018e+00 1.817431e+01
      endloop
   endfacet
   facet normal -5.702671e-01 -8.203003e-01 4.362195e-02
      outer loop
         vertex 3.415752e+00 1.453018e+00 1.817431e+01
         vertex 3.411386e+00 1.446784e+00 1.800000e+01
         vertex 3.455482e+00 1.416128e+00 1.800000e+01
      endloop
   endfacet
   facet normal -5.548965e-01 -8.304588e-01 4.927518e-02
      outer loop
         vertex 3.415752e+00 1.453018e+00 1.817431e+01
         vertex 3.455482e+00 1.416128e+00 1.800000e+01
         vertex 3.705692e+00 1.259286e+00 1.817431e+01
      endloop
   endfacet
   facet normal -5.522545e-01 -8.325339e-01 4.361566e-02
      outer loop
         vertex 3.705692e+00 1.259286e+00 1.817431e+01
         vertex 3.455482e+00 1.416128e+00 1.800000e+01
         vertex 3.701601e+00 1.252867e+00 1.800000e+01
      endloop
   endfacet
   facet normal -5.182777e-01 -8.540997e-01 4.361248e-02
      outer loop
         vertex 3.705692e+00 1.259286e+00 1.817431e+01
         vertex 3.701601e+00 1.252867e+00 1.800000e+01
         vertex 4.003804e+00 1.078388e+00 1.817431e+01
      endloop
   endfacet
   facet normal -5.262824e-01 -8.479225e-01 6.367342e-02
      outer loop
         vertex 4.003804e+00 1.078388e+00 1.817431e+01
         vertex 3.701601e+00 1.252867e+00 1.800000e+01
         vertex 3.861297e+00 1.153748e+00 1.800000e+01
      endloop
   endfacet
   facet normal -5.082154e-01 -8.601243e-01 4.362752e-02
      outer loop
         vertex 3.861297e+00 1.153748e+00 1.800000e+01
         vertex 3.999997e+00 1.071796e+00 1.800000e+01
         vertex 4.003804e+00 1.078388e+00 1.817431e+01
      endloop
   endfacet
   facet normal -4.819978e-01 -8.750859e-01 4.362068e-02
      outer loop
         vertex 4.003804e+00 1.078388e+00 1.817431e+01
         vertex 3.999997e+00 1.071796e+00 1.800000e+01
         vertex 4.282214e+00 9.163506e-01 1.800000e+01
      endloop
   endfacet
   facet normal -4.804643e-01 -8.757697e-01 4.670576e-02
      outer loop
         vertex 4.003804e+00 1.078388e+00 1.817431e+01
         vertex 4.282214e+00 9.163506e-01 1.800000e+01
         vertex 4.309524e+00 9.106640e-01 1.817431e+01
      endloop
   endfacet
   facet normal -4.627392e-01 -8.854210e-01 4.361383e-02
      outer loop
         vertex 4.282214e+00 9.163506e-01 1.800000e+01
         vertex 4.306011e+00 9.039138e-01 1.800000e+01
         vertex 4.309524e+00 9.106640e-01 1.817431e+01
      endloop
   endfacet
   facet normal -4.418723e-01 -8.960176e-01 4.360366e-02
      outer loop
         vertex 4.309524e+00 9.106640e-01 1.817431e+01
         vertex 4.306011e+00 9.039138e-01 1.800000e+01
         vertex 4.619051e+00 7.495377e-01 1.800000e+01
      endloop
   endfacet
   facet normal -4.418674e-01 -8.960195e-01 4.361400e-02
      outer loop
         vertex 4.309524e+00 9.106640e-01 1.817431e+01
         vertex 4.619051e+00 7.495377e-01 1.800000e+01
         vertex 4.622269e+00 7.564351e-01 1.817431e+01
      endloop
   endfacet
   facet normal -4.161328e-01 -9.082569e-01 4.362303e-02
      outer loop
         vertex 4.622269e+00 7.564351e-01 1.817431e+01
         vertex 4.619051e+00 7.495377e-01 1.800000e+01
         vertex 4.716694e+00 7.048007e-01 1.800000e+01
      endloop
   endfacet
   facet normal -4.021810e-01 -9.140312e-01 5.289126e-02
      outer loop
         vertex 4.622269e+00 7.564351e-01 1.817431e+01
         vertex 4.716694e+00 7.048007e-01 1.800000e+01
         vertex 4.941445e+00 6.159954e-01 1.817431e+01
      endloop
   endfacet
   facet normal -3.962101e-01 -9.171233e-01 4.361727e-02
      outer loop
         vertex 4.941445e+00 6.159954e-01 1.817431e+01
         vertex 4.716694e+00 7.048007e-01 1.800000e+01
         vertex 4.938532e+00 6.089639e-01 1.800000e+01
      endloop
   endfacet
   facet normal -3.620999e-01 -9.311185e-01 4.361175e-02
      outer loop
         vertex 4.941445e+00 6.159954e-01 1.817431e+01
         vertex 4.938532e+00 6.089639e-01 1.800000e+01
         vertex 5.266439e+00 4.896093e-01 1.817431e+01
      endloop
   endfacet
   facet normal -3.680895e-01 -9.280424e-01 5.698556e-02
      outer loop
         vertex 5.266439e+00 4.896093e-01 1.817431e+01
         vertex 4.938532e+00 6.089639e-01 1.800000e+01
         vertex 5.163159e+00 5.198698e-01 1.800000e+01
      endloop
   endfacet
   facet normal -3.479854e-01 -9.364852e-01 4.360809e-02
      outer loop
         vertex 5.163159e+00 5.198698e-01 1.800000e+01
         vertex 5.263839e+00 4.824586e-01 1.800000e+01
         vertex 5.266439e+00 4.896093e-01 1.817431e+01
      endloop
   endfacet
   facet normal -3.211332e-01 -9.460299e-01 4.359908e-02
      outer loop
         vertex 5.266439e+00 4.896093e-01 1.817431e+01
         vertex 5.263839e+00 4.824586e-01 1.800000e+01
         vertex 5.594354e+00 3.702641e-01 1.800000e+01
      endloop
   endfacet
   facet normal -3.211284e-01 -9.460311e-01 4.360889e-02
      outer loop
         vertex 5.266439e+00 4.896093e-01 1.817431e+01
         vertex 5.594354e+00 3.702641e-01 1.800000e+01
         vertex 5.596641e+00 3.775228e-01 1.817431e+01
      endloop
   endfacet
   facet normal -2.988671e-01 -9.532973e-01 4.361936e-02
      outer loop
         vertex 5.596641e+00 3.775228e-01 1.817431e+01
         vertex 5.594354e+00 3.702641e-01 1.800000e+01
         vertex 5.619973e+00 3.622323e-01 1.800000e+01
      endloop
   endfacet
   facet normal -2.795260e-01 -9.590013e-01 4.670851e-02
      outer loop
         vertex 5.596641e+00 3.775228e-01 1.817431e+01
         vertex 5.619973e+00 3.622323e-01 1.800000e+01
         vertex 5.931415e+00 2.799444e-01 1.817431e+01
      endloop
   endfacet
   facet normal -2.779509e-01 -9.596049e-01 4.360940e-02
      outer loop
         vertex 5.619973e+00 3.622323e-01 1.800000e+01
         vertex 5.929448e+00 2.725925e-01 1.800000e+01
         vertex 5.931415e+00 2.799444e-01 1.817431e+01
      endloop
   endfacet
   facet normal -2.488384e-01 -9.675624e-01 4.361651e-02
      outer loop
         vertex 5.931415e+00 2.799444e-01 1.817431e+01
         vertex 5.929448e+00 2.725925e-01 1.800000e+01
         vertex 6.085474e+00 2.324656e-01 1.800000e+01
      endloop
   endfacet
   facet normal -2.373314e-01 -9.699030e-01 5.442410e-02
      outer loop
         vertex 5.931415e+00 2.799444e-01 1.817431e+01
         vertex 6.085474e+00 2.324656e-01 1.800000e+01
         vertex 6.270129e+00 1.970623e-01 1.817431e+01
      endloop
   endfacet
   facet normal -2.276756e-01 -9.727598e-01 4.361503e-02
      outer loop
         vertex 6.085474e+00 2.324656e-01 1.800000e+01
         vertex 6.268483e+00 1.896322e-01 1.800000e+01
         vertex 6.270129e+00 1.970623e-01 1.817431e+01
      endloop
   endfacet
   facet normal -1.981924e-01 -9.791925e-01 4.361073e-02
      outer loop
         vertex 6.270129e+00 1.970623e-01 1.817431e+01
         vertex 6.268483e+00 1.896322e-01 1.800000e+01
         vertex 6.557960e+00 1.310408e-01 1.800000e+01
      endloop
   endfacet
   facet normal -1.948549e-01 -9.795936e-01 4.927372e-02
      outer loop
         vertex 6.270129e+00 1.970623e-01 1.817431e+01
         vertex 6.557960e+00 1.310408e-01 1.800000e+01
         vertex 6.612133e+00 1.290329e-01 1.817431e+01
      endloop
   endfacet
   facet normal -1.767937e-01 -9.832810e-01 4.361812e-02
      outer loop
         vertex 6.557960e+00 1.310408e-01 1.800000e+01
         vertex 6.610814e+00 1.215376e-01 1.800000e+01
         vertex 6.612133e+00 1.290329e-01 1.817431e+01
      endloop
   endfacet
   facet normal -1.519790e-01 -9.874212e-01 4.360841e-02
      outer loop
         vertex 6.612133e+00 1.290329e-01 1.817431e+01
         vertex 6.610814e+00 1.215376e-01 1.800000e+01
         vertex 6.955788e+00 6.844103e-02 1.800000e+01
      endloop
   endfacet
   facet normal -1.519779e-01 -9.874213e-01 4.361072e-02
      outer loop
         vertex 6.612133e+00 1.290329e-01 1.817431e+01
         vertex 6.955788e+00 6.844103e-02 1.800000e+01
         vertex 6.956782e+00 7.598661e-02 1.817431e+01
      endloop
   endfacet
   facet normal -1.254120e-01 -9.911453e-01 4.362033e-02
      outer loop
         vertex 6.956782e+00 7.598661e-02 1.817431e+01
         vertex 6.955788e+00 6.844103e-02 1.800000e+01
         vertex 7.035706e+00 5.832873e-02 1.800000e+01
      endloop
   endfacet
   facet normal -1.087231e-01 -9.927455e-01 5.133880e-02
      outer loop
         vertex 6.956782e+00 7.598661e-02 1.817431e+01
         vertex 7.035706e+00 5.832873e-02 1.800000e+01
         vertex 7.303417e+00 3.802404e-02 1.817431e+01
      endloop
   endfacet
   facet normal -1.037654e-01 -9.936448e-01 4.362000e-02
      outer loop
         vertex 7.303417e+00 3.802404e-02 1.817431e+01
         vertex 7.035706e+00 5.832873e-02 1.800000e+01
         vertex 7.302754e+00 3.044121e-02 1.800000e+01
      endloop
   endfacet
   facet normal -6.534066e-02 -9.969094e-01 4.361584e-02
      outer loop
         vertex 7.303417e+00 3.802404e-02 1.817431e+01
         vertex 7.302754e+00 3.044121e-02 1.800000e+01
         vertex 7.651374e+00 1.521781e-02 1.817431e+01
      endloop
   endfacet
   facet normal -7.363415e-02 -9.954589e-01 6.032940e-02
      outer loop
         vertex 7.651374e+00 1.521781e-02 1.817431e+01
         vertex 7.302754e+00 3.044121e-02 1.800000e+01
         vertex 7.516969e+00 1.459569e-02 1.800000e+01
      endloop
   endfacet
   facet normal -5.195009e-02 -9.976967e-01 4.361761e-02
      outer loop
         vertex 7.651374e+00 1.521781e-02 1.817431e+01
         vertex 7.516969e+00 1.459569e-02 1.800000e+01
         vertex 7.651042e+00 7.614493e-03 1.800000e+01
      endloop
   endfacet
   facet normal -9.782042e-01 -2.134279e-02 2.065452e-01
      outer loop
         vertex 5.811453e-02 7.999999e+00 1.847863e+01
         vertex 3.038347e-02 7.999999e+00 1.834730e+01
         vertex 3.796816e-02 7.652370e+00 1.834730e+01
      endloop
   endfacet
   facet normal -9.888840e-01 -2.157581e-02 1.471153e-01
      outer loop
         vertex 3.796816e-02 7.652370e+00 1.834730e+01
         vertex 3.038347e-02 7.999999e+00 1.834730e+01
         vertex 1.458079e-02 7.999999e+00 1.824107e+01
      endloop
   endfacet
   facet normal -9.910862e-01 -2.680158e-02 1.304981e-01
      outer loop
         vertex 1.458079e-02 7.999999e+00 1.824107e+01
         vertex 1.521781e-02 7.651377e+00 1.817431e+01
         vertex 3.796816e-02 7.652370e+00 1.834730e+01
      endloop
   endfacet
   facet normal -9.893275e-01 -6.484320e-02 1.304854e-01
      outer loop
         vertex 3.796816e-02 7.652370e+00 1.834730e+01
         vertex 1.521781e-02 7.651377e+00 1.817431e+01
         vertex 3.802404e-02 7.303417e+00 1.817431e+01
      endloop
   endfacet
   facet normal -9.893260e-01 -6.484772e-02 1.304945e-01
      outer loop
         vertex 3.796816e-02 7.652370e+00 1.834730e+01
         vertex 3.802404e-02 7.303417e+00 1.817431e+01
         vertex 6.071106e-02 7.305401e+00 1.834730e+01
      endloop
   endfacet
   facet normal -9.855568e-01 -1.079308e-01 1.304944e-01
      outer loop
         vertex 6.071106e-02 7.305401e+00 1.834730e+01
         vertex 3.802404e-02 7.303417e+00 1.817431e+01
         vertex 7.598475e-02 6.956783e+00 1.817431e+01
      endloop
   endfacet
   facet normal -9.855566e-01 -1.079313e-01 1.304954e-01
      outer loop
         vertex 6.071106e-02 7.305401e+00 1.834730e+01
         vertex 7.598475e-02 6.956783e+00 1.817431e+01
         vertex 9.856373e-02 6.959756e+00 1.834730e+01
      endloop
   endfacet
   facet normal -9.799091e-01 -1.508278e-01 1.304955e-01
      outer loop
         vertex 9.856373e-02 6.959756e+00 1.834730e+01
         vertex 7.598475e-02 6.956783e+00 1.817431e+01
         vertex 1.290329e-01 6.612136e+00 1.817431e+01
      endloop
   endfacet
   facet normal -9.799110e-01 -1.508234e-01 1.304863e-01
      outer loop
         vertex 9.856373e-02 6.959756e+00 1.834730e+01
         vertex 1.290329e-01 6.612136e+00 1.817431e+01
         vertex 1.514591e-01 6.616090e+00 1.834730e+01
      endloop
   endfacet
   facet normal -9.724006e-01 -1.934178e-01 1.304863e-01
      outer loop
         vertex 1.514591e-01 6.616090e+00 1.834730e+01
         vertex 1.290329e-01 6.612136e+00 1.817431e+01
         vertex 1.970604e-01 6.270130e+00 1.817431e+01
      endloop
   endfacet
   facet normal -9.723958e-01 -1.934276e-01 1.305072e-01
      outer loop
         vertex 1.514591e-01 6.616090e+00 1.834730e+01
         vertex 1.970604e-01 6.270130e+00 1.817431e+01
         vertex 2.192967e-01 6.275059e+00 1.834730e+01
      endloop
   endfacet
   facet normal -9.630337e-01 -2.356565e-01 1.305069e-01
      outer loop
         vertex 2.192967e-01 6.275059e+00 1.834730e+01
         vertex 1.970604e-01 6.270130e+00 1.817431e+01
         vertex 2.799444e-01 5.931417e+00 1.817431e+01
      endloop
   endfacet
   facet normal -9.630366e-01 -2.356512e-01 1.304955e-01
      outer loop
         vertex 2.192967e-01 6.275059e+00 1.834730e+01
         vertex 2.799444e-01 5.931417e+00 1.817431e+01
         vertex 3.019422e-01 5.937311e+00 1.834730e+01
      endloop
   endfacet
   facet normal -9.518415e-01 -2.774322e-01 1.304955e-01
      outer loop
         vertex 3.019422e-01 5.937311e+00 1.834730e+01
         vertex 2.799444e-01 5.931417e+00 1.817431e+01
         vertex 3.775209e-01 5.596641e+00 1.817431e+01
      endloop
   endfacet
   facet normal -9.518378e-01 -2.774385e-01 1.305094e-01
      outer loop
         vertex 3.019422e-01 5.937311e+00 1.834730e+01
         vertex 3.775209e-01 5.596641e+00 1.817431e+01
         vertex 3.992431e-01 5.603490e+00 1.834730e+01
      endloop
   endfacet
   facet normal -9.388291e-01 -3.186961e-01 1.305094e-01
      outer loop
         vertex 3.992431e-01 5.603490e+00 1.834730e+01
         vertex 3.775209e-01 5.596641e+00 1.817431e+01
         vertex 4.896112e-01 5.266441e+00 1.817431e+01
      endloop
   endfacet
   facet normal -9.388364e-01 -3.186850e-01 1.304838e-01
      outer loop
         vertex 3.992431e-01 5.603490e+00 1.834730e+01
         vertex 4.896112e-01 5.266441e+00 1.817431e+01
         vertex 5.110092e-01 5.274231e+00 1.834730e+01
      endloop
   endfacet
   facet normal -9.240395e-01 -3.593396e-01 1.304841e-01
      outer loop
         vertex 5.110092e-01 5.274231e+00 1.834730e+01
         vertex 4.896112e-01 5.266441e+00 1.817431e+01
         vertex 6.159954e-01 4.941445e+00 1.817431e+01
      endloop
   endfacet
   facet normal -9.240357e-01 -3.593448e-01 1.304966e-01
      outer loop
         vertex 5.110092e-01 5.274231e+00 1.834730e+01
         vertex 6.159954e-01 4.941445e+00 1.817431e+01
         vertex 6.370358e-01 4.950160e+00 1.834730e+01
      endloop
   endfacet
   facet normal -9.074853e-01 -3.993007e-01 1.304966e-01
      outer loop
         vertex 6.370358e-01 4.950160e+00 1.834730e+01
         vertex 6.159954e-01 4.941445e+00 1.817431e+01
         vertex 7.564351e-01 4.622269e+00 1.817431e+01
      endloop
   endfacet
   facet normal -9.074886e-01 -3.992966e-01 1.304864e-01
      outer loop
         vertex 6.370358e-01 4.950160e+00 1.834730e+01
         vertex 7.564351e-01 4.622269e+00 1.817431e+01
         vertex 7.770732e-01 4.631895e+00 1.834730e+01
      endloop
   endfacet
   facet normal -8.892058e-01 -4.385046e-01 1.304868e-01
      outer loop
         vertex 7.770732e-01 4.631895e+00 1.834730e+01
         vertex 7.564351e-01 4.622269e+00 1.817431e+01
         vertex 9.106621e-01 4.309526e+00 1.817431e+01
      endloop
   endfacet
   facet normal -8.892010e-01 -4.385101e-01 1.305007e-01
      outer loop
         vertex 7.770732e-01 4.631895e+00 1.834730e+01
         vertex 9.106621e-01 4.309526e+00 1.817431e+01
         vertex 9.308644e-01 4.320040e+00 1.834730e+01
      endloop
   endfacet
   facet normal -8.692302e-01 -4.768737e-01 1.305002e-01
      outer loop
         vertex 9.308644e-01 4.320040e+00 1.834730e+01
         vertex 9.106621e-01 4.309526e+00 1.817431e+01
         vertex 1.078386e+00 4.003804e+00 1.817431e+01
      endloop
   endfacet
   facet normal -8.692325e-01 -4.768712e-01 1.304938e-01
      outer loop
         vertex 9.308644e-01 4.320040e+00 1.834730e+01
         vertex 1.078386e+00 4.003804e+00 1.817431e+01
         vertex 1.098108e+00 4.015192e+00 1.834730e+01
      endloop
   endfacet
   facet normal -8.476004e-01 -5.143392e-01 1.304942e-01
      outer loop
         vertex 1.098108e+00 4.015192e+00 1.834730e+01
         vertex 1.078386e+00 4.003804e+00 1.817431e+01
         vertex 1.259286e+00 3.705692e+00 1.817431e+01
      endloop
   endfacet
   facet normal -8.475980e-01 -5.143415e-01 1.305006e-01
      outer loop
         vertex 1.098108e+00 4.015192e+00 1.834730e+01
         vertex 1.259286e+00 3.705692e+00 1.817431e+01
         vertex 1.278494e+00 3.717929e+00 1.834730e+01
      endloop
   endfacet
   facet normal -8.243591e-01 -5.508190e-01 1.305008e-01
      outer loop
         vertex 1.278494e+00 3.717929e+00 1.834730e+01
         vertex 1.259286e+00 3.705692e+00 1.817431e+01
         vertex 1.453016e+00 3.415754e+00 1.817431e+01
      endloop
   endfacet
   facet normal -8.243591e-01 -5.508191e-01 1.305008e-01
      outer loop
         vertex 1.278494e+00 3.717929e+00 1.834730e+01
         vertex 1.453016e+00 3.415754e+00 1.817431e+01
         vertex 1.471672e+00 3.428817e+00 1.834730e+01
      endloop
   endfacet
   facet normal -7.995467e-01 -5.862548e-01 1.305007e-01
      outer loop
         vertex 1.471672e+00 3.428817e+00 1.834730e+01
         vertex 1.453016e+00 3.415754e+00 1.817431e+01
         vertex 1.659211e+00 3.134541e+00 1.817431e+01
      endloop
   endfacet
   facet normal -7.995491e-01 -5.862528e-01 1.304947e-01
      outer loop
         vertex 1.471672e+00 3.428817e+00 1.834730e+01
         vertex 1.659211e+00 3.134541e+00 1.817431e+01
         vertex 1.677278e+00 3.148405e+00 1.834730e+01
      endloop
   endfacet
   facet normal -7.732183e-01 -6.205680e-01 1.304947e-01
      outer loop
         vertex 1.677278e+00 3.148405e+00 1.834730e+01
         vertex 1.659211e+00 3.134541e+00 1.817431e+01
         vertex 1.877472e+00 2.862591e+00 1.817431e+01
      endloop
   endfacet
   facet normal -7.732187e-01 -6.205677e-01 1.304936e-01
      outer loop
         vertex 1.677278e+00 3.148405e+00 1.834730e+01
         vertex 1.877472e+00 2.862591e+00 1.817431e+01
         vertex 1.894917e+00 2.877230e+00 1.834730e+01
      endloop
   endfacet
   facet normal -7.454114e-01 -6.537073e-01 1.304936e-01
      outer loop
         vertex 1.894917e+00 2.877230e+00 1.834730e+01
         vertex 1.877472e+00 2.862591e+00 1.817431e+01
         vertex 2.107389e+00 2.600420e+00 1.817431e+01
      endloop
   endfacet
   facet normal -7.454057e-01 -6.537111e-01 1.305068e-01
      outer loop
         vertex 1.894917e+00 2.877230e+00 1.834730e+01
         vertex 2.107389e+00 2.600420e+00 1.817431e+01
         vertex 2.124183e+00 2.615806e+00 1.834730e+01
      endloop
   endfacet
   facet normal -7.161817e-01 -6.856033e-01 1.305062e-01
      outer loop
         vertex 2.124183e+00 2.615806e+00 1.834730e+01
         vertex 2.107389e+00 2.600420e+00 1.817431e+01
         vertex 2.348527e+00 2.348527e+00 1.817431e+01
      endloop
   endfacet
   facet normal -7.161933e-01 -6.855962e-01 1.304801e-01
      outer loop
         vertex 2.124183e+00 2.615806e+00 1.834730e+01
         vertex 2.348527e+00 2.348527e+00 1.817431e+01
         vertex 2.364628e+00 2.364630e+00 1.834730e+01
      endloop
   endfacet
   facet normal -6.856029e-01 -7.161868e-01 1.304805e-01
      outer loop
         vertex 2.364628e+00 2.364630e+00 1.834730e+01
         vertex 2.348527e+00 2.348527e+00 1.817431e+01
         vertex 2.600420e+00 2.107391e+00 1.817431e+01
      endloop
   endfacet
   facet normal -6.855946e-01 -7.161914e-01 1.304987e-01
      outer loop
         vertex 2.364628e+00 2.364630e+00 1.834730e+01
         vertex 2.600420e+00 2.107391e+00 1.817431e+01
         vertex 2.615806e+00 2.124183e+00 1.834730e+01
      endloop
   endfacet
   facet normal -6.537068e-01 -7.454109e-01 1.304989e-01
      outer loop
         vertex 2.615806e+00 2.124183e+00 1.834730e+01
         vertex 2.600420e+00 2.107391e+00 1.817431e+01
         vertex 2.862591e+00 1.877474e+00 1.817431e+01
      endloop
   endfacet
   facet normal -6.537125e-01 -7.454081e-01 1.304867e-01
      outer loop
         vertex 2.615806e+00 2.124183e+00 1.834730e+01
         vertex 2.862591e+00 1.877474e+00 1.817431e+01
         vertex 2.877228e+00 1.894919e+00 1.834730e+01
      endloop
   endfacet
   facet normal -6.205719e-01 -7.732165e-01 1.304871e-01
      outer loop
         vertex 2.877228e+00 1.894919e+00 1.834730e+01
         vertex 2.862591e+00 1.877474e+00 1.817431e+01
         vertex 3.134541e+00 1.659211e+00 1.817431e+01
      endloop
   endfacet
   facet normal -6.205714e-01 -7.732167e-01 1.304881e-01
      outer loop
         vertex 2.877228e+00 1.894919e+00 1.834730e+01
         vertex 3.134541e+00 1.659211e+00 1.817431e+01
         vertex 3.148403e+00 1.677278e+00 1.834730e+01
      endloop
   endfacet
   facet normal -5.862548e-01 -7.995486e-01 1.304885e-01
      outer loop
         vertex 3.148403e+00 1.677278e+00 1.834730e+01
         vertex 3.134541e+00 1.659211e+00 1.817431e+01
         vertex 3.415752e+00 1.453018e+00 1.817431e+01
      endloop
   endfacet
   facet normal -5.862500e-01 -7.995506e-01 1.304985e-01
      outer loop
         vertex 3.148403e+00 1.677278e+00 1.834730e+01
         vertex 3.415752e+00 1.453018e+00 1.817431e+01
         vertex 3.428817e+00 1.471672e+00 1.834730e+01
      endloop
   endfacet
   facet normal -5.508205e-01 -8.243586e-01 1.304979e-01
      outer loop
         vertex 3.428817e+00 1.471672e+00 1.834730e+01
         vertex 3.415752e+00 1.453018e+00 1.817431e+01
         vertex 3.705692e+00 1.259286e+00 1.817431e+01
      endloop
   endfacet
   facet normal -5.508191e-01 -8.243591e-01 1.305008e-01
      outer loop
         vertex 3.428817e+00 1.471672e+00 1.834730e+01
         vertex 3.705692e+00 1.259286e+00 1.817431e+01
         vertex 3.717929e+00 1.278494e+00 1.834730e+01
      endloop
   endfacet
   facet normal -5.143349e-01 -8.476021e-01 1.305006e-01
      outer loop
         vertex 3.717929e+00 1.278494e+00 1.834730e+01
         vertex 3.705692e+00 1.259286e+00 1.817431e+01
         vertex 4.003804e+00 1.078388e+00 1.817431e+01
      endloop
   endfacet
   facet normal -5.143380e-01 -8.476011e-01 1.304942e-01
      outer loop
         vertex 3.717929e+00 1.278494e+00 1.834730e+01
         vertex 4.003804e+00 1.078388e+00 1.817431e+01
         vertex 4.015192e+00 1.098109e+00 1.834730e+01
      endloop
   endfacet
   facet normal -4.768763e-01 -8.692297e-01 1.304938e-01
      outer loop
         vertex 4.015192e+00 1.098109e+00 1.834730e+01
         vertex 4.003804e+00 1.078388e+00 1.817431e+01
         vertex 4.309524e+00 9.106640e-01 1.817431e+01
      endloop
   endfacet
   facet normal -4.768752e-01 -8.692300e-01 1.304961e-01
      outer loop
         vertex 4.015192e+00 1.098109e+00 1.834730e+01
         vertex 4.309524e+00 9.106640e-01 1.817431e+01
         vertex 4.320040e+00 9.308644e-01 1.834730e+01
      endloop
   endfacet
   facet normal -4.385062e-01 -8.892036e-01 1.304959e-01
      outer loop
         vertex 4.320040e+00 9.308644e-01 1.834730e+01
         vertex 4.309524e+00 9.106640e-01 1.817431e+01
         vertex 4.622269e+00 7.564351e-01 1.817431e+01
      endloop
   endfacet
   facet normal -4.385097e-01 -8.892029e-01 1.304892e-01
      outer loop
         vertex 4.320040e+00 9.308644e-01 1.834730e+01
         vertex 4.622269e+00 7.564351e-01 1.817431e+01
         vertex 4.631892e+00 7.770751e-01 1.834730e+01
      endloop
   endfacet
   facet normal -3.993011e-01 -9.074861e-01 1.304897e-01
      outer loop
         vertex 4.631892e+00 7.770751e-01 1.834730e+01
         vertex 4.622269e+00 7.564351e-01 1.817431e+01
         vertex 4.941445e+00 6.159954e-01 1.817431e+01
      endloop
   endfacet
   facet normal -3.992997e-01 -9.074863e-01 1.304924e-01
      outer loop
         vertex 4.631892e+00 7.770751e-01 1.834730e+01
         vertex 4.941445e+00 6.159954e-01 1.817431e+01
         vertex 4.950158e+00 6.370358e-01 1.834730e+01
      endloop
   endfacet
   facet normal -3.593455e-01 -9.240359e-01 1.304928e-01
      outer loop
         vertex 4.950158e+00 6.370358e-01 1.834730e+01
         vertex 4.941445e+00 6.159954e-01 1.817431e+01
         vertex 5.266439e+00 4.896093e-01 1.817431e+01
      endloop
   endfacet
   facet normal -3.593399e-01 -9.240366e-01 1.305037e-01
      outer loop
         vertex 4.950158e+00 6.370358e-01 1.834730e+01
         vertex 5.266439e+00 4.896093e-01 1.817431e+01
         vertex 5.274229e+00 5.110111e-01 1.834730e+01
      endloop
   endfacet
   facet normal -3.186853e-01 -9.388336e-01 1.305037e-01
      outer loop
         vertex 5.274229e+00 5.110111e-01 1.834730e+01
         vertex 5.266439e+00 4.896093e-01 1.817431e+01
         vertex 5.596641e+00 3.775228e-01 1.817431e+01
      endloop
   endfacet
   facet normal -3.186944e-01 -9.388329e-01 1.304861e-01
      outer loop
         vertex 5.274229e+00 5.110111e-01 1.834730e+01
         vertex 5.596641e+00 3.775228e-01 1.817431e+01
         vertex 5.603489e+00 3.992412e-01 1.834730e+01
      endloop
   endfacet
   facet normal -2.774389e-01 -9.518408e-01 1.304863e-01
      outer loop
         vertex 5.603489e+00 3.992412e-01 1.834730e+01
         vertex 5.596641e+00 3.775228e-01 1.817431e+01
         vertex 5.931415e+00 2.799444e-01 1.817431e+01
      endloop
   endfacet
   facet normal -2.774318e-01 -9.518411e-01 1.304999e-01
      outer loop
         vertex 5.603489e+00 3.992412e-01 1.834730e+01
         vertex 5.931415e+00 2.799444e-01 1.817431e+01
         vertex 5.937312e+00 3.019422e-01 1.834730e+01
      endloop
   endfacet
   facet normal -2.356511e-01 -9.630361e-01 1.304992e-01
      outer loop
         vertex 5.937312e+00 3.019422e-01 1.834730e+01
         vertex 5.931415e+00 2.799444e-01 1.817431e+01
         vertex 6.270129e+00 1.970623e-01 1.817431e+01
      endloop
   endfacet
   facet normal -2.356524e-01 -9.630361e-01 1.304967e-01
      outer loop
         vertex 5.937312e+00 3.019422e-01 1.834730e+01
         vertex 6.270129e+00 1.970623e-01 1.817431e+01
         vertex 6.275058e+00 2.192967e-01 1.834730e+01
      endloop
   endfacet
   facet normal -1.934236e-01 -9.723980e-01 1.304969e-01
      outer loop
         vertex 6.275058e+00 2.192967e-01 1.834730e+01
         vertex 6.270129e+00 1.970623e-01 1.817431e+01
         vertex 6.612133e+00 1.290329e-01 1.817431e+01
      endloop
   endfacet
   facet normal -1.934227e-01 -9.723979e-01 1.304986e-01
      outer loop
         vertex 6.275058e+00 2.192967e-01 1.834730e+01
         vertex 6.612133e+00 1.290329e-01 1.817431e+01
         vertex 6.616089e+00 1.514610e-01 1.834730e+01
      endloop
   endfacet
   facet normal -1.508217e-01 -9.799097e-01 1.304983e-01
      outer loop
         vertex 6.616089e+00 1.514610e-01 1.834730e+01
         vertex 6.612133e+00 1.290329e-01 1.817431e+01
         vertex 6.956782e+00 7.598661e-02 1.817431e+01
      endloop
   endfacet
   facet normal -1.508232e-01 -9.799098e-01 1.304955e-01
      outer loop
         vertex 6.616089e+00 1.514610e-01 1.834730e+01
         vertex 6.956782e+00 7.598661e-02 1.817431e+01
         vertex 6.959755e+00 9.856559e-02 1.834730e+01
      endloop
   endfacet
   facet normal -1.079357e-01 -9.855561e-01 1.304954e-01
      outer loop
         vertex 6.959755e+00 9.856559e-02 1.834730e+01
         vertex 6.956782e+00 7.598661e-02 1.817431e+01
         vertex 7.303417e+00 3.802404e-02 1.817431e+01
      endloop
   endfacet
   facet normal -1.079359e-01 -9.855561e-01 1.304950e-01
      outer loop
         vertex 6.959755e+00 9.856559e-02 1.834730e+01
         vertex 7.303417e+00 3.802404e-02 1.817431e+01
         vertex 7.305402e+00 6.071106e-02 1.834730e+01
      endloop
   endfacet
   facet normal -6.484364e-02 -9.893262e-01 1.304948e-01
      outer loop
         vertex 7.305402e+00 6.071106e-02 1.834730e+01
         vertex 7.303417e+00 3.802404e-02 1.817431e+01
         vertex 7.651374e+00 1.521781e-02 1.817431e+01
      endloop
   endfacet
   facet normal -6.484293e-02 -9.893261e-01 1.304962e-01
      outer loop
         vertex 7.305402e+00 6.071106e-02 1.834730e+01
         vertex 7.651374e+00 1.521781e-02 1.817431e+01
         vertex 7.652368e+00 3.797002e-02 1.834730e+01
      endloop
   endfacet
   facet normal -9.682650e-01 -2.113264e-02 2.490307e-01
      outer loop
         vertex 7.569790e-02 7.654017e+00 1.851764e+01
         vertex 6.814674e-02 7.999999e+00 1.851764e+01
         vertex 5.811453e-02 7.999999e+00 1.847863e+01
      endloop
   endfacet
   facet normal -2.179426e-02 -9.988109e-01 4.361009e-02
      outer loop
         vertex 7.999998e+00 0.000000e+00 1.800000e+01
         vertex 7.999998e+00 7.610768e-03 1.817431e+01
         vertex 7.651374e+00 1.521781e-02 1.817431e+01
      endloop
   endfacet
   facet normal -2.169708e-02 -9.943573e-01 1.038398e-01
      outer loop
         vertex 7.651374e+00 1.521781e-02 1.817431e+01
         vertex 7.999998e+00 7.610768e-03 1.817431e+01
         vertex 7.999998e+00 1.458265e-02 1.824107e+01
      endloop
   endfacet
   facet normal -2.679824e-02 -9.910849e-01 1.305087e-01
      outer loop
         vertex 7.651374e+00 1.521781e-02 1.817431e+01
         vertex 7.999998e+00 1.458265e-02 1.824107e+01
         vertex 7.652368e+00 3.797002e-02 1.834730e+01
      endloop
   endfacet
   facet normal -2.158116e-02 -9.888864e-01 1.470983e-01
      outer loop
         vertex 7.652368e+00 3.797002e-02 1.834730e+01
         vertex 7.999998e+00 1.458265e-02 1.824107e+01
         vertex 7.999998e+00 3.038347e-02 1.834730e+01
      endloop
   endfacet
   facet normal -2.134797e-02 -9.782013e-01 2.065585e-01
      outer loop
         vertex 7.652368e+00 3.797002e-02 1.834730e+01
         vertex 7.999998e+00 3.038347e-02 1.834730e+01
         vertex 7.999998e+00 5.811639e-02 1.847863e+01
      endloop
   endfacet
   facet normal -9.759757e-01 -2.520145e-02 2.164168e-01
      outer loop
         vertex 5.811453e-02 7.999999e+00 1.847863e+01
         vertex 3.796816e-02 7.652370e+00 1.834730e+01
         vertex 7.569790e-02 7.654017e+00 1.851764e+01
      endloop
   endfacet
   facet normal -9.742141e-01 -6.385717e-02 2.164003e-01
      outer loop
         vertex 7.569790e-02 7.654017e+00 1.851764e+01
         vertex 3.796816e-02 7.652370e+00 1.834730e+01
         vertex 6.071106e-02 7.305401e+00 1.834730e+01
      endloop
   endfacet
   facet normal -9.742196e-01 -6.384638e-02 2.163787e-01
      outer loop
         vertex 7.569790e-02 7.654017e+00 1.851764e+01
         vertex 6.071106e-02 7.305401e+00 1.834730e+01
         vertex 9.832904e-02 7.308693e+00 1.851764e+01
      endloop
   endfacet
   facet normal -9.705071e-01 -1.062832e-01 2.163788e-01
      outer loop
         vertex 9.832904e-02 7.308693e+00 1.851764e+01
         vertex 6.071106e-02 7.305401e+00 1.834730e+01
         vertex 9.856373e-02 6.959756e+00 1.834730e+01
      endloop
   endfacet
   facet normal -9.705006e-01 -1.062946e-01 2.164023e-01
      outer loop
         vertex 9.832904e-02 7.308693e+00 1.851764e+01
         vertex 9.856373e-02 6.959756e+00 1.834730e+01
         vertex 1.360066e-01 6.964685e+00 1.851764e+01
      endloop
   endfacet
   facet normal -9.649415e-01 -1.485193e-01 2.164022e-01
      outer loop
         vertex 1.360066e-01 6.964685e+00 1.851764e+01
         vertex 9.856373e-02 6.959756e+00 1.834730e+01
         vertex 1.514591e-01 6.616090e+00 1.834730e+01
      endloop
   endfacet
   facet normal -9.649459e-01 -1.485122e-01 2.163873e-01
      outer loop
         vertex 1.360066e-01 6.964685e+00 1.851764e+01
         vertex 1.514591e-01 6.616090e+00 1.834730e+01
         vertex 1.886487e-01 6.622648e+00 1.851764e+01
      endloop
   endfacet
   facet normal -9.575470e-01 -1.904739e-01 2.163873e-01
      outer loop
         vertex 1.886487e-01 6.622648e+00 1.851764e+01
         vertex 1.514591e-01 6.616090e+00 1.834730e+01
         vertex 2.192967e-01 6.275059e+00 1.834730e+01
      endloop
   endfacet
   facet normal -9.575512e-01 -1.904677e-01 2.163739e-01
      outer loop
         vertex 1.886487e-01 6.622648e+00 1.851764e+01
         vertex 2.192967e-01 6.275059e+00 1.834730e+01
         vertex 2.561621e-01 6.283233e+00 1.851764e+01
      endloop
   endfacet
   facet normal -9.483320e-01 -2.320531e-01 2.163743e-01
      outer loop
         vertex 2.561621e-01 6.283233e+00 1.851764e+01
         vertex 2.192967e-01 6.275059e+00 1.834730e+01
         vertex 3.019422e-01 5.937311e+00 1.834730e+01
      endloop
   endfacet
   facet normal -9.483313e-01 -2.320539e-01 2.163762e-01
      outer loop
         vertex 2.561621e-01 6.283233e+00 1.851764e+01
         vertex 3.019422e-01 5.937311e+00 1.834730e+01
         vertex 3.384165e-01 5.947085e+00 1.851764e+01
      endloop
   endfacet
   facet normal -9.373055e-01 -2.732026e-01 2.163764e-01
      outer loop
         vertex 3.384165e-01 5.947085e+00 1.851764e+01
         vertex 3.019422e-01 5.937311e+00 1.834730e+01
         vertex 3.992431e-01 5.603490e+00 1.834730e+01
      endloop
   endfacet
   facet normal -9.373074e-01 -2.732003e-01 2.163712e-01
      outer loop
         vertex 3.384165e-01 5.947085e+00 1.851764e+01
         vertex 3.992431e-01 5.603490e+00 1.834730e+01
         vertex 4.352555e-01 5.614846e+00 1.851764e+01
      endloop
   endfacet
   facet normal -9.245005e-01 -3.138187e-01 2.163714e-01
      outer loop
         vertex 4.352555e-01 5.614846e+00 1.851764e+01
         vertex 3.992431e-01 5.603490e+00 1.834730e+01
         vertex 5.110092e-01 5.274231e+00 1.834730e+01
      endloop
   endfacet
   facet normal -9.244922e-01 -3.138279e-01 2.163935e-01
      outer loop
         vertex 4.352555e-01 5.614846e+00 1.851764e+01
         vertex 5.110092e-01 5.274231e+00 1.834730e+01
         vertex 5.464964e-01 5.287146e+00 1.851764e+01
      endloop
   endfacet
   facet normal -9.099228e-01 -3.538565e-01 2.163933e-01
      outer loop
         vertex 5.464964e-01 5.287146e+00 1.851764e+01
         vertex 5.110092e-01 5.274231e+00 1.834730e+01
         vertex 6.370358e-01 4.950160e+00 1.834730e+01
      endloop
   endfacet
   facet normal -9.099279e-01 -3.538514e-01 2.163803e-01
      outer loop
         vertex 5.464964e-01 5.287146e+00 1.851764e+01
         vertex 6.370358e-01 4.950160e+00 1.834730e+01
         vertex 6.719232e-01 4.964611e+00 1.851764e+01
      endloop
   endfacet
   facet normal -8.936298e-01 -3.931987e-01 2.163805e-01
      outer loop
         vertex 6.719232e-01 4.964611e+00 1.851764e+01
         vertex 6.370358e-01 4.950160e+00 1.834730e+01
         vertex 7.770732e-01 4.631895e+00 1.834730e+01
      endloop
   endfacet
   facet normal -8.936215e-01 -3.932065e-01 2.164008e-01
      outer loop
         vertex 6.719232e-01 4.964611e+00 1.851764e+01
         vertex 7.770732e-01 4.631895e+00 1.834730e+01
         vertex 8.113012e-01 4.647854e+00 1.851764e+01
      endloop
   endfacet
   facet normal -8.756192e-01 -4.318122e-01 2.164005e-01
      outer loop
         vertex 8.113012e-01 4.647854e+00 1.851764e+01
         vertex 7.770732e-01 4.631895e+00 1.834730e+01
         vertex 9.308644e-01 4.320040e+00 1.834730e+01
      endloop
   endfacet
   facet normal -8.756209e-01 -4.318108e-01 2.163964e-01
      outer loop
         vertex 8.113012e-01 4.647854e+00 1.851764e+01
         vertex 9.308644e-01 4.320040e+00 1.834730e+01
         vertex 9.643622e-01 4.337478e+00 1.851764e+01
      endloop
   endfacet
   facet normal -8.559557e-01 -4.695874e-01 2.163965e-01
      outer loop
         vertex 9.643622e-01 4.337478e+00 1.851764e+01
         vertex 9.308644e-01 4.320040e+00 1.834730e+01
         vertex 1.098108e+00 4.015192e+00 1.834730e+01
      endloop
   endfacet
   facet normal -8.559590e-01 -4.695849e-01 2.163891e-01
      outer loop
         vertex 9.643622e-01 4.337478e+00 1.851764e+01
         vertex 1.098108e+00 4.015192e+00 1.834730e+01
         vertex 1.130812e+00 4.034074e+00 1.851764e+01
      endloop
   endfacet
   facet normal -8.346538e-01 -5.064866e-01 2.163891e-01
      outer loop
         vertex 1.130812e+00 4.034074e+00 1.851764e+01
         vertex 1.098108e+00 4.015192e+00 1.834730e+01
         vertex 1.278494e+00 3.717929e+00 1.834730e+01
      endloop
   endfacet
   facet normal -8.346588e-01 -5.064831e-01 2.163783e-01
      outer loop
         vertex 1.130812e+00 4.034074e+00 1.851764e+01
         vertex 1.278494e+00 3.717929e+00 1.834730e+01
         vertex 1.310341e+00 3.738219e+00 1.851764e+01
      endloop
   endfacet
   facet normal -8.117718e-01 -5.424085e-01 2.163784e-01
      outer loop
         vertex 1.310341e+00 3.738219e+00 1.851764e+01
         vertex 1.278494e+00 3.717929e+00 1.834730e+01
         vertex 1.471672e+00 3.428817e+00 1.834730e+01
      endloop
   endfacet
   facet normal -8.117673e-01 -5.424114e-01 2.163878e-01
      outer loop
         vertex 1.310341e+00 3.738219e+00 1.851764e+01
         vertex 1.471672e+00 3.428817e+00 1.834730e+01
         vertex 1.502607e+00 3.450476e+00 1.851764e+01
      endloop
   endfacet
   facet normal -7.873384e-01 -5.772995e-01 2.163874e-01
      outer loop
         vertex 1.502607e+00 3.450476e+00 1.851764e+01
         vertex 1.471672e+00 3.428817e+00 1.834730e+01
         vertex 1.677278e+00 3.148405e+00 1.834730e+01
      endloop
   endfacet
   facet normal -7.873403e-01 -5.772984e-01 2.163835e-01
      outer loop
         vertex 1.502607e+00 3.450476e+00 1.851764e+01
         vertex 1.677278e+00 3.148405e+00 1.834730e+01
         vertex 1.707237e+00 3.171394e+00 1.851764e+01
      endloop
   endfacet
   facet normal -7.614106e-01 -6.110908e-01 2.163837e-01
      outer loop
         vertex 1.707237e+00 3.171394e+00 1.851764e+01
         vertex 1.677278e+00 3.148405e+00 1.834730e+01
         vertex 1.894917e+00 2.877230e+00 1.834730e+01
      endloop
   endfacet
   facet normal -7.614036e-01 -6.110945e-01 2.163978e-01
      outer loop
         vertex 1.707237e+00 3.171394e+00 1.851764e+01
         vertex 1.894917e+00 2.877230e+00 1.834730e+01
         vertex 1.923848e+00 2.901504e+00 1.851764e+01
      endloop
   endfacet
   facet normal -7.340214e-01 -6.437272e-01 2.163975e-01
      outer loop
         vertex 1.923848e+00 2.901504e+00 1.851764e+01
         vertex 1.894917e+00 2.877230e+00 1.834730e+01
         vertex 2.124183e+00 2.615806e+00 1.834730e+01
      endloop
   endfacet
   facet normal -7.340245e-01 -6.437257e-01 2.163913e-01
      outer loop
         vertex 1.923848e+00 2.901504e+00 1.851764e+01
         vertex 2.124183e+00 2.615806e+00 1.834730e+01
         vertex 2.152026e+00 2.641318e+00 1.851764e+01
      endloop
   endfacet
   facet normal -7.052536e-01 -6.751238e-01 2.163912e-01
      outer loop
         vertex 2.152026e+00 2.641318e+00 1.851764e+01
         vertex 2.124183e+00 2.615806e+00 1.834730e+01
         vertex 2.364628e+00 2.364630e+00 1.834730e+01
      endloop
   endfacet
   facet normal -7.052547e-01 -6.751234e-01 2.163890e-01
      outer loop
         vertex 2.152026e+00 2.641318e+00 1.851764e+01
         vertex 2.364628e+00 2.364630e+00 1.834730e+01
         vertex 2.391331e+00 2.391333e+00 1.851764e+01
      endloop
   endfacet
   facet normal -6.751243e-01 -7.052538e-01 2.163890e-01
      outer loop
         vertex 2.391331e+00 2.391333e+00 1.851764e+01
         vertex 2.364628e+00 2.364630e+00 1.834730e+01
         vertex 2.615806e+00 2.124183e+00 1.834730e+01
      endloop
   endfacet
   facet normal -6.751268e-01 -7.052529e-01 2.163842e-01
      outer loop
         vertex 2.391331e+00 2.391333e+00 1.851764e+01
         vertex 2.615806e+00 2.124183e+00 1.834730e+01
         vertex 2.641317e+00 2.152026e+00 1.851764e+01
      endloop
   endfacet
   facet normal -6.437287e-01 -7.340239e-01 2.163846e-01
      outer loop
         vertex 2.641317e+00 2.152026e+00 1.851764e+01
         vertex 2.615806e+00 2.124183e+00 1.834730e+01
         vertex 2.877228e+00 1.894919e+00 1.834730e+01
      endloop
   endfacet
   facet normal -6.437259e-01 -7.340248e-01 2.163898e-01
      outer loop
         vertex 2.641317e+00 2.152026e+00 1.851764e+01
         vertex 2.877228e+00 1.894919e+00 1.834730e+01
         vertex 2.901502e+00 1.923848e+00 1.851764e+01
      endloop
   endfacet
   facet normal -6.110931e-01 -7.614070e-01 2.163899e-01
      outer loop
         vertex 2.901502e+00 1.923848e+00 1.851764e+01
         vertex 2.877228e+00 1.894919e+00 1.834730e+01
         vertex 3.148403e+00 1.677278e+00 1.834730e+01
      endloop
   endfacet
   facet normal -6.110922e-01 -7.614073e-01 2.163916e-01
      outer loop
         vertex 2.901502e+00 1.923848e+00 1.851764e+01
         vertex 3.148403e+00 1.677278e+00 1.834730e+01
         vertex 3.171392e+00 1.707239e+00 1.851764e+01
      endloop
   endfacet
   facet normal -5.772965e-01 -7.873394e-01 2.163917e-01
      outer loop
         vertex 3.171392e+00 1.707239e+00 1.851764e+01
         vertex 3.148403e+00 1.677278e+00 1.834730e+01
         vertex 3.428817e+00 1.471672e+00 1.834730e+01
      endloop
   endfacet
   facet normal -5.772988e-01 -7.873389e-01 2.163874e-01
      outer loop
         vertex 3.171392e+00 1.707239e+00 1.851764e+01
         vertex 3.428817e+00 1.471672e+00 1.834730e+01
         vertex 3.450476e+00 1.502607e+00 1.851764e+01
      endloop
   endfacet
   facet normal -5.424073e-01 -8.117700e-01 2.163878e-01
      outer loop
         vertex 3.450476e+00 1.502607e+00 1.851764e+01
         vertex 3.428817e+00 1.471672e+00 1.834730e+01
         vertex 3.717929e+00 1.278494e+00 1.834730e+01
      endloop
   endfacet
   facet normal -5.424110e-01 -8.117694e-01 2.163812e-01
      outer loop
         vertex 3.450476e+00 1.502607e+00 1.851764e+01
         vertex 3.717929e+00 1.278494e+00 1.834730e+01
         vertex 3.738217e+00 1.310343e+00 1.851764e+01
      endloop
   endfacet
   facet normal -5.064837e-01 -8.346576e-01 2.163817e-01
      outer loop
         vertex 3.738217e+00 1.310343e+00 1.851764e+01
         vertex 3.717929e+00 1.278494e+00 1.834730e+01
         vertex 4.015192e+00 1.098109e+00 1.834730e+01
      endloop
   endfacet
   facet normal -5.064825e-01 -8.346577e-01 2.163838e-01
      outer loop
         vertex 3.738217e+00 1.310343e+00 1.851764e+01
         vertex 4.015192e+00 1.098109e+00 1.834730e+01
         vertex 4.034072e+00 1.130814e+00 1.851764e+01
      endloop
   endfacet
   facet normal -4.695927e-01 -8.559559e-01 2.163843e-01
      outer loop
         vertex 4.034072e+00 1.130814e+00 1.851764e+01
         vertex 4.015192e+00 1.098109e+00 1.834730e+01
         vertex 4.320040e+00 9.308644e-01 1.834730e+01
      endloop
   endfacet
   facet normal -4.695909e-01 -8.559561e-01 2.163876e-01
      outer loop
         vertex 4.034072e+00 1.130814e+00 1.851764e+01
         vertex 4.320040e+00 9.308644e-01 1.834730e+01
         vertex 4.337478e+00 9.643603e-01 1.851764e+01
      endloop
   endfacet
   facet normal -4.318124e-01 -8.756224e-01 2.163873e-01
      outer loop
         vertex 4.337478e+00 9.643603e-01 1.851764e+01
         vertex 4.320040e+00 9.308644e-01 1.834730e+01
         vertex 4.631892e+00 7.770751e-01 1.834730e+01
      endloop
   endfacet
   facet normal -4.318051e-01 -8.756228e-01 2.164004e-01
      outer loop
         vertex 4.337478e+00 9.643603e-01 1.851764e+01
         vertex 4.631892e+00 7.770751e-01 1.834730e+01
         vertex 4.647855e+00 8.113012e-01 1.851764e+01
      endloop
   endfacet
   facet normal -3.932004e-01 -8.936244e-01 2.163997e-01
      outer loop
         vertex 4.647855e+00 8.113012e-01 1.851764e+01
         vertex 4.631892e+00 7.770751e-01 1.834730e+01
         vertex 4.950158e+00 6.370358e-01 1.834730e+01
      endloop
   endfacet
   facet normal -3.932071e-01 -8.936244e-01 2.163877e-01
      outer loop
         vertex 4.647855e+00 8.113012e-01 1.851764e+01
         vertex 4.950158e+00 6.370358e-01 1.834730e+01
         vertex 4.964609e+00 6.719250e-01 1.851764e+01
      endloop
   endfacet
   facet normal -3.538524e-01 -9.099257e-01 2.163880e-01
      outer loop
         vertex 4.964609e+00 6.719250e-01 1.851764e+01
         vertex 4.950158e+00 6.370358e-01 1.834730e+01
         vertex 5.274229e+00 5.110111e-01 1.834730e+01
      endloop
   endfacet
   facet normal -3.538548e-01 -9.099257e-01 2.163838e-01
      outer loop
         vertex 4.964609e+00 6.719250e-01 1.851764e+01
         vertex 5.274229e+00 5.110111e-01 1.834730e+01
         vertex 5.287144e+00 5.464964e-01 1.851764e+01
      endloop
   endfacet
   facet normal -3.138272e-01 -9.244947e-01 2.163838e-01
      outer loop
         vertex 5.287144e+00 5.464964e-01 1.851764e+01
         vertex 5.274229e+00 5.110111e-01 1.834730e+01
         vertex 5.603489e+00 3.992412e-01 1.834730e+01
      endloop
   endfacet
   facet normal -3.138243e-01 -9.244945e-01 2.163890e-01
      outer loop
         vertex 5.287144e+00 5.464964e-01 1.851764e+01
         vertex 5.603489e+00 3.992412e-01 1.834730e+01
         vertex 5.614843e+00 4.352573e-01 1.851764e+01
      endloop
   endfacet
   facet normal -2.731949e-01 -9.373048e-01 2.163892e-01
      outer loop
         vertex 5.614843e+00 4.352573e-01 1.851764e+01
         vertex 5.603489e+00 3.992412e-01 1.834730e+01
         vertex 5.937312e+00 3.019422e-01 1.834730e+01
      endloop
   endfacet
   facet normal -2.731990e-01 -9.373053e-01 2.163819e-01
      outer loop
         vertex 5.614843e+00 4.352573e-01 1.851764e+01
         vertex 5.937312e+00 3.019422e-01 1.834730e+01
         vertex 5.947083e+00 3.384184e-01 1.851764e+01
      endloop
   endfacet
   facet normal -2.320539e-01 -9.483299e-01 2.163824e-01
      outer loop
         vertex 5.947083e+00 3.384184e-01 1.851764e+01
         vertex 5.937312e+00 3.019422e-01 1.834730e+01
         vertex 6.275058e+00 2.192967e-01 1.834730e+01
      endloop
   endfacet
   facet normal -2.320536e-01 -9.483299e-01 2.163829e-01
      outer loop
         vertex 5.947083e+00 3.384184e-01 1.851764e+01
         vertex 6.275058e+00 2.192967e-01 1.834730e+01
         vertex 6.283231e+00 2.561640e-01 1.851764e+01
      endloop
   endfacet
   facet normal -1.904690e-01 -9.575489e-01 2.163829e-01
      outer loop
         vertex 6.283231e+00 2.561640e-01 1.851764e+01
         vertex 6.275058e+00 2.192967e-01 1.834730e+01
         vertex 6.616089e+00 1.514610e-01 1.834730e+01
      endloop
   endfacet
   facet normal -1.904671e-01 -9.575485e-01 2.163864e-01
      outer loop
         vertex 6.283231e+00 2.561640e-01 1.851764e+01
         vertex 6.616089e+00 1.514610e-01 1.834730e+01
         vertex 6.622646e+00 1.886506e-01 1.851764e+01
      endloop
   endfacet
   facet normal -1.485198e-01 -9.649449e-01 2.163866e-01
      outer loop
         vertex 6.622646e+00 1.886506e-01 1.851764e+01
         vertex 6.616089e+00 1.514610e-01 1.834730e+01
         vertex 6.959755e+00 9.856559e-02 1.834730e+01
      endloop
   endfacet
   facet normal -1.485172e-01 -9.649442e-01 2.163914e-01
      outer loop
         vertex 6.622646e+00 1.886506e-01 1.851764e+01
         vertex 6.959755e+00 9.856559e-02 1.834730e+01
         vertex 6.964684e+00 1.360066e-01 1.851764e+01
      endloop
   endfacet
   facet normal -1.062874e-01 -9.705038e-01 2.163916e-01
      outer loop
         vertex 6.964684e+00 1.360066e-01 1.851764e+01
         vertex 6.959755e+00 9.856559e-02 1.834730e+01
         vertex 7.305402e+00 6.071106e-02 1.834730e+01
      endloop
   endfacet
   facet normal -1.062895e-01 -9.705044e-01 2.163878e-01
      outer loop
         vertex 6.964684e+00 1.360066e-01 1.851764e+01
         vertex 7.305402e+00 6.071106e-02 1.834730e+01
         vertex 7.308692e+00 9.833090e-02 1.851764e+01
      endloop
   endfacet
   facet normal -6.385265e-02 -9.742171e-01 2.163882e-01
      outer loop
         vertex 7.308692e+00 9.833090e-02 1.851764e+01
         vertex 7.305402e+00 6.071106e-02 1.834730e+01
         vertex 7.652368e+00 3.797002e-02 1.834730e+01
      endloop
   endfacet
   facet normal -6.385162e-02 -9.742167e-01 2.163902e-01
      outer loop
         vertex 7.308692e+00 9.833090e-02 1.851764e+01
         vertex 7.652368e+00 3.797002e-02 1.834730e+01
         vertex 7.654015e+00 7.569790e-02 1.851764e+01
      endloop
   endfacet
   facet normal -2.519746e-02 -9.759781e-01 2.164066e-01
      outer loop
         vertex 7.654015e+00 7.569790e-02 1.851764e+01
         vertex 7.652368e+00 3.797002e-02 1.834730e+01
         vertex 7.999998e+00 5.811639e-02 1.847863e+01
      endloop
   endfacet
   facet normal -2.168177e-02 -9.693778e-01 2.446153e-01
      outer loop
         vertex 7.654015e+00 7.569790e-02 1.851764e+01
         vertex 7.999998e+00 5.811639e-02 1.847863e+01
         vertex 7.999998e+00 6.350875e-02 1.850000e+01
      endloop
   endfacet
   facet normal -2.080548e-02 -9.535101e-01 3.006421e-01
      outer loop
         vertex 7.999998e+00 6.814860e-02 1.851764e+01
         vertex 7.656306e+00 1.281146e-01 1.868404e+01
         vertex 7.654015e+00 7.569790e-02 1.851764e+01
      endloop
   endfacet
   facet normal -6.237733e-02 -9.516948e-01 3.006427e-01
      outer loop
         vertex 7.654015e+00 7.569790e-02 1.851764e+01
         vertex 7.656306e+00 1.281146e-01 1.868404e+01
         vertex 7.313266e+00 1.505986e-01 1.868404e+01
      endloop
   endfacet
   facet normal -6.237544e-02 -9.516939e-01 3.006462e-01
      outer loop
         vertex 7.654015e+00 7.569790e-02 1.851764e+01
         vertex 7.313266e+00 1.505986e-01 1.868404e+01
         vertex 7.308692e+00 9.833090e-02 1.851764e+01
      endloop
   endfacet
   facet normal -1.038262e-01 -9.480674e-01 3.006466e-01
      outer loop
         vertex 7.308692e+00 9.833090e-02 1.851764e+01
         vertex 7.313266e+00 1.505986e-01 1.868404e+01
         vertex 6.971534e+00 1.880229e-01 1.868404e+01
      endloop
   endfacet
   facet normal -1.038325e-01 -9.480703e-01 3.006353e-01
      outer loop
         vertex 7.308692e+00 9.833090e-02 1.851764e+01
         vertex 6.971534e+00 1.880229e-01 1.868404e+01
         vertex 6.964684e+00 1.360066e-01 1.851764e+01
      endloop
   endfacet
   facet normal -1.450885e-01 -9.426385e-01 3.006359e-01
      outer loop
         vertex 6.964684e+00 1.360066e-01 1.851764e+01
         vertex 6.971534e+00 1.880229e-01 1.868404e+01
         vertex 6.631758e+00 2.403203e-01 1.868404e+01
      endloop
   endfacet
   facet normal -1.450838e-01 -9.426366e-01 3.006441e-01
      outer loop
         vertex 6.964684e+00 1.360066e-01 1.851764e+01
         vertex 6.631758e+00 2.403203e-01 1.868404e+01
         vertex 6.622646e+00 1.886506e-01 1.851764e+01
      endloop
   endfacet
   facet normal -1.860611e-01 -9.354112e-01 3.006444e-01
      outer loop
         vertex 6.622646e+00 1.886506e-01 1.851764e+01
         vertex 6.631758e+00 2.403203e-01 1.868404e+01
         vertex 6.294586e+00 3.073867e-01 1.868404e+01
      endloop
   endfacet
   facet normal -1.860640e-01 -9.354122e-01 3.006395e-01
      outer loop
         vertex 6.622646e+00 1.886506e-01 1.851764e+01
         vertex 6.294586e+00 3.073867e-01 1.868404e+01
         vertex 6.283231e+00 2.561640e-01 1.851764e+01
      endloop
   endfacet
   facet normal -2.266897e-01 -9.264058e-01 3.006393e-01
      outer loop
         vertex 6.283231e+00 2.561640e-01 1.851764e+01
         vertex 6.294586e+00 3.073867e-01 1.868404e+01
         vertex 5.960662e+00 3.890973e-01 1.868404e+01
      endloop
   endfacet
   facet normal -2.266888e-01 -9.264056e-01 3.006409e-01
      outer loop
         vertex 6.283231e+00 2.561640e-01 1.851764e+01
         vertex 5.960662e+00 3.890973e-01 1.868404e+01
         vertex 5.947083e+00 3.384184e-01 1.851764e+01
      endloop
   endfacet
   facet normal -2.668854e-01 -9.156350e-01 3.006407e-01
      outer loop
         vertex 5.947083e+00 3.384184e-01 1.851764e+01
         vertex 5.960662e+00 3.890973e-01 1.868404e+01
         vertex 5.630624e+00 4.852954e-01 1.868404e+01
      endloop
   endfacet
   facet normal -2.668824e-01 -9.156342e-01 3.006456e-01
      outer loop
         vertex 5.947083e+00 3.384184e-01 1.851764e+01
         vertex 5.630624e+00 4.852954e-01 1.868404e+01
         vertex 5.614843e+00 4.352573e-01 1.851764e+01
      endloop
   endfacet
   facet normal -3.065663e-01 -9.031217e-01 3.006463e-01
      outer loop
         vertex 5.614843e+00 4.352573e-01 1.851764e+01
         vertex 5.630624e+00 4.852954e-01 1.868404e+01
         vertex 5.305089e+00 5.957987e-01 1.868404e+01
      endloop
   endfacet
   facet normal -3.065694e-01 -9.031224e-01 3.006412e-01
      outer loop
         vertex 5.614843e+00 4.352573e-01 1.851764e+01
         vertex 5.305089e+00 5.957987e-01 1.868404e+01
         vertex 5.287144e+00 5.464964e-01 1.851764e+01
      endloop
   endfacet
   facet normal -3.456725e-01 -8.888899e-01 3.006413e-01
      outer loop
         vertex 5.287144e+00 5.464964e-01 1.851764e+01
         vertex 5.305089e+00 5.957987e-01 1.868404e+01
         vertex 4.984688e+00 7.203966e-01 1.868404e+01
      endloop
   endfacet
   facet normal -3.456744e-01 -8.888903e-01 3.006382e-01
      outer loop
         vertex 5.287144e+00 5.464964e-01 1.851764e+01
         vertex 4.984688e+00 7.203966e-01 1.868404e+01
         vertex 4.964609e+00 6.719250e-01 1.851764e+01
      endloop
   endfacet
   facet normal -3.841155e-01 -8.729672e-01 3.006385e-01
      outer loop
         vertex 4.964609e+00 6.719250e-01 1.851764e+01
         vertex 4.984688e+00 7.203966e-01 1.868404e+01
         vertex 4.670028e+00 8.588508e-01 1.868404e+01
      endloop
   endfacet
   facet normal -3.841178e-01 -8.729675e-01 3.006347e-01
      outer loop
         vertex 4.964609e+00 6.719250e-01 1.851764e+01
         vertex 4.670028e+00 8.588508e-01 1.868404e+01
         vertex 4.647855e+00 8.113012e-01 1.851764e+01
      endloop
   endfacet
   facet normal -4.218308e-01 -8.553815e-01 3.006347e-01
      outer loop
         vertex 4.647855e+00 8.113012e-01 1.851764e+01
         vertex 4.670028e+00 8.588508e-01 1.868404e+01
         vertex 4.361704e+00 1.010900e+00 1.868404e+01
      endloop
   endfacet
   facet normal -4.218230e-01 -8.553809e-01 3.006473e-01
      outer loop
         vertex 4.647855e+00 8.113012e-01 1.851764e+01
         vertex 4.361704e+00 1.010900e+00 1.868404e+01
         vertex 4.337478e+00 9.643603e-01 1.851764e+01
      endloop
   endfacet
   facet normal -4.587317e-01 -8.361678e-01 3.006470e-01
      outer loop
         vertex 4.337478e+00 9.643603e-01 1.851764e+01
         vertex 4.361704e+00 1.010900e+00 1.868404e+01
         vertex 4.060306e+00 1.176251e+00 1.868404e+01
      endloop
   endfacet
   facet normal -4.587348e-01 -8.361679e-01 3.006420e-01
      outer loop
         vertex 4.337478e+00 9.643603e-01 1.851764e+01
         vertex 4.060306e+00 1.176251e+00 1.868404e+01
         vertex 4.034072e+00 1.130814e+00 1.851764e+01
      endloop
   endfacet
   facet normal -4.947737e-01 -8.153609e-01 3.006420e-01
      outer loop
         vertex 4.034072e+00 1.130814e+00 1.851764e+01
         vertex 4.060306e+00 1.176251e+00 1.868404e+01
         vertex 3.766406e+00 1.354594e+00 1.868404e+01
      endloop
   endfacet
   facet normal -4.947729e-01 -8.153609e-01 3.006433e-01
      outer loop
         vertex 4.034072e+00 1.130814e+00 1.851764e+01
         vertex 3.766406e+00 1.354594e+00 1.868404e+01
         vertex 3.738217e+00 1.310343e+00 1.851764e+01
      endloop
   endfacet
   facet normal -5.298700e-01 -7.930016e-01 3.006430e-01
      outer loop
         vertex 3.738217e+00 1.310343e+00 1.851764e+01
         vertex 3.766406e+00 1.354594e+00 1.868404e+01
         vertex 3.480569e+00 1.545586e+00 1.868404e+01
      endloop
   endfacet
   facet normal -5.298706e-01 -7.930016e-01 3.006420e-01
      outer loop
         vertex 3.738217e+00 1.310343e+00 1.851764e+01
         vertex 3.480569e+00 1.545586e+00 1.868404e+01
         vertex 3.450476e+00 1.502607e+00 1.851764e+01
      endloop
   endfacet
   facet normal -5.639540e-01 -7.691362e-01 3.006418e-01
      outer loop
         vertex 3.450476e+00 1.502607e+00 1.851764e+01
         vertex 3.480569e+00 1.545586e+00 1.868404e+01
         vertex 3.203332e+00 1.748864e+00 1.868404e+01
      endloop
   endfacet
   facet normal -5.639522e-01 -7.691363e-01 3.006447e-01
      outer loop
         vertex 3.450476e+00 1.502607e+00 1.851764e+01
         vertex 3.203332e+00 1.748864e+00 1.868404e+01
         vertex 3.171392e+00 1.707239e+00 1.851764e+01
      endloop
   endfacet
   facet normal -5.969644e-01 -7.438052e-01 3.006449e-01
      outer loop
         vertex 3.171392e+00 1.707239e+00 1.851764e+01
         vertex 3.203332e+00 1.748864e+00 1.868404e+01
         vertex 2.935227e+00 1.964040e+00 1.868404e+01
      endloop
   endfacet
   facet normal -5.969650e-01 -7.438051e-01 3.006439e-01
      outer loop
         vertex 3.171392e+00 1.707239e+00 1.851764e+01
         vertex 2.935227e+00 1.964040e+00 1.868404e+01
         vertex 2.901502e+00 1.923848e+00 1.851764e+01
      endloop
   endfacet
   facet normal -6.288421e-01 -7.170571e-01 3.006439e-01
      outer loop
         vertex 2.901502e+00 1.923848e+00 1.851764e+01
         vertex 2.935227e+00 1.964040e+00 1.868404e+01
         vertex 2.676763e+00 2.190707e+00 1.868404e+01
      endloop
   endfacet
   facet normal -6.288451e-01 -7.170565e-01 3.006390e-01
      outer loop
         vertex 2.901502e+00 1.923848e+00 1.851764e+01
         vertex 2.676763e+00 2.190707e+00 1.868404e+01
         vertex 2.641317e+00 2.152026e+00 1.851764e+01
      endloop
   endfacet
   facet normal -6.595221e-01 -6.889461e-01 3.006391e-01
      outer loop
         vertex 2.641317e+00 2.152026e+00 1.851764e+01
         vertex 2.676763e+00 2.190707e+00 1.868404e+01
         vertex 2.428431e+00 2.428433e+00 1.868404e+01
      endloop
   endfacet
   facet normal -6.595176e-01 -6.889471e-01 3.006467e-01
      outer loop
         vertex 2.641317e+00 2.152026e+00 1.851764e+01
         vertex 2.428431e+00 2.428433e+00 1.868404e+01
         vertex 2.391331e+00 2.391333e+00 1.851764e+01
      endloop
   endfacet
   facet normal -6.889443e-01 -6.595205e-01 3.006467e-01
      outer loop
         vertex 2.391331e+00 2.391333e+00 1.851764e+01
         vertex 2.428431e+00 2.428433e+00 1.868404e+01
         vertex 2.190705e+00 2.676765e+00 1.868404e+01
      endloop
   endfacet
   facet normal -6.889530e-01 -6.595181e-01 3.006322e-01
      outer loop
         vertex 2.391331e+00 2.391333e+00 1.851764e+01
         vertex 2.190705e+00 2.676765e+00 1.868404e+01
         vertex 2.152026e+00 2.641318e+00 1.851764e+01
      endloop
   endfacet
   facet normal -7.170625e-01 -6.288417e-01 3.006316e-01
      outer loop
         vertex 2.152026e+00 2.641318e+00 1.851764e+01
         vertex 2.190705e+00 2.676765e+00 1.868404e+01
         vertex 1.964040e+00 2.935229e+00 1.868404e+01
      endloop
   endfacet
   facet normal -7.170554e-01 -6.288441e-01 3.006439e-01
      outer loop
         vertex 2.152026e+00 2.641318e+00 1.851764e+01
         vertex 1.964040e+00 2.935229e+00 1.868404e+01
         vertex 1.923848e+00 2.901504e+00 1.851764e+01
      endloop
   endfacet
   facet normal -7.438054e-01 -5.969646e-01 3.006439e-01
      outer loop
         vertex 1.923848e+00 2.901504e+00 1.851764e+01
         vertex 1.964040e+00 2.935229e+00 1.868404e+01
         vertex 1.748864e+00 3.203334e+00 1.868404e+01
      endloop
   endfacet
   facet normal -7.438005e-01 -5.969664e-01 3.006524e-01
      outer loop
         vertex 1.923848e+00 2.901504e+00 1.851764e+01
         vertex 1.748864e+00 3.203334e+00 1.868404e+01
         vertex 1.707237e+00 3.171394e+00 1.851764e+01
      endloop
   endfacet
   facet normal -7.691334e-01 -5.639520e-01 3.006525e-01
      outer loop
         vertex 1.707237e+00 3.171394e+00 1.851764e+01
         vertex 1.748864e+00 3.203334e+00 1.868404e+01
         vertex 1.545586e+00 3.480570e+00 1.868404e+01
      endloop
   endfacet
   facet normal -7.691362e-01 -5.639508e-01 3.006476e-01
      outer loop
         vertex 1.707237e+00 3.171394e+00 1.851764e+01
         vertex 1.545586e+00 3.480570e+00 1.868404e+01
         vertex 1.502607e+00 3.450476e+00 1.851764e+01
      endloop
   endfacet
   facet normal -7.930004e-01 -5.298693e-01 3.006474e-01
      outer loop
         vertex 1.502607e+00 3.450476e+00 1.851764e+01
         vertex 1.545586e+00 3.480570e+00 1.868404e+01
         vertex 1.354594e+00 3.766408e+00 1.868404e+01
      endloop
   endfacet
   facet normal -7.929984e-01 -5.298702e-01 3.006510e-01
      outer loop
         vertex 1.502607e+00 3.450476e+00 1.851764e+01
         vertex 1.354594e+00 3.766408e+00 1.868404e+01
         vertex 1.310341e+00 3.738219e+00 1.851764e+01
      endloop
   endfacet
   facet normal -8.153560e-01 -4.947759e-01 3.006516e-01
      outer loop
         vertex 1.310341e+00 3.738219e+00 1.851764e+01
         vertex 1.354594e+00 3.766408e+00 1.868404e+01
         vertex 1.176249e+00 4.060308e+00 1.868404e+01
      endloop
   endfacet
   facet normal -8.153612e-01 -4.947731e-01 3.006420e-01
      outer loop
         vertex 1.310341e+00 3.738219e+00 1.851764e+01
         vertex 1.176249e+00 4.060308e+00 1.868404e+01
         vertex 1.130812e+00 4.034074e+00 1.851764e+01
      endloop
   endfacet
   facet normal -8.361680e-01 -4.587346e-01 3.006420e-01
      outer loop
         vertex 1.130812e+00 4.034074e+00 1.851764e+01
         vertex 1.176249e+00 4.060308e+00 1.868404e+01
         vertex 1.010899e+00 4.361704e+00 1.868404e+01
      endloop
   endfacet
   facet normal -8.361744e-01 -4.587309e-01 3.006300e-01
      outer loop
         vertex 1.130812e+00 4.034074e+00 1.851764e+01
         vertex 1.010899e+00 4.361704e+00 1.868404e+01
         vertex 9.643622e-01 4.337478e+00 1.851764e+01
      endloop
   endfacet
   facet normal -8.553849e-01 -4.218273e-01 3.006299e-01
      outer loop
         vertex 9.643622e-01 4.337478e+00 1.851764e+01
         vertex 1.010899e+00 4.361704e+00 1.868404e+01
         vertex 8.588508e-01 4.670028e+00 1.868404e+01
      endloop
   endfacet
   facet normal -8.553813e-01 -4.218296e-01 3.006369e-01
      outer loop
         vertex 9.643622e-01 4.337478e+00 1.851764e+01
         vertex 8.588508e-01 4.670028e+00 1.868404e+01
         vertex 8.113012e-01 4.647854e+00 1.851764e+01
      endloop
   endfacet
   facet normal -8.729682e-01 -3.841148e-01 3.006366e-01
      outer loop
         vertex 8.113012e-01 4.647854e+00 1.851764e+01
         vertex 8.588508e-01 4.670028e+00 1.868404e+01
         vertex 7.203966e-01 4.984689e+00 1.868404e+01
      endloop
   endfacet
   facet normal -8.729648e-01 -3.841172e-01 3.006435e-01
      outer loop
         vertex 8.113012e-01 4.647854e+00 1.851764e+01
         vertex 7.203966e-01 4.984689e+00 1.868404e+01
         vertex 6.719232e-01 4.964611e+00 1.851764e+01
      endloop
   endfacet
   facet normal -8.888878e-01 -3.456759e-01 3.006437e-01
      outer loop
         vertex 6.719232e-01 4.964611e+00 1.851764e+01
         vertex 7.203966e-01 4.984689e+00 1.868404e+01
         vertex 5.957969e-01 5.305091e+00 1.868404e+01
      endloop
   endfacet
   facet normal -8.888934e-01 -3.456715e-01 3.006322e-01
      outer loop
         vertex 6.719232e-01 4.964611e+00 1.851764e+01
         vertex 5.957969e-01 5.305091e+00 1.868404e+01
         vertex 5.464964e-01 5.287146e+00 1.851764e+01
      endloop
   endfacet
   facet normal -9.031252e-01 -3.065702e-01 3.006320e-01
      outer loop
         vertex 5.464964e-01 5.287146e+00 1.851764e+01
         vertex 5.957969e-01 5.305091e+00 1.868404e+01
         vertex 4.852936e-01 5.630623e+00 1.868404e+01
      endloop
   endfacet
   facet normal -9.031214e-01 -3.065734e-01 3.006401e-01
      outer loop
         vertex 5.464964e-01 5.287146e+00 1.851764e+01
         vertex 4.852936e-01 5.630623e+00 1.868404e+01
         vertex 4.352555e-01 5.614846e+00 1.851764e+01
      endloop
   endfacet
   facet normal -9.156359e-01 -2.668826e-01 3.006402e-01
      outer loop
         vertex 4.352555e-01 5.614846e+00 1.851764e+01
         vertex 4.852936e-01 5.630623e+00 1.868404e+01
         vertex 3.890954e-01 5.960665e+00 1.868404e+01
      endloop
   endfacet
   facet normal -9.156351e-01 -2.668834e-01 3.006421e-01
      outer loop
         vertex 4.352555e-01 5.614846e+00 1.851764e+01
         vertex 3.890954e-01 5.960665e+00 1.868404e+01
         vertex 3.384165e-01 5.947085e+00 1.851764e+01
      endloop
   endfacet
   facet normal -9.264050e-01 -2.266895e-01 3.006420e-01
      outer loop
         vertex 3.384165e-01 5.947085e+00 1.851764e+01
         vertex 3.890954e-01 5.960665e+00 1.868404e+01
         vertex 3.073849e-01 6.294589e+00 1.868404e+01
      endloop
   endfacet
   facet normal -9.264057e-01 -2.266888e-01 3.006404e-01
      outer loop
         vertex 3.384165e-01 5.947085e+00 1.851764e+01
         vertex 3.073849e-01 6.294589e+00 1.868404e+01
         vertex 2.561621e-01 6.283233e+00 1.851764e+01
      endloop
   endfacet
   facet normal -9.354123e-01 -1.860624e-01 3.006405e-01
      outer loop
         vertex 2.561621e-01 6.283233e+00 1.851764e+01
         vertex 3.073849e-01 6.294589e+00 1.868404e+01
         vertex 2.403185e-01 6.631759e+00 1.868404e+01
      endloop
   endfacet
   facet normal -9.354110e-01 -1.860637e-01 3.006434e-01
      outer loop
         vertex 2.561621e-01 6.283233e+00 1.851764e+01
         vertex 2.403185e-01 6.631759e+00 1.868404e+01
         vertex 1.886487e-01 6.622648e+00 1.851764e+01
      endloop
   endfacet
   facet normal -9.426369e-01 -1.450839e-01 3.006433e-01
      outer loop
         vertex 1.886487e-01 6.622648e+00 1.851764e+01
         vertex 2.403185e-01 6.631759e+00 1.868404e+01
         vertex 1.880229e-01 6.971533e+00 1.868404e+01
      endloop
   endfacet
   facet normal -9.426406e-01 -1.450793e-01 3.006337e-01
      outer loop
         vertex 1.886487e-01 6.622648e+00 1.851764e+01
         vertex 1.880229e-01 6.971533e+00 1.868404e+01
         vertex 1.360066e-01 6.964685e+00 1.851764e+01
      endloop
   endfacet
   facet normal -9.480714e-01 -1.038266e-01 3.006337e-01
      outer loop
         vertex 1.360066e-01 6.964685e+00 1.851764e+01
         vertex 1.880229e-01 6.971533e+00 1.868404e+01
         vertex 1.505986e-01 7.313265e+00 1.868404e+01
      endloop
   endfacet
   facet normal -9.480635e-01 -1.038372e-01 3.006551e-01
      outer loop
         vertex 1.360066e-01 6.964685e+00 1.851764e+01
         vertex 1.505986e-01 7.313265e+00 1.868404e+01
         vertex 9.832904e-02 7.308693e+00 1.851764e+01
      endloop
   endfacet
   facet normal -9.516905e-01 -6.238205e-02 3.006553e-01
      outer loop
         vertex 9.832904e-02 7.308693e+00 1.851764e+01
         vertex 1.505986e-01 7.313265e+00 1.868404e+01
         vertex 1.281127e-01 7.656306e+00 1.868404e+01
      endloop
   endfacet
   facet normal -9.516985e-01 -6.237044e-02 3.006324e-01
      outer loop
         vertex 9.832904e-02 7.308693e+00 1.851764e+01
         vertex 1.281127e-01 7.656306e+00 1.868404e+01
         vertex 7.569790e-02 7.654017e+00 1.851764e+01
      endloop
   endfacet
   facet normal -9.535132e-01 -2.080460e-02 3.006322e-01
      outer loop
         vertex 7.569790e-02 7.654017e+00 1.851764e+01
         vertex 1.281127e-01 7.656306e+00 1.868404e+01
         vertex 1.206137e-01 7.999999e+00 1.868404e+01
      endloop
   endfacet
   facet normal -9.535095e-01 -2.081060e-02 3.006437e-01
      outer loop
         vertex 7.569790e-02 7.654017e+00 1.851764e+01
         vertex 1.206137e-01 7.999999e+00 1.868404e+01
         vertex 6.814674e-02 7.999999e+00 1.851764e+01
      endloop
   endfacet
   facet normal -9.211098e-01 -2.009817e-02 3.887837e-01
      outer loop
         vertex 1.948178e-01 7.659218e+00 1.884524e+01
         vertex 1.873821e-01 7.999999e+00 1.884524e+01
         vertex 1.299679e-01 7.999999e+00 1.870921e+01
      endloop
   endfacet
   facet normal -9.236180e-01 -2.303524e-02 3.826213e-01
      outer loop
         vertex 1.299679e-01 7.999999e+00 1.870921e+01
         vertex 1.281127e-01 7.656306e+00 1.868404e+01
         vertex 1.948178e-01 7.659218e+00 1.884524e+01
      endloop
   endfacet
   facet normal -9.219353e-01 -6.043163e-02 3.826006e-01
      outer loop
         vertex 1.948178e-01 7.659218e+00 1.884524e+01
         vertex 1.281127e-01 7.656306e+00 1.868404e+01
         vertex 1.505986e-01 7.313265e+00 1.868404e+01
      endloop
   endfacet
   facet normal -9.219340e-01 -6.043317e-02 3.826036e-01
      outer loop
         vertex 1.948178e-01 7.659218e+00 1.884524e+01
         vertex 1.505986e-01 7.313265e+00 1.868404e+01
         vertex 2.171136e-01 7.319085e+00 1.884524e+01
      endloop
   endfacet
   facet normal -9.184216e-01 -1.005795e-01 3.826037e-01
      outer loop
         vertex 2.171136e-01 7.319085e+00 1.884524e+01
         vertex 1.505986e-01 7.313265e+00 1.868404e+01
         vertex 1.880229e-01 6.971533e+00 1.868404e+01
      endloop
   endfacet
   facet normal -9.184206e-01 -1.005806e-01 3.826058e-01
      outer loop
         vertex 2.171136e-01 7.319085e+00 1.884524e+01
         vertex 1.880229e-01 6.971533e+00 1.868404e+01
         vertex 2.542213e-01 6.980249e+00 1.884524e+01
      endloop
   endfacet
   facet normal -9.131590e-01 -1.405468e-01 3.826059e-01
      outer loop
         vertex 2.542213e-01 6.980249e+00 1.884524e+01
         vertex 1.880229e-01 6.971533e+00 1.868404e+01
         vertex 2.403185e-01 6.631759e+00 1.868404e+01
      endloop
   endfacet
   facet normal -9.131595e-01 -1.405463e-01 3.826047e-01
      outer loop
         vertex 2.542213e-01 6.980249e+00 1.884524e+01
         vertex 2.403185e-01 6.631759e+00 1.868404e+01
         vertex 3.060736e-01 6.643353e+00 1.884524e+01
      endloop
   endfacet
   facet normal -9.061599e-01 -1.802438e-01 3.826047e-01
      outer loop
         vertex 3.060736e-01 6.643353e+00 1.884524e+01
         vertex 2.403185e-01 6.631759e+00 1.868404e+01
         vertex 3.073849e-01 6.294589e+00 1.868404e+01
      endloop
   endfacet
   facet normal -9.061547e-01 -1.802485e-01 3.826148e-01
      outer loop
         vertex 3.060736e-01 6.643353e+00 1.884524e+01
         vertex 3.073849e-01 6.294589e+00 1.868404e+01
         vertex 3.725737e-01 6.309040e+00 1.884524e+01
      endloop
   endfacet
   facet normal -8.974308e-01 -2.195996e-01 3.826147e-01
      outer loop
         vertex 3.725737e-01 6.309040e+00 1.884524e+01
         vertex 3.073849e-01 6.294589e+00 1.868404e+01
         vertex 3.890954e-01 5.960665e+00 1.868404e+01
      endloop
   endfacet
   facet normal -8.974322e-01 -2.195984e-01 3.826120e-01
      outer loop
         vertex 3.725737e-01 6.309040e+00 1.884524e+01
         vertex 3.890954e-01 5.960665e+00 1.868404e+01
         vertex 4.535913e-01 5.977945e+00 1.884524e+01
      endloop
   endfacet
   facet normal -8.869991e-01 -2.585358e-01 3.826118e-01
      outer loop
         vertex 4.535913e-01 5.977945e+00 1.884524e+01
         vertex 3.890954e-01 5.960665e+00 1.868404e+01
         vertex 4.852936e-01 5.630623e+00 1.868404e+01
      endloop
   endfacet
   facet normal -8.870001e-01 -2.585350e-01 3.826100e-01
      outer loop
         vertex 4.535913e-01 5.977945e+00 1.884524e+01
         vertex 4.852936e-01 5.630623e+00 1.868404e+01
         vertex 5.489737e-01 5.650701e+00 1.884524e+01
      endloop
   endfacet
   facet normal -8.748780e-01 -2.969815e-01 3.826100e-01
      outer loop
         vertex 5.489737e-01 5.650701e+00 1.884524e+01
         vertex 4.852936e-01 5.630623e+00 1.868404e+01
         vertex 5.957969e-01 5.305091e+00 1.868404e+01
      endloop
   endfacet
   facet normal -8.748744e-01 -2.969840e-01 3.826163e-01
      outer loop
         vertex 5.489737e-01 5.650701e+00 1.884524e+01
         vertex 5.957969e-01 5.305091e+00 1.868404e+01
         vertex 6.585419e-01 5.327928e+00 1.884524e+01
      endloop
   endfacet
   facet normal -8.610869e-01 -3.348645e-01 3.826162e-01
      outer loop
         vertex 6.585419e-01 5.327928e+00 1.884524e+01
         vertex 5.957969e-01 5.305091e+00 1.868404e+01
         vertex 7.203966e-01 4.984689e+00 1.868404e+01
      endloop
   endfacet
   facet normal -8.610929e-01 -3.348608e-01 3.826060e-01
      outer loop
         vertex 6.585419e-01 5.327928e+00 1.884524e+01
         vertex 7.203966e-01 4.984689e+00 1.868404e+01
         vertex 7.820837e-01 5.010241e+00 1.884524e+01
      endloop
   endfacet
   facet normal -8.456670e-01 -3.721020e-01 3.826060e-01
      outer loop
         vertex 7.820837e-01 5.010241e+00 1.884524e+01
         vertex 7.203966e-01 4.984689e+00 1.868404e+01
         vertex 8.588508e-01 4.670028e+00 1.868404e+01
      endloop
   endfacet
   facet normal -8.456677e-01 -3.721017e-01 3.826049e-01
      outer loop
         vertex 7.820837e-01 5.010241e+00 1.884524e+01
         vertex 8.588508e-01 4.670028e+00 1.868404e+01
         vertex 9.193644e-01 4.698246e+00 1.884524e+01
      endloop
   endfacet
   facet normal -8.286322e-01 -4.086344e-01 3.826050e-01
      outer loop
         vertex 9.193644e-01 4.698246e+00 1.884524e+01
         vertex 8.588508e-01 4.670028e+00 1.868404e+01
         vertex 1.010899e+00 4.361704e+00 1.868404e+01
      endloop
   endfacet
   facet normal -8.286328e-01 -4.086341e-01 3.826040e-01
      outer loop
         vertex 9.193644e-01 4.698246e+00 1.884524e+01
         vertex 1.010899e+00 4.361704e+00 1.868404e+01
         vertex 1.070123e+00 4.392535e+00 1.884524e+01
      endloop
   endfacet
   facet normal -8.100198e-01 -4.443893e-01 3.826042e-01
      outer loop
         vertex 1.070123e+00 4.392535e+00 1.884524e+01
         vertex 1.010899e+00 4.361704e+00 1.868404e+01
         vertex 1.176249e+00 4.060308e+00 1.868404e+01
      endloop
   endfacet
   facet normal -8.100104e-01 -4.443936e-01 3.826193e-01
      outer loop
         vertex 1.070123e+00 4.392535e+00 1.884524e+01
         vertex 1.176249e+00 4.060308e+00 1.868404e+01
         vertex 1.234077e+00 4.093692e+00 1.884524e+01
      endloop
   endfacet
   facet normal -7.898560e-01 -4.793019e-01 3.826187e-01
      outer loop
         vertex 1.234077e+00 4.093692e+00 1.884524e+01
         vertex 1.176249e+00 4.060308e+00 1.868404e+01
         vertex 1.354594e+00 3.766408e+00 1.868404e+01
      endloop
   endfacet
   facet normal -7.898664e-01 -4.792978e-01 3.826025e-01
      outer loop
         vertex 1.234077e+00 4.093692e+00 1.884524e+01
         vertex 1.354594e+00 3.766408e+00 1.868404e+01
         vertex 1.410905e+00 3.802285e+00 1.884524e+01
      endloop
   endfacet
   facet normal -7.682040e-01 -5.133007e-01 3.826029e-01
      outer loop
         vertex 1.410905e+00 3.802285e+00 1.884524e+01
         vertex 1.354594e+00 3.766408e+00 1.868404e+01
         vertex 1.545586e+00 3.480570e+00 1.868404e+01
      endloop
   endfacet
   facet normal -7.682008e-01 -5.133018e-01 3.826077e-01
      outer loop
         vertex 1.410905e+00 3.802285e+00 1.884524e+01
         vertex 1.545586e+00 3.480570e+00 1.868404e+01
         vertex 1.600280e+00 3.518868e+00 1.884524e+01
      endloop
   endfacet
   facet normal -7.450830e-01 -5.463174e-01 3.826077e-01
      outer loop
         vertex 1.600280e+00 3.518868e+00 1.884524e+01
         vertex 1.545586e+00 3.480570e+00 1.868404e+01
         vertex 1.748864e+00 3.203334e+00 1.868404e+01
      endloop
   endfacet
   facet normal -7.450898e-01 -5.463153e-01 3.825974e-01
      outer loop
         vertex 1.600280e+00 3.518868e+00 1.884524e+01
         vertex 1.748864e+00 3.203334e+00 1.868404e+01
         vertex 1.801834e+00 3.243981e+00 1.884524e+01
      endloop
   endfacet
   facet normal -7.205481e-01 -5.782987e-01 3.825977e-01
      outer loop
         vertex 1.801834e+00 3.243981e+00 1.884524e+01
         vertex 1.748864e+00 3.203334e+00 1.868404e+01
         vertex 1.964040e+00 2.935229e+00 1.868404e+01
      endloop
   endfacet
   facet normal -7.205426e-01 -5.783001e-01 3.826059e-01
      outer loop
         vertex 1.801834e+00 3.243981e+00 1.884524e+01
         vertex 1.964040e+00 2.935229e+00 1.868404e+01
         vertex 2.015188e+00 2.978148e+00 1.884524e+01
      endloop
   endfacet
   facet normal -6.946360e-01 -6.091744e-01 3.826060e-01
      outer loop
         vertex 2.015188e+00 2.978148e+00 1.884524e+01
         vertex 1.964040e+00 2.935229e+00 1.868404e+01
         vertex 2.190705e+00 2.676765e+00 1.868404e+01
      endloop
   endfacet
   facet normal -6.946340e-01 -6.091748e-01 3.826091e-01
      outer loop
         vertex 2.015188e+00 2.978148e+00 1.884524e+01
         vertex 2.190705e+00 2.676765e+00 1.868404e+01
         vertex 2.239935e+00 2.721872e+00 1.884524e+01
      endloop
   endfacet
   facet normal -6.673998e-01 -6.388961e-01 3.826086e-01
      outer loop
         vertex 2.239935e+00 2.721872e+00 1.884524e+01
         vertex 2.190705e+00 2.676765e+00 1.868404e+01
         vertex 2.428431e+00 2.428433e+00 1.868404e+01
      endloop
   endfacet
   facet normal -6.674010e-01 -6.388959e-01 3.826069e-01
      outer loop
         vertex 2.239935e+00 2.721872e+00 1.884524e+01
         vertex 2.428431e+00 2.428433e+00 1.868404e+01
         vertex 2.475645e+00 2.475645e+00 1.884524e+01
      endloop
   endfacet
   facet normal -6.388966e-01 -6.674004e-01 3.826066e-01
      outer loop
         vertex 2.475645e+00 2.475645e+00 1.884524e+01
         vertex 2.428431e+00 2.428433e+00 1.868404e+01
         vertex 2.676763e+00 2.190707e+00 1.868404e+01
      endloop
   endfacet
   facet normal -6.388955e-01 -6.674005e-01 3.826083e-01
      outer loop
         vertex 2.475645e+00 2.475645e+00 1.884524e+01
         vertex 2.676763e+00 2.190707e+00 1.868404e+01
         vertex 2.721872e+00 2.239935e+00 1.884524e+01
      endloop
   endfacet
   facet normal -6.091766e-01 -6.946328e-01 3.826082e-01
      outer loop
         vertex 2.721872e+00 2.239935e+00 1.884524e+01
         vertex 2.676763e+00 2.190707e+00 1.868404e+01
         vertex 2.935227e+00 1.964040e+00 1.868404e+01
      endloop
   endfacet
   facet normal -6.091781e-01 -6.946327e-01 3.826060e-01
      outer loop
         vertex 2.721872e+00 2.239935e+00 1.884524e+01
         vertex 2.935227e+00 1.964040e+00 1.868404e+01
         vertex 2.978146e+00 2.015188e+00 1.884524e+01
      endloop
   endfacet
   facet normal -5.782966e-01 -7.205455e-01 3.826059e-01
      outer loop
         vertex 2.978146e+00 2.015188e+00 1.884524e+01
         vertex 2.935227e+00 1.964040e+00 1.868404e+01
         vertex 3.203332e+00 1.748864e+00 1.868404e+01
      endloop
   endfacet
   facet normal -5.782973e-01 -7.205455e-01 3.826048e-01
      outer loop
         vertex 2.978146e+00 2.015188e+00 1.884524e+01
         vertex 3.203332e+00 1.748864e+00 1.868404e+01
         vertex 3.243979e+00 1.801835e+00 1.884524e+01
      endloop
   endfacet
   facet normal -5.463181e-01 -7.450839e-01 3.826048e-01
      outer loop
         vertex 3.243979e+00 1.801835e+00 1.884524e+01
         vertex 3.203332e+00 1.748864e+00 1.868404e+01
         vertex 3.480569e+00 1.545586e+00 1.868404e+01
      endloop
   endfacet
   facet normal -5.463124e-01 -7.450839e-01 3.826132e-01
      outer loop
         vertex 3.243979e+00 1.801835e+00 1.884524e+01
         vertex 3.480569e+00 1.545586e+00 1.868404e+01
         vertex 3.518868e+00 1.600280e+00 1.884524e+01
      endloop
   endfacet
   facet normal -5.132984e-01 -7.682006e-01 3.826128e-01
      outer loop
         vertex 3.518868e+00 1.600280e+00 1.884524e+01
         vertex 3.480569e+00 1.545586e+00 1.868404e+01
         vertex 3.766406e+00 1.354594e+00 1.868404e+01
      endloop
   endfacet
   facet normal -5.132965e-01 -7.682005e-01 3.826155e-01
      outer loop
         vertex 3.518868e+00 1.600280e+00 1.884524e+01
         vertex 3.766406e+00 1.354594e+00 1.868404e+01
         vertex 3.802285e+00 1.410907e+00 1.884524e+01
      endloop
   endfacet
   facet normal -4.792991e-01 -7.898596e-01 3.826151e-01
      outer loop
         vertex 3.802285e+00 1.410907e+00 1.884524e+01
         vertex 3.766406e+00 1.354594e+00 1.868404e+01
         vertex 4.060306e+00 1.176251e+00 1.868404e+01
      endloop
   endfacet
   facet normal -4.792986e-01 -7.898595e-01 3.826157e-01
      outer loop
         vertex 3.802285e+00 1.410907e+00 1.884524e+01
         vertex 4.060306e+00 1.176251e+00 1.868404e+01
         vertex 4.093692e+00 1.234077e+00 1.884524e+01
      endloop
   endfacet
   facet normal -4.443849e-01 -8.100169e-01 3.826156e-01
      outer loop
         vertex 4.093692e+00 1.234077e+00 1.884524e+01
         vertex 4.060306e+00 1.176251e+00 1.868404e+01
         vertex 4.361704e+00 1.010900e+00 1.868404e+01
      endloop
   endfacet
   facet normal -4.443942e-01 -8.100182e-01 3.826020e-01
      outer loop
         vertex 4.093692e+00 1.234077e+00 1.884524e+01
         vertex 4.361704e+00 1.010900e+00 1.868404e+01
         vertex 4.392534e+00 1.070125e+00 1.884524e+01
      endloop
   endfacet
   facet normal -4.086389e-01 -8.286313e-01 3.826020e-01
      outer loop
         vertex 4.392534e+00 1.070125e+00 1.884524e+01
         vertex 4.361704e+00 1.010900e+00 1.868404e+01
         vertex 4.670028e+00 8.588508e-01 1.868404e+01
      endloop
   endfacet
   facet normal -4.086411e-01 -8.286317e-01 3.825989e-01
      outer loop
         vertex 4.392534e+00 1.070125e+00 1.884524e+01
         vertex 4.670028e+00 8.588508e-01 1.868404e+01
         vertex 4.698243e+00 9.193644e-01 1.884524e+01
      endloop
   endfacet
   facet normal -3.721040e-01 -8.456691e-01 3.825994e-01
      outer loop
         vertex 4.698243e+00 9.193644e-01 1.884524e+01
         vertex 4.670028e+00 8.588508e-01 1.868404e+01
         vertex 4.984688e+00 7.203966e-01 1.868404e+01
      endloop
   endfacet
   facet normal -3.720996e-01 -8.456681e-01 3.826060e-01
      outer loop
         vertex 4.698243e+00 9.193644e-01 1.884524e+01
         vertex 4.984688e+00 7.203966e-01 1.868404e+01
         vertex 5.010240e+00 7.820837e-01 1.884524e+01
      endloop
   endfacet
   facet normal -3.348625e-01 -8.610922e-01 3.826060e-01
      outer loop
         vertex 5.010240e+00 7.820837e-01 1.884524e+01
         vertex 4.984688e+00 7.203966e-01 1.868404e+01
         vertex 5.305089e+00 5.957987e-01 1.868404e+01
      endloop
   endfacet
   facet normal -3.348624e-01 -8.610922e-01 3.826061e-01
      outer loop
         vertex 5.010240e+00 7.820837e-01 1.884524e+01
         vertex 5.305089e+00 5.957987e-01 1.868404e+01
         vertex 5.327925e+00 6.585419e-01 1.884524e+01
      endloop
   endfacet
   facet normal -2.969797e-01 -8.748803e-01 3.826062e-01
      outer loop
         vertex 5.327925e+00 6.585419e-01 1.884524e+01
         vertex 5.305089e+00 5.957987e-01 1.868404e+01
         vertex 5.630624e+00 4.852954e-01 1.868404e+01
      endloop
   endfacet
   facet normal -2.969801e-01 -8.748804e-01 3.826056e-01
      outer loop
         vertex 5.327925e+00 6.585419e-01 1.884524e+01
         vertex 5.630624e+00 4.852954e-01 1.868404e+01
         vertex 5.650699e+00 5.489755e-01 1.884524e+01
      endloop
   endfacet
   facet normal -2.585391e-01 -8.870006e-01 3.826062e-01
      outer loop
         vertex 5.650699e+00 5.489755e-01 1.884524e+01
         vertex 5.630624e+00 4.852954e-01 1.868404e+01
         vertex 5.960662e+00 3.890973e-01 1.868404e+01
      endloop
   endfacet
   facet normal -2.585347e-01 -8.869989e-01 3.826131e-01
      outer loop
         vertex 5.650699e+00 5.489755e-01 1.884524e+01
         vertex 5.960662e+00 3.890973e-01 1.868404e+01
         vertex 5.977944e+00 4.535932e-01 1.884524e+01
      endloop
   endfacet
   facet normal -2.195997e-01 -8.974314e-01 3.826131e-01
      outer loop
         vertex 5.977944e+00 4.535932e-01 1.884524e+01
         vertex 5.960662e+00 3.890973e-01 1.868404e+01
         vertex 6.294586e+00 3.073867e-01 1.868404e+01
      endloop
   endfacet
   facet normal -2.196023e-01 -8.974325e-01 3.826090e-01
      outer loop
         vertex 5.977944e+00 4.535932e-01 1.884524e+01
         vertex 6.294586e+00 3.073867e-01 1.868404e+01
         vertex 6.309040e+00 3.725737e-01 1.884524e+01
      endloop
   endfacet
   facet normal -1.802425e-01 -9.061586e-01 3.826085e-01
      outer loop
         vertex 6.309040e+00 3.725737e-01 1.884524e+01
         vertex 6.294586e+00 3.073867e-01 1.868404e+01
         vertex 6.631758e+00 2.403203e-01 1.868404e+01
      endloop
   endfacet
   facet normal -1.802455e-01 -9.061600e-01 3.826038e-01
      outer loop
         vertex 6.309040e+00 3.725737e-01 1.884524e+01
         vertex 6.631758e+00 2.403203e-01 1.868404e+01
         vertex 6.643351e+00 3.060754e-01 1.884524e+01
      endloop
   endfacet
   facet normal -1.405511e-01 -9.131591e-01 3.826041e-01
      outer loop
         vertex 6.643351e+00 3.060754e-01 1.884524e+01
         vertex 6.631758e+00 2.403203e-01 1.868404e+01
         vertex 6.971534e+00 1.880229e-01 1.868404e+01
      endloop
   endfacet
   facet normal -1.405508e-01 -9.131589e-01 3.826045e-01
      outer loop
         vertex 6.643351e+00 3.060754e-01 1.884524e+01
         vertex 6.971534e+00 1.880229e-01 1.868404e+01
         vertex 6.980248e+00 2.542213e-01 1.884524e+01
      endloop
   endfacet
   facet normal -1.005795e-01 -9.184211e-01 3.826048e-01
      outer loop
         vertex 6.980248e+00 2.542213e-01 1.884524e+01
         vertex 6.971534e+00 1.880229e-01 1.868404e+01
         vertex 7.313266e+00 1.505986e-01 1.868404e+01
      endloop
   endfacet
   facet normal -1.005805e-01 -9.184217e-01 3.826032e-01
      outer loop
         vertex 6.980248e+00 2.542213e-01 1.884524e+01
         vertex 7.313266e+00 1.505986e-01 1.868404e+01
         vertex 7.319085e+00 2.171136e-01 1.884524e+01
      endloop
   endfacet
   facet normal -6.042674e-02 -9.219346e-01 3.826032e-01
      outer loop
         vertex 7.319085e+00 2.171136e-01 1.884524e+01
         vertex 7.313266e+00 1.505986e-01 1.868404e+01
         vertex 7.656306e+00 1.281146e-01 1.868404e+01
      endloop
   endfacet
   facet normal -6.042874e-02 -9.219359e-01 3.825998e-01
      outer loop
         vertex 7.319085e+00 2.171136e-01 1.884524e+01
         vertex 7.656306e+00 1.281146e-01 1.868404e+01
         vertex 7.659215e+00 1.948196e-01 1.884524e+01
      endloop
   endfacet
   facet normal -8.450544e-01 -1.843477e-02 5.343624e-01
      outer loop
         vertex 3.540292e-01 7.999999e+00 1.913613e+01
         vertex 2.679490e-01 7.999999e+00 1.900000e+01
         vertex 2.753064e-01 7.662732e+00 1.900000e+01
      endloop
   endfacet
   facet normal -8.757522e-01 -1.910444e-02 4.823827e-01
      outer loop
         vertex 2.753064e-01 7.662732e+00 1.900000e+01
         vertex 2.679490e-01 7.999999e+00 1.900000e+01
         vertex 2.290867e-01 7.999999e+00 1.892945e+01
      endloop
   endfacet
   facet normal -2.080987e-02 -9.535125e-01 3.006340e-01
      outer loop
         vertex 7.999998e+00 6.814860e-02 1.851764e+01
         vertex 7.999998e+00 1.206137e-01 1.868404e+01
         vertex 7.656306e+00 1.281146e-01 1.868404e+01
      endloop
   endfacet
   facet normal -2.045307e-02 -9.371638e-01 3.482896e-01
      outer loop
         vertex 7.656306e+00 1.281146e-01 1.868404e+01
         vertex 7.999998e+00 1.206137e-01 1.868404e+01
         vertex 7.999998e+00 1.299679e-01 1.870921e+01
      endloop
   endfacet
   facet normal -2.304034e-02 -9.236180e-01 3.826210e-01
      outer loop
         vertex 7.656306e+00 1.281146e-01 1.868404e+01
         vertex 7.999998e+00 1.299679e-01 1.870921e+01
         vertex 7.659215e+00 1.948196e-01 1.884524e+01
      endloop
   endfacet
   facet normal -2.009801e-02 -9.211053e-01 3.887944e-01
      outer loop
         vertex 7.659215e+00 1.948196e-01 1.884524e+01
         vertex 7.999998e+00 1.299679e-01 1.870921e+01
         vertex 7.999998e+00 1.873840e-01 1.884524e+01
      endloop
   endfacet
   facet normal -1.954940e-02 -8.959620e-01 4.437003e-01
      outer loop
         vertex 7.659215e+00 1.948196e-01 1.884524e+01
         vertex 7.999998e+00 1.873840e-01 1.884524e+01
         vertex 7.999998e+00 2.290867e-01 1.892945e+01
      endloop
   endfacet
   facet normal -2.493232e-02 -8.866817e-01 4.617076e-01
      outer loop
         vertex 7.999998e+00 2.290867e-01 1.892945e+01
         vertex 7.662732e+00 2.753083e-01 1.900000e+01
         vertex 7.659215e+00 1.948196e-01 1.884524e+01
      endloop
   endfacet
   facet normal -5.801477e-02 -8.851550e-01 4.616653e-01
      outer loop
         vertex 7.659215e+00 1.948196e-01 1.884524e+01
         vertex 7.662732e+00 2.753083e-01 1.900000e+01
         vertex 7.326107e+00 2.973713e-01 1.900000e+01
      endloop
   endfacet
   facet normal -5.801809e-02 -8.851576e-01 4.616599e-01
      outer loop
         vertex 7.659215e+00 1.948196e-01 1.884524e+01
         vertex 7.326107e+00 2.973713e-01 1.900000e+01
         vertex 7.319085e+00 2.171136e-01 1.884524e+01
      endloop
   endfacet
   facet normal -9.657040e-02 -8.817847e-01 4.616600e-01
      outer loop
         vertex 7.319085e+00 2.171136e-01 1.884524e+01
         vertex 7.326107e+00 2.973713e-01 1.900000e+01
         vertex 6.990764e+00 3.340971e-01 1.900000e+01
      endloop
   endfacet
   facet normal -9.656801e-02 -8.817829e-01 4.616638e-01
      outer loop
         vertex 7.319085e+00 2.171136e-01 1.884524e+01
         vertex 6.990764e+00 3.340971e-01 1.900000e+01
         vertex 6.980248e+00 2.542213e-01 1.884524e+01
      endloop
   endfacet
   facet normal -1.349449e-01 -8.767305e-01 4.616639e-01
      outer loop
         vertex 6.980248e+00 2.542213e-01 1.884524e+01
         vertex 6.990764e+00 3.340971e-01 1.900000e+01
         vertex 6.657343e+00 3.854167e-01 1.900000e+01
      endloop
   endfacet
   facet normal -1.349438e-01 -8.767297e-01 4.616657e-01
      outer loop
         vertex 6.980248e+00 2.542213e-01 1.884524e+01
         vertex 6.657343e+00 3.854167e-01 1.900000e+01
         vertex 6.643351e+00 3.060754e-01 1.884524e+01
      endloop
   endfacet
   facet normal -1.730547e-01 -8.700095e-01 4.616661e-01
      outer loop
         vertex 6.643351e+00 3.060754e-01 1.884524e+01
         vertex 6.657343e+00 3.854167e-01 1.900000e+01
         vertex 6.326478e+00 4.512295e-01 1.900000e+01
      endloop
   endfacet
   facet normal -1.730547e-01 -8.700095e-01 4.616660e-01
      outer loop
         vertex 6.643351e+00 3.060754e-01 1.884524e+01
         vertex 6.326478e+00 4.512295e-01 1.900000e+01
         vertex 6.309040e+00 3.725737e-01 1.884524e+01
      endloop
   endfacet
   facet normal -2.108409e-01 -8.616325e-01 4.616661e-01
      outer loop
         vertex 6.309040e+00 3.725737e-01 1.884524e+01
         vertex 6.326478e+00 4.512295e-01 1.900000e+01
         vertex 5.998798e+00 5.314127e-01 1.900000e+01
      endloop
   endfacet
   facet normal -2.108422e-01 -8.616332e-01 4.616643e-01
      outer loop
         vertex 6.309040e+00 3.725737e-01 1.884524e+01
         vertex 5.998798e+00 5.314127e-01 1.900000e+01
         vertex 5.977944e+00 4.535932e-01 1.884524e+01
      endloop
   endfacet
   facet normal -2.482199e-01 -8.516176e-01 4.616648e-01
      outer loop
         vertex 5.977944e+00 4.535932e-01 1.884524e+01
         vertex 5.998798e+00 5.314127e-01 1.900000e+01
         vertex 5.674925e+00 6.258115e-01 1.900000e+01
      endloop
   endfacet
   facet normal -2.482224e-01 -8.516188e-01 4.616612e-01
      outer loop
         vertex 5.977944e+00 4.535932e-01 1.884524e+01
         vertex 5.674925e+00 6.258115e-01 1.900000e+01
         vertex 5.650699e+00 5.489755e-01 1.884524e+01
      endloop
   endfacet
   facet normal -2.851375e-01 -8.399795e-01 4.616611e-01
      outer loop
         vertex 5.650699e+00 5.489755e-01 1.884524e+01
         vertex 5.674925e+00 6.258115e-01 1.900000e+01
         vertex 5.355481e+00 7.342491e-01 1.900000e+01
      endloop
   endfacet
   facet normal -2.851322e-01 -8.399772e-01 4.616686e-01
      outer loop
         vertex 5.650699e+00 5.489755e-01 1.884524e+01
         vertex 5.355481e+00 7.342491e-01 1.900000e+01
         vertex 5.327925e+00 6.585419e-01 1.884524e+01
      endloop
   endfacet
   facet normal -3.215017e-01 -8.267397e-01 4.616688e-01
      outer loop
         vertex 5.327925e+00 6.585419e-01 1.884524e+01
         vertex 5.355481e+00 7.342491e-01 1.900000e+01
         vertex 5.041070e+00 8.565169e-01 1.900000e+01
      endloop
   endfacet
   facet normal -3.215037e-01 -8.267405e-01 4.616660e-01
      outer loop
         vertex 5.327925e+00 6.585419e-01 1.884524e+01
         vertex 5.041070e+00 8.565169e-01 1.900000e+01
         vertex 5.010240e+00 7.820837e-01 1.884524e+01
      endloop
   endfacet
   facet normal -3.572568e-01 -8.119312e-01 4.616659e-01
      outer loop
         vertex 5.010240e+00 7.820837e-01 1.884524e+01
         vertex 5.041070e+00 8.565169e-01 1.900000e+01
         vertex 4.732292e+00 9.923819e-01 1.900000e+01
      endloop
   endfacet
   facet normal -3.572549e-01 -8.119305e-01 4.616684e-01
      outer loop
         vertex 5.010240e+00 7.820837e-01 1.884524e+01
         vertex 4.732292e+00 9.923819e-01 1.900000e+01
         vertex 4.698243e+00 9.193644e-01 1.884524e+01
      endloop
   endfacet
   facet normal -3.923349e-01 -7.955724e-01 4.616685e-01
      outer loop
         vertex 4.698243e+00 9.193644e-01 1.884524e+01
         vertex 4.732292e+00 9.923819e-01 1.900000e+01
         vertex 4.429735e+00 1.141587e+00 1.900000e+01
      endloop
   endfacet
   facet normal -3.923383e-01 -7.955733e-01 4.616641e-01
      outer loop
         vertex 4.698243e+00 9.193644e-01 1.884524e+01
         vertex 4.429735e+00 1.141587e+00 1.900000e+01
         vertex 4.392534e+00 1.070125e+00 1.884524e+01
      endloop
   endfacet
   facet normal -4.266635e-01 -7.777047e-01 4.616640e-01
      outer loop
         vertex 4.392534e+00 1.070125e+00 1.884524e+01
         vertex 4.429735e+00 1.141587e+00 1.900000e+01
         vertex 4.133973e+00 1.303848e+00 1.900000e+01
      endloop
   endfacet
   facet normal -4.266667e-01 -7.777054e-01 4.616598e-01
      outer loop
         vertex 4.392534e+00 1.070125e+00 1.884524e+01
         vertex 4.133973e+00 1.303848e+00 1.900000e+01
         vertex 4.093692e+00 1.234077e+00 1.884524e+01
      endloop
   endfacet
   facet normal -4.601830e-01 -7.583548e-01 4.616596e-01
      outer loop
         vertex 4.093692e+00 1.234077e+00 1.884524e+01
         vertex 4.133973e+00 1.303848e+00 1.900000e+01
         vertex 3.845572e+00 1.478855e+00 1.900000e+01
      endloop
   endfacet
   facet normal -4.601808e-01 -7.583544e-01 4.616625e-01
      outer loop
         vertex 4.093692e+00 1.234077e+00 1.884524e+01
         vertex 3.845572e+00 1.478855e+00 1.900000e+01
         vertex 3.802285e+00 1.410907e+00 1.884524e+01
      endloop
   endfacet
   facet normal -4.928182e-01 -7.375621e-01 4.616626e-01
      outer loop
         vertex 3.802285e+00 1.410907e+00 1.884524e+01
         vertex 3.845572e+00 1.478855e+00 1.900000e+01
         vertex 3.565077e+00 1.666274e+00 1.900000e+01
      endloop
   endfacet
   facet normal -4.928252e-01 -7.375631e-01 4.616535e-01
      outer loop
         vertex 3.802285e+00 1.410907e+00 1.884524e+01
         vertex 3.565077e+00 1.666274e+00 1.900000e+01
         vertex 3.518868e+00 1.600280e+00 1.884524e+01
      endloop
   endfacet
   facet normal -5.245269e-01 -7.153654e-01 4.616534e-01
      outer loop
         vertex 3.518868e+00 1.600280e+00 1.884524e+01
         vertex 3.565077e+00 1.666274e+00 1.900000e+01
         vertex 3.293023e+00 1.865752e+00 1.900000e+01
      endloop
   endfacet
   facet normal -5.245218e-01 -7.153649e-01 4.616600e-01
      outer loop
         vertex 3.518868e+00 1.600280e+00 1.884524e+01
         vertex 3.293023e+00 1.865752e+00 1.900000e+01
         vertex 3.243979e+00 1.801835e+00 1.884524e+01
      endloop
   endfacet
   facet normal -5.552301e-01 -6.918018e-01 4.616598e-01
      outer loop
         vertex 3.243979e+00 1.801835e+00 1.884524e+01
         vertex 3.293023e+00 1.865752e+00 1.900000e+01
         vertex 3.029931e+00 2.076905e+00 1.900000e+01
      endloop
   endfacet
   facet normal -5.552281e-01 -6.918017e-01 4.616624e-01
      outer loop
         vertex 3.243979e+00 1.801835e+00 1.884524e+01
         vertex 3.029931e+00 2.076905e+00 1.900000e+01
         vertex 2.978146e+00 2.015188e+00 1.884524e+01
      endloop
   endfacet
   facet normal -5.848783e-01 -6.669224e-01 4.616622e-01
      outer loop
         vertex 2.978146e+00 2.015188e+00 1.884524e+01
         vertex 3.029931e+00 2.076905e+00 1.900000e+01
         vertex 2.776302e+00 2.299333e+00 1.900000e+01
      endloop
   endfacet
   facet normal -5.848767e-01 -6.669223e-01 4.616642e-01
      outer loop
         vertex 2.978146e+00 2.015188e+00 1.884524e+01
         vertex 2.776302e+00 2.299333e+00 1.900000e+01
         vertex 2.721872e+00 2.239935e+00 1.884524e+01
      endloop
   endfacet
   facet normal -6.134086e-01 -6.407775e-01 4.616645e-01
      outer loop
         vertex 2.721872e+00 2.239935e+00 1.884524e+01
         vertex 2.776302e+00 2.299333e+00 1.900000e+01
         vertex 2.532613e+00 2.532614e+00 1.900000e+01
      endloop
   endfacet
   facet normal -6.134094e-01 -6.407774e-01 4.616634e-01
      outer loop
         vertex 2.721872e+00 2.239935e+00 1.884524e+01
         vertex 2.532613e+00 2.532614e+00 1.900000e+01
         vertex 2.475645e+00 2.475645e+00 1.884524e+01
      endloop
   endfacet
   facet normal -6.407756e-01 -6.134115e-01 4.616632e-01
      outer loop
         vertex 2.475645e+00 2.475645e+00 1.884524e+01
         vertex 2.532613e+00 2.532614e+00 1.900000e+01
         vertex 2.299331e+00 2.776302e+00 1.900000e+01
      endloop
   endfacet
   facet normal -6.407793e-01 -6.134113e-01 4.616584e-01
      outer loop
         vertex 2.475645e+00 2.475645e+00 1.884524e+01
         vertex 2.299331e+00 2.776302e+00 1.900000e+01
         vertex 2.239935e+00 2.721872e+00 1.884524e+01
      endloop
   endfacet
   facet normal -6.669286e-01 -5.848746e-01 4.616578e-01
      outer loop
         vertex 2.239935e+00 2.721872e+00 1.884524e+01
         vertex 2.299331e+00 2.776302e+00 1.900000e+01
         vertex 2.076905e+00 3.029933e+00 1.900000e+01
      endloop
   endfacet
   facet normal -6.669252e-01 -5.848750e-01 4.616623e-01
      outer loop
         vertex 2.239935e+00 2.721872e+00 1.884524e+01
         vertex 2.076905e+00 3.029933e+00 1.900000e+01
         vertex 2.015188e+00 2.978148e+00 1.884524e+01
      endloop
   endfacet
   facet normal -6.918007e-01 -5.552293e-01 4.616624e-01
      outer loop
         vertex 2.015188e+00 2.978148e+00 1.884524e+01
         vertex 2.076905e+00 3.029933e+00 1.900000e+01
         vertex 1.865752e+00 3.293024e+00 1.900000e+01
      endloop
   endfacet
   facet normal -6.917977e-01 -5.552298e-01 4.616663e-01
      outer loop
         vertex 2.015188e+00 2.978148e+00 1.884524e+01
         vertex 1.865752e+00 3.293024e+00 1.900000e+01
         vertex 1.801834e+00 3.243981e+00 1.884524e+01
      endloop
   endfacet
   facet normal -7.153581e-01 -5.245251e-01 4.616668e-01
      outer loop
         vertex 1.801834e+00 3.243981e+00 1.884524e+01
         vertex 1.865752e+00 3.293024e+00 1.900000e+01
         vertex 1.666274e+00 3.565077e+00 1.900000e+01
      endloop
   endfacet
   facet normal -7.153683e-01 -5.245229e-01 4.616535e-01
      outer loop
         vertex 1.801834e+00 3.243981e+00 1.884524e+01
         vertex 1.666274e+00 3.565077e+00 1.900000e+01
         vertex 1.600280e+00 3.518868e+00 1.884524e+01
      endloop
   endfacet
   facet normal -7.375660e-01 -4.928209e-01 4.616535e-01
      outer loop
         vertex 1.600280e+00 3.518868e+00 1.884524e+01
         vertex 1.666274e+00 3.565077e+00 1.900000e+01
         vertex 1.478855e+00 3.845572e+00 1.900000e+01
      endloop
   endfacet
   facet normal -7.375539e-01 -4.928240e-01 4.616695e-01
      outer loop
         vertex 1.600280e+00 3.518868e+00 1.884524e+01
         vertex 1.478855e+00 3.845572e+00 1.900000e+01
         vertex 1.410905e+00 3.802285e+00 1.884524e+01
      endloop
   endfacet
   facet normal -7.583503e-01 -4.601803e-01 4.616697e-01
      outer loop
         vertex 1.410905e+00 3.802285e+00 1.884524e+01
         vertex 1.478855e+00 3.845572e+00 1.900000e+01
         vertex 1.303848e+00 4.133973e+00 1.900000e+01
      endloop
   endfacet
   facet normal -7.583578e-01 -4.601781e-01 4.616596e-01
      outer loop
         vertex 1.410905e+00 3.802285e+00 1.884524e+01
         vertex 1.303848e+00 4.133973e+00 1.900000e+01
         vertex 1.234077e+00 4.093692e+00 1.884524e+01
      endloop
   endfacet
   facet normal -7.777051e-01 -4.266673e-01 4.616598e-01
      outer loop
         vertex 1.234077e+00 4.093692e+00 1.884524e+01
         vertex 1.303848e+00 4.133973e+00 1.900000e+01
         vertex 1.141585e+00 4.429736e+00 1.900000e+01
      endloop
   endfacet
   facet normal -7.777020e-01 -4.266684e-01 4.616640e-01
      outer loop
         vertex 1.234077e+00 4.093692e+00 1.884524e+01
         vertex 1.141585e+00 4.429736e+00 1.900000e+01
         vertex 1.070123e+00 4.392535e+00 1.884524e+01
      endloop
   endfacet
   facet normal -7.955750e-01 -3.923350e-01 4.616641e-01
      outer loop
         vertex 1.070123e+00 4.392535e+00 1.884524e+01
         vertex 1.141585e+00 4.429736e+00 1.900000e+01
         vertex 9.923801e-01 4.732294e+00 1.900000e+01
      endloop
   endfacet
   facet normal -7.955785e-01 -3.923336e-01 4.616592e-01
      outer loop
         vertex 1.070123e+00 4.392535e+00 1.884524e+01
         vertex 9.923801e-01 4.732294e+00 1.900000e+01
         vertex 9.193644e-01 4.698246e+00 1.884524e+01
      endloop
   endfacet
   facet normal -8.119344e-01 -3.572582e-01 4.616591e-01
      outer loop
         vertex 9.193644e-01 4.698246e+00 1.884524e+01
         vertex 9.923801e-01 4.732294e+00 1.900000e+01
         vertex 8.565150e-01 5.041072e+00 1.900000e+01
      endloop
   endfacet
   facet normal -8.119338e-01 -3.572584e-01 4.616599e-01
      outer loop
         vertex 9.193644e-01 4.698246e+00 1.884524e+01
         vertex 8.565150e-01 5.041072e+00 1.900000e+01
         vertex 7.820837e-01 5.010241e+00 1.884524e+01
      endloop
   endfacet
   facet normal -8.267438e-01 -3.215043e-01 4.616597e-01
      outer loop
         vertex 7.820837e-01 5.010241e+00 1.884524e+01
         vertex 8.565150e-01 5.041072e+00 1.900000e+01
         vertex 7.342473e-01 5.355482e+00 1.900000e+01
      endloop
   endfacet
   facet normal -8.267451e-01 -3.215036e-01 4.616579e-01
      outer loop
         vertex 7.820837e-01 5.010241e+00 1.884524e+01
         vertex 7.342473e-01 5.355482e+00 1.900000e+01
         vertex 6.585419e-01 5.327928e+00 1.884524e+01
      endloop
   endfacet
   facet normal -8.399831e-01 -2.851322e-01 4.616579e-01
      outer loop
         vertex 6.585419e-01 5.327928e+00 1.884524e+01
         vertex 7.342473e-01 5.355482e+00 1.900000e+01
         vertex 6.258115e-01 5.674927e+00 1.900000e+01
      endloop
   endfacet
   facet normal -8.399746e-01 -2.851369e-01 4.616704e-01
      outer loop
         vertex 6.585419e-01 5.327928e+00 1.884524e+01
         vertex 6.258115e-01 5.674927e+00 1.900000e+01
         vertex 5.489737e-01 5.650701e+00 1.884524e+01
      endloop
   endfacet
   facet normal -8.516142e-01 -2.482210e-01 4.616705e-01
      outer loop
         vertex 5.489737e-01 5.650701e+00 1.884524e+01
         vertex 6.258115e-01 5.674927e+00 1.900000e+01
         vertex 5.314127e-01 5.998798e+00 1.900000e+01
      endloop
   endfacet
   facet normal -8.516142e-01 -2.482210e-01 4.616705e-01
      outer loop
         vertex 5.489737e-01 5.650701e+00 1.884524e+01
         vertex 5.314127e-01 5.998798e+00 1.900000e+01
         vertex 4.535913e-01 5.977945e+00 1.884524e+01
      endloop
   endfacet
   facet normal -8.616302e-01 -2.108409e-01 4.616704e-01
      outer loop
         vertex 4.535913e-01 5.977945e+00 1.884524e+01
         vertex 5.314127e-01 5.998798e+00 1.900000e+01
         vertex 4.512295e-01 6.326477e+00 1.900000e+01
      endloop
   endfacet
   facet normal -8.616336e-01 -2.108386e-01 4.616651e-01
      outer loop
         vertex 4.535913e-01 5.977945e+00 1.884524e+01
         vertex 4.512295e-01 6.326477e+00 1.900000e+01
         vertex 3.725737e-01 6.309040e+00 1.884524e+01
      endloop
   endfacet
   facet normal -8.700091e-01 -1.730590e-01 4.616652e-01
      outer loop
         vertex 3.725737e-01 6.309040e+00 1.884524e+01
         vertex 4.512295e-01 6.326477e+00 1.900000e+01
         vertex 3.854148e-01 6.657343e+00 1.900000e+01
      endloop
   endfacet
   facet normal -8.700096e-01 -1.730586e-01 4.616644e-01
      outer loop
         vertex 3.725737e-01 6.309040e+00 1.884524e+01
         vertex 3.854148e-01 6.657343e+00 1.900000e+01
         vertex 3.060736e-01 6.643353e+00 1.884524e+01
      endloop
   endfacet
   facet normal -8.767302e-01 -1.349449e-01 4.616644e-01
      outer loop
         vertex 3.060736e-01 6.643353e+00 1.884524e+01
         vertex 3.854148e-01 6.657343e+00 1.900000e+01
         vertex 3.340952e-01 6.990764e+00 1.900000e+01
      endloop
   endfacet
   facet normal -8.767359e-01 -1.349402e-01 4.616550e-01
      outer loop
         vertex 3.060736e-01 6.643353e+00 1.884524e+01
         vertex 3.340952e-01 6.990764e+00 1.900000e+01
         vertex 2.542213e-01 6.980249e+00 1.884524e+01
      endloop
   endfacet
   facet normal -8.817878e-01 -9.656611e-02 4.616550e-01
      outer loop
         vertex 2.542213e-01 6.980249e+00 1.884524e+01
         vertex 3.340952e-01 6.990764e+00 1.900000e+01
         vertex 2.973713e-01 7.326107e+00 1.900000e+01
      endloop
   endfacet
   facet normal -8.817851e-01 -9.656851e-02 4.616596e-01
      outer loop
         vertex 2.542213e-01 6.980249e+00 1.884524e+01
         vertex 2.973713e-01 7.326107e+00 1.900000e+01
         vertex 2.171136e-01 7.319085e+00 1.884524e+01
      endloop
   endfacet
   facet normal -8.851577e-01 -5.801968e-02 4.616597e-01
      outer loop
         vertex 2.171136e-01 7.319085e+00 1.884524e+01
         vertex 2.973713e-01 7.326107e+00 1.900000e+01
         vertex 2.753064e-01 7.662732e+00 1.900000e+01
      endloop
   endfacet
   facet normal -8.851550e-01 -5.802229e-02 4.616645e-01
      outer loop
         vertex 2.171136e-01 7.319085e+00 1.884524e+01
         vertex 2.753064e-01 7.662732e+00 1.900000e+01
         vertex 1.948178e-01 7.659218e+00 1.884524e+01
      endloop
   endfacet
   facet normal -8.866821e-01 -2.492741e-02 4.617072e-01
      outer loop
         vertex 1.948178e-01 7.659218e+00 1.884524e+01
         vertex 2.753064e-01 7.662732e+00 1.900000e+01
         vertex 2.290867e-01 7.999999e+00 1.892945e+01
      endloop
   endfacet
   facet normal -8.959541e-01 -1.954928e-02 4.437163e-01
      outer loop
         vertex 1.948178e-01 7.659218e+00 1.884524e+01
         vertex 2.290867e-01 7.999999e+00 1.892945e+01
         vertex 1.873821e-01 7.999999e+00 1.884524e+01
      endloop
   endfacet
   facet normal -7.932321e-01 -1.730380e-02 6.086735e-01
      outer loop
         vertex 4.679114e-01 7.999999e+00 1.928557e+01
         vertex 3.616959e-01 7.999999e+00 1.914715e+01
         vertex 3.689639e-01 7.666822e+00 1.914715e+01
      endloop
   endfacet
   facet normal -8.208527e-01 -1.790633e-02 5.708591e-01
      outer loop
         vertex 3.689639e-01 7.666822e+00 1.914715e+01
         vertex 3.616959e-01 7.999999e+00 1.914715e+01
         vertex 3.540292e-01 7.999999e+00 1.913613e+01
      endloop
   endfacet
   facet normal -8.432031e-01 -2.002115e-02 5.372222e-01
      outer loop
         vertex 3.540292e-01 7.999999e+00 1.913613e+01
         vertex 2.753064e-01 7.662732e+00 1.900000e+01
         vertex 3.689639e-01 7.666822e+00 1.914715e+01
      endloop
   endfacet
   facet normal -8.416444e-01 -5.516751e-02 5.372069e-01
      outer loop
         vertex 3.689639e-01 7.666822e+00 1.914715e+01
         vertex 2.753064e-01 7.662732e+00 1.900000e+01
         vertex 2.973713e-01 7.326107e+00 1.900000e+01
      endloop
   endfacet
   facet normal -8.416464e-01 -5.516582e-02 5.372039e-01
      outer loop
         vertex 3.689639e-01 7.666822e+00 1.914715e+01
         vertex 2.973713e-01 7.326107e+00 1.900000e+01
         vertex 3.907606e-01 7.334277e+00 1.914715e+01
      endloop
   endfacet
   facet normal -8.384397e-01 -9.181899e-02 5.372040e-01
      outer loop
         vertex 3.907606e-01 7.334277e+00 1.914715e+01
         vertex 2.973713e-01 7.326107e+00 1.900000e+01
         vertex 3.340952e-01 6.990764e+00 1.900000e+01
      endloop
   endfacet
   facet normal -8.384341e-01 -9.182339e-02 5.372120e-01
      outer loop
         vertex 3.907606e-01 7.334277e+00 1.914715e+01
         vertex 3.340952e-01 6.990764e+00 1.900000e+01
         vertex 4.270412e-01 7.003001e+00 1.914715e+01
      endloop
   endfacet
   facet normal -8.336303e-01 -1.283110e-01 5.372120e-01
      outer loop
         vertex 4.270412e-01 7.003001e+00 1.914715e+01
         vertex 3.340952e-01 6.990764e+00 1.900000e+01
         vertex 3.854148e-01 6.657343e+00 1.900000e+01
      endloop
   endfacet
   facet normal -8.336303e-01 -1.283110e-01 5.372120e-01
      outer loop
         vertex 4.270412e-01 7.003001e+00 1.914715e+01
         vertex 3.854148e-01 6.657343e+00 1.900000e+01
         vertex 4.777387e-01 6.673622e+00 1.914715e+01
      endloop
   endfacet
   facet normal -8.272401e-01 -1.645515e-01 5.372119e-01
      outer loop
         vertex 4.777387e-01 6.673622e+00 1.914715e+01
         vertex 3.854148e-01 6.657343e+00 1.900000e+01
         vertex 4.512295e-01 6.326477e+00 1.900000e+01
      endloop
   endfacet
   facet normal -8.272487e-01 -1.645460e-01 5.372004e-01
      outer loop
         vertex 4.777387e-01 6.673622e+00 1.914715e+01
         vertex 4.512295e-01 6.326477e+00 1.900000e+01
         vertex 5.427524e-01 6.346768e+00 1.914715e+01
      endloop
   endfacet
   facet normal -8.192826e-01 -2.004785e-01 5.372005e-01
      outer loop
         vertex 5.427524e-01 6.346768e+00 1.914715e+01
         vertex 4.512295e-01 6.326477e+00 1.900000e+01
         vertex 5.314127e-01 5.998798e+00 1.900000e+01
      endloop
   endfacet
   facet normal -8.192836e-01 -2.004779e-01 5.371992e-01
      outer loop
         vertex 5.427524e-01 6.346768e+00 1.914715e+01
         vertex 5.314127e-01 5.998798e+00 1.900000e+01
         vertex 6.219633e-01 6.023061e+00 1.914715e+01
      endloop
   endfacet
   facet normal -8.097597e-01 -2.360217e-01 5.371992e-01
      outer loop
         vertex 6.219633e-01 6.023061e+00 1.914715e+01
         vertex 5.314127e-01 5.998798e+00 1.900000e+01
         vertex 6.258115e-01 5.674927e+00 1.900000e+01
      endloop
   endfacet
   facet normal -8.097573e-01 -2.360230e-01 5.372023e-01
      outer loop
         vertex 6.219633e-01 6.023061e+00 1.914715e+01
         vertex 6.258115e-01 5.674927e+00 1.900000e+01
         vertex 7.152185e-01 5.703117e+00 1.914715e+01
      endloop
   endfacet
   facet normal -7.986926e-01 -2.711161e-01 5.372022e-01
      outer loop
         vertex 7.152185e-01 5.703117e+00 1.914715e+01
         vertex 6.258115e-01 5.674927e+00 1.900000e+01
         vertex 7.342473e-01 5.355482e+00 1.900000e+01
      endloop
   endfacet
   facet normal -7.986923e-01 -2.711163e-01 5.372026e-01
      outer loop
         vertex 7.152185e-01 5.703117e+00 1.914715e+01
         vertex 7.342473e-01 5.355482e+00 1.900000e+01
         vertex 8.223392e-01 5.387546e+00 1.914715e+01
      endloop
   endfacet
   facet normal -7.861046e-01 -3.057005e-01 5.372027e-01
      outer loop
         vertex 8.223392e-01 5.387546e+00 1.914715e+01
         vertex 7.342473e-01 5.355482e+00 1.900000e+01
         vertex 8.565150e-01 5.041072e+00 1.900000e+01
      endloop
   endfacet
   facet normal -7.861066e-01 -3.056996e-01 5.372002e-01
      outer loop
         vertex 8.223392e-01 5.387546e+00 1.914715e+01
         vertex 8.565150e-01 5.041072e+00 1.900000e+01
         vertex 9.431243e-01 5.076947e+00 1.914715e+01
      endloop
   endfacet
   facet normal -7.720243e-01 -3.396974e-01 5.372002e-01
      outer loop
         vertex 9.431243e-01 5.076947e+00 1.914715e+01
         vertex 8.565150e-01 5.041072e+00 1.900000e+01
         vertex 9.923801e-01 4.732294e+00 1.900000e+01
      endloop
   endfacet
   facet normal -7.720219e-01 -3.396983e-01 5.372031e-01
      outer loop
         vertex 9.431243e-01 5.076947e+00 1.914715e+01
         vertex 9.923801e-01 4.732294e+00 1.900000e+01
         vertex 1.077343e+00 4.771912e+00 1.914715e+01
      endloop
   endfacet
   facet normal -7.564696e-01 -3.730503e-01 5.372031e-01
      outer loop
         vertex 1.077343e+00 4.771912e+00 1.914715e+01
         vertex 9.923801e-01 4.732294e+00 1.900000e+01
         vertex 1.141585e+00 4.429736e+00 1.900000e+01
      endloop
   endfacet
   facet normal -7.564624e-01 -3.730527e-01 5.372117e-01
      outer loop
         vertex 1.077343e+00 4.771912e+00 1.914715e+01
         vertex 1.141585e+00 4.429736e+00 1.900000e+01
         vertex 1.224741e+00 4.473023e+00 1.914715e+01
      endloop
   endfacet
   facet normal -7.394717e-01 -4.056915e-01 5.372114e-01
      outer loop
         vertex 1.224741e+00 4.473023e+00 1.914715e+01
         vertex 1.141585e+00 4.429736e+00 1.900000e+01
         vertex 1.303848e+00 4.133973e+00 1.900000e+01
      endloop
   endfacet
   facet normal -7.394810e-01 -4.056890e-01 5.372005e-01
      outer loop
         vertex 1.224741e+00 4.473023e+00 1.914715e+01
         vertex 1.303848e+00 4.133973e+00 1.900000e+01
         vertex 1.385033e+00 4.180847e+00 1.914715e+01
      endloop
   endfacet
   facet normal -7.210784e-01 -4.375631e-01 5.372007e-01
      outer loop
         vertex 1.385033e+00 4.180847e+00 1.914715e+01
         vertex 1.303848e+00 4.133973e+00 1.900000e+01
         vertex 1.478855e+00 3.845572e+00 1.900000e+01
      endloop
   endfacet
   facet normal -7.210727e-01 -4.375643e-01 5.372072e-01
      outer loop
         vertex 1.385033e+00 4.180847e+00 1.914715e+01
         vertex 1.478855e+00 3.845572e+00 1.900000e+01
         vertex 1.557920e+00 3.895942e+00 1.914715e+01
      endloop
   endfacet
   facet normal -7.013056e-01 -4.685926e-01 5.372071e-01
      outer loop
         vertex 1.557920e+00 3.895942e+00 1.914715e+01
         vertex 1.478855e+00 3.845572e+00 1.900000e+01
         vertex 1.666274e+00 3.565077e+00 1.900000e+01
      endloop
   endfacet
   facet normal -7.013051e-01 -4.685927e-01 5.372076e-01
      outer loop
         vertex 1.557920e+00 3.895942e+00 1.914715e+01
         vertex 1.666274e+00 3.565077e+00 1.900000e+01
         vertex 1.743067e+00 3.618848e+00 1.914715e+01
      endloop
   endfacet
   facet normal -6.801945e-01 -4.987419e-01 5.372076e-01
      outer loop
         vertex 1.743067e+00 3.618848e+00 1.914715e+01
         vertex 1.666274e+00 3.565077e+00 1.900000e+01
         vertex 1.865752e+00 3.293024e+00 1.900000e+01
      endloop
   endfacet
   facet normal -6.802023e-01 -4.987408e-01 5.371987e-01
      outer loop
         vertex 1.743067e+00 3.618848e+00 1.914715e+01
         vertex 1.865752e+00 3.293024e+00 1.900000e+01
         vertex 1.940124e+00 3.350094e+00 1.914715e+01
      endloop
   endfacet
   facet normal -6.577977e-01 -5.279389e-01 5.371990e-01
      outer loop
         vertex 1.940124e+00 3.350094e+00 1.914715e+01
         vertex 1.865752e+00 3.293024e+00 1.900000e+01
         vertex 2.076905e+00 3.029933e+00 1.900000e+01
      endloop
   endfacet
   facet normal -6.577975e-01 -5.279389e-01 5.371992e-01
      outer loop
         vertex 1.940124e+00 3.350094e+00 1.914715e+01
         vertex 2.076905e+00 3.029933e+00 1.900000e+01
         vertex 2.148718e+00 3.090192e+00 1.914715e+01
      endloop
   endfacet
   facet normal -6.341462e-01 -5.561255e-01 5.371993e-01
      outer loop
         vertex 2.148718e+00 3.090192e+00 1.914715e+01
         vertex 2.076905e+00 3.029933e+00 1.900000e+01
         vertex 2.299331e+00 2.776302e+00 1.900000e+01
      endloop
   endfacet
   facet normal -6.341367e-01 -5.561259e-01 5.372101e-01
      outer loop
         vertex 2.148718e+00 3.090192e+00 1.914715e+01
         vertex 2.299331e+00 2.776302e+00 1.900000e+01
         vertex 2.368450e+00 2.839636e+00 1.914715e+01
      endloop
   endfacet
   facet normal -6.092758e-01 -5.832570e-01 5.372097e-01
      outer loop
         vertex 2.368450e+00 2.839636e+00 1.914715e+01
         vertex 2.299331e+00 2.776302e+00 1.900000e+01
         vertex 2.532613e+00 2.532614e+00 1.900000e+01
      endloop
   endfacet
   facet normal -6.092843e-01 -5.832569e-01 5.372002e-01
      outer loop
         vertex 2.368450e+00 2.839636e+00 1.914715e+01
         vertex 2.532613e+00 2.532614e+00 1.900000e+01
         vertex 2.598900e+00 2.598902e+00 1.914715e+01
      endloop
   endfacet
   facet normal -5.832588e-01 -6.092824e-01 5.372002e-01
      outer loop
         vertex 2.598900e+00 2.598902e+00 1.914715e+01
         vertex 2.532613e+00 2.532614e+00 1.900000e+01
         vertex 2.776302e+00 2.299333e+00 1.900000e+01
      endloop
   endfacet
   facet normal -5.832552e-01 -6.092823e-01 5.372043e-01
      outer loop
         vertex 2.598900e+00 2.598902e+00 1.914715e+01
         vertex 2.776302e+00 2.299333e+00 1.900000e+01
         vertex 2.839636e+00 2.368450e+00 1.914715e+01
      endloop
   endfacet
   facet normal -5.561283e-01 -6.341394e-01 5.372043e-01
      outer loop
         vertex 2.839636e+00 2.368450e+00 1.914715e+01
         vertex 2.776302e+00 2.299333e+00 1.900000e+01
         vertex 3.029931e+00 2.076905e+00 1.900000e+01
      endloop
   endfacet
   facet normal -5.561233e-01 -6.341390e-01 5.372100e-01
      outer loop
         vertex 2.839636e+00 2.368450e+00 1.914715e+01
         vertex 3.029931e+00 2.076905e+00 1.900000e+01
         vertex 3.090192e+00 2.148720e+00 1.914715e+01
      endloop
   endfacet
   facet normal -5.279346e-01 -6.577923e-01 5.372098e-01
      outer loop
         vertex 3.090192e+00 2.148720e+00 1.914715e+01
         vertex 3.029931e+00 2.076905e+00 1.900000e+01
         vertex 3.293023e+00 1.865752e+00 1.900000e+01
      endloop
   endfacet
   facet normal -5.279347e-01 -6.577923e-01 5.372097e-01
      outer loop
         vertex 3.090192e+00 2.148720e+00 1.914715e+01
         vertex 3.293023e+00 1.865752e+00 1.900000e+01
         vertex 3.350094e+00 1.940126e+00 1.914715e+01
      endloop
   endfacet
   facet normal -4.987390e-01 -6.801952e-01 5.372093e-01
      outer loop
         vertex 3.350094e+00 1.940126e+00 1.914715e+01
         vertex 3.293023e+00 1.865752e+00 1.900000e+01
         vertex 3.565077e+00 1.666274e+00 1.900000e+01
      endloop
   endfacet
   facet normal -4.987406e-01 -6.801955e-01 5.372076e-01
      outer loop
         vertex 3.350094e+00 1.940126e+00 1.914715e+01
         vertex 3.565077e+00 1.666274e+00 1.900000e+01
         vertex 3.618848e+00 1.743067e+00 1.914715e+01
      endloop
   endfacet
   facet normal -4.685925e-01 -7.013053e-01 5.372076e-01
      outer loop
         vertex 3.618848e+00 1.743067e+00 1.914715e+01
         vertex 3.565077e+00 1.666274e+00 1.900000e+01
         vertex 3.845572e+00 1.478855e+00 1.900000e+01
      endloop
   endfacet
   facet normal -4.685929e-01 -7.013054e-01 5.372071e-01
      outer loop
         vertex 3.618848e+00 1.743067e+00 1.914715e+01
         vertex 3.845572e+00 1.478855e+00 1.900000e+01
         vertex 3.895942e+00 1.557920e+00 1.914715e+01
      endloop
   endfacet
   facet normal -4.375609e-01 -7.210748e-01 5.372071e-01
      outer loop
         vertex 3.895942e+00 1.557920e+00 1.914715e+01
         vertex 3.845572e+00 1.478855e+00 1.900000e+01
         vertex 4.133973e+00 1.303848e+00 1.900000e+01
      endloop
   endfacet
   facet normal -4.375643e-01 -7.210757e-01 5.372032e-01
      outer loop
         vertex 3.895942e+00 1.557920e+00 1.914715e+01
         vertex 4.133973e+00 1.303848e+00 1.900000e+01
         vertex 4.180845e+00 1.385035e+00 1.914715e+01
      endloop
   endfacet
   facet normal -4.056913e-01 -7.394775e-01 5.372035e-01
      outer loop
         vertex 4.180845e+00 1.385035e+00 1.914715e+01
         vertex 4.133973e+00 1.303848e+00 1.900000e+01
         vertex 4.429735e+00 1.141587e+00 1.900000e+01
      endloop
   endfacet
   facet normal -4.056887e-01 -7.394767e-01 5.372066e-01
      outer loop
         vertex 4.180845e+00 1.385035e+00 1.914715e+01
         vertex 4.429735e+00 1.141587e+00 1.900000e+01
         vertex 4.473023e+00 1.224741e+00 1.914715e+01
      endloop
   endfacet
   facet normal -3.730503e-01 -7.564672e-01 5.372065e-01
      outer loop
         vertex 4.473023e+00 1.224741e+00 1.914715e+01
         vertex 4.429735e+00 1.141587e+00 1.900000e+01
         vertex 4.732292e+00 9.923819e-01 1.900000e+01
      endloop
   endfacet
   facet normal -3.730532e-01 -7.564683e-01 5.372030e-01
      outer loop
         vertex 4.473023e+00 1.224741e+00 1.914715e+01
         vertex 4.732292e+00 9.923819e-01 1.900000e+01
         vertex 4.771911e+00 1.077345e+00 1.914715e+01
      endloop
   endfacet
   facet normal -3.396967e-01 -7.720227e-01 5.372031e-01
      outer loop
         vertex 4.771911e+00 1.077345e+00 1.914715e+01
         vertex 4.732292e+00 9.923819e-01 1.900000e+01
         vertex 5.041070e+00 8.565169e-01 1.900000e+01
      endloop
   endfacet
   facet normal -3.396991e-01 -7.720236e-01 5.372002e-01
      outer loop
         vertex 4.771911e+00 1.077345e+00 1.914715e+01
         vertex 5.041070e+00 8.565169e-01 1.900000e+01
         vertex 5.076945e+00 9.431262e-01 1.914715e+01
      endloop
   endfacet
   facet normal -3.057003e-01 -7.861064e-01 5.372002e-01
      outer loop
         vertex 5.076945e+00 9.431262e-01 1.914715e+01
         vertex 5.041070e+00 8.565169e-01 1.900000e+01
         vertex 5.355481e+00 7.342491e-01 1.900000e+01
      endloop
   endfacet
   facet normal -3.056982e-01 -7.861055e-01 5.372028e-01
      outer loop
         vertex 5.076945e+00 9.431262e-01 1.914715e+01
         vertex 5.355481e+00 7.342491e-01 1.900000e+01
         vertex 5.387545e+00 8.223411e-01 1.914715e+01
      endloop
   endfacet
   facet normal -2.711216e-01 -7.986904e-01 5.372026e-01
      outer loop
         vertex 5.387545e+00 8.223411e-01 1.914715e+01
         vertex 5.355481e+00 7.342491e-01 1.900000e+01
         vertex 5.674925e+00 6.258115e-01 1.900000e+01
      endloop
   endfacet
   facet normal -2.711125e-01 -7.986857e-01 5.372143e-01
      outer loop
         vertex 5.387545e+00 8.223411e-01 1.914715e+01
         vertex 5.674925e+00 6.258115e-01 1.900000e+01
         vertex 5.703118e+00 7.152203e-01 1.914715e+01
      endloop
   endfacet
   facet normal -2.360172e-01 -8.097513e-01 5.372138e-01
      outer loop
         vertex 5.703118e+00 7.152203e-01 1.914715e+01
         vertex 5.674925e+00 6.258115e-01 1.900000e+01
         vertex 5.998798e+00 5.314127e-01 1.900000e+01
      endloop
   endfacet
   facet normal -2.360228e-01 -8.097546e-01 5.372064e-01
      outer loop
         vertex 5.703118e+00 7.152203e-01 1.914715e+01
         vertex 5.998798e+00 5.314127e-01 1.900000e+01
         vertex 6.023061e+00 6.219652e-01 1.914715e+01
      endloop
   endfacet
   facet normal -2.004770e-01 -8.192790e-01 5.372066e-01
      outer loop
         vertex 6.023061e+00 6.219652e-01 1.914715e+01
         vertex 5.998798e+00 5.314127e-01 1.900000e+01
         vertex 6.326478e+00 4.512295e-01 1.900000e+01
      endloop
   endfacet
   facet normal -2.004781e-01 -8.192796e-01 5.372052e-01
      outer loop
         vertex 6.023061e+00 6.219652e-01 1.914715e+01
         vertex 6.326478e+00 4.512295e-01 1.900000e+01
         vertex 6.346766e+00 5.427543e-01 1.914715e+01
      endloop
   endfacet
   facet normal -1.645483e-01 -8.272448e-01 5.372056e-01
      outer loop
         vertex 6.346766e+00 5.427543e-01 1.914715e+01
         vertex 6.326478e+00 4.512295e-01 1.900000e+01
         vertex 6.657343e+00 3.854167e-01 1.900000e+01
      endloop
   endfacet
   facet normal -1.645486e-01 -8.272450e-01 5.372052e-01
      outer loop
         vertex 6.346766e+00 5.427543e-01 1.914715e+01
         vertex 6.657343e+00 3.854167e-01 1.900000e+01
         vertex 6.673623e+00 4.777387e-01 1.914715e+01
      endloop
   endfacet
   facet normal -1.283117e-01 -8.336347e-01 5.372051e-01
      outer loop
         vertex 6.673623e+00 4.777387e-01 1.914715e+01
         vertex 6.657343e+00 3.854167e-01 1.900000e+01
         vertex 6.990764e+00 3.340971e-01 1.900000e+01
      endloop
   endfacet
   facet normal -1.283080e-01 -8.336319e-01 5.372103e-01
      outer loop
         vertex 6.673623e+00 4.777387e-01 1.914715e+01
         vertex 6.990764e+00 3.340971e-01 1.900000e+01
         vertex 7.002998e+00 4.270431e-01 1.914715e+01
      endloop
   endfacet
   facet normal -9.182287e-02 -8.384349e-01 5.372108e-01
      outer loop
         vertex 7.002998e+00 4.270431e-01 1.914715e+01
         vertex 6.990764e+00 3.340971e-01 1.900000e+01
         vertex 7.326107e+00 2.973713e-01 1.900000e+01
      endloop
   endfacet
   facet normal -9.182787e-02 -8.384391e-01 5.372035e-01
      outer loop
         vertex 7.002998e+00 4.270431e-01 1.914715e+01
         vertex 7.326107e+00 2.973713e-01 1.900000e+01
         vertex 7.334277e+00 3.907606e-01 1.914715e+01
      endloop
   endfacet
   facet normal -5.516315e-02 -8.416468e-01 5.372036e-01
      outer loop
         vertex 7.334277e+00 3.907606e-01 1.914715e+01
         vertex 7.326107e+00 2.973713e-01 1.900000e+01
         vertex 7.662732e+00 2.753083e-01 1.900000e+01
      endloop
   endfacet
   facet normal -5.516149e-02 -8.416453e-01 5.372062e-01
      outer loop
         vertex 7.334277e+00 3.907606e-01 1.914715e+01
         vertex 7.662732e+00 2.753083e-01 1.900000e+01
         vertex 7.666819e+00 3.689658e-01 1.914715e+01
      endloop
   endfacet
   facet normal -7.932308e-01 -1.730491e-02 6.086752e-01
      outer loop
         vertex 4.679114e-01 7.999999e+00 1.928557e+01
         vertex 3.689639e-01 7.666822e+00 1.914715e+01
         vertex 4.750788e-01 7.671454e+00 1.928557e+01
      endloop
   endfacet
   facet normal -7.917207e-01 -5.189343e-02 6.086751e-01
      outer loop
         vertex 4.750788e-01 7.671454e+00 1.928557e+01
         vertex 3.689639e-01 7.666822e+00 1.914715e+01
         vertex 3.907606e-01 7.334277e+00 1.914715e+01
      endloop
   endfacet
   facet normal -7.917275e-01 -5.188825e-02 6.086667e-01
      outer loop
         vertex 4.750788e-01 7.671454e+00 1.928557e+01
         vertex 3.907606e-01 7.334277e+00 1.914715e+01
         vertex 4.965700e-01 7.343534e+00 1.928557e+01
      endloop
   endfacet
   facet normal -7.887101e-01 -8.637773e-02 6.086667e-01
      outer loop
         vertex 4.965700e-01 7.343534e+00 1.928557e+01
         vertex 3.907606e-01 7.334277e+00 1.914715e+01
         vertex 4.270412e-01 7.003001e+00 1.914715e+01
      endloop
   endfacet
   facet normal -7.887054e-01 -8.638098e-02 6.086724e-01
      outer loop
         vertex 4.965700e-01 7.343534e+00 1.928557e+01
         vertex 4.270412e-01 7.003001e+00 1.914715e+01
         vertex 5.323477e-01 7.016865e+00 1.928557e+01
      endloop
   endfacet
   facet normal -7.841871e-01 -1.207008e-01 6.086723e-01
      outer loop
         vertex 5.323477e-01 7.016865e+00 1.928557e+01
         vertex 4.270412e-01 7.003001e+00 1.914715e+01
         vertex 4.777387e-01 6.673622e+00 1.914715e+01
      endloop
   endfacet
   facet normal -7.841958e-01 -1.206953e-01 6.086622e-01
      outer loop
         vertex 5.323477e-01 7.016865e+00 1.928557e+01
         vertex 4.777387e-01 6.673622e+00 1.914715e+01
         vertex 5.823374e-01 6.692066e+00 1.928557e+01
      endloop
   endfacet
   facet normal -7.781846e-01 -1.547868e-01 6.086623e-01
      outer loop
         vertex 5.823374e-01 6.692066e+00 1.928557e+01
         vertex 4.777387e-01 6.673622e+00 1.914715e+01
         vertex 5.427524e-01 6.346768e+00 1.914715e+01
      endloop
   endfacet
   facet normal -7.781762e-01 -1.547916e-01 6.086718e-01
      outer loop
         vertex 5.823374e-01 6.692066e+00 1.928557e+01
         vertex 5.427524e-01 6.346768e+00 1.914715e+01
         vertex 6.464496e-01 6.369757e+00 1.928557e+01
      endloop
   endfacet
   facet normal -7.706841e-01 -1.885857e-01 6.086719e-01
      outer loop
         vertex 6.464496e-01 6.369757e+00 1.928557e+01
         vertex 5.427524e-01 6.346768e+00 1.914715e+01
         vertex 6.219633e-01 6.023061e+00 1.914715e+01
      endloop
   endfacet
   facet normal -7.706882e-01 -1.885836e-01 6.086674e-01
      outer loop
         vertex 6.464496e-01 6.369757e+00 1.928557e+01
         vertex 6.219633e-01 6.023061e+00 1.914715e+01
         vertex 7.245578e-01 6.050551e+00 1.928557e+01
      endloop
   endfacet
   facet normal -7.617279e-01 -2.220236e-01 6.086675e-01
      outer loop
         vertex 7.245578e-01 6.050551e+00 1.928557e+01
         vertex 6.219633e-01 6.023061e+00 1.914715e+01
         vertex 7.152185e-01 5.703117e+00 1.914715e+01
      endloop
   endfacet
   facet normal -7.617268e-01 -2.220242e-01 6.086687e-01
      outer loop
         vertex 7.245578e-01 6.050551e+00 1.928557e+01
         vertex 7.152185e-01 5.703117e+00 1.914715e+01
         vertex 8.165166e-01 5.735056e+00 1.928557e+01
      endloop
   endfacet
   facet normal -7.513184e-01 -2.550352e-01 6.086688e-01
      outer loop
         vertex 8.165166e-01 5.735056e+00 1.928557e+01
         vertex 7.152185e-01 5.703117e+00 1.914715e+01
         vertex 8.223392e-01 5.387546e+00 1.914715e+01
      endloop
   endfacet
   facet normal -7.513079e-01 -2.550395e-01 6.086800e-01
      outer loop
         vertex 8.165166e-01 5.735056e+00 1.928557e+01
         vertex 8.223392e-01 5.387546e+00 1.914715e+01
         vertex 9.221509e-01 5.423874e+00 1.928557e+01
      endloop
   endfacet
   facet normal -7.394700e-01 -2.875637e-01 6.086799e-01
      outer loop
         vertex 9.221509e-01 5.423874e+00 1.928557e+01
         vertex 8.223392e-01 5.387546e+00 1.914715e+01
         vertex 9.431243e-01 5.076947e+00 1.914715e+01
      endloop
   endfacet
   facet normal -7.394712e-01 -2.875633e-01 6.086787e-01
      outer loop
         vertex 9.221509e-01 5.423874e+00 1.928557e+01
         vertex 9.431243e-01 5.076947e+00 1.914715e+01
         vertex 1.041256e+00 5.117594e+00 1.928557e+01
      endloop
   endfacet
   facet normal -7.262233e-01 -3.195464e-01 6.086787e-01
      outer loop
         vertex 1.041256e+00 5.117594e+00 1.928557e+01
         vertex 9.431243e-01 5.076947e+00 1.914715e+01
         vertex 1.077343e+00 4.771912e+00 1.914715e+01
      endloop
   endfacet
   facet normal -7.262239e-01 -3.195463e-01 6.086781e-01
      outer loop
         vertex 1.041256e+00 5.117594e+00 1.928557e+01
         vertex 1.077343e+00 4.771912e+00 1.914715e+01
         vertex 1.173608e+00 4.816801e+00 1.928557e+01
      endloop
   endfacet
   facet normal -7.115919e-01 -3.509246e-01 6.086780e-01
      outer loop
         vertex 1.173608e+00 4.816801e+00 1.928557e+01
         vertex 1.077343e+00 4.771912e+00 1.914715e+01
         vertex 1.224741e+00 4.473023e+00 1.914715e+01
      endloop
   endfacet
   facet normal -7.116025e-01 -3.509218e-01 6.086672e-01
      outer loop
         vertex 1.173608e+00 4.816801e+00 1.928557e+01
         vertex 1.224741e+00 4.473023e+00 1.914715e+01
         vertex 1.318954e+00 4.522067e+00 1.928557e+01
      endloop
   endfacet
   facet normal -6.956191e-01 -3.816257e-01 6.086673e-01
      outer loop
         vertex 1.318954e+00 4.522067e+00 1.928557e+01
         vertex 1.224741e+00 4.473023e+00 1.914715e+01
         vertex 1.385033e+00 4.180847e+00 1.914715e+01
      endloop
   endfacet
   facet normal -6.956144e-01 -3.816267e-01 6.086721e-01
      outer loop
         vertex 1.318954e+00 4.522067e+00 1.928557e+01
         vertex 1.385033e+00 4.180847e+00 1.914715e+01
         vertex 1.477018e+00 4.233954e+00 1.928557e+01
      endloop
   endfacet
   facet normal -6.783030e-01 -4.116107e-01 6.086721e-01
      outer loop
         vertex 1.477018e+00 4.233954e+00 1.928557e+01
         vertex 1.385033e+00 4.180847e+00 1.914715e+01
         vertex 1.557920e+00 3.895942e+00 1.914715e+01
      endloop
   endfacet
   facet normal -6.783105e-01 -4.116094e-01 6.086646e-01
      outer loop
         vertex 1.477018e+00 4.233954e+00 1.928557e+01
         vertex 1.557920e+00 3.895942e+00 1.914715e+01
         vertex 1.647498e+00 3.953012e+00 1.928557e+01
      endloop
   endfacet
   facet normal -6.597127e-01 -4.408018e-01 6.086649e-01
      outer loop
         vertex 1.647498e+00 3.953012e+00 1.928557e+01
         vertex 1.557920e+00 3.895942e+00 1.914715e+01
         vertex 1.743067e+00 3.618848e+00 1.914715e+01
      endloop
   endfacet
   facet normal -6.597101e-01 -4.408021e-01 6.086674e-01
      outer loop
         vertex 1.647498e+00 3.953012e+00 1.928557e+01
         vertex 1.743067e+00 3.618848e+00 1.914715e+01
         vertex 1.830071e+00 3.679771e+00 1.928557e+01
      endloop
   endfacet
   facet normal -6.398553e-01 -4.691574e-01 6.086678e-01
      outer loop
         vertex 1.830071e+00 3.679771e+00 1.928557e+01
         vertex 1.743067e+00 3.618848e+00 1.914715e+01
         vertex 1.940124e+00 3.350094e+00 1.914715e+01
      endloop
   endfacet
   facet normal -6.398506e-01 -4.691578e-01 6.086724e-01
      outer loop
         vertex 1.830071e+00 3.679771e+00 1.928557e+01
         vertex 1.940124e+00 3.350094e+00 1.914715e+01
         vertex 2.024390e+00 3.414754e+00 1.928557e+01
      endloop
   endfacet
   facet normal -6.187769e-01 -4.966215e-01 6.086724e-01
      outer loop
         vertex 2.024390e+00 3.414754e+00 1.928557e+01
         vertex 1.940124e+00 3.350094e+00 1.914715e+01
         vertex 2.148718e+00 3.090192e+00 1.914715e+01
      endloop
   endfacet
   facet normal -6.187672e-01 -4.966219e-01 6.086821e-01
      outer loop
         vertex 2.024390e+00 3.414754e+00 1.928557e+01
         vertex 2.148718e+00 3.090192e+00 1.914715e+01
         vertex 2.230085e+00 3.158467e+00 1.928557e+01
      endloop
   endfacet
   facet normal -5.965191e-01 -5.231360e-01 6.086819e-01
      outer loop
         vertex 2.230085e+00 3.158467e+00 1.928557e+01
         vertex 2.148718e+00 3.090192e+00 1.914715e+01
         vertex 2.368450e+00 2.839636e+00 1.914715e+01
      endloop
   endfacet
   facet normal -5.965297e-01 -5.231361e-01 6.086715e-01
      outer loop
         vertex 2.230085e+00 3.158467e+00 1.928557e+01
         vertex 2.368450e+00 2.839636e+00 1.914715e+01
         vertex 2.446759e+00 2.911394e+00 1.928557e+01
      endloop
   endfacet
   facet normal -5.731424e-01 -5.486589e-01 6.086717e-01
      outer loop
         vertex 2.446759e+00 2.911394e+00 1.928557e+01
         vertex 2.368450e+00 2.839636e+00 1.914715e+01
         vertex 2.598900e+00 2.598902e+00 1.914715e+01
      endloop
   endfacet
   facet normal -5.731412e-01 -5.486588e-01 6.086729e-01
      outer loop
         vertex 2.446759e+00 2.911394e+00 1.928557e+01
         vertex 2.598900e+00 2.598902e+00 1.914715e+01
         vertex 2.674006e+00 2.674008e+00 1.928557e+01
      endloop
   endfacet
   facet normal -5.486584e-01 -5.731416e-01 6.086729e-01
      outer loop
         vertex 2.674006e+00 2.674008e+00 1.928557e+01
         vertex 2.598900e+00 2.598902e+00 1.914715e+01
         vertex 2.839636e+00 2.368450e+00 1.914715e+01
      endloop
   endfacet
   facet normal -5.486593e-01 -5.731417e-01 6.086719e-01
      outer loop
         vertex 2.674006e+00 2.674008e+00 1.928557e+01
         vertex 2.839636e+00 2.368450e+00 1.914715e+01
         vertex 2.911393e+00 2.446761e+00 1.928557e+01
      endloop
   endfacet
   facet normal -5.231384e-01 -5.965269e-01 6.086722e-01
      outer loop
         vertex 2.911393e+00 2.446761e+00 1.928557e+01
         vertex 2.839636e+00 2.368450e+00 1.914715e+01
         vertex 3.090192e+00 2.148720e+00 1.914715e+01
      endloop
   endfacet
   facet normal -5.231381e-01 -5.965269e-01 6.086725e-01
      outer loop
         vertex 2.911393e+00 2.446761e+00 1.928557e+01
         vertex 3.090192e+00 2.148720e+00 1.914715e+01
         vertex 3.158465e+00 2.230085e+00 1.928557e+01
      endloop
   endfacet
   facet normal -4.966215e-01 -6.187769e-01 6.086725e-01
      outer loop
         vertex 3.158465e+00 2.230085e+00 1.928557e+01
         vertex 3.090192e+00 2.148720e+00 1.914715e+01
         vertex 3.350094e+00 1.940126e+00 1.914715e+01
      endloop
   endfacet
   facet normal -4.966216e-01 -6.187769e-01 6.086724e-01
      outer loop
         vertex 3.158465e+00 2.230085e+00 1.928557e+01
         vertex 3.350094e+00 1.940126e+00 1.914715e+01
         vertex 3.414754e+00 2.024392e+00 1.928557e+01
      endloop
   endfacet
   facet normal -4.691582e-01 -6.398503e-01 6.086724e-01
      outer loop
         vertex 3.414754e+00 2.024392e+00 1.928557e+01
         vertex 3.350094e+00 1.940126e+00 1.914715e+01
         vertex 3.618848e+00 1.743067e+00 1.914715e+01
      endloop
   endfacet
   facet normal -4.691575e-01 -6.398501e-01 6.086732e-01
      outer loop
         vertex 3.414754e+00 2.024392e+00 1.928557e+01
         vertex 3.618848e+00 1.743067e+00 1.914715e+01
         vertex 3.679771e+00 1.830073e+00 1.928557e+01
      endloop
   endfacet
   facet normal -4.407984e-01 -6.597075e-01 6.086730e-01
      outer loop
         vertex 3.679771e+00 1.830073e+00 1.928557e+01
         vertex 3.618848e+00 1.743067e+00 1.914715e+01
         vertex 3.895942e+00 1.557920e+00 1.914715e+01
      endloop
   endfacet
   facet normal -4.408045e-01 -6.597092e-01 6.086667e-01
      outer loop
         vertex 3.679771e+00 1.830073e+00 1.928557e+01
         vertex 3.895942e+00 1.557920e+00 1.914715e+01
         vertex 3.953010e+00 1.647500e+00 1.928557e+01
      endloop
   endfacet
   facet normal -4.116114e-01 -6.783072e-01 6.086669e-01
      outer loop
         vertex 3.953010e+00 1.647500e+00 1.928557e+01
         vertex 3.895942e+00 1.557920e+00 1.914715e+01
         vertex 4.180845e+00 1.385035e+00 1.914715e+01
      endloop
   endfacet
   facet normal -4.116064e-01 -6.783056e-01 6.086721e-01
      outer loop
         vertex 3.953010e+00 1.647500e+00 1.928557e+01
         vertex 4.180845e+00 1.385035e+00 1.914715e+01
         vertex 4.233953e+00 1.477020e+00 1.928557e+01
      endloop
   endfacet
   facet normal -3.816255e-01 -6.956150e-01 6.086721e-01
      outer loop
         vertex 4.233953e+00 1.477020e+00 1.928557e+01
         vertex 4.180845e+00 1.385035e+00 1.914715e+01
         vertex 4.473023e+00 1.224741e+00 1.914715e+01
      endloop
   endfacet
   facet normal -3.816260e-01 -6.956152e-01 6.086716e-01
      outer loop
         vertex 4.233953e+00 1.477020e+00 1.928557e+01
         vertex 4.473023e+00 1.224741e+00 1.914715e+01
         vertex 4.522067e+00 1.318956e+00 1.928557e+01
      endloop
   endfacet
   facet normal -3.509249e-01 -7.115970e-01 6.086718e-01
      outer loop
         vertex 4.522067e+00 1.318956e+00 1.928557e+01
         vertex 4.473023e+00 1.224741e+00 1.914715e+01
         vertex 4.771911e+00 1.077345e+00 1.914715e+01
      endloop
   endfacet
   facet normal -3.509233e-01 -7.115964e-01 6.086735e-01
      outer loop
         vertex 4.522067e+00 1.318956e+00 1.928557e+01
         vertex 4.771911e+00 1.077345e+00 1.914715e+01
         vertex 4.816800e+00 1.173608e+00 1.928557e+01
      endloop
   endfacet
   facet normal -3.195481e-01 -7.262271e-01 6.086733e-01
      outer loop
         vertex 4.816800e+00 1.173608e+00 1.928557e+01
         vertex 4.771911e+00 1.077345e+00 1.914715e+01
         vertex 5.076945e+00 9.431262e-01 1.914715e+01
      endloop
   endfacet
   facet normal -3.195501e-01 -7.262280e-01 6.086712e-01
      outer loop
         vertex 4.816800e+00 1.173608e+00 1.928557e+01
         vertex 5.076945e+00 9.431262e-01 1.914715e+01
         vertex 5.117591e+00 1.041256e+00 1.928557e+01
      endloop
   endfacet
   facet normal -2.875653e-01 -7.394766e-01 6.086712e-01
      outer loop
         vertex 5.117591e+00 1.041256e+00 1.928557e+01
         vertex 5.076945e+00 9.431262e-01 1.914715e+01
         vertex 5.387545e+00 8.223411e-01 1.914715e+01
      endloop
   endfacet
   facet normal -2.875620e-01 -7.394748e-01 6.086749e-01
      outer loop
         vertex 5.117591e+00 1.041256e+00 1.928557e+01
         vertex 5.387545e+00 8.223411e-01 1.914715e+01
         vertex 5.423874e+00 9.221509e-01 1.928557e+01
      endloop
   endfacet
   facet normal -2.550324e-01 -7.513146e-01 6.086746e-01
      outer loop
         vertex 5.423874e+00 9.221509e-01 1.928557e+01
         vertex 5.387545e+00 8.223411e-01 1.914715e+01
         vertex 5.703118e+00 7.152203e-01 1.914715e+01
      endloop
   endfacet
   facet normal -2.550404e-01 -7.513193e-01 6.086655e-01
      outer loop
         vertex 5.423874e+00 9.221509e-01 1.928557e+01
         vertex 5.703118e+00 7.152203e-01 1.914715e+01
         vertex 5.735055e+00 8.165184e-01 1.928557e+01
      endloop
   endfacet
   facet normal -2.220246e-01 -7.617289e-01 6.086659e-01
      outer loop
         vertex 5.735055e+00 8.165184e-01 1.928557e+01
         vertex 5.703118e+00 7.152203e-01 1.914715e+01
         vertex 6.023061e+00 6.219652e-01 1.914715e+01
      endloop
   endfacet
   facet normal -2.220248e-01 -7.617291e-01 6.086656e-01
      outer loop
         vertex 5.735055e+00 8.165184e-01 1.928557e+01
         vertex 6.023061e+00 6.219652e-01 1.914715e+01
         vertex 6.050549e+00 7.245596e-01 1.928557e+01
      endloop
   endfacet
   facet normal -1.885878e-01 -7.706884e-01 6.086658e-01
      outer loop
         vertex 6.050549e+00 7.245596e-01 1.928557e+01
         vertex 6.023061e+00 6.219652e-01 1.914715e+01
         vertex 6.346766e+00 5.427543e-01 1.914715e+01
      endloop
   endfacet
   facet normal -1.885834e-01 -7.706853e-01 6.086711e-01
      outer loop
         vertex 6.050549e+00 7.245596e-01 1.928557e+01
         vertex 6.346766e+00 5.427543e-01 1.914715e+01
         vertex 6.369755e+00 6.464515e-01 1.928557e+01
      endloop
   endfacet
   facet normal -1.547885e-01 -7.781774e-01 6.086711e-01
      outer loop
         vertex 6.369755e+00 6.464515e-01 1.928557e+01
         vertex 6.346766e+00 5.427543e-01 1.914715e+01
         vertex 6.673623e+00 4.777387e-01 1.914715e+01
      endloop
   endfacet
   facet normal -1.547903e-01 -7.781788e-01 6.086688e-01
      outer loop
         vertex 6.369755e+00 6.464515e-01 1.928557e+01
         vertex 6.673623e+00 4.777387e-01 1.914715e+01
         vertex 6.692067e+00 5.823392e-01 1.928557e+01
      endloop
   endfacet
   facet normal -1.206982e-01 -7.841902e-01 6.086688e-01
      outer loop
         vertex 6.692067e+00 5.823392e-01 1.928557e+01
         vertex 6.673623e+00 4.777387e-01 1.914715e+01
         vertex 7.002998e+00 4.270431e-01 1.914715e+01
      endloop
   endfacet
   facet normal -1.206947e-01 -7.841872e-01 6.086734e-01
      outer loop
         vertex 6.692067e+00 5.823392e-01 1.928557e+01
         vertex 7.002998e+00 4.270431e-01 1.914715e+01
         vertex 7.016864e+00 5.323496e-01 1.928557e+01
      endloop
   endfacet
   facet normal -8.638086e-02 -7.887049e-01 6.086731e-01
      outer loop
         vertex 7.016864e+00 5.323496e-01 1.928557e+01
         vertex 7.002998e+00 4.270431e-01 1.914715e+01
         vertex 7.334277e+00 3.907606e-01 1.914715e+01
      endloop
   endfacet
   facet normal -8.638066e-02 -7.887047e-01 6.086734e-01
      outer loop
         vertex 7.016864e+00 5.323496e-01 1.928557e+01
         vertex 7.334277e+00 3.907606e-01 1.914715e+01
         vertex 7.343534e+00 4.965719e-01 1.928557e+01
      endloop
   endfacet
   facet normal -5.188953e-02 -7.917223e-01 6.086734e-01
      outer loop
         vertex 7.343534e+00 4.965719e-01 1.928557e+01
         vertex 7.334277e+00 3.907606e-01 1.914715e+01
         vertex 7.666819e+00 3.689658e-01 1.914715e+01
      endloop
   endfacet
   facet normal -5.189276e-02 -7.917256e-01 6.086689e-01
      outer loop
         vertex 7.343534e+00 4.965719e-01 1.928557e+01
         vertex 7.666819e+00 3.689658e-01 1.914715e+01
         vertex 7.671453e+00 4.750788e-01 1.928557e+01
      endloop
   endfacet
   facet normal -6.853462e-01 -1.496010e-02 7.280637e-01
      outer loop
         vertex 6.737523e-01 7.999999e+00 1.949702e+01
         vertex 5.857833e-01 7.999999e+00 1.941421e+01
         vertex 5.928427e-01 7.676596e+00 1.941421e+01
      endloop
   endfacet
   facet normal -7.280573e-01 -1.589242e-02 6.853320e-01
      outer loop
         vertex 5.928427e-01 7.676596e+00 1.941421e+01
         vertex 5.857833e-01 7.999999e+00 1.941421e+01
         vertex 5.029775e-01 7.999999e+00 1.932625e+01
      endloop
   endfacet
   facet normal -1.910938e-02 -8.757521e-01 4.823827e-01
      outer loop
         vertex 7.999998e+00 2.290867e-01 1.892945e+01
         vertex 7.999998e+00 2.679490e-01 1.900000e+01
         vertex 7.662732e+00 2.753083e-01 1.900000e+01
      endloop
   endfacet
   facet normal -1.843942e-02 -8.450491e-01 5.343706e-01
      outer loop
         vertex 7.662732e+00 2.753083e-01 1.900000e+01
         vertex 7.999998e+00 2.679490e-01 1.900000e+01
         vertex 7.999998e+00 3.540311e-01 1.913613e+01
      endloop
   endfacet
   facet normal -2.002111e-02 -8.432033e-01 5.372219e-01
      outer loop
         vertex 7.662732e+00 2.753083e-01 1.900000e+01
         vertex 7.999998e+00 3.540311e-01 1.913613e+01
         vertex 7.666819e+00 3.689658e-01 1.914715e+01
      endloop
   endfacet
   facet normal -1.791228e-02 -8.209177e-01 5.707656e-01
      outer loop
         vertex 7.666819e+00 3.689658e-01 1.914715e+01
         vertex 7.999998e+00 3.540311e-01 1.913613e+01
         vertex 7.999998e+00 3.616959e-01 1.914715e+01
      endloop
   endfacet
   facet normal -1.730827e-02 -7.932357e-01 6.086687e-01
      outer loop
         vertex 7.666819e+00 3.689658e-01 1.914715e+01
         vertex 7.999998e+00 3.616959e-01 1.914715e+01
         vertex 7.671453e+00 4.750788e-01 1.928557e+01
      endloop
   endfacet
   facet normal -1.730498e-02 -7.932321e-01 6.086735e-01
      outer loop
         vertex 7.671453e+00 4.750788e-01 1.928557e+01
         vertex 7.999998e+00 3.616959e-01 1.914715e+01
         vertex 7.999998e+00 4.679114e-01 1.928557e+01
      endloop
   endfacet
   facet normal -1.652022e-02 -7.572599e-01 6.529047e-01
      outer loop
         vertex 7.671453e+00 4.750788e-01 1.928557e+01
         vertex 7.999998e+00 4.679114e-01 1.928557e+01
         vertex 7.999998e+00 5.029775e-01 1.932625e+01
      endloop
   endfacet
   facet normal -2.104251e-02 -7.370148e-01 6.755490e-01
      outer loop
         vertex 7.999998e+00 5.029775e-01 1.932625e+01
         vertex 7.676594e+00 5.928427e-01 1.941421e+01
         vertex 7.671453e+00 4.750788e-01 1.928557e+01
      endloop
   endfacet
   facet normal -4.822423e-02 -7.357783e-01 6.755033e-01
      outer loop
         vertex 7.671453e+00 4.750788e-01 1.928557e+01
         vertex 7.676594e+00 5.928427e-01 1.941421e+01
         vertex 7.353809e+00 6.139986e-01 1.941421e+01
      endloop
   endfacet
   facet normal -4.822588e-02 -7.357801e-01 6.755012e-01
      outer loop
         vertex 7.671453e+00 4.750788e-01 1.928557e+01
         vertex 7.353809e+00 6.139986e-01 1.941421e+01
         vertex 7.343534e+00 4.965719e-01 1.928557e+01
      endloop
   endfacet
   facet normal -8.027514e-02 -7.329761e-01 6.755013e-01
      outer loop
         vertex 7.343534e+00 4.965719e-01 1.928557e+01
         vertex 7.353809e+00 6.139986e-01 1.941421e+01
         vertex 7.032249e+00 6.492157e-01 1.941421e+01
      endloop
   endfacet
   facet normal -8.027739e-02 -7.329783e-01 6.754985e-01
      outer loop
         vertex 7.343534e+00 4.965719e-01 1.928557e+01
         vertex 7.032249e+00 6.492157e-01 1.941421e+01
         vertex 7.016864e+00 5.323496e-01 1.928557e+01
      endloop
   endfacet
   facet normal -1.121705e-01 -7.287795e-01 6.754985e-01
      outer loop
         vertex 7.016864e+00 5.323496e-01 1.928557e+01
         vertex 7.032249e+00 6.492157e-01 1.941421e+01
         vertex 6.712534e+00 6.984249e-01 1.941421e+01
      endloop
   endfacet
   facet normal -1.121662e-01 -7.287755e-01 6.755035e-01
      outer loop
         vertex 7.016864e+00 5.323496e-01 1.928557e+01
         vertex 6.712534e+00 6.984249e-01 1.941421e+01
         vertex 6.692067e+00 5.823392e-01 1.928557e+01
      endloop
   endfacet
   facet normal -1.438523e-01 -7.231887e-01 6.755032e-01
      outer loop
         vertex 6.692067e+00 5.823392e-01 1.928557e+01
         vertex 6.712534e+00 6.984249e-01 1.941421e+01
         vertex 6.395269e+00 7.615332e-01 1.941421e+01
      endloop
   endfacet
   facet normal -1.438520e-01 -7.231885e-01 6.755035e-01
      outer loop
         vertex 6.692067e+00 5.823392e-01 1.928557e+01
         vertex 6.395269e+00 7.615332e-01 1.941421e+01
         vertex 6.369755e+00 6.464515e-01 1.928557e+01
      endloop
   endfacet
   facet normal -1.752585e-01 -7.162256e-01 6.755037e-01
      outer loop
         vertex 6.369755e+00 6.464515e-01 1.928557e+01
         vertex 6.395269e+00 7.615332e-01 1.941421e+01
         vertex 6.081060e+00 8.384194e-01 1.941421e+01
      endloop
   endfacet
   facet normal -1.752571e-01 -7.162245e-01 6.755053e-01
      outer loop
         vertex 6.369755e+00 6.464515e-01 1.928557e+01
         vertex 6.081060e+00 8.384194e-01 1.941421e+01
         vertex 6.050549e+00 7.245596e-01 1.928557e+01
      endloop
   endfacet
   facet normal -2.063319e-01 -7.078979e-01 6.755055e-01
      outer loop
         vertex 6.050549e+00 7.245596e-01 1.928557e+01
         vertex 6.081060e+00 8.384194e-01 1.941421e+01
         vertex 5.770501e+00 9.289384e-01 1.941421e+01
      endloop
   endfacet
   facet normal -2.063351e-01 -7.079002e-01 6.755022e-01
      outer loop
         vertex 6.050549e+00 7.245596e-01 1.928557e+01
         vertex 5.770501e+00 9.289384e-01 1.941421e+01
         vertex 5.735055e+00 8.165184e-01 1.928557e+01
      endloop
   endfacet
   facet normal -2.370188e-01 -6.982255e-01 6.755022e-01
      outer loop
         vertex 5.735055e+00 8.165184e-01 1.928557e+01
         vertex 5.770501e+00 9.289384e-01 1.941421e+01
         vertex 5.464189e+00 1.032919e+00 1.941421e+01
      endloop
   endfacet
   facet normal -2.370170e-01 -6.982243e-01 6.755041e-01
      outer loop
         vertex 5.735055e+00 8.165184e-01 1.928557e+01
         vertex 5.464189e+00 1.032919e+00 1.941421e+01
         vertex 5.423874e+00 9.221509e-01 1.928557e+01
      endloop
   endfacet
   facet normal -2.672426e-01 -6.872232e-01 6.755039e-01
      outer loop
         vertex 5.423874e+00 9.221509e-01 1.928557e+01
         vertex 5.464189e+00 1.032919e+00 1.941421e+01
         vertex 5.162701e+00 1.150159e+00 1.941421e+01
      endloop
   endfacet
   facet normal -2.672429e-01 -6.872234e-01 6.755037e-01
      outer loop
         vertex 5.423874e+00 9.221509e-01 1.928557e+01
         vertex 5.162701e+00 1.150159e+00 1.941421e+01
         vertex 5.117591e+00 1.041256e+00 1.928557e+01
      endloop
   endfacet
   facet normal -2.969676e-01 -6.749110e-01 6.755038e-01
      outer loop
         vertex 5.117591e+00 1.041256e+00 1.928557e+01
         vertex 5.162701e+00 1.150159e+00 1.941421e+01
         vertex 4.866615e+00 1.280440e+00 1.941421e+01
      endloop
   endfacet
   facet normal -2.969705e-01 -6.749125e-01 6.755010e-01
      outer loop
         vertex 5.117591e+00 1.041256e+00 1.928557e+01
         vertex 4.866615e+00 1.280440e+00 1.941421e+01
         vertex 4.816800e+00 1.173608e+00 1.928557e+01
      endloop
   endfacet
   facet normal -3.261279e-01 -6.613164e-01 6.755007e-01
      outer loop
         vertex 4.816800e+00 1.173608e+00 1.928557e+01
         vertex 4.866615e+00 1.280440e+00 1.941421e+01
         vertex 4.576497e+00 1.423512e+00 1.941421e+01
      endloop
   endfacet
   facet normal -3.261278e-01 -6.613164e-01 6.755008e-01
      outer loop
         vertex 4.816800e+00 1.173608e+00 1.928557e+01
         vertex 4.576497e+00 1.423512e+00 1.941421e+01
         vertex 4.522067e+00 1.318956e+00 1.928557e+01
      endloop
   endfacet
   facet normal -3.546591e-01 -6.464636e-01 6.755011e-01
      outer loop
         vertex 4.522067e+00 1.318956e+00 1.928557e+01
         vertex 4.576497e+00 1.423512e+00 1.941421e+01
         vertex 4.292890e+00 1.579102e+00 1.941421e+01
      endloop
   endfacet
   facet normal -3.546611e-01 -6.464644e-01 6.754993e-01
      outer loop
         vertex 4.522067e+00 1.318956e+00 1.928557e+01
         vertex 4.292890e+00 1.579102e+00 1.941421e+01
         vertex 4.233953e+00 1.477020e+00 1.928557e+01
      endloop
   endfacet
   facet normal -3.825235e-01 -6.303780e-01 6.754993e-01
      outer loop
         vertex 4.233953e+00 1.477020e+00 1.928557e+01
         vertex 4.292890e+00 1.579102e+00 1.941421e+01
         vertex 4.016344e+00 1.746915e+00 1.941421e+01
      endloop
   endfacet
   facet normal -3.825231e-01 -6.303778e-01 6.754998e-01
      outer loop
         vertex 4.233953e+00 1.477020e+00 1.928557e+01
         vertex 4.016344e+00 1.746915e+00 1.941421e+01
         vertex 3.953010e+00 1.647500e+00 1.928557e+01
      endloop
   endfacet
   facet normal -4.096564e-01 -6.130920e-01 6.754997e-01
      outer loop
         vertex 3.953010e+00 1.647500e+00 1.928557e+01
         vertex 4.016344e+00 1.746915e+00 1.941421e+01
         vertex 3.747381e+00 1.926631e+00 1.941421e+01
      endloop
   endfacet
   facet normal -4.096557e-01 -6.130917e-01 6.755004e-01
      outer loop
         vertex 3.953010e+00 1.647500e+00 1.928557e+01
         vertex 3.747381e+00 1.926631e+00 1.941421e+01
         vertex 3.679771e+00 1.830073e+00 1.928557e+01
      endloop
   endfacet
   facet normal -4.360055e-01 -5.946414e-01 6.755004e-01
      outer loop
         vertex 3.679771e+00 1.830073e+00 1.928557e+01
         vertex 3.747381e+00 1.926631e+00 1.941421e+01
         vertex 3.486510e+00 2.117908e+00 1.941421e+01
      endloop
   endfacet
   facet normal -4.360100e-01 -5.946426e-01 6.754965e-01
      outer loop
         vertex 3.679771e+00 1.830073e+00 1.928557e+01
         vertex 3.486510e+00 2.117908e+00 1.941421e+01
         vertex 3.414754e+00 2.024392e+00 1.928557e+01
      endloop
   endfacet
   facet normal -4.615354e-01 -5.750563e-01 6.754964e-01
      outer loop
         vertex 3.414754e+00 2.024392e+00 1.928557e+01
         vertex 3.486510e+00 2.117908e+00 1.941421e+01
         vertex 3.234234e+00 2.320383e+00 1.941421e+01
      endloop
   endfacet
   facet normal -4.615314e-01 -5.750554e-01 6.754999e-01
      outer loop
         vertex 3.414754e+00 2.024392e+00 1.928557e+01
         vertex 3.234234e+00 2.320383e+00 1.941421e+01
         vertex 3.158465e+00 2.230085e+00 1.928557e+01
      endloop
   endfacet
   facet normal -4.861757e-01 -5.543763e-01 6.754999e-01
      outer loop
         vertex 3.158465e+00 2.230085e+00 1.928557e+01
         vertex 3.234234e+00 2.320383e+00 1.941421e+01
         vertex 2.991028e+00 2.533669e+00 1.941421e+01
      endloop
   endfacet
   facet normal -4.861727e-01 -5.543757e-01 6.755025e-01
      outer loop
         vertex 3.158465e+00 2.230085e+00 1.928557e+01
         vertex 2.991028e+00 2.533669e+00 1.941421e+01
         vertex 2.911393e+00 2.446761e+00 1.928557e+01
      endloop
   endfacet
   facet normal -5.098942e-01 -5.326391e-01 6.755025e-01
      outer loop
         vertex 2.911393e+00 2.446761e+00 1.928557e+01
         vertex 2.991028e+00 2.533669e+00 1.941421e+01
         vertex 2.757359e+00 2.757359e+00 1.941421e+01
      endloop
   endfacet
   facet normal -5.098857e-01 -5.326379e-01 6.755098e-01
      outer loop
         vertex 2.911393e+00 2.446761e+00 1.928557e+01
         vertex 2.757359e+00 2.757359e+00 1.941421e+01
         vertex 2.674006e+00 2.674008e+00 1.928557e+01
      endloop
   endfacet
   facet normal -5.326340e-01 -5.098895e-01 6.755100e-01
      outer loop
         vertex 2.674006e+00 2.674008e+00 1.928557e+01
         vertex 2.757359e+00 2.757359e+00 1.941421e+01
         vertex 2.533667e+00 2.991030e+00 1.941421e+01
      endloop
   endfacet
   facet normal -5.326427e-01 -5.098903e-01 6.755025e-01
      outer loop
         vertex 2.674006e+00 2.674008e+00 1.928557e+01
         vertex 2.533667e+00 2.991030e+00 1.941421e+01
         vertex 2.446759e+00 2.911394e+00 1.928557e+01
      endloop
   endfacet
   facet normal -5.543766e-01 -4.861718e-01 6.755025e-01
      outer loop
         vertex 2.446759e+00 2.911394e+00 1.928557e+01
         vertex 2.533667e+00 2.991030e+00 1.941421e+01
         vertex 2.320383e+00 3.234236e+00 1.941421e+01
      endloop
   endfacet
   facet normal -5.543796e-01 -4.861719e-01 6.754999e-01
      outer loop
         vertex 2.446759e+00 2.911394e+00 1.928557e+01
         vertex 2.320383e+00 3.234236e+00 1.941421e+01
         vertex 2.230085e+00 3.158467e+00 1.928557e+01
      endloop
   endfacet
   facet normal -5.750517e-01 -4.615359e-01 6.754999e-01
      outer loop
         vertex 2.230085e+00 3.158467e+00 1.928557e+01
         vertex 2.320383e+00 3.234236e+00 1.941421e+01
         vertex 2.117906e+00 3.486512e+00 1.941421e+01
      endloop
   endfacet
   facet normal -5.750517e-01 -4.615359e-01 6.754999e-01
      outer loop
         vertex 2.230085e+00 3.158467e+00 1.928557e+01
         vertex 2.117906e+00 3.486512e+00 1.941421e+01
         vertex 2.024390e+00 3.414754e+00 1.928557e+01
      endloop
   endfacet
   facet normal -5.946423e-01 -4.360051e-01 6.754999e-01
      outer loop
         vertex 2.024390e+00 3.414754e+00 1.928557e+01
         vertex 2.117906e+00 3.486512e+00 1.941421e+01
         vertex 1.926631e+00 3.747381e+00 1.941421e+01
      endloop
   endfacet
   facet normal -5.946363e-01 -4.360053e-01 6.755050e-01
      outer loop
         vertex 2.024390e+00 3.414754e+00 1.928557e+01
         vertex 1.926631e+00 3.747381e+00 1.941421e+01
         vertex 1.830071e+00 3.679771e+00 1.928557e+01
      endloop
   endfacet
   facet normal -6.130891e-01 -4.096517e-01 6.755052e-01
      outer loop
         vertex 1.830071e+00 3.679771e+00 1.928557e+01
         vertex 1.926631e+00 3.747381e+00 1.941421e+01
         vertex 1.746915e+00 4.016345e+00 1.941421e+01
      endloop
   endfacet
   facet normal -6.130899e-01 -4.096516e-01 6.755045e-01
      outer loop
         vertex 1.830071e+00 3.679771e+00 1.928557e+01
         vertex 1.746915e+00 4.016345e+00 1.941421e+01
         vertex 1.647498e+00 3.953012e+00 1.928557e+01
      endloop
   endfacet
   facet normal -6.303737e-01 -3.825210e-01 6.755047e-01
      outer loop
         vertex 1.647498e+00 3.953012e+00 1.928557e+01
         vertex 1.746915e+00 4.016345e+00 1.941421e+01
         vertex 1.579102e+00 4.292892e+00 1.941421e+01
      endloop
   endfacet
   facet normal -6.303742e-01 -3.825209e-01 6.755043e-01
      outer loop
         vertex 1.647498e+00 3.953012e+00 1.928557e+01
         vertex 1.579102e+00 4.292892e+00 1.941421e+01
         vertex 1.477018e+00 4.233954e+00 1.928557e+01
      endloop
   endfacet
   facet normal -6.464600e-01 -3.546595e-01 6.755044e-01
      outer loop
         vertex 1.477018e+00 4.233954e+00 1.928557e+01
         vertex 1.579102e+00 4.292892e+00 1.941421e+01
         vertex 1.423512e+00 4.576497e+00 1.941421e+01
      endloop
   endfacet
   facet normal -6.464596e-01 -3.546595e-01 6.755047e-01
      outer loop
         vertex 1.477018e+00 4.233954e+00 1.928557e+01
         vertex 1.423512e+00 4.576497e+00 1.941421e+01
         vertex 1.318954e+00 4.522067e+00 1.928557e+01
      endloop
   endfacet
   facet normal -6.613126e-01 -3.261271e-01 6.755048e-01
      outer loop
         vertex 1.318954e+00 4.522067e+00 1.928557e+01
         vertex 1.423512e+00 4.576497e+00 1.941421e+01
         vertex 1.280438e+00 4.866618e+00 1.941421e+01
      endloop
   endfacet
   facet normal -6.613202e-01 -3.261255e-01 6.754981e-01
      outer loop
         vertex 1.318954e+00 4.522067e+00 1.928557e+01
         vertex 1.280438e+00 4.866618e+00 1.941421e+01
         vertex 1.173608e+00 4.816801e+00 1.928557e+01
      endloop
   endfacet
   facet normal -6.749155e-01 -2.969705e-01 6.754980e-01
      outer loop
         vertex 1.173608e+00 4.816801e+00 1.928557e+01
         vertex 1.280438e+00 4.866618e+00 1.941421e+01
         vertex 1.150157e+00 5.162703e+00 1.941421e+01
      endloop
   endfacet
   facet normal -6.749163e-01 -2.969703e-01 6.754973e-01
      outer loop
         vertex 1.173608e+00 4.816801e+00 1.928557e+01
         vertex 1.150157e+00 5.162703e+00 1.941421e+01
         vertex 1.041256e+00 5.117594e+00 1.928557e+01
      endloop
   endfacet
   facet normal -6.872298e-01 -2.672426e-01 6.754972e-01
      outer loop
         vertex 1.041256e+00 5.117594e+00 1.928557e+01
         vertex 1.150157e+00 5.162703e+00 1.941421e+01
         vertex 1.032919e+00 5.464189e+00 1.941421e+01
      endloop
   endfacet
   facet normal -6.872224e-01 -2.672449e-01 6.755039e-01
      outer loop
         vertex 1.041256e+00 5.117594e+00 1.928557e+01
         vertex 1.032919e+00 5.464189e+00 1.941421e+01
         vertex 9.221509e-01 5.423874e+00 1.928557e+01
      endloop
   endfacet
   facet normal -6.982243e-01 -2.370170e-01 6.755041e-01
      outer loop
         vertex 9.221509e-01 5.423874e+00 1.928557e+01
         vertex 1.032919e+00 5.464189e+00 1.941421e+01
         vertex 9.289384e-01 5.770503e+00 1.941421e+01
      endloop
   endfacet
   facet normal -6.982204e-01 -2.370184e-01 6.755077e-01
      outer loop
         vertex 9.221509e-01 5.423874e+00 1.928557e+01
         vertex 9.289384e-01 5.770503e+00 1.941421e+01
         vertex 8.165166e-01 5.735056e+00 1.928557e+01
      endloop
   endfacet
   facet normal -7.078944e-01 -2.063364e-01 6.755078e-01
      outer loop
         vertex 8.165166e-01 5.735056e+00 1.928557e+01
         vertex 9.289384e-01 5.770503e+00 1.941421e+01
         vertex 8.384176e-01 6.081060e+00 1.941421e+01
      endloop
   endfacet
   facet normal -7.078987e-01 -2.063346e-01 6.755039e-01
      outer loop
         vertex 8.165166e-01 5.735056e+00 1.928557e+01
         vertex 8.384176e-01 6.081060e+00 1.941421e+01
         vertex 7.245578e-01 6.050551e+00 1.928557e+01
      endloop
   endfacet
   facet normal -7.162256e-01 -1.752580e-01 6.755039e-01
      outer loop
         vertex 7.245578e-01 6.050551e+00 1.928557e+01
         vertex 8.384176e-01 6.081060e+00 1.941421e+01
         vertex 7.615313e-01 6.395270e+00 1.941421e+01
      endloop
   endfacet
   facet normal -7.162272e-01 -1.752572e-01 6.755024e-01
      outer loop
         vertex 7.245578e-01 6.050551e+00 1.928557e+01
         vertex 7.615313e-01 6.395270e+00 1.941421e+01
         vertex 6.464496e-01 6.369757e+00 1.928557e+01
      endloop
   endfacet
   facet normal -7.231903e-01 -1.438483e-01 6.755024e-01
      outer loop
         vertex 6.464496e-01 6.369757e+00 1.928557e+01
         vertex 7.615313e-01 6.395270e+00 1.941421e+01
         vertex 6.984249e-01 6.712534e+00 1.941421e+01
      endloop
   endfacet
   facet normal -7.231823e-01 -1.438524e-01 6.755100e-01
      outer loop
         vertex 6.464496e-01 6.369757e+00 1.928557e+01
         vertex 6.984249e-01 6.712534e+00 1.941421e+01
         vertex 5.823374e-01 6.692066e+00 1.928557e+01
      endloop
   endfacet
   facet normal -7.287683e-01 -1.121731e-01 6.755102e-01
      outer loop
         vertex 5.823374e-01 6.692066e+00 1.928557e+01
         vertex 6.984249e-01 6.712534e+00 1.941421e+01
         vertex 6.492138e-01 7.032250e+00 1.941421e+01
      endloop
   endfacet
   facet normal -7.287801e-01 -1.121663e-01 6.754985e-01
      outer loop
         vertex 5.823374e-01 6.692066e+00 1.928557e+01
         vertex 6.492138e-01 7.032250e+00 1.941421e+01
         vertex 5.323477e-01 7.016865e+00 1.928557e+01
      endloop
   endfacet
   facet normal -7.329790e-01 -8.027168e-02 6.754985e-01
      outer loop
         vertex 5.323477e-01 7.016865e+00 1.928557e+01
         vertex 6.492138e-01 7.032250e+00 1.941421e+01
         vertex 6.139986e-01 7.353808e+00 1.941421e+01
      endloop
   endfacet
   facet normal -7.329709e-01 -8.027680e-02 6.755067e-01
      outer loop
         vertex 5.323477e-01 7.016865e+00 1.928557e+01
         vertex 6.139986e-01 7.353808e+00 1.941421e+01
         vertex 4.965700e-01 7.343534e+00 1.928557e+01
      endloop
   endfacet
   facet normal -7.357752e-01 -4.822361e-02 6.755068e-01
      outer loop
         vertex 4.965700e-01 7.343534e+00 1.928557e+01
         vertex 6.139986e-01 7.353808e+00 1.941421e+01
         vertex 5.928427e-01 7.676596e+00 1.941421e+01
      endloop
   endfacet
   facet normal -7.357783e-01 -4.822145e-02 6.755035e-01
      outer loop
         vertex 4.965700e-01 7.343534e+00 1.928557e+01
         vertex 5.928427e-01 7.676596e+00 1.941421e+01
         vertex 4.750788e-01 7.671454e+00 1.928557e+01
      endloop
   endfacet
   facet normal -7.370147e-01 -2.104247e-02 6.755491e-01
      outer loop
         vertex 4.750788e-01 7.671454e+00 1.928557e+01
         vertex 5.928427e-01 7.676596e+00 1.941421e+01
         vertex 5.029775e-01 7.999999e+00 1.932625e+01
      endloop
   endfacet
   facet normal -7.572599e-01 -1.652018e-02 6.529047e-01
      outer loop
         vertex 4.750788e-01 7.671454e+00 1.928557e+01
         vertex 5.029775e-01 7.999999e+00 1.932625e+01
         vertex 4.679114e-01 7.999999e+00 1.928557e+01
      endloop
   endfacet
   facet normal -6.087102e-01 -1.327925e-02 7.932815e-01
      outer loop
         vertex 8.528456e-01 7.999999e+00 1.963830e+01
         vertex 7.144250e-01 7.999999e+00 1.953209e+01
         vertex 7.213578e-01 7.682207e+00 1.953209e+01
      endloop
   endfacet
   facet normal -6.529303e-01 -1.424393e-02 7.572840e-01
      outer loop
         vertex 7.213578e-01 7.682207e+00 1.953209e+01
         vertex 7.144250e-01 7.999999e+00 1.953209e+01
         vertex 6.737523e-01 7.999999e+00 1.949702e+01
      endloop
   endfacet
   facet normal -6.753406e-01 -1.981285e-02 7.372398e-01
      outer loop
         vertex 6.737523e-01 7.999999e+00 1.949702e+01
         vertex 5.928427e-01 7.676596e+00 1.941421e+01
         vertex 7.213578e-01 7.682207e+00 1.953209e+01
      endloop
   endfacet
   facet normal -6.742344e-01 -4.419015e-02 7.371942e-01
      outer loop
         vertex 7.213578e-01 7.682207e+00 1.953209e+01
         vertex 5.928427e-01 7.676596e+00 1.941421e+01
         vertex 6.139986e-01 7.353808e+00 1.941421e+01
      endloop
   endfacet
   facet normal -6.742283e-01 -4.419404e-02 7.371995e-01
      outer loop
         vertex 7.213578e-01 7.682207e+00 1.953209e+01
         vertex 6.139986e-01 7.353808e+00 1.941421e+01
         vertex 7.421486e-01 7.365020e+00 1.953209e+01
      endloop
   endfacet
   facet normal -6.716594e-01 -7.355630e-02 7.371995e-01
      outer loop
         vertex 7.421486e-01 7.365020e+00 1.953209e+01
         vertex 6.139986e-01 7.353808e+00 1.941421e+01
         vertex 6.492138e-01 7.032250e+00 1.941421e+01
      endloop
   endfacet
   facet normal -6.716594e-01 -7.355628e-02 7.371995e-01
      outer loop
         vertex 7.421486e-01 7.365020e+00 1.953209e+01
         vertex 6.492138e-01 7.032250e+00 1.941421e+01
         vertex 7.767528e-01 7.049041e+00 1.953209e+01
      endloop
   endfacet
   facet normal -6.678106e-01 -1.027904e-01 7.371995e-01
      outer loop
         vertex 7.767528e-01 7.049041e+00 1.953209e+01
         vertex 6.492138e-01 7.032250e+00 1.941421e+01
         vertex 6.984249e-01 6.712534e+00 1.941421e+01
      endloop
   endfacet
   facet normal -6.678201e-01 -1.027854e-01 7.371916e-01
      outer loop
         vertex 7.767528e-01 7.049041e+00 1.953209e+01
         vertex 6.984249e-01 6.712534e+00 1.941421e+01
         vertex 8.251071e-01 6.734872e+00 1.953209e+01
      endloop
   endfacet
   facet normal -6.627011e-01 -1.318166e-01 7.371917e-01
      outer loop
         vertex 8.251071e-01 6.734872e+00 1.953209e+01
         vertex 6.984249e-01 6.712534e+00 1.941421e+01
         vertex 7.615313e-01 6.395270e+00 1.941421e+01
      endloop
   endfacet
   facet normal -6.626906e-01 -1.318215e-01 7.372003e-01
      outer loop
         vertex 8.251071e-01 6.734872e+00 1.953209e+01
         vertex 7.615313e-01 6.395270e+00 1.941421e+01
         vertex 8.871220e-01 6.423112e+00 1.953209e+01
      endloop
   endfacet
   facet normal -6.563113e-01 -1.605972e-01 7.372001e-01
      outer loop
         vertex 8.871220e-01 6.423112e+00 1.953209e+01
         vertex 7.615313e-01 6.395270e+00 1.941421e+01
         vertex 8.384176e-01 6.081060e+00 1.941421e+01
      endloop
   endfacet
   facet normal -6.563092e-01 -1.605980e-01 7.372018e-01
      outer loop
         vertex 8.871220e-01 6.423112e+00 1.953209e+01
         vertex 8.384176e-01 6.081060e+00 1.941421e+01
         vertex 9.626746e-01 6.114354e+00 1.953209e+01
      endloop
   endfacet
   facet normal -6.486785e-01 -1.890761e-01 7.372018e-01
      outer loop
         vertex 9.626746e-01 6.114354e+00 1.953209e+01
         vertex 8.384176e-01 6.081060e+00 1.941421e+01
         vertex 9.289384e-01 5.770503e+00 1.941421e+01
      endloop
   endfacet
   facet normal -6.486839e-01 -1.890742e-01 7.371975e-01
      outer loop
         vertex 9.626746e-01 6.114354e+00 1.953209e+01
         vertex 9.289384e-01 5.770503e+00 1.941421e+01
         vertex 1.051623e+00 5.809185e+00 1.953209e+01
      endloop
   endfacet
   facet normal -6.398187e-01 -2.171908e-01 7.371975e-01
      outer loop
         vertex 1.051623e+00 5.809185e+00 1.953209e+01
         vertex 9.289384e-01 5.770503e+00 1.941421e+01
         vertex 1.032919e+00 5.464189e+00 1.941421e+01
      endloop
   endfacet
   facet normal -6.398269e-01 -2.171882e-01 7.371912e-01
      outer loop
         vertex 1.051623e+00 5.809185e+00 1.953209e+01
         vertex 1.032919e+00 5.464189e+00 1.941421e+01
         vertex 1.153797e+00 5.508186e+00 1.953209e+01
      endloop
   endfacet
   facet normal -6.297447e-01 -2.448884e-01 7.371914e-01
      outer loop
         vertex 1.153797e+00 5.508186e+00 1.953209e+01
         vertex 1.032919e+00 5.464189e+00 1.941421e+01
         vertex 1.150157e+00 5.162703e+00 1.941421e+01
      endloop
   endfacet
   facet normal -6.297331e-01 -2.448916e-01 7.372004e-01
      outer loop
         vertex 1.153797e+00 5.508186e+00 1.953209e+01
         vertex 1.150157e+00 5.162703e+00 1.941421e+01
         vertex 1.269005e+00 5.211931e+00 1.953209e+01
      endloop
   endfacet
   facet normal -6.184522e-01 -2.721261e-01 7.372003e-01
      outer loop
         vertex 1.269005e+00 5.211931e+00 1.953209e+01
         vertex 1.150157e+00 5.162703e+00 1.941421e+01
         vertex 1.280438e+00 4.866618e+00 1.941421e+01
      endloop
   endfacet
   facet normal -6.184549e-01 -2.721255e-01 7.371983e-01
      outer loop
         vertex 1.269005e+00 5.211931e+00 1.953209e+01
         vertex 1.280438e+00 4.866618e+00 1.941421e+01
         vertex 1.397025e+00 4.920983e+00 1.953209e+01
      endloop
   endfacet
   facet normal -6.059945e-01 -2.988469e-01 7.371982e-01
      outer loop
         vertex 1.397025e+00 4.920983e+00 1.953209e+01
         vertex 1.280438e+00 4.866618e+00 1.941421e+01
         vertex 1.423512e+00 4.576497e+00 1.941421e+01
      endloop
   endfacet
   facet normal -6.060019e-01 -2.988456e-01 7.371927e-01
      outer loop
         vertex 1.397025e+00 4.920983e+00 1.953209e+01
         vertex 1.423512e+00 4.576497e+00 1.941421e+01
         vertex 1.537614e+00 4.635896e+00 1.953209e+01
      endloop
   endfacet
   facet normal -5.923891e-01 -3.249952e-01 7.371928e-01
      outer loop
         vertex 1.537614e+00 4.635896e+00 1.953209e+01
         vertex 1.423512e+00 4.576497e+00 1.941421e+01
         vertex 1.579102e+00 4.292892e+00 1.941421e+01
      endloop
   endfacet
   facet normal -5.923823e-01 -3.249961e-01 7.371979e-01
      outer loop
         vertex 1.537614e+00 4.635896e+00 1.953209e+01
         vertex 1.579102e+00 4.292892e+00 1.941421e+01
         vertex 1.690507e+00 4.357211e+00 1.953209e+01
      endloop
   endfacet
   facet normal -5.776440e-01 -3.505237e-01 7.371978e-01
      outer loop
         vertex 1.690507e+00 4.357211e+00 1.953209e+01
         vertex 1.579102e+00 4.292892e+00 1.941421e+01
         vertex 1.746915e+00 4.016345e+00 1.941421e+01
      endloop
   endfacet
   facet normal -5.776488e-01 -3.505233e-01 7.371942e-01
      outer loop
         vertex 1.690507e+00 4.357211e+00 1.953209e+01
         vertex 1.746915e+00 4.016345e+00 1.941421e+01
         vertex 1.855407e+00 4.085463e+00 1.953209e+01
      endloop
   endfacet
   facet normal -5.618087e-01 -3.753873e-01 7.371943e-01
      outer loop
         vertex 1.855407e+00 4.085463e+00 1.953209e+01
         vertex 1.746915e+00 4.016345e+00 1.941421e+01
         vertex 1.926631e+00 3.747381e+00 1.941421e+01
      endloop
   endfacet
   facet normal -5.618099e-01 -3.753872e-01 7.371934e-01
      outer loop
         vertex 1.855407e+00 4.085463e+00 1.953209e+01
         vertex 1.926631e+00 3.747381e+00 1.941421e+01
         vertex 2.032004e+00 3.821164e+00 1.953209e+01
      endloop
   endfacet
   facet normal -5.449020e-01 -3.995343e-01 7.371934e-01
      outer loop
         vertex 2.032004e+00 3.821164e+00 1.953209e+01
         vertex 1.926631e+00 3.747381e+00 1.941421e+01
         vertex 2.117906e+00 3.486512e+00 1.941421e+01
      endloop
   endfacet
   facet normal -5.448927e-01 -3.995344e-01 7.372003e-01
      outer loop
         vertex 2.032004e+00 3.821164e+00 1.953209e+01
         vertex 2.117906e+00 3.486512e+00 1.941421e+01
         vertex 2.219964e+00 3.564822e+00 1.953209e+01
      endloop
   endfacet
   facet normal -5.269445e-01 -4.229251e-01 7.372000e-01
      outer loop
         vertex 2.219964e+00 3.564822e+00 1.953209e+01
         vertex 2.117906e+00 3.486512e+00 1.941421e+01
         vertex 2.320383e+00 3.234236e+00 1.941421e+01
      endloop
   endfacet
   facet normal -5.269544e-01 -4.229255e-01 7.371927e-01
      outer loop
         vertex 2.219964e+00 3.564822e+00 1.953209e+01
         vertex 2.320383e+00 3.234236e+00 1.941421e+01
         vertex 2.418924e+00 3.316922e+00 1.953209e+01
      endloop
   endfacet
   facet normal -5.080066e-01 -4.455066e-01 7.371928e-01
      outer loop
         vertex 2.418924e+00 3.316922e+00 1.953209e+01
         vertex 2.320383e+00 3.234236e+00 1.941421e+01
         vertex 2.533667e+00 2.991030e+00 1.941421e+01
      endloop
   endfacet
   facet normal -5.080049e-01 -4.455065e-01 7.371940e-01
      outer loop
         vertex 2.418924e+00 3.316922e+00 1.953209e+01
         vertex 2.533667e+00 2.991030e+00 1.941421e+01
         vertex 2.628509e+00 3.077935e+00 1.953209e+01
      endloop
   endfacet
   facet normal -4.880862e-01 -4.672440e-01 7.371939e-01
      outer loop
         vertex 2.628509e+00 3.077935e+00 1.953209e+01
         vertex 2.533667e+00 2.991030e+00 1.941421e+01
         vertex 2.757359e+00 2.757359e+00 1.941421e+01
      endloop
   endfacet
   facet normal -4.880861e-01 -4.672440e-01 7.371940e-01
      outer loop
         vertex 2.628509e+00 3.077935e+00 1.953209e+01
         vertex 2.757359e+00 2.757359e+00 1.941421e+01
         vertex 2.848320e+00 2.848320e+00 1.953209e+01
      endloop
   endfacet
   facet normal -4.672438e-01 -4.880862e-01 7.371940e-01
      outer loop
         vertex 2.848320e+00 2.848320e+00 1.953209e+01
         vertex 2.757359e+00 2.757359e+00 1.941421e+01
         vertex 2.991028e+00 2.533669e+00 1.941421e+01
      endloop
   endfacet
   facet normal -4.672395e-01 -4.880855e-01 7.371973e-01
      outer loop
         vertex 2.848320e+00 2.848320e+00 1.953209e+01
         vertex 2.991028e+00 2.533669e+00 1.941421e+01
         vertex 3.077935e+00 2.628511e+00 1.953209e+01
      endloop
   endfacet
   facet normal -4.455056e-01 -5.080009e-01 7.371973e-01
      outer loop
         vertex 3.077935e+00 2.628511e+00 1.953209e+01
         vertex 2.991028e+00 2.533669e+00 1.941421e+01
         vertex 3.234234e+00 2.320383e+00 1.941421e+01
      endloop
   endfacet
   facet normal -4.455067e-01 -5.080012e-01 7.371964e-01
      outer loop
         vertex 3.077935e+00 2.628511e+00 1.953209e+01
         vertex 3.234234e+00 2.320383e+00 1.941421e+01
         vertex 3.316920e+00 2.418926e+00 1.953209e+01
      endloop
   endfacet
   facet normal -4.229251e-01 -5.269493e-01 7.371965e-01
      outer loop
         vertex 3.316920e+00 2.418926e+00 1.953209e+01
         vertex 3.234234e+00 2.320383e+00 1.941421e+01
         vertex 3.486510e+00 2.117908e+00 1.941421e+01
      endloop
   endfacet
   facet normal -4.229255e-01 -5.269495e-01 7.371962e-01
      outer loop
         vertex 3.316920e+00 2.418926e+00 1.953209e+01
         vertex 3.486510e+00 2.117908e+00 1.941421e+01
         vertex 3.564820e+00 2.219964e+00 1.953209e+01
      endloop
   endfacet
   facet normal -3.995332e-01 -5.448989e-01 7.371963e-01
      outer loop
         vertex 3.564820e+00 2.219964e+00 1.953209e+01
         vertex 3.486510e+00 2.117908e+00 1.941421e+01
         vertex 3.747381e+00 1.926631e+00 1.941421e+01
      endloop
   endfacet
   facet normal -3.995318e-01 -5.448985e-01 7.371974e-01
      outer loop
         vertex 3.564820e+00 2.219964e+00 1.953209e+01
         vertex 3.747381e+00 1.926631e+00 1.941421e+01
         vertex 3.821164e+00 2.032006e+00 1.953209e+01
      endloop
   endfacet
   facet normal -3.753871e-01 -5.618046e-01 7.371975e-01
      outer loop
         vertex 3.821164e+00 2.032006e+00 1.953209e+01
         vertex 3.747381e+00 1.926631e+00 1.941421e+01
         vertex 4.016344e+00 1.746915e+00 1.941421e+01
      endloop
   endfacet
   facet normal -3.753878e-01 -5.618048e-01 7.371970e-01
      outer loop
         vertex 3.821164e+00 2.032006e+00 1.953209e+01
         vertex 4.016344e+00 1.746915e+00 1.941421e+01
         vertex 4.085463e+00 1.855407e+00 1.953209e+01
      endloop
   endfacet
   facet normal -3.505243e-01 -5.776449e-01 7.371968e-01
      outer loop
         vertex 4.085463e+00 1.855407e+00 1.953209e+01
         vertex 4.016344e+00 1.746915e+00 1.941421e+01
         vertex 4.292890e+00 1.579102e+00 1.941421e+01
      endloop
   endfacet
   facet normal -3.505198e-01 -5.776431e-01 7.372003e-01
      outer loop
         vertex 4.085463e+00 1.855407e+00 1.953209e+01
         vertex 4.292890e+00 1.579102e+00 1.941421e+01
         vertex 4.357211e+00 1.690507e+00 1.953209e+01
      endloop
   endfacet
   facet normal -3.249897e-01 -5.923830e-01 7.372001e-01
      outer loop
         vertex 4.357211e+00 1.690507e+00 1.953209e+01
         vertex 4.292890e+00 1.579102e+00 1.941421e+01
         vertex 4.576497e+00 1.423512e+00 1.941421e+01
      endloop
   endfacet
   facet normal -3.249979e-01 -5.923868e-01 7.371935e-01
      outer loop
         vertex 4.357211e+00 1.690507e+00 1.953209e+01
         vertex 4.576497e+00 1.423512e+00 1.941421e+01
         vertex 4.635893e+00 1.537615e+00 1.953209e+01
      endloop
   endfacet
   facet normal -2.988482e-01 -6.059992e-01 7.371938e-01
      outer loop
         vertex 4.635893e+00 1.537615e+00 1.953209e+01
         vertex 4.576497e+00 1.423512e+00 1.941421e+01
         vertex 4.866615e+00 1.280440e+00 1.941421e+01
      endloop
   endfacet
   facet normal -2.988403e-01 -6.059951e-01 7.372004e-01
      outer loop
         vertex 4.635893e+00 1.537615e+00 1.953209e+01
         vertex 4.866615e+00 1.280440e+00 1.941421e+01
         vertex 4.920982e+00 1.397027e+00 1.953209e+01
      endloop
   endfacet
   facet normal -2.721254e-01 -6.184526e-01 7.372002e-01
      outer loop
         vertex 4.920982e+00 1.397027e+00 1.953209e+01
         vertex 4.866615e+00 1.280440e+00 1.941421e+01
         vertex 5.162701e+00 1.150159e+00 1.941421e+01
      endloop
   endfacet
   facet normal -2.721283e-01 -6.184543e-01 7.371978e-01
      outer loop
         vertex 4.920982e+00 1.397027e+00 1.953209e+01
         vertex 5.162701e+00 1.150159e+00 1.941421e+01
         vertex 5.211931e+00 1.269005e+00 1.953209e+01
      endloop
   endfacet
   facet normal -2.448881e-01 -6.297377e-01 7.371975e-01
      outer loop
         vertex 5.211931e+00 1.269005e+00 1.953209e+01
         vertex 5.162701e+00 1.150159e+00 1.941421e+01
         vertex 5.464189e+00 1.032919e+00 1.941421e+01
      endloop
   endfacet
   facet normal -2.448919e-01 -6.297402e-01 7.371942e-01
      outer loop
         vertex 5.211931e+00 1.269005e+00 1.953209e+01
         vertex 5.464189e+00 1.032919e+00 1.941421e+01
         vertex 5.508184e+00 1.153799e+00 1.953209e+01
      endloop
   endfacet
   facet normal -2.171931e-01 -6.398216e-01 7.371943e-01
      outer loop
         vertex 5.508184e+00 1.153799e+00 1.953209e+01
         vertex 5.464189e+00 1.032919e+00 1.941421e+01
         vertex 5.770501e+00 9.289384e-01 1.941421e+01
      endloop
   endfacet
   facet normal -2.171886e-01 -6.398185e-01 7.371983e-01
      outer loop
         vertex 5.508184e+00 1.153799e+00 1.953209e+01
         vertex 5.770501e+00 9.289384e-01 1.941421e+01
         vertex 5.809184e+00 1.051623e+00 1.953209e+01
      endloop
   endfacet
   facet normal -1.890726e-01 -6.486836e-01 7.371982e-01
      outer loop
         vertex 5.809184e+00 1.051623e+00 1.953209e+01
         vertex 5.770501e+00 9.289384e-01 1.941421e+01
         vertex 6.081060e+00 8.384194e-01 1.941421e+01
      endloop
   endfacet
   facet normal -1.890752e-01 -6.486856e-01 7.371958e-01
      outer loop
         vertex 5.809184e+00 1.051623e+00 1.953209e+01
         vertex 6.081060e+00 8.384194e-01 1.941421e+01
         vertex 6.114352e+00 9.626746e-01 1.953209e+01
      endloop
   endfacet
   facet normal -1.605987e-01 -6.563157e-01 7.371959e-01
      outer loop
         vertex 6.114352e+00 9.626746e-01 1.953209e+01
         vertex 6.081060e+00 8.384194e-01 1.941421e+01
         vertex 6.395269e+00 7.615332e-01 1.941421e+01
      endloop
   endfacet
   facet normal -1.605986e-01 -6.563156e-01 7.371960e-01
      outer loop
         vertex 6.114352e+00 9.626746e-01 1.953209e+01
         vertex 6.395269e+00 7.615332e-01 1.941421e+01
         vertex 6.423112e+00 8.871220e-01 1.953209e+01
      endloop
   endfacet
   facet normal -1.318194e-01 -6.626959e-01 7.371959e-01
      outer loop
         vertex 6.423112e+00 8.871220e-01 1.953209e+01
         vertex 6.395269e+00 7.615332e-01 1.941421e+01
         vertex 6.712534e+00 6.984249e-01 1.941421e+01
      endloop
   endfacet
   facet normal -1.318194e-01 -6.626958e-01 7.371960e-01
      outer loop
         vertex 6.423112e+00 8.871220e-01 1.953209e+01
         vertex 6.712534e+00 6.984249e-01 1.941421e+01
         vertex 6.734870e+00 8.251090e-01 1.953209e+01
      endloop
   endfacet
   facet normal -1.027871e-01 -6.678149e-01 7.371961e-01
      outer loop
         vertex 6.734870e+00 8.251090e-01 1.953209e+01
         vertex 6.712534e+00 6.984249e-01 1.941421e+01
         vertex 7.032249e+00 6.492157e-01 1.941421e+01
      endloop
   endfacet
   facet normal -1.027888e-01 -6.678166e-01 7.371943e-01
      outer loop
         vertex 6.734870e+00 8.251090e-01 1.953209e+01
         vertex 7.032249e+00 6.492157e-01 1.941421e+01
         vertex 7.049039e+00 7.767528e-01 1.953209e+01
      endloop
   endfacet
   facet normal -7.356033e-02 -6.716645e-01 7.371945e-01
      outer loop
         vertex 7.049039e+00 7.767528e-01 1.953209e+01
         vertex 7.032249e+00 6.492157e-01 1.941421e+01
         vertex 7.353809e+00 6.139986e-01 1.941421e+01
      endloop
   endfacet
   facet normal -7.355638e-02 -6.716602e-01 7.371988e-01
      outer loop
         vertex 7.049039e+00 7.767528e-01 1.953209e+01
         vertex 7.353809e+00 6.139986e-01 1.941421e+01
         vertex 7.365018e+00 7.421486e-01 1.953209e+01
      endloop
   endfacet
   facet normal -4.419019e-02 -6.742291e-01 7.371990e-01
      outer loop
         vertex 7.365018e+00 7.421486e-01 1.953209e+01
         vertex 7.353809e+00 6.139986e-01 1.941421e+01
         vertex 7.676594e+00 5.928427e-01 1.941421e+01
      endloop
   endfacet
   facet normal -4.419400e-02 -6.742336e-01 7.371946e-01
      outer loop
         vertex 7.365018e+00 7.421486e-01 1.953209e+01
         vertex 7.676594e+00 5.928427e-01 1.941421e+01
         vertex 7.682208e+00 7.213578e-01 1.953209e+01
      endloop
   endfacet
   facet normal -6.087064e-01 -1.328177e-02 7.932844e-01
      outer loop
         vertex 8.528456e-01 7.999999e+00 1.963830e+01
         vertex 7.213578e-01 7.682207e+00 1.953209e+01
         vertex 8.596480e-01 7.688245e+00 1.963830e+01
      endloop
   endfacet
   facet normal -6.075476e-01 -3.982328e-02 7.932843e-01
      outer loop
         vertex 8.596480e-01 7.688245e+00 1.963830e+01
         vertex 7.213578e-01 7.682207e+00 1.953209e+01
         vertex 7.421486e-01 7.365020e+00 1.953209e+01
      endloop
   endfacet
   facet normal -6.075471e-01 -3.982354e-02 7.932847e-01
      outer loop
         vertex 8.596480e-01 7.688245e+00 1.963830e+01
         vertex 7.421486e-01 7.365020e+00 1.953209e+01
         vertex 8.800440e-01 7.377084e+00 1.963830e+01
      endloop
   endfacet
   facet normal -6.052324e-01 -6.628158e-02 7.932847e-01
      outer loop
         vertex 8.800440e-01 7.377084e+00 1.963830e+01
         vertex 7.421486e-01 7.365020e+00 1.953209e+01
         vertex 7.767528e-01 7.049041e+00 1.953209e+01
      endloop
   endfacet
   facet normal -6.052270e-01 -6.628450e-02 7.932885e-01
      outer loop
         vertex 8.800440e-01 7.377084e+00 1.963830e+01
         vertex 7.767528e-01 7.049041e+00 1.953209e+01
         vertex 9.139925e-01 7.067109e+00 1.963830e+01
      endloop
   endfacet
   facet normal -6.017602e-01 -9.261801e-02 7.932885e-01
      outer loop
         vertex 9.139925e-01 7.067109e+00 1.963830e+01
         vertex 7.767528e-01 7.049041e+00 1.953209e+01
         vertex 8.251071e-01 6.734872e+00 1.953209e+01
      endloop
   endfacet
   facet normal -6.017642e-01 -9.261603e-02 7.932857e-01
      outer loop
         vertex 9.139925e-01 7.067109e+00 1.963830e+01
         vertex 8.251071e-01 6.734872e+00 1.953209e+01
         vertex 9.614266e-01 6.758910e+00 1.963830e+01
      endloop
   endfacet
   facet normal -5.971500e-01 -1.187842e-01 7.932857e-01
      outer loop
         vertex 9.614266e-01 6.758910e+00 1.963830e+01
         vertex 8.251071e-01 6.734872e+00 1.953209e+01
         vertex 8.871220e-01 6.423112e+00 1.953209e+01
      endloop
   endfacet
   facet normal -5.971582e-01 -1.187806e-01 7.932801e-01
      outer loop
         vertex 9.614266e-01 6.758910e+00 1.963830e+01
         vertex 8.871220e-01 6.423112e+00 1.953209e+01
         vertex 1.022261e+00 6.453073e+00 1.963830e+01
      endloop
   endfacet
   facet normal -5.914081e-01 -1.447168e-01 7.932802e-01
      outer loop
         vertex 1.022261e+00 6.453073e+00 1.963830e+01
         vertex 8.871220e-01 6.423112e+00 1.953209e+01
         vertex 9.626746e-01 6.114354e+00 1.953209e+01
      endloop
   endfacet
   facet normal -5.914049e-01 -1.447181e-01 7.932824e-01
      outer loop
         vertex 1.022261e+00 6.453073e+00 1.963830e+01
         vertex 9.626746e-01 6.114354e+00 1.953209e+01
         vertex 1.096379e+00 6.150180e+00 1.963830e+01
      endloop
   endfacet
   facet normal -5.845301e-01 -1.703750e-01 7.932823e-01
      outer loop
         vertex 1.096379e+00 6.150180e+00 1.963830e+01
         vertex 9.626746e-01 6.114354e+00 1.953209e+01
         vertex 1.051623e+00 5.809185e+00 1.953209e+01
      endloop
   endfacet
   facet normal -5.845338e-01 -1.703738e-01 7.932799e-01
      outer loop
         vertex 1.096379e+00 6.150180e+00 1.963830e+01
         vertex 1.051623e+00 5.809185e+00 1.953209e+01
         vertex 1.183636e+00 5.850810e+00 1.963830e+01
      endloop
   endfacet
   facet normal -5.765461e-01 -1.957076e-01 7.932800e-01
      outer loop
         vertex 1.183636e+00 5.850810e+00 1.963830e+01
         vertex 1.051623e+00 5.809185e+00 1.953209e+01
         vertex 1.153797e+00 5.508186e+00 1.953209e+01
      endloop
   endfacet
   facet normal -5.765339e-01 -1.957111e-01 7.932880e-01
      outer loop
         vertex 1.183636e+00 5.850810e+00 1.963830e+01
         vertex 1.153797e+00 5.508186e+00 1.953209e+01
         vertex 1.283873e+00 5.555529e+00 1.963830e+01
      endloop
   endfacet
   facet normal -5.674494e-01 -2.206706e-01 7.932878e-01
      outer loop
         vertex 1.283873e+00 5.555529e+00 1.963830e+01
         vertex 1.153797e+00 5.508186e+00 1.953209e+01
         vertex 1.269005e+00 5.211931e+00 1.953209e+01
      endloop
   endfacet
   facet normal -5.674540e-01 -2.206695e-01 7.932849e-01
      outer loop
         vertex 1.283873e+00 5.555529e+00 1.963830e+01
         vertex 1.269005e+00 5.211931e+00 1.953209e+01
         vertex 1.396891e+00 5.264902e+00 1.963830e+01
      endloop
   endfacet
   facet normal -5.572884e-01 -2.452117e-01 7.932849e-01
      outer loop
         vertex 1.396891e+00 5.264902e+00 1.963830e+01
         vertex 1.269005e+00 5.211931e+00 1.953209e+01
         vertex 1.397025e+00 4.920983e+00 1.953209e+01
      endloop
   endfacet
   facet normal -5.572899e-01 -2.452114e-01 7.932839e-01
      outer loop
         vertex 1.396891e+00 5.264902e+00 1.963830e+01
         vertex 1.397025e+00 4.920983e+00 1.953209e+01
         vertex 1.522478e+00 4.979482e+00 1.963830e+01
      endloop
   endfacet
   facet normal -5.460633e-01 -2.692873e-01 7.932839e-01
      outer loop
         vertex 1.522478e+00 4.979482e+00 1.963830e+01
         vertex 1.397025e+00 4.920983e+00 1.953209e+01
         vertex 1.537614e+00 4.635896e+00 1.953209e+01
      endloop
   endfacet
   facet normal -5.460629e-01 -2.692873e-01 7.932841e-01
      outer loop
         vertex 1.522478e+00 4.979482e+00 1.963830e+01
         vertex 1.537614e+00 4.635896e+00 1.953209e+01
         vertex 1.660395e+00 4.699811e+00 1.963830e+01
      endloop
   endfacet
   facet normal -5.337951e-01 -2.928537e-01 7.932840e-01
      outer loop
         vertex 1.660395e+00 4.699811e+00 1.963830e+01
         vertex 1.537614e+00 4.635896e+00 1.953209e+01
         vertex 1.690507e+00 4.357211e+00 1.953209e+01
      endloop
   endfacet
   facet normal -5.337950e-01 -2.928537e-01 7.932841e-01
      outer loop
         vertex 1.660395e+00 4.699811e+00 1.963830e+01
         vertex 1.690507e+00 4.357211e+00 1.953209e+01
         vertex 1.810383e+00 4.426423e+00 1.963830e+01
      endloop
   endfacet
   facet normal -5.205154e-01 -3.158542e-01 7.932842e-01
      outer loop
         vertex 1.810383e+00 4.426423e+00 1.963830e+01
         vertex 1.690507e+00 4.357211e+00 1.953209e+01
         vertex 1.855407e+00 4.085463e+00 1.953209e+01
      endloop
   endfacet
   facet normal -5.205150e-01 -3.158542e-01 7.932845e-01
      outer loop
         vertex 1.810383e+00 4.426423e+00 1.963830e+01
         vertex 1.855407e+00 4.085463e+00 1.953209e+01
         vertex 1.972150e+00 4.159838e+00 1.963830e+01
      endloop
   endfacet
   facet normal -5.062419e-01 -3.382581e-01 7.932846e-01
      outer loop
         vertex 1.972150e+00 4.159838e+00 1.963830e+01
         vertex 1.855407e+00 4.085463e+00 1.953209e+01
         vertex 2.032004e+00 3.821164e+00 1.953209e+01
      endloop
   endfacet
   facet normal -5.062346e-01 -3.382583e-01 7.932893e-01
      outer loop
         vertex 1.972150e+00 4.159838e+00 1.963830e+01
         vertex 2.032004e+00 3.821164e+00 1.953209e+01
         vertex 2.145395e+00 3.900561e+00 1.963830e+01
      endloop
   endfacet
   facet normal -4.909986e-01 -3.600174e-01 7.932893e-01
      outer loop
         vertex 2.145395e+00 3.900561e+00 1.963830e+01
         vertex 2.032004e+00 3.821164e+00 1.953209e+01
         vertex 2.219964e+00 3.564822e+00 1.953209e+01
      endloop
   endfacet
   facet normal -4.910016e-01 -3.600174e-01 7.932874e-01
      outer loop
         vertex 2.145395e+00 3.900561e+00 1.963830e+01
         vertex 2.219964e+00 3.564822e+00 1.953209e+01
         vertex 2.329782e+00 3.649089e+00 1.963830e+01
      endloop
   endfacet
   facet normal -4.748305e-01 -3.810917e-01 7.932875e-01
      outer loop
         vertex 2.329782e+00 3.649089e+00 1.963830e+01
         vertex 2.219964e+00 3.564822e+00 1.953209e+01
         vertex 2.418924e+00 3.316922e+00 1.953209e+01
      endloop
   endfacet
   facet normal -4.748358e-01 -3.810921e-01 7.932842e-01
      outer loop
         vertex 2.329782e+00 3.649089e+00 1.963830e+01
         vertex 2.418924e+00 3.316922e+00 1.953209e+01
         vertex 2.524961e+00 3.405899e+00 1.963830e+01
      endloop
   endfacet
   facet normal -4.577595e-01 -4.014427e-01 7.932843e-01
      outer loop
         vertex 2.524961e+00 3.405899e+00 1.963830e+01
         vertex 2.418924e+00 3.316922e+00 1.953209e+01
         vertex 2.628509e+00 3.077935e+00 1.953209e+01
      endloop
   endfacet
   facet normal -4.577592e-01 -4.014426e-01 7.932845e-01
      outer loop
         vertex 2.524961e+00 3.405899e+00 1.963830e+01
         vertex 2.628509e+00 3.077935e+00 1.953209e+01
         vertex 2.730563e+00 3.171453e+00 1.963830e+01
      endloop
   endfacet
   facet normal -4.398105e-01 -4.210299e-01 7.932846e-01
      outer loop
         vertex 2.730563e+00 3.171453e+00 1.963830e+01
         vertex 2.628509e+00 3.077935e+00 1.953209e+01
         vertex 2.848320e+00 2.848320e+00 1.953209e+01
      endloop
   endfacet
   facet normal -4.398106e-01 -4.210299e-01 7.932846e-01
      outer loop
         vertex 2.730563e+00 3.171453e+00 1.963830e+01
         vertex 2.848320e+00 2.848320e+00 1.953209e+01
         vertex 2.946198e+00 2.946200e+00 1.963830e+01
      endloop
   endfacet
   facet normal -4.210280e-01 -4.398122e-01 7.932847e-01
      outer loop
         vertex 2.946198e+00 2.946200e+00 1.963830e+01
         vertex 2.848320e+00 2.848320e+00 1.953209e+01
         vertex 3.077935e+00 2.628511e+00 1.953209e+01
      endloop
   endfacet
   facet normal -4.210324e-01 -4.398131e-01 7.932819e-01
      outer loop
         vertex 2.946198e+00 2.946200e+00 1.963830e+01
         vertex 3.077935e+00 2.628511e+00 1.953209e+01
         vertex 3.171451e+00 2.730565e+00 1.963830e+01
      endloop
   endfacet
   facet normal -4.014465e-01 -4.577603e-01 7.932819e-01
      outer loop
         vertex 3.171451e+00 2.730565e+00 1.963830e+01
         vertex 3.077935e+00 2.628511e+00 1.953209e+01
         vertex 3.316920e+00 2.418926e+00 1.953209e+01
      endloop
   endfacet
   facet normal -4.014387e-01 -4.577584e-01 7.932870e-01
      outer loop
         vertex 3.171451e+00 2.730565e+00 1.963830e+01
         vertex 3.316920e+00 2.418926e+00 1.953209e+01
         vertex 3.405899e+00 2.524963e+00 1.963830e+01
      endloop
   endfacet
   facet normal -3.810945e-01 -4.748296e-01 7.932867e-01
      outer loop
         vertex 3.405899e+00 2.524963e+00 1.963830e+01
         vertex 3.316920e+00 2.418926e+00 1.953209e+01
         vertex 3.564820e+00 2.219964e+00 1.953209e+01
      endloop
   endfacet
   facet normal -3.810896e-01 -4.748281e-01 7.932900e-01
      outer loop
         vertex 3.405899e+00 2.524963e+00 1.963830e+01
         vertex 3.564820e+00 2.219964e+00 1.953209e+01
         vertex 3.649089e+00 2.329782e+00 1.963830e+01
      endloop
   endfacet
   facet normal -3.600130e-01 -4.910011e-01 7.932897e-01
      outer loop
         vertex 3.649089e+00 2.329782e+00 1.963830e+01
         vertex 3.564820e+00 2.219964e+00 1.953209e+01
         vertex 3.821164e+00 2.032006e+00 1.953209e+01
      endloop
   endfacet
   facet normal -3.600184e-01 -4.910030e-01 7.932861e-01
      outer loop
         vertex 3.649089e+00 2.329782e+00 1.963830e+01
         vertex 3.821164e+00 2.032006e+00 1.953209e+01
         vertex 3.900561e+00 2.145395e+00 1.963830e+01
      endloop
   endfacet
   facet normal -3.382596e-01 -5.062388e-01 7.932860e-01
      outer loop
         vertex 3.900561e+00 2.145395e+00 1.963830e+01
         vertex 3.821164e+00 2.032006e+00 1.953209e+01
         vertex 4.085463e+00 1.855407e+00 1.953209e+01
      endloop
   endfacet
   facet normal -3.382568e-01 -5.062377e-01 7.932879e-01
      outer loop
         vertex 3.900561e+00 2.145395e+00 1.963830e+01
         vertex 4.085463e+00 1.855407e+00 1.953209e+01
         vertex 4.159838e+00 1.972152e+00 1.963830e+01
      endloop
   endfacet
   facet normal -3.158517e-01 -5.205114e-01 7.932879e-01
      outer loop
         vertex 4.159838e+00 1.972152e+00 1.963830e+01
         vertex 4.085463e+00 1.855407e+00 1.953209e+01
         vertex 4.357211e+00 1.690507e+00 1.953209e+01
      endloop
   endfacet
   facet normal -3.158571e-01 -5.205137e-01 7.932842e-01
      outer loop
         vertex 4.159838e+00 1.972152e+00 1.963830e+01
         vertex 4.357211e+00 1.690507e+00 1.953209e+01
         vertex 4.426423e+00 1.810383e+00 1.963830e+01
      endloop
   endfacet
   facet normal -2.928532e-01 -5.337953e-01 7.932841e-01
      outer loop
         vertex 4.426423e+00 1.810383e+00 1.963830e+01
         vertex 4.357211e+00 1.690507e+00 1.953209e+01
         vertex 4.635893e+00 1.537615e+00 1.953209e+01
      endloop
   endfacet
   facet normal -2.928491e-01 -5.337933e-01 7.932869e-01
      outer loop
         vertex 4.426423e+00 1.810383e+00 1.963830e+01
         vertex 4.635893e+00 1.537615e+00 1.953209e+01
         vertex 4.699811e+00 1.660397e+00 1.963830e+01
      endloop
   endfacet
   facet normal -2.692842e-01 -5.460607e-01 7.932867e-01
      outer loop
         vertex 4.699811e+00 1.660397e+00 1.963830e+01
         vertex 4.635893e+00 1.537615e+00 1.953209e+01
         vertex 4.920982e+00 1.397027e+00 1.953209e+01
      endloop
   endfacet
   facet normal -2.692894e-01 -5.460635e-01 7.932830e-01
      outer loop
         vertex 4.699811e+00 1.660397e+00 1.963830e+01
         vertex 4.920982e+00 1.397027e+00 1.953209e+01
         vertex 4.979480e+00 1.522480e+00 1.963830e+01
      endloop
   endfacet
   facet normal -2.452149e-01 -5.572895e-01 7.932831e-01
      outer loop
         vertex 4.979480e+00 1.522480e+00 1.963830e+01
         vertex 4.920982e+00 1.397027e+00 1.953209e+01
         vertex 5.211931e+00 1.269005e+00 1.953209e+01
      endloop
   endfacet
   facet normal -2.452147e-01 -5.572893e-01 7.932833e-01
      outer loop
         vertex 4.979480e+00 1.522480e+00 1.963830e+01
         vertex 5.211931e+00 1.269005e+00 1.953209e+01
         vertex 5.264901e+00 1.396891e+00 1.963830e+01
      endloop
   endfacet
   facet normal -2.206708e-01 -5.674555e-01 7.932834e-01
      outer loop
         vertex 5.264901e+00 1.396891e+00 1.963830e+01
         vertex 5.211931e+00 1.269005e+00 1.953209e+01
         vertex 5.508184e+00 1.153799e+00 1.953209e+01
      endloop
   endfacet
   facet normal -2.206679e-01 -5.674536e-01 7.932856e-01
      outer loop
         vertex 5.264901e+00 1.396891e+00 1.963830e+01
         vertex 5.508184e+00 1.153799e+00 1.953209e+01
         vertex 5.555529e+00 1.283873e+00 1.963830e+01
      endloop
   endfacet
   facet normal -1.957080e-01 -5.765384e-01 7.932855e-01
      outer loop
         vertex 5.555529e+00 1.283873e+00 1.963830e+01
         vertex 5.508184e+00 1.153799e+00 1.953209e+01
         vertex 5.809184e+00 1.051623e+00 1.953209e+01
      endloop
   endfacet
   facet normal -1.957118e-01 -5.765413e-01 7.932824e-01
      outer loop
         vertex 5.555529e+00 1.283873e+00 1.963830e+01
         vertex 5.809184e+00 1.051623e+00 1.953209e+01
         vertex 5.850807e+00 1.183638e+00 1.963830e+01
      endloop
   endfacet
   facet normal -1.703754e-01 -5.845297e-01 7.932826e-01
      outer loop
         vertex 5.850807e+00 1.183638e+00 1.963830e+01
         vertex 5.809184e+00 1.051623e+00 1.953209e+01
         vertex 6.114352e+00 9.626746e-01 1.953209e+01
      endloop
   endfacet
   facet normal -1.703710e-01 -5.845261e-01 7.932862e-01
      outer loop
         vertex 5.850807e+00 1.183638e+00 1.963830e+01
         vertex 6.114352e+00 9.626746e-01 1.953209e+01
         vertex 6.150179e+00 1.096381e+00 1.963830e+01
      endloop
   endfacet
   facet normal -1.447142e-01 -5.914008e-01 7.932862e-01
      outer loop
         vertex 6.150179e+00 1.096381e+00 1.963830e+01
         vertex 6.114352e+00 9.626746e-01 1.953209e+01
         vertex 6.423112e+00 8.871220e-01 1.953209e+01
      endloop
   endfacet
   facet normal -1.447179e-01 -5.914040e-01 7.932831e-01
      outer loop
         vertex 6.150179e+00 1.096381e+00 1.963830e+01
         vertex 6.423112e+00 8.871220e-01 1.953209e+01
         vertex 6.453071e+00 1.022262e+00 1.963830e+01
      endloop
   endfacet
   facet normal -1.187821e-01 -5.971537e-01 7.932832e-01
      outer loop
         vertex 6.453071e+00 1.022262e+00 1.963830e+01
         vertex 6.423112e+00 8.871220e-01 1.953209e+01
         vertex 6.734870e+00 8.251090e-01 1.953209e+01
      endloop
   endfacet
   facet normal -1.187783e-01 -5.971500e-01 7.932865e-01
      outer loop
         vertex 6.453071e+00 1.022262e+00 1.963830e+01
         vertex 6.734870e+00 8.251090e-01 1.953209e+01
         vertex 6.758910e+00 9.614285e-01 1.963830e+01
      endloop
   endfacet
   facet normal -9.262192e-02 -6.017624e-01 7.932863e-01
      outer loop
         vertex 6.758910e+00 9.614285e-01 1.963830e+01
         vertex 6.734870e+00 8.251090e-01 1.953209e+01
         vertex 7.049039e+00 7.767528e-01 1.953209e+01
      endloop
   endfacet
   facet normal -9.262392e-02 -6.017645e-01 7.932845e-01
      outer loop
         vertex 6.758910e+00 9.614285e-01 1.963830e+01
         vertex 7.049039e+00 7.767528e-01 1.953209e+01
         vertex 7.067107e+00 9.139907e-01 1.963830e+01
      endloop
   endfacet
   facet normal -6.628160e-02 -6.052325e-01 7.932845e-01
      outer loop
         vertex 7.067107e+00 9.139907e-01 1.963830e+01
         vertex 7.049039e+00 7.767528e-01 1.953209e+01
         vertex 7.365018e+00 7.421486e-01 1.953209e+01
      endloop
   endfacet
   facet normal -6.628099e-02 -6.052318e-01 7.932851e-01
      outer loop
         vertex 7.067107e+00 9.139907e-01 1.963830e+01
         vertex 7.365018e+00 7.421486e-01 1.953209e+01
         vertex 7.377084e+00 8.800440e-01 1.963830e+01
      endloop
   endfacet
   facet normal -3.982288e-02 -6.075469e-01 7.932849e-01
      outer loop
         vertex 7.377084e+00 8.800440e-01 1.963830e+01
         vertex 7.365018e+00 7.421486e-01 1.953209e+01
         vertex 7.682208e+00 7.213578e-01 1.953209e+01
      endloop
   endfacet
   facet normal -3.981987e-02 -6.075431e-01 7.932879e-01
      outer loop
         vertex 7.377084e+00 8.800440e-01 1.963830e+01
         vertex 7.682208e+00 7.213578e-01 1.953209e+01
         vertex 7.688243e+00 8.596499e-01 1.963830e+01
      endloop
   endfacet
   facet normal -4.824352e-01 -1.053008e-02 8.758684e-01
      outer loop
         vertex 1.070552e+00 7.999999e+00 1.977091e+01
         vertex 9.999983e-01 7.999999e+00 1.973205e+01
         vertex 1.006663e+00 7.694663e+00 1.973205e+01
      endloop
   endfacet
   facet normal -5.344293e-01 -1.166495e-02 8.451327e-01
      outer loop
         vertex 1.006663e+00 7.694663e+00 1.973205e+01
         vertex 9.999983e-01 7.999999e+00 1.973205e+01
         vertex 8.638687e-01 7.999999e+00 1.964597e+01
      endloop
   endfacet
   facet normal -1.588806e-02 -7.280497e-01 6.853402e-01
      outer loop
         vertex 7.999998e+00 5.029775e-01 1.932625e+01
         vertex 7.999998e+00 5.857851e-01 1.941421e+01
         vertex 7.676594e+00 5.928427e-01 1.941421e+01
      endloop
   endfacet
   facet normal -1.495615e-02 -6.853462e-01 7.280638e-01
      outer loop
         vertex 7.676594e+00 5.928427e-01 1.941421e+01
         vertex 7.999998e+00 5.857851e-01 1.941421e+01
         vertex 7.999998e+00 6.737541e-01 1.949702e+01
      endloop
   endfacet
   facet normal -1.980904e-02 -6.753405e-01 7.372400e-01
      outer loop
         vertex 7.676594e+00 5.928427e-01 1.941421e+01
         vertex 7.999998e+00 6.737541e-01 1.949702e+01
         vertex 7.682208e+00 7.213578e-01 1.953209e+01
      endloop
   endfacet
   facet normal -1.424443e-02 -6.529475e-01 7.572692e-01
      outer loop
         vertex 7.682208e+00 7.213578e-01 1.953209e+01
         vertex 7.999998e+00 6.737541e-01 1.949702e+01
         vertex 7.999998e+00 7.144250e-01 1.953209e+01
      endloop
   endfacet
   facet normal -1.327918e-02 -6.087015e-01 7.932882e-01
      outer loop
         vertex 7.682208e+00 7.213578e-01 1.953209e+01
         vertex 7.999998e+00 7.144250e-01 1.953209e+01
         vertex 7.688243e+00 8.596499e-01 1.963830e+01
      endloop
   endfacet
   facet normal -1.328174e-02 -6.087050e-01 7.932855e-01
      outer loop
         vertex 7.688243e+00 8.596499e-01 1.963830e+01
         vertex 7.999998e+00 7.144250e-01 1.953209e+01
         vertex 7.999998e+00 8.528475e-01 1.963830e+01
      endloop
   endfacet
   facet normal -1.245463e-02 -5.707987e-01 8.209956e-01
      outer loop
         vertex 7.688243e+00 8.596499e-01 1.963830e+01
         vertex 7.999998e+00 8.528475e-01 1.963830e+01
         vertex 7.999998e+00 8.638706e-01 1.964597e+01
      endloop
   endfacet
   facet normal -1.345907e-02 -5.371974e-01 8.433491e-01
      outer loop
         vertex 7.999998e+00 8.638706e-01 1.964597e+01
         vertex 7.694662e+00 1.006663e+00 1.973205e+01
         vertex 7.688243e+00 8.596499e-01 1.963830e+01
      endloop
   endfacet
   facet normal -3.514435e-02 -5.362405e-01 8.433333e-01
      outer loop
         vertex 7.688243e+00 8.596499e-01 1.963830e+01
         vertex 7.694662e+00 1.006663e+00 1.973205e+01
         vertex 7.389907e+00 1.026636e+00 1.973205e+01
      endloop
   endfacet
   facet normal -3.514673e-02 -5.362436e-01 8.433312e-01
      outer loop
         vertex 7.688243e+00 8.596499e-01 1.963830e+01
         vertex 7.389907e+00 1.026636e+00 1.973205e+01
         vertex 7.377084e+00 8.800440e-01 1.963830e+01
      endloop
   endfacet
   facet normal -5.850670e-02 -5.342002e-01 8.433310e-01
      outer loop
         vertex 7.377084e+00 8.800440e-01 1.963830e+01
         vertex 7.389907e+00 1.026636e+00 1.973205e+01
         vertex 7.086314e+00 1.059886e+00 1.973205e+01
      endloop
   endfacet
   facet normal -5.850138e-02 -5.341939e-01 8.433354e-01
      outer loop
         vertex 7.377084e+00 8.800440e-01 1.963830e+01
         vertex 7.086314e+00 1.059886e+00 1.973205e+01
         vertex 7.067107e+00 9.139907e-01 1.963830e+01
      endloop
   endfacet
   facet normal -8.174985e-02 -5.311331e-01 8.433354e-01
      outer loop
         vertex 7.067107e+00 9.139907e-01 1.963830e+01
         vertex 7.086314e+00 1.059886e+00 1.973205e+01
         vertex 6.784461e+00 1.106346e+00 1.973205e+01
      endloop
   endfacet
   facet normal -8.175279e-02 -5.311363e-01 8.433331e-01
      outer loop
         vertex 7.067107e+00 9.139907e-01 1.963830e+01
         vertex 6.784461e+00 1.106346e+00 1.973205e+01
         vertex 6.758910e+00 9.614285e-01 1.963830e+01
      endloop
   endfacet
   facet normal -1.048402e-01 -5.270655e-01 8.433330e-01
      outer loop
         vertex 6.758910e+00 9.614285e-01 1.963830e+01
         vertex 6.784461e+00 1.106346e+00 1.973205e+01
         vertex 6.484922e+00 1.165928e+00 1.973205e+01
      endloop
   endfacet
   facet normal -1.048373e-01 -5.270626e-01 8.433351e-01
      outer loop
         vertex 6.758910e+00 9.614285e-01 1.963830e+01
         vertex 6.484922e+00 1.165928e+00 1.973205e+01
         vertex 6.453071e+00 1.022262e+00 1.963830e+01
      endloop
   endfacet
   facet normal -1.277291e-01 -5.219875e-01 8.433352e-01
      outer loop
         vertex 6.453071e+00 1.022262e+00 1.963830e+01
         vertex 6.484922e+00 1.165928e+00 1.973205e+01
         vertex 6.188266e+00 1.238519e+00 1.973205e+01
      endloop
   endfacet
   facet normal -1.277322e-01 -5.219903e-01 8.433330e-01
      outer loop
         vertex 6.453071e+00 1.022262e+00 1.963830e+01
         vertex 6.188266e+00 1.238519e+00 1.973205e+01
         vertex 6.150179e+00 1.096381e+00 1.963830e+01
      endloop
   endfacet
   facet normal -1.503777e-01 -5.159223e-01 8.433331e-01
      outer loop
         vertex 6.150179e+00 1.096381e+00 1.963830e+01
         vertex 6.188266e+00 1.238519e+00 1.973205e+01
         vertex 5.895060e+00 1.323981e+00 1.973205e+01
      endloop
   endfacet
   facet normal -1.503744e-01 -5.159196e-01 8.433354e-01
      outer loop
         vertex 6.150179e+00 1.096381e+00 1.963830e+01
         vertex 5.895060e+00 1.323981e+00 1.973205e+01
         vertex 5.850807e+00 1.183638e+00 1.963830e+01
      endloop
   endfacet
   facet normal -1.727374e-01 -5.088682e-01 8.433356e-01
      outer loop
         vertex 5.850807e+00 1.183638e+00 1.963830e+01
         vertex 5.895060e+00 1.323981e+00 1.973205e+01
         vertex 5.605858e+00 1.422152e+00 1.973205e+01
      endloop
   endfacet
   facet normal -1.727404e-01 -5.088705e-01 8.433336e-01
      outer loop
         vertex 5.850807e+00 1.183638e+00 1.963830e+01
         vertex 5.605858e+00 1.422152e+00 1.973205e+01
         vertex 5.555529e+00 1.283873e+00 1.963830e+01
      endloop
   endfacet
   facet normal -1.947711e-01 -5.008521e-01 8.433335e-01
      outer loop
         vertex 5.555529e+00 1.283873e+00 1.963830e+01
         vertex 5.605858e+00 1.422152e+00 1.973205e+01
         vertex 5.321216e+00 1.532843e+00 1.973205e+01
      endloop
   endfacet
   facet normal -1.947673e-01 -5.008495e-01 8.433359e-01
      outer loop
         vertex 5.555529e+00 1.283873e+00 1.963830e+01
         vertex 5.321216e+00 1.532843e+00 1.973205e+01
         vertex 5.264901e+00 1.396891e+00 1.963830e+01
      endloop
   endfacet
   facet normal -2.164285e-01 -4.918770e-01 8.433361e-01
      outer loop
         vertex 5.264901e+00 1.396891e+00 1.963830e+01
         vertex 5.321216e+00 1.532843e+00 1.973205e+01
         vertex 5.041670e+00 1.655845e+00 1.973205e+01
      endloop
   endfacet
   facet normal -2.164339e-01 -4.918804e-01 8.433327e-01
      outer loop
         vertex 5.264901e+00 1.396891e+00 1.963830e+01
         vertex 5.041670e+00 1.655845e+00 1.973205e+01
         vertex 4.979480e+00 1.522480e+00 1.963830e+01
      endloop
   endfacet
   facet normal -2.376823e-01 -4.819720e-01 8.433327e-01
      outer loop
         vertex 4.979480e+00 1.522480e+00 1.963830e+01
         vertex 5.041670e+00 1.655845e+00 1.973205e+01
         vertex 4.767757e+00 1.790924e+00 1.973205e+01
      endloop
   endfacet
   facet normal -2.376831e-01 -4.819725e-01 8.433322e-01
      outer loop
         vertex 4.979480e+00 1.522480e+00 1.963830e+01
         vertex 4.767757e+00 1.790924e+00 1.973205e+01
         vertex 4.699811e+00 1.660397e+00 1.963830e+01
      endloop
   endfacet
   facet normal -2.584798e-01 -4.711467e-01 8.433321e-01
      outer loop
         vertex 4.699811e+00 1.660397e+00 1.963830e+01
         vertex 4.767757e+00 1.790924e+00 1.973205e+01
         vertex 4.499998e+00 1.937822e+00 1.973205e+01
      endloop
   endfacet
   facet normal -2.584801e-01 -4.711469e-01 8.433319e-01
      outer loop
         vertex 4.699811e+00 1.660397e+00 1.963830e+01
         vertex 4.499998e+00 1.937822e+00 1.973205e+01
         vertex 4.426423e+00 1.810383e+00 1.963830e+01
      endloop
   endfacet
   facet normal -2.787856e-01 -4.594238e-01 8.433317e-01
      outer loop
         vertex 4.426423e+00 1.810383e+00 1.963830e+01
         vertex 4.499998e+00 1.937822e+00 1.973205e+01
         vertex 4.238900e+00 2.096260e+00 1.973205e+01
      endloop
   endfacet
   facet normal -2.787870e-01 -4.594244e-01 8.433309e-01
      outer loop
         vertex 4.426423e+00 1.810383e+00 1.963830e+01
         vertex 4.238900e+00 2.096260e+00 1.973205e+01
         vertex 4.159838e+00 1.972152e+00 1.963830e+01
      endloop
   endfacet
   facet normal -2.985634e-01 -4.468258e-01 8.433306e-01
      outer loop
         vertex 4.159838e+00 1.972152e+00 1.963830e+01
         vertex 4.238900e+00 2.096260e+00 1.973205e+01
         vertex 3.984965e+00 2.265936e+00 1.973205e+01
      endloop
   endfacet
   facet normal -2.985574e-01 -4.468234e-01 8.433341e-01
      outer loop
         vertex 4.159838e+00 1.972152e+00 1.963830e+01
         vertex 3.984965e+00 2.265936e+00 1.973205e+01
         vertex 3.900561e+00 2.145395e+00 1.963830e+01
      endloop
   endfacet
   facet normal -3.177614e-01 -4.333766e-01 8.433341e-01
      outer loop
         vertex 3.900561e+00 2.145395e+00 1.963830e+01
         vertex 3.984965e+00 2.265936e+00 1.973205e+01
         vertex 3.738668e+00 2.446527e+00 1.973205e+01
      endloop
   endfacet
   facet normal -3.177663e-01 -4.333783e-01 8.433314e-01
      outer loop
         vertex 3.900561e+00 2.145395e+00 1.963830e+01
         vertex 3.738668e+00 2.446527e+00 1.973205e+01
         vertex 3.649089e+00 2.329782e+00 1.963830e+01
      endloop
   endfacet
   facet normal -3.363661e-01 -4.191065e-01 8.433312e-01
      outer loop
         vertex 3.649089e+00 2.329782e+00 1.963830e+01
         vertex 3.738668e+00 2.446527e+00 1.973205e+01
         vertex 3.500484e+00 2.637688e+00 1.973205e+01
      endloop
   endfacet
   facet normal -3.363690e-01 -4.191074e-01 8.433296e-01
      outer loop
         vertex 3.649089e+00 2.329782e+00 1.963830e+01
         vertex 3.500484e+00 2.637688e+00 1.973205e+01
         vertex 3.405899e+00 2.524963e+00 1.963830e+01
      endloop
   endfacet
   facet normal -3.543334e-01 -4.040338e-01 8.433294e-01
      outer loop
         vertex 3.405899e+00 2.524963e+00 1.963830e+01
         vertex 3.500484e+00 2.637688e+00 1.973205e+01
         vertex 3.270868e+00 2.839059e+00 1.973205e+01
      endloop
   endfacet
   facet normal -3.543212e-01 -4.040305e-01 8.433361e-01
      outer loop
         vertex 3.405899e+00 2.524963e+00 1.963830e+01
         vertex 3.270868e+00 2.839059e+00 1.973205e+01
         vertex 3.171451e+00 2.730565e+00 1.963830e+01
      endloop
   endfacet
   facet normal -3.716104e-01 -3.881878e-01 8.433362e-01
      outer loop
         vertex 3.171451e+00 2.730565e+00 1.963830e+01
         vertex 3.270868e+00 2.839059e+00 1.973205e+01
         vertex 3.050253e+00 3.050253e+00 1.973205e+01
      endloop
   endfacet
   facet normal -3.716118e-01 -3.881881e-01 8.433354e-01
      outer loop
         vertex 3.171451e+00 2.730565e+00 1.963830e+01
         vertex 3.050253e+00 3.050253e+00 1.973205e+01
         vertex 2.946198e+00 2.946200e+00 1.963830e+01
      endloop
   endfacet
   facet normal -3.881885e-01 -3.716111e-01 8.433355e-01
      outer loop
         vertex 2.946198e+00 2.946200e+00 1.963830e+01
         vertex 3.050253e+00 3.050253e+00 1.973205e+01
         vertex 2.839059e+00 3.270868e+00 1.973205e+01
      endloop
   endfacet
   facet normal -3.881872e-01 -3.716109e-01 8.433363e-01
      outer loop
         vertex 2.946198e+00 2.946200e+00 1.963830e+01
         vertex 2.839059e+00 3.270868e+00 1.973205e+01
         vertex 2.730563e+00 3.171453e+00 1.963830e+01
      endloop
   endfacet
   facet normal -4.040269e-01 -3.543245e-01 8.433365e-01
      outer loop
         vertex 2.730563e+00 3.171453e+00 1.963830e+01
         vertex 2.839059e+00 3.270868e+00 1.973205e+01
         vertex 2.637688e+00 3.500486e+00 1.973205e+01
      endloop
   endfacet
   facet normal -4.040318e-01 -3.543251e-01 8.433338e-01
      outer loop
         vertex 2.730563e+00 3.171453e+00 1.963830e+01
         vertex 2.637688e+00 3.500486e+00 1.973205e+01
         vertex 2.524961e+00 3.405899e+00 1.963830e+01
      endloop
   endfacet
   facet normal -4.191016e-01 -3.363654e-01 8.433340e-01
      outer loop
         vertex 2.524961e+00 3.405899e+00 1.963830e+01
         vertex 2.637688e+00 3.500486e+00 1.973205e+01
         vertex 2.446525e+00 3.738670e+00 1.973205e+01
      endloop
   endfacet
   facet normal -4.191076e-01 -3.363659e-01 8.433307e-01
      outer loop
         vertex 2.524961e+00 3.405899e+00 1.963830e+01
         vertex 2.446525e+00 3.738670e+00 1.973205e+01
         vertex 2.329782e+00 3.649089e+00 1.963830e+01
      endloop
   endfacet
   facet normal -4.333797e-01 -3.177661e-01 8.433307e-01
      outer loop
         vertex 2.329782e+00 3.649089e+00 1.963830e+01
         vertex 2.446525e+00 3.738670e+00 1.973205e+01
         vertex 2.265934e+00 3.984965e+00 1.973205e+01
      endloop
   endfacet
   facet normal -4.333781e-01 -3.177661e-01 8.433316e-01
      outer loop
         vertex 2.329782e+00 3.649089e+00 1.963830e+01
         vertex 2.265934e+00 3.984965e+00 1.973205e+01
         vertex 2.145395e+00 3.900561e+00 1.963830e+01
      endloop
   endfacet
   facet normal -4.468257e-01 -2.985611e-01 8.433315e-01
      outer loop
         vertex 2.145395e+00 3.900561e+00 1.963830e+01
         vertex 2.265934e+00 3.984965e+00 1.973205e+01
         vertex 2.096258e+00 4.238902e+00 1.973205e+01
      endloop
   endfacet
   facet normal -4.468241e-01 -2.985611e-01 8.433323e-01
      outer loop
         vertex 2.145395e+00 3.900561e+00 1.963830e+01
         vertex 2.096258e+00 4.238902e+00 1.973205e+01
         vertex 1.972150e+00 4.159838e+00 1.963830e+01
      endloop
   endfacet
   facet normal -4.594243e-01 -2.787826e-01 8.433325e-01
      outer loop
         vertex 1.972150e+00 4.159838e+00 1.963830e+01
         vertex 2.096258e+00 4.238902e+00 1.973205e+01
         vertex 1.937822e+00 4.500000e+00 1.973205e+01
      endloop
   endfacet
   facet normal -4.594226e-01 -2.787827e-01 8.433333e-01
      outer loop
         vertex 1.972150e+00 4.159838e+00 1.963830e+01
         vertex 1.937822e+00 4.500000e+00 1.973205e+01
         vertex 1.810383e+00 4.426423e+00 1.963830e+01
      endloop
   endfacet
   facet normal -4.711439e-01 -2.584806e-01 8.433334e-01
      outer loop
         vertex 1.810383e+00 4.426423e+00 1.963830e+01
         vertex 1.937822e+00 4.500000e+00 1.973205e+01
         vertex 1.790922e+00 4.767760e+00 1.973205e+01
      endloop
   endfacet
   facet normal -4.711422e-01 -2.584808e-01 8.433343e-01
      outer loop
         vertex 1.810383e+00 4.426423e+00 1.963830e+01
         vertex 1.790922e+00 4.767760e+00 1.973205e+01
         vertex 1.660395e+00 4.699811e+00 1.963830e+01
      endloop
   endfacet
   facet normal -4.819695e-01 -2.376819e-01 8.433343e-01
      outer loop
         vertex 1.660395e+00 4.699811e+00 1.963830e+01
         vertex 1.790922e+00 4.767760e+00 1.973205e+01
         vertex 1.655843e+00 5.041672e+00 1.973205e+01
      endloop
   endfacet
   facet normal -4.819724e-01 -2.376815e-01 8.433327e-01
      outer loop
         vertex 1.660395e+00 4.699811e+00 1.963830e+01
         vertex 1.655843e+00 5.041672e+00 1.973205e+01
         vertex 1.522478e+00 4.979482e+00 1.963830e+01
      endloop
   endfacet
   facet normal -4.918814e-01 -2.164319e-01 8.433327e-01
      outer loop
         vertex 1.522478e+00 4.979482e+00 1.963830e+01
         vertex 1.655843e+00 5.041672e+00 1.973205e+01
         vertex 1.532841e+00 5.321216e+00 1.973205e+01
      endloop
   endfacet
   facet normal -4.918825e-01 -2.164317e-01 8.433320e-01
      outer loop
         vertex 1.522478e+00 4.979482e+00 1.963830e+01
         vertex 1.532841e+00 5.321216e+00 1.973205e+01
         vertex 1.396891e+00 5.264902e+00 1.963830e+01
      endloop
   endfacet
   facet normal -5.008557e-01 -1.947686e-01 8.433319e-01
      outer loop
         vertex 1.396891e+00 5.264902e+00 1.963830e+01
         vertex 1.532841e+00 5.321216e+00 1.973205e+01
         vertex 1.422152e+00 5.605859e+00 1.973205e+01
      endloop
   endfacet
   facet normal -5.008518e-01 -1.947695e-01 8.433341e-01
      outer loop
         vertex 1.396891e+00 5.264902e+00 1.963830e+01
         vertex 1.422152e+00 5.605859e+00 1.973205e+01
         vertex 1.283873e+00 5.555529e+00 1.963830e+01
      endloop
   endfacet
   facet normal -5.088691e-01 -1.727421e-01 8.433341e-01
      outer loop
         vertex 1.283873e+00 5.555529e+00 1.963830e+01
         vertex 1.422152e+00 5.605859e+00 1.973205e+01
         vertex 1.323979e+00 5.895059e+00 1.973205e+01
      endloop
   endfacet
   facet normal -5.088701e-01 -1.727418e-01 8.433336e-01
      outer loop
         vertex 1.283873e+00 5.555529e+00 1.963830e+01
         vertex 1.323979e+00 5.895059e+00 1.973205e+01
         vertex 1.183636e+00 5.850810e+00 1.963830e+01
      endloop
   endfacet
   facet normal -5.159216e-01 -1.503770e-01 8.433337e-01
      outer loop
         vertex 1.183636e+00 5.850810e+00 1.963830e+01
         vertex 1.323979e+00 5.895059e+00 1.973205e+01
         vertex 1.238517e+00 6.188266e+00 1.973205e+01
      endloop
   endfacet
   facet normal -5.159241e-01 -1.503762e-01 8.433323e-01
      outer loop
         vertex 1.183636e+00 5.850810e+00 1.963830e+01
         vertex 1.238517e+00 6.188266e+00 1.973205e+01
         vertex 1.096379e+00 6.150180e+00 1.963830e+01
      endloop
   endfacet
   facet normal -5.219921e-01 -1.277302e-01 8.433323e-01
      outer loop
         vertex 1.096379e+00 6.150180e+00 1.963830e+01
         vertex 1.238517e+00 6.188266e+00 1.973205e+01
         vertex 1.165926e+00 6.484922e+00 1.973205e+01
      endloop
   endfacet
   facet normal -5.219881e-01 -1.277316e-01 8.433345e-01
      outer loop
         vertex 1.096379e+00 6.150180e+00 1.963830e+01
         vertex 1.165926e+00 6.484922e+00 1.973205e+01
         vertex 1.022261e+00 6.453073e+00 1.963830e+01
      endloop
   endfacet
   facet normal -5.270631e-01 -1.048394e-01 8.433345e-01
      outer loop
         vertex 1.022261e+00 6.453073e+00 1.963830e+01
         vertex 1.165926e+00 6.484922e+00 1.973205e+01
         vertex 1.106344e+00 6.784462e+00 1.973205e+01
      endloop
   endfacet
   facet normal -5.270653e-01 -1.048385e-01 8.433333e-01
      outer loop
         vertex 1.022261e+00 6.453073e+00 1.963830e+01
         vertex 1.106344e+00 6.784462e+00 1.973205e+01
         vertex 9.614266e-01 6.758910e+00 1.963830e+01
      endloop
   endfacet
   facet normal -5.311370e-01 -8.174691e-02 8.433333e-01
      outer loop
         vertex 9.614266e-01 6.758910e+00 1.963830e+01
         vertex 1.106344e+00 6.784462e+00 1.973205e+01
         vertex 1.059886e+00 7.086316e+00 1.973205e+01
      endloop
   endfacet
   facet normal -5.311385e-01 -8.174620e-02 8.433324e-01
      outer loop
         vertex 9.614266e-01 6.758910e+00 1.963830e+01
         vertex 1.059886e+00 7.086316e+00 1.973205e+01
         vertex 9.139925e-01 7.067109e+00 1.963830e+01
      endloop
   endfacet
   facet normal -5.341977e-01 -5.850953e-02 8.433324e-01
      outer loop
         vertex 9.139925e-01 7.067109e+00 1.963830e+01
         vertex 1.059886e+00 7.086316e+00 1.973205e+01
         vertex 1.026634e+00 7.389910e+00 1.973205e+01
      endloop
   endfacet
   facet normal -5.342043e-01 -5.850608e-02 8.433284e-01
      outer loop
         vertex 9.139925e-01 7.067109e+00 1.963830e+01
         vertex 1.026634e+00 7.389910e+00 1.973205e+01
         vertex 8.800440e-01 7.377084e+00 1.963830e+01
      endloop
   endfacet
   facet normal -5.362484e-01 -3.514169e-02 8.433284e-01
      outer loop
         vertex 8.800440e-01 7.377084e+00 1.963830e+01
         vertex 1.026634e+00 7.389910e+00 1.973205e+01
         vertex 1.006663e+00 7.694663e+00 1.973205e+01
      endloop
   endfacet
   facet normal -5.362354e-01 -3.514919e-02 8.433363e-01
      outer loop
         vertex 8.800440e-01 7.377084e+00 1.963830e+01
         vertex 1.006663e+00 7.694663e+00 1.973205e+01
         vertex 8.596480e-01 7.688245e+00 1.963830e+01
      endloop
   endfacet
   facet normal -5.371926e-01 -1.345921e-02 8.433522e-01
      outer loop
         vertex 8.596480e-01 7.688245e+00 1.963830e+01
         vertex 1.006663e+00 7.694663e+00 1.973205e+01
         vertex 8.638687e-01 7.999999e+00 1.964597e+01
      endloop
   endfacet
   facet normal -5.707987e-01 -1.245463e-02 8.209956e-01
      outer loop
         vertex 8.596480e-01 7.688245e+00 1.963830e+01
         vertex 8.638687e-01 7.999999e+00 1.964597e+01
         vertex 8.528456e-01 7.999999e+00 1.963830e+01
      endloop
   endfacet
   facet normal -3.888575e-01 -8.485408e-03 9.212588e-01
      outer loop
         vertex 1.290791e+00 7.999999e+00 1.987003e+01
         vertex 1.154762e+00 7.999999e+00 1.981262e+01
         vertex 1.161277e+00 7.701415e+00 1.981262e+01
      endloop
   endfacet
   facet normal -4.437723e-01 -9.683724e-03 8.960873e-01
      outer loop
         vertex 1.161277e+00 7.701415e+00 1.981262e+01
         vertex 1.154762e+00 7.999999e+00 1.981262e+01
         vertex 1.070552e+00 7.999999e+00 1.977091e+01
      endloop
   endfacet
   facet normal -4.614771e-01 -1.633235e-02 8.870018e-01
      outer loop
         vertex 1.070552e+00 7.999999e+00 1.977091e+01
         vertex 1.006663e+00 7.694663e+00 1.973205e+01
         vertex 1.161277e+00 7.701415e+00 1.981262e+01
      endloop
   endfacet
   facet normal -4.608515e-01 -3.020074e-02 8.869633e-01
      outer loop
         vertex 1.161277e+00 7.701415e+00 1.981262e+01
         vertex 1.006663e+00 7.694663e+00 1.973205e+01
         vertex 1.026634e+00 7.389910e+00 1.973205e+01
      endloop
   endfacet
   facet normal -4.608467e-01 -3.020340e-02 8.869656e-01
      outer loop
         vertex 1.161277e+00 7.701415e+00 1.981262e+01
         vertex 1.026634e+00 7.389910e+00 1.973205e+01
         vertex 1.180809e+00 7.403398e+00 1.981262e+01
      endloop
   endfacet
   facet normal -4.590900e-01 -5.028314e-02 8.869656e-01
      outer loop
         vertex 1.180809e+00 7.403398e+00 1.981262e+01
         vertex 1.026634e+00 7.389910e+00 1.973205e+01
         vertex 1.059886e+00 7.086316e+00 1.973205e+01
      endloop
   endfacet
   facet normal -4.590962e-01 -5.028003e-02 8.869626e-01
      outer loop
         vertex 1.180809e+00 7.403398e+00 1.981262e+01
         vertex 1.059886e+00 7.086316e+00 1.973205e+01
         vertex 1.213323e+00 7.106517e+00 1.981262e+01
      endloop
   endfacet
   facet normal -4.564665e-01 -7.025443e-02 8.869626e-01
      outer loop
         vertex 1.213323e+00 7.106517e+00 1.981262e+01
         vertex 1.059886e+00 7.086316e+00 1.973205e+01
         vertex 1.106344e+00 6.784462e+00 1.973205e+01
      endloop
   endfacet
   facet normal -4.564596e-01 -7.025756e-02 8.869659e-01
      outer loop
         vertex 1.213323e+00 7.106517e+00 1.981262e+01
         vertex 1.106344e+00 6.784462e+00 1.973205e+01
         vertex 1.258757e+00 6.811337e+00 1.981262e+01
      endloop
   endfacet
   facet normal -4.529609e-01 -9.009955e-02 8.869659e-01
      outer loop
         vertex 1.258757e+00 6.811337e+00 1.981262e+01
         vertex 1.106344e+00 6.784462e+00 1.973205e+01
         vertex 1.165926e+00 6.484922e+00 1.973205e+01
      endloop
   endfacet
   facet normal -4.529646e-01 -9.009807e-02 8.869642e-01
      outer loop
         vertex 1.258757e+00 6.811337e+00 1.981262e+01
         vertex 1.165926e+00 6.484922e+00 1.973205e+01
         vertex 1.317021e+00 6.518419e+00 1.981262e+01
      endloop
   endfacet
   facet normal -4.486030e-01 -1.097720e-01 8.869642e-01
      outer loop
         vertex 1.317021e+00 6.518419e+00 1.981262e+01
         vertex 1.165926e+00 6.484922e+00 1.973205e+01
         vertex 1.238517e+00 6.188266e+00 1.973205e+01
      endloop
   endfacet
   facet normal -4.485947e-01 -1.097749e-01 8.869680e-01
      outer loop
         vertex 1.317021e+00 6.518419e+00 1.981262e+01
         vertex 1.238517e+00 6.188266e+00 1.973205e+01
         vertex 1.388010e+00 6.228322e+00 1.981262e+01
      endloop
   endfacet
   facet normal -4.433809e-01 -1.292333e-01 8.869680e-01
      outer loop
         vertex 1.388010e+00 6.228322e+00 1.981262e+01
         vertex 1.238517e+00 6.188266e+00 1.973205e+01
         vertex 1.323979e+00 5.895059e+00 1.973205e+01
      endloop
   endfacet
   facet normal -4.433890e-01 -1.292309e-01 8.869642e-01
      outer loop
         vertex 1.388010e+00 6.228322e+00 1.981262e+01
         vertex 1.323979e+00 5.895059e+00 1.973205e+01
         vertex 1.471579e+00 5.941597e+00 1.981262e+01
      endloop
   endfacet
   facet normal -4.373272e-01 -1.484563e-01 8.869643e-01
      outer loop
         vertex 1.471579e+00 5.941597e+00 1.981262e+01
         vertex 1.323979e+00 5.895059e+00 1.973205e+01
         vertex 1.422152e+00 5.605859e+00 1.973205e+01
      endloop
   endfacet
   facet normal -4.373311e-01 -1.484553e-01 8.869625e-01
      outer loop
         vertex 1.471579e+00 5.941597e+00 1.981262e+01
         vertex 1.422152e+00 5.605859e+00 1.973205e+01
         vertex 1.567580e+00 5.658790e+00 1.981262e+01
      endloop
   endfacet
   facet normal -4.304408e-01 -1.673862e-01 8.869626e-01
      outer loop
         vertex 1.567580e+00 5.658790e+00 1.981262e+01
         vertex 1.422152e+00 5.605859e+00 1.973205e+01
         vertex 1.532841e+00 5.321216e+00 1.973205e+01
      endloop
   endfacet
   facet normal -4.304321e-01 -1.673880e-01 8.869664e-01
      outer loop
         vertex 1.567580e+00 5.658790e+00 1.981262e+01
         vertex 1.532841e+00 5.321216e+00 1.973205e+01
         vertex 1.675826e+00 5.380441e+00 1.981262e+01
      endloop
   endfacet
   facet normal -4.227223e-01 -1.860013e-01 8.869664e-01
      outer loop
         vertex 1.675826e+00 5.380441e+00 1.981262e+01
         vertex 1.532841e+00 5.321216e+00 1.973205e+01
         vertex 1.655843e+00 5.041672e+00 1.973205e+01
      endloop
   endfacet
   facet normal -4.227215e-01 -1.860015e-01 8.869667e-01
      outer loop
         vertex 1.675826e+00 5.380441e+00 1.981262e+01
         vertex 1.655843e+00 5.041672e+00 1.973205e+01
         vertex 1.796108e+00 5.107078e+00 1.981262e+01
      endloop
   endfacet
   facet normal -4.142055e-01 -2.042643e-01 8.869667e-01
      outer loop
         vertex 1.796108e+00 5.107078e+00 1.981262e+01
         vertex 1.655843e+00 5.041672e+00 1.973205e+01
         vertex 1.790922e+00 4.767760e+00 1.973205e+01
      endloop
   endfacet
   facet normal -4.142092e-01 -2.042638e-01 8.869651e-01
      outer loop
         vertex 1.796108e+00 5.107078e+00 1.981262e+01
         vertex 1.790922e+00 4.767760e+00 1.973205e+01
         vertex 1.928199e+00 4.839221e+00 1.981262e+01
      endloop
   endfacet
   facet normal -4.049037e-01 -2.221397e-01 8.869650e-01
      outer loop
         vertex 1.928199e+00 4.839221e+00 1.981262e+01
         vertex 1.790922e+00 4.767760e+00 1.973205e+01
         vertex 1.937822e+00 4.500000e+00 1.973205e+01
      endloop
   endfacet
   facet normal -4.049046e-01 -2.221396e-01 8.869646e-01
      outer loop
         vertex 1.928199e+00 4.839221e+00 1.981262e+01
         vertex 1.937822e+00 4.500000e+00 1.973205e+01
         vertex 2.071850e+00 4.577382e+00 1.981262e+01
      endloop
   endfacet
   facet normal -3.948313e-01 -2.395870e-01 8.869647e-01
      outer loop
         vertex 2.071850e+00 4.577382e+00 1.981262e+01
         vertex 1.937822e+00 4.500000e+00 1.973205e+01
         vertex 2.096258e+00 4.238902e+00 1.973205e+01
      endloop
   endfacet
   facet normal -3.948290e-01 -2.395871e-01 8.869657e-01
      outer loop
         vertex 2.071850e+00 4.577382e+00 1.981262e+01
         vertex 2.096258e+00 4.238902e+00 1.973205e+01
         vertex 2.226785e+00 4.322056e+00 1.981262e+01
      endloop
   endfacet
   facet normal -3.840014e-01 -2.565831e-01 8.869656e-01
      outer loop
         vertex 2.226785e+00 4.322056e+00 1.981262e+01
         vertex 2.096258e+00 4.238902e+00 1.973205e+01
         vertex 2.265934e+00 3.984965e+00 1.973205e+01
      endloop
   endfacet
   facet normal -3.840019e-01 -2.565831e-01 8.869654e-01
      outer loop
         vertex 2.226785e+00 4.322056e+00 1.981262e+01
         vertex 2.265934e+00 3.984965e+00 1.973205e+01
         vertex 2.392709e+00 4.073733e+00 1.981262e+01
      endloop
   endfacet
   facet normal -3.724455e-01 -2.730875e-01 8.869654e-01
      outer loop
         vertex 2.392709e+00 4.073733e+00 1.981262e+01
         vertex 2.265934e+00 3.984965e+00 1.973205e+01
         vertex 2.446525e+00 3.738670e+00 1.973205e+01
      endloop
   endfacet
   facet normal -3.724457e-01 -2.730875e-01 8.869653e-01
      outer loop
         vertex 2.392709e+00 4.073733e+00 1.981262e+01
         vertex 2.446525e+00 3.738670e+00 1.973205e+01
         vertex 2.569307e+00 3.832884e+00 1.981262e+01
      endloop
   endfacet
   facet normal -3.601784e-01 -2.890744e-01 8.869653e-01
      outer loop
         vertex 2.569307e+00 3.832884e+00 1.981262e+01
         vertex 2.446525e+00 3.738670e+00 1.973205e+01
         vertex 2.637688e+00 3.500486e+00 1.973205e+01
      endloop
   endfacet
   facet normal -3.601828e-01 -2.890749e-01 8.869634e-01
      outer loop
         vertex 2.569307e+00 3.832884e+00 1.981262e+01
         vertex 2.637688e+00 3.500486e+00 1.973205e+01
         vertex 2.756242e+00 3.599966e+00 1.981262e+01
      endloop
   endfacet
   facet normal -3.472284e-01 -3.045132e-01 8.869635e-01
      outer loop
         vertex 2.756242e+00 3.599966e+00 1.981262e+01
         vertex 2.637688e+00 3.500486e+00 1.973205e+01
         vertex 2.839059e+00 3.270868e+00 1.973205e+01
      endloop
   endfacet
   facet normal -3.472293e-01 -3.045133e-01 8.869631e-01
      outer loop
         vertex 2.756242e+00 3.599966e+00 1.981262e+01
         vertex 2.839059e+00 3.270868e+00 1.973205e+01
         vertex 2.953161e+00 3.375424e+00 1.981262e+01
      endloop
   endfacet
   facet normal -3.336162e-01 -3.193693e-01 8.869631e-01
      outer loop
         vertex 2.953161e+00 3.375424e+00 1.981262e+01
         vertex 2.839059e+00 3.270868e+00 1.973205e+01
         vertex 3.050253e+00 3.050253e+00 1.973205e+01
      endloop
   endfacet
   facet normal -3.336118e-01 -3.193685e-01 8.869650e-01
      outer loop
         vertex 2.953161e+00 3.375424e+00 1.981262e+01
         vertex 3.050253e+00 3.050253e+00 1.973205e+01
         vertex 3.159687e+00 3.159687e+00 1.981262e+01
      endloop
   endfacet
   facet normal -3.193667e-01 -3.336135e-01 8.869650e-01
      outer loop
         vertex 3.159687e+00 3.159687e+00 1.981262e+01
         vertex 3.050253e+00 3.050253e+00 1.973205e+01
         vertex 3.270868e+00 2.839059e+00 1.973205e+01
      endloop
   endfacet
   facet normal -3.193709e-01 -3.336145e-01 8.869631e-01
      outer loop
         vertex 3.159687e+00 3.159687e+00 1.981262e+01
         vertex 3.270868e+00 2.839059e+00 1.973205e+01
         vertex 3.375422e+00 2.953162e+00 1.981262e+01
      endloop
   endfacet
   facet normal -3.045148e-01 -3.472274e-01 8.869633e-01
      outer loop
         vertex 3.375422e+00 2.953162e+00 1.981262e+01
         vertex 3.270868e+00 2.839059e+00 1.973205e+01
         vertex 3.500484e+00 2.637688e+00 1.973205e+01
      endloop
   endfacet
   facet normal -3.045106e-01 -3.472262e-01 8.869652e-01
      outer loop
         vertex 3.375422e+00 2.953162e+00 1.981262e+01
         vertex 3.500484e+00 2.637688e+00 1.973205e+01
         vertex 3.599964e+00 2.756244e+00 1.981262e+01
      endloop
   endfacet
   facet normal -2.890729e-01 -3.601800e-01 8.869652e-01
      outer loop
         vertex 3.599964e+00 2.756244e+00 1.981262e+01
         vertex 3.500484e+00 2.637688e+00 1.973205e+01
         vertex 3.738668e+00 2.446527e+00 1.973205e+01
      endloop
   endfacet
   facet normal -2.890694e-01 -3.601788e-01 8.869668e-01
      outer loop
         vertex 3.599964e+00 2.756244e+00 1.981262e+01
         vertex 3.738668e+00 2.446527e+00 1.973205e+01
         vertex 3.832884e+00 2.569309e+00 1.981262e+01
      endloop
   endfacet
   facet normal -2.730847e-01 -3.724445e-01 8.869666e-01
      outer loop
         vertex 3.832884e+00 2.569309e+00 1.981262e+01
         vertex 3.738668e+00 2.446527e+00 1.973205e+01
         vertex 3.984965e+00 2.265936e+00 1.973205e+01
      endloop
   endfacet
   facet normal -2.730943e-01 -3.724482e-01 8.869622e-01
      outer loop
         vertex 3.832884e+00 2.569309e+00 1.981262e+01
         vertex 3.984965e+00 2.265936e+00 1.973205e+01
         vertex 4.073732e+00 2.392709e+00 1.981262e+01
      endloop
   endfacet
   facet normal -2.565879e-01 -3.840059e-01 8.869623e-01
      outer loop
         vertex 4.073732e+00 2.392709e+00 1.981262e+01
         vertex 3.984965e+00 2.265936e+00 1.973205e+01
         vertex 4.238900e+00 2.096260e+00 1.973205e+01
      endloop
   endfacet
   facet normal -2.565822e-01 -3.840034e-01 8.869650e-01
      outer loop
         vertex 4.073732e+00 2.392709e+00 1.981262e+01
         vertex 4.238900e+00 2.096260e+00 1.973205e+01
         vertex 4.322056e+00 2.226785e+00 1.981262e+01
      endloop
   endfacet
   facet normal -2.395888e-01 -3.948297e-01 8.869649e-01
      outer loop
         vertex 4.322056e+00 2.226785e+00 1.981262e+01
         vertex 4.238900e+00 2.096260e+00 1.973205e+01
         vertex 4.499998e+00 1.937822e+00 1.973205e+01
      endloop
   endfacet
   facet normal -2.395894e-01 -3.948299e-01 8.869646e-01
      outer loop
         vertex 4.322056e+00 2.226785e+00 1.981262e+01
         vertex 4.499998e+00 1.937822e+00 1.973205e+01
         vertex 4.577380e+00 2.071850e+00 1.981262e+01
      endloop
   endfacet
   facet normal -2.221385e-01 -4.049052e-01 8.869646e-01
      outer loop
         vertex 4.577380e+00 2.071850e+00 1.981262e+01
         vertex 4.499998e+00 1.937822e+00 1.973205e+01
         vertex 4.767757e+00 1.790924e+00 1.973205e+01
      endloop
   endfacet
   facet normal -2.221365e-01 -4.049042e-01 8.869656e-01
      outer loop
         vertex 4.577380e+00 2.071850e+00 1.981262e+01
         vertex 4.767757e+00 1.790924e+00 1.973205e+01
         vertex 4.839219e+00 1.928201e+00 1.981262e+01
      endloop
   endfacet
   facet normal -2.042646e-01 -4.142077e-01 8.869656e-01
      outer loop
         vertex 4.839219e+00 1.928201e+00 1.981262e+01
         vertex 4.767757e+00 1.790924e+00 1.973205e+01
         vertex 5.041670e+00 1.655845e+00 1.973205e+01
      endloop
   endfacet
   facet normal -2.042675e-01 -4.142094e-01 8.869641e-01
      outer loop
         vertex 4.839219e+00 1.928201e+00 1.981262e+01
         vertex 5.041670e+00 1.655845e+00 1.973205e+01
         vertex 5.107075e+00 1.796108e+00 1.981262e+01
      endloop
   endfacet
   facet normal -1.860020e-01 -4.227267e-01 8.869642e-01
      outer loop
         vertex 5.107075e+00 1.796108e+00 1.981262e+01
         vertex 5.041670e+00 1.655845e+00 1.973205e+01
         vertex 5.321216e+00 1.532843e+00 1.973205e+01
      endloop
   endfacet
   facet normal -1.860017e-01 -4.227265e-01 8.869643e-01
      outer loop
         vertex 5.107075e+00 1.796108e+00 1.981262e+01
         vertex 5.321216e+00 1.532843e+00 1.973205e+01
         vertex 5.380441e+00 1.675826e+00 1.981262e+01
      endloop
   endfacet
   facet normal -1.673879e-01 -4.304365e-01 8.869643e-01
      outer loop
         vertex 5.380441e+00 1.675826e+00 1.981262e+01
         vertex 5.321216e+00 1.532843e+00 1.973205e+01
         vertex 5.605858e+00 1.422152e+00 1.973205e+01
      endloop
   endfacet
   facet normal -1.673865e-01 -4.304355e-01 8.869651e-01
      outer loop
         vertex 5.380441e+00 1.675826e+00 1.981262e+01
         vertex 5.605858e+00 1.422152e+00 1.973205e+01
         vertex 5.658790e+00 1.567582e+00 1.981262e+01
      endloop
   endfacet
   facet normal -1.484524e-01 -4.373270e-01 8.869650e-01
      outer loop
         vertex 5.658790e+00 1.567582e+00 1.981262e+01
         vertex 5.605858e+00 1.422152e+00 1.973205e+01
         vertex 5.895060e+00 1.323981e+00 1.973205e+01
      endloop
   endfacet
   facet normal -1.484551e-01 -4.373291e-01 8.869636e-01
      outer loop
         vertex 5.658790e+00 1.567582e+00 1.981262e+01
         vertex 5.895060e+00 1.323981e+00 1.973205e+01
         vertex 5.941596e+00 1.471581e+00 1.981262e+01
      endloop
   endfacet
   facet normal -1.292360e-01 -4.433887e-01 8.869637e-01
      outer loop
         vertex 5.941596e+00 1.471581e+00 1.981262e+01
         vertex 5.895060e+00 1.323981e+00 1.973205e+01
         vertex 6.188266e+00 1.238519e+00 1.973205e+01
      endloop
   endfacet
   facet normal -1.292334e-01 -4.433865e-01 8.869651e-01
      outer loop
         vertex 5.941596e+00 1.471581e+00 1.981262e+01
         vertex 6.188266e+00 1.238519e+00 1.973205e+01
         vertex 6.228320e+00 1.388010e+00 1.981262e+01
      endloop
   endfacet
   facet normal -1.097716e-01 -4.486011e-01 8.869652e-01
      outer loop
         vertex 6.228320e+00 1.388010e+00 1.981262e+01
         vertex 6.188266e+00 1.238519e+00 1.973205e+01
         vertex 6.484922e+00 1.165928e+00 1.973205e+01
      endloop
   endfacet
   facet normal -1.097728e-01 -4.486023e-01 8.869644e-01
      outer loop
         vertex 6.228320e+00 1.388010e+00 1.981262e+01
         vertex 6.484922e+00 1.165928e+00 1.973205e+01
         vertex 6.518420e+00 1.317022e+00 1.981262e+01
      endloop
   endfacet
   facet normal -9.010037e-02 -4.529637e-01 8.869644e-01
      outer loop
         vertex 6.518420e+00 1.317022e+00 1.981262e+01
         vertex 6.484922e+00 1.165928e+00 1.973205e+01
         vertex 6.784461e+00 1.106346e+00 1.973205e+01
      endloop
   endfacet
   facet normal -9.010158e-02 -4.529649e-01 8.869636e-01
      outer loop
         vertex 6.518420e+00 1.317022e+00 1.981262e+01
         vertex 6.784461e+00 1.106346e+00 1.973205e+01
         vertex 6.811336e+00 1.258757e+00 1.981262e+01
      endloop
   endfacet
   facet normal -7.025709e-02 -4.564640e-01 8.869637e-01
      outer loop
         vertex 6.811336e+00 1.258757e+00 1.981262e+01
         vertex 6.784461e+00 1.106346e+00 1.973205e+01
         vertex 7.086314e+00 1.059886e+00 1.973205e+01
      endloop
   endfacet
   facet normal -7.025475e-02 -4.564614e-01 8.869652e-01
      outer loop
         vertex 6.811336e+00 1.258757e+00 1.981262e+01
         vertex 7.086314e+00 1.059886e+00 1.973205e+01
         vertex 7.106517e+00 1.213325e+00 1.981262e+01
      endloop
   endfacet
   facet normal -5.028062e-02 -4.590912e-01 8.869651e-01
      outer loop
         vertex 7.106517e+00 1.213325e+00 1.981262e+01
         vertex 7.086314e+00 1.059886e+00 1.973205e+01
         vertex 7.389907e+00 1.026636e+00 1.973205e+01
      endloop
   endfacet
   facet normal -5.027968e-02 -4.590901e-01 8.869658e-01
      outer loop
         vertex 7.106517e+00 1.213325e+00 1.981262e+01
         vertex 7.389907e+00 1.026636e+00 1.973205e+01
         vertex 7.403396e+00 1.180811e+00 1.981262e+01
      endloop
   endfacet
   facet normal -3.020315e-02 -4.608466e-01 8.869657e-01
      outer loop
         vertex 7.403396e+00 1.180811e+00 1.981262e+01
         vertex 7.389907e+00 1.026636e+00 1.973205e+01
         vertex 7.694662e+00 1.006663e+00 1.973205e+01
      endloop
   endfacet
   facet normal -3.020668e-02 -4.608513e-01 8.869631e-01
      outer loop
         vertex 7.403396e+00 1.180811e+00 1.981262e+01
         vertex 7.694662e+00 1.006663e+00 1.973205e+01
         vertex 7.701412e+00 1.161277e+00 1.981262e+01
      endloop
   endfacet
   facet normal -3.483141e-01 -7.601530e-03 9.373471e-01
      outer loop
         vertex 1.322322e+00 7.708446e+00 1.987938e+01
         vertex 1.315959e+00 7.999999e+00 1.987938e+01
         vertex 1.290791e+00 7.999999e+00 1.987003e+01
      endloop
   endfacet
   facet normal -1.166169e-02 -5.344293e-01 8.451327e-01
      outer loop
         vertex 7.999998e+00 8.638706e-01 1.964597e+01
         vertex 7.999998e+00 1.000000e+00 1.973205e+01
         vertex 7.694662e+00 1.006663e+00 1.973205e+01
      endloop
   endfacet
   facet normal -1.052713e-02 -4.824352e-01 8.758684e-01
      outer loop
         vertex 7.694662e+00 1.006663e+00 1.973205e+01
         vertex 7.999998e+00 1.000000e+00 1.973205e+01
         vertex 7.999998e+00 1.070553e+00 1.977091e+01
      endloop
   endfacet
   facet normal -1.632949e-02 -4.614773e-01 8.870017e-01
      outer loop
         vertex 7.694662e+00 1.006663e+00 1.973205e+01
         vertex 7.999998e+00 1.070553e+00 1.977091e+01
         vertex 7.701412e+00 1.161277e+00 1.981262e+01
      endloop
   endfacet
   facet normal -9.680926e-03 -4.437723e-01 8.960873e-01
      outer loop
         vertex 7.701412e+00 1.161277e+00 1.981262e+01
         vertex 7.999998e+00 1.070553e+00 1.977091e+01
         vertex 7.999998e+00 1.154764e+00 1.981262e+01
      endloop
   endfacet
   facet normal -8.483153e-03 -3.888666e-01 9.212550e-01
      outer loop
         vertex 7.701412e+00 1.161277e+00 1.981262e+01
         vertex 7.999998e+00 1.154764e+00 1.981262e+01
         vertex 7.999998e+00 1.290789e+00 1.987003e+01
      endloop
   endfacet
   facet normal -3.825262e-01 -1.173381e-02 9.238701e-01
      outer loop
         vertex 1.290791e+00 7.999999e+00 1.987003e+01
         vertex 1.161277e+00 7.701415e+00 1.981262e+01
         vertex 1.322322e+00 7.708446e+00 1.987938e+01
      endloop
   endfacet
   facet normal -3.819370e-01 -2.503174e-02 9.238493e-01
      outer loop
         vertex 1.322322e+00 7.708446e+00 1.987938e+01
         vertex 1.161277e+00 7.701415e+00 1.981262e+01
         vertex 1.180809e+00 7.403398e+00 1.981262e+01
      endloop
   endfacet
   facet normal -3.819413e-01 -2.502938e-02 9.238476e-01
      outer loop
         vertex 1.322322e+00 7.708446e+00 1.987938e+01
         vertex 1.180809e+00 7.403398e+00 1.981262e+01
         vertex 1.341391e+00 7.417447e+00 1.987938e+01
      endloop
   endfacet
   facet normal -3.804854e-01 -4.167060e-02 9.238476e-01
      outer loop
         vertex 1.341391e+00 7.417447e+00 1.987938e+01
         vertex 1.180809e+00 7.403398e+00 1.981262e+01
         vertex 1.213323e+00 7.106517e+00 1.981262e+01
      endloop
   endfacet
   facet normal -3.804810e-01 -4.167277e-02 9.238493e-01
      outer loop
         vertex 1.341391e+00 7.417447e+00 1.987938e+01
         vertex 1.213323e+00 7.106517e+00 1.981262e+01
         vertex 1.373142e+00 7.127557e+00 1.987938e+01
      endloop
   endfacet
   facet normal -3.783015e-01 -5.822759e-02 9.238493e-01
      outer loop
         vertex 1.373142e+00 7.127557e+00 1.987938e+01
         vertex 1.213323e+00 7.106517e+00 1.981262e+01
         vertex 1.258757e+00 6.811337e+00 1.981262e+01
      endloop
   endfacet
   facet normal -3.783080e-01 -5.822473e-02 9.238468e-01
      outer loop
         vertex 1.373142e+00 7.127557e+00 1.987938e+01
         vertex 1.258757e+00 6.811337e+00 1.981262e+01
         vertex 1.417503e+00 6.839328e+00 1.987938e+01
      endloop
   endfacet
   facet normal -3.754079e-01 -7.467146e-02 9.238469e-01
      outer loop
         vertex 1.417503e+00 6.839328e+00 1.987938e+01
         vertex 1.258757e+00 6.811337e+00 1.981262e+01
         vertex 1.317021e+00 6.518419e+00 1.981262e+01
      endloop
   endfacet
   facet normal -3.754056e-01 -7.467236e-02 9.238477e-01
      outer loop
         vertex 1.417503e+00 6.839328e+00 1.987938e+01
         vertex 1.317021e+00 6.518419e+00 1.981262e+01
         vertex 1.474395e+00 6.553308e+00 1.987938e+01
      endloop
   endfacet
   facet normal -3.717902e-01 -9.098022e-02 9.238477e-01
      outer loop
         vertex 1.474395e+00 6.553308e+00 1.987938e+01
         vertex 1.317021e+00 6.518419e+00 1.981262e+01
         vertex 1.388010e+00 6.228322e+00 1.981262e+01
      endloop
   endfacet
   facet normal -3.717925e-01 -9.097947e-02 9.238469e-01
      outer loop
         vertex 1.474395e+00 6.553308e+00 1.987938e+01
         vertex 1.388010e+00 6.228322e+00 1.981262e+01
         vertex 1.543712e+00 6.270043e+00 1.987938e+01
      endloop
   endfacet
   facet normal -3.674719e-01 -1.071040e-01 9.238469e-01
      outer loop
         vertex 1.543712e+00 6.270043e+00 1.987938e+01
         vertex 1.388010e+00 6.228322e+00 1.981262e+01
         vertex 1.471579e+00 5.941597e+00 1.981262e+01
      endloop
   endfacet
   facet normal -3.674690e-01 -1.071048e-01 9.238480e-01
      outer loop
         vertex 1.543712e+00 6.270043e+00 1.987938e+01
         vertex 1.471579e+00 5.941597e+00 1.981262e+01
         vertex 1.625314e+00 5.990070e+00 1.987938e+01
      endloop
   endfacet
   facet normal -3.624461e-01 -1.230351e-01 9.238480e-01
      outer loop
         vertex 1.625314e+00 5.990070e+00 1.987938e+01
         vertex 1.471579e+00 5.941597e+00 1.981262e+01
         vertex 1.567580e+00 5.658790e+00 1.981262e+01
      endloop
   endfacet
   facet normal -3.624480e-01 -1.230346e-01 9.238474e-01
      outer loop
         vertex 1.625314e+00 5.990070e+00 1.987938e+01
         vertex 1.567580e+00 5.658790e+00 1.981262e+01
         vertex 1.719054e+00 5.713923e+00 1.987938e+01
      endloop
   endfacet
   facet normal -3.567357e-01 -1.387287e-01 9.238474e-01
      outer loop
         vertex 1.719054e+00 5.713923e+00 1.987938e+01
         vertex 1.567580e+00 5.658790e+00 1.981262e+01
         vertex 1.675826e+00 5.380441e+00 1.981262e+01
      endloop
   endfacet
   facet normal -3.567329e-01 -1.387293e-01 9.238484e-01
      outer loop
         vertex 1.719054e+00 5.713923e+00 1.987938e+01
         vertex 1.675826e+00 5.380441e+00 1.981262e+01
         vertex 1.824751e+00 5.442129e+00 1.987938e+01
      endloop
   endfacet
   facet normal -3.503435e-01 -1.541544e-01 9.238484e-01
      outer loop
         vertex 1.824751e+00 5.442129e+00 1.987938e+01
         vertex 1.675826e+00 5.380441e+00 1.981262e+01
         vertex 1.796108e+00 5.107078e+00 1.981262e+01
      endloop
   endfacet
   facet normal -3.503417e-01 -1.541547e-01 9.238490e-01
      outer loop
         vertex 1.824751e+00 5.442129e+00 1.987938e+01
         vertex 1.796108e+00 5.107078e+00 1.981262e+01
         vertex 1.942202e+00 5.175202e+00 1.987938e+01
      endloop
   endfacet
   facet normal -3.432849e-01 -1.692881e-01 9.238490e-01
      outer loop
         vertex 1.942202e+00 5.175202e+00 1.987938e+01
         vertex 1.796108e+00 5.107078e+00 1.981262e+01
         vertex 1.928199e+00 4.839221e+00 1.981262e+01
      endloop
   endfacet
   facet normal -3.432848e-01 -1.692881e-01 9.238490e-01
      outer loop
         vertex 1.942202e+00 5.175202e+00 1.987938e+01
         vertex 1.928199e+00 4.839221e+00 1.981262e+01
         vertex 2.071183e+00 4.913653e+00 1.987938e+01
      endloop
   endfacet
   facet normal -3.355729e-01 -1.841027e-01 9.238490e-01
      outer loop
         vertex 2.071183e+00 4.913653e+00 1.987938e+01
         vertex 1.928199e+00 4.839221e+00 1.981262e+01
         vertex 2.071850e+00 4.577382e+00 1.981262e+01
      endloop
   endfacet
   facet normal -3.355731e-01 -1.841027e-01 9.238489e-01
      outer loop
         vertex 2.071183e+00 4.913653e+00 1.987938e+01
         vertex 2.071850e+00 4.577382e+00 1.981262e+01
         vertex 2.211452e+00 4.657979e+00 1.987938e+01
      endloop
   endfacet
   facet normal -3.272242e-01 -1.985637e-01 9.238489e-01
      outer loop
         vertex 2.211452e+00 4.657979e+00 1.987938e+01
         vertex 2.071850e+00 4.577382e+00 1.981262e+01
         vertex 2.226785e+00 4.322056e+00 1.981262e+01
      endloop
   endfacet
   facet normal -3.272277e-01 -1.985636e-01 9.238477e-01
      outer loop
         vertex 2.211452e+00 4.657979e+00 1.987938e+01
         vertex 2.226785e+00 4.322056e+00 1.981262e+01
         vertex 2.362736e+00 4.408667e+00 1.987938e+01
      endloop
   endfacet
   facet normal -3.182530e-01 -2.126509e-01 9.238477e-01
      outer loop
         vertex 2.362736e+00 4.408667e+00 1.987938e+01
         vertex 2.226785e+00 4.322056e+00 1.981262e+01
         vertex 2.392709e+00 4.073733e+00 1.981262e+01
      endloop
   endfacet
   facet normal -3.182552e-01 -2.126509e-01 9.238470e-01
      outer loop
         vertex 2.362736e+00 4.408667e+00 1.987938e+01
         vertex 2.392709e+00 4.073733e+00 1.981262e+01
         vertex 2.524752e+00 4.166191e+00 1.987938e+01
      endloop
   endfacet
   facet normal -3.086768e-01 -2.263303e-01 9.238470e-01
      outer loop
         vertex 2.524752e+00 4.166191e+00 1.987938e+01
         vertex 2.392709e+00 4.073733e+00 1.981262e+01
         vertex 2.569307e+00 3.832884e+00 1.981262e+01
      endloop
   endfacet
   facet normal -3.086743e-01 -2.263302e-01 9.238478e-01
      outer loop
         vertex 2.524752e+00 4.166191e+00 1.987938e+01
         vertex 2.569307e+00 3.832884e+00 1.981262e+01
         vertex 2.697192e+00 3.931014e+00 1.987938e+01
      endloop
   endfacet
   facet normal -2.985095e-01 -2.395772e-01 9.238478e-01
      outer loop
         vertex 2.697192e+00 3.931014e+00 1.987938e+01
         vertex 2.569307e+00 3.832884e+00 1.981262e+01
         vertex 2.756242e+00 3.599966e+00 1.981262e+01
      endloop
   endfacet
   facet normal -2.985039e-01 -2.395766e-01 9.238498e-01
      outer loop
         vertex 2.697192e+00 3.931014e+00 1.987938e+01
         vertex 2.756242e+00 3.599966e+00 1.981262e+01
         vertex 2.879728e+00 3.703581e+00 1.987938e+01
      endloop
   endfacet
   facet normal -2.877701e-01 -2.523688e-01 9.238497e-01
      outer loop
         vertex 2.879728e+00 3.703581e+00 1.987938e+01
         vertex 2.756242e+00 3.599966e+00 1.981262e+01
         vertex 2.953161e+00 3.375424e+00 1.981262e+01
      endloop
   endfacet
   facet normal -2.877710e-01 -2.523689e-01 9.238494e-01
      outer loop
         vertex 2.879728e+00 3.703581e+00 1.987938e+01
         vertex 2.953161e+00 3.375424e+00 1.981262e+01
         vertex 3.072008e+00 3.484327e+00 1.987938e+01
      endloop
   endfacet
   facet normal -2.764874e-01 -2.646829e-01 9.238494e-01
      outer loop
         vertex 3.072008e+00 3.484327e+00 1.987938e+01
         vertex 2.953161e+00 3.375424e+00 1.981262e+01
         vertex 3.159687e+00 3.159687e+00 1.981262e+01
      endloop
   endfacet
   facet normal -2.764920e-01 -2.646838e-01 9.238478e-01
      outer loop
         vertex 3.072008e+00 3.484327e+00 1.987938e+01
         vertex 3.159687e+00 3.159687e+00 1.981262e+01
         vertex 3.273670e+00 3.273670e+00 1.987938e+01
      endloop
   endfacet
   facet normal -2.646855e-01 -2.764902e-01 9.238478e-01
      outer loop
         vertex 3.273670e+00 3.273670e+00 1.987938e+01
         vertex 3.159687e+00 3.159687e+00 1.981262e+01
         vertex 3.375422e+00 2.953162e+00 1.981262e+01
      endloop
   endfacet
   facet normal -2.646811e-01 -2.764892e-01 9.238494e-01
      outer loop
         vertex 3.273670e+00 3.273670e+00 1.987938e+01
         vertex 3.375422e+00 2.953162e+00 1.981262e+01
         vertex 3.484327e+00 3.072008e+00 1.987938e+01
      endloop
   endfacet
   facet normal -2.523695e-01 -2.877709e-01 9.238493e-01
      outer loop
         vertex 3.484327e+00 3.072008e+00 1.987938e+01
         vertex 3.375422e+00 2.953162e+00 1.981262e+01
         vertex 3.599964e+00 2.756244e+00 1.981262e+01
      endloop
   endfacet
   facet normal -2.523715e-01 -2.877715e-01 9.238486e-01
      outer loop
         vertex 3.484327e+00 3.072008e+00 1.987938e+01
         vertex 3.599964e+00 2.756244e+00 1.981262e+01
         vertex 3.703579e+00 2.879728e+00 1.987938e+01
      endloop
   endfacet
   facet normal -2.395750e-01 -2.985091e-01 9.238486e-01
      outer loop
         vertex 3.703579e+00 2.879728e+00 1.987938e+01
         vertex 3.599964e+00 2.756244e+00 1.981262e+01
         vertex 3.832884e+00 2.569309e+00 1.981262e+01
      endloop
   endfacet
   facet normal -2.395796e-01 -2.985106e-01 9.238469e-01
      outer loop
         vertex 3.703579e+00 2.879728e+00 1.987938e+01
         vertex 3.832884e+00 2.569309e+00 1.981262e+01
         vertex 3.931012e+00 2.697194e+00 1.987938e+01
      endloop
   endfacet
   facet normal -2.263331e-01 -3.086749e-01 9.238469e-01
      outer loop
         vertex 3.931012e+00 2.697194e+00 1.987938e+01
         vertex 3.832884e+00 2.569309e+00 1.981262e+01
         vertex 4.073732e+00 2.392709e+00 1.981262e+01
      endloop
   endfacet
   facet normal -2.263296e-01 -3.086735e-01 9.238482e-01
      outer loop
         vertex 3.931012e+00 2.697194e+00 1.987938e+01
         vertex 4.073732e+00 2.392709e+00 1.981262e+01
         vertex 4.166190e+00 2.524754e+00 1.987938e+01
      endloop
   endfacet
   facet normal -2.126491e-01 -3.182527e-01 9.238483e-01
      outer loop
         vertex 4.166190e+00 2.524754e+00 1.987938e+01
         vertex 4.073732e+00 2.392709e+00 1.981262e+01
         vertex 4.322056e+00 2.226785e+00 1.981262e+01
      endloop
   endfacet
   facet normal -2.126493e-01 -3.182528e-01 9.238482e-01
      outer loop
         vertex 4.166190e+00 2.524754e+00 1.987938e+01
         vertex 4.322056e+00 2.226785e+00 1.981262e+01
         vertex 4.408665e+00 2.362737e+00 1.987938e+01
      endloop
   endfacet
   facet normal -1.985656e-01 -3.272250e-01 9.238482e-01
      outer loop
         vertex 4.408665e+00 2.362737e+00 1.987938e+01
         vertex 4.322056e+00 2.226785e+00 1.981262e+01
         vertex 4.577380e+00 2.071850e+00 1.981262e+01
      endloop
   endfacet
   facet normal -1.985607e-01 -3.272226e-01 9.238501e-01
      outer loop
         vertex 4.408665e+00 2.362737e+00 1.987938e+01
         vertex 4.577380e+00 2.071850e+00 1.981262e+01
         vertex 4.657980e+00 2.211452e+00 1.987938e+01
      endloop
   endfacet
   facet normal -1.840997e-01 -3.355717e-01 9.238501e-01
      outer loop
         vertex 4.657980e+00 2.211452e+00 1.987938e+01
         vertex 4.577380e+00 2.071850e+00 1.981262e+01
         vertex 4.839219e+00 1.928201e+00 1.981262e+01
      endloop
   endfacet
   facet normal -1.841029e-01 -3.355735e-01 9.238488e-01
      outer loop
         vertex 4.657980e+00 2.211452e+00 1.987938e+01
         vertex 4.839219e+00 1.928201e+00 1.981262e+01
         vertex 4.913654e+00 2.071183e+00 1.987938e+01
      endloop
   endfacet
   facet normal -1.692908e-01 -3.432844e-01 9.238487e-01
      outer loop
         vertex 4.913654e+00 2.071183e+00 1.987938e+01
         vertex 4.839219e+00 1.928201e+00 1.981262e+01
         vertex 5.107075e+00 1.796108e+00 1.981262e+01
      endloop
   endfacet
   facet normal -1.692901e-01 -3.432840e-01 9.238490e-01
      outer loop
         vertex 4.913654e+00 2.071183e+00 1.987938e+01
         vertex 5.107075e+00 1.796108e+00 1.981262e+01
         vertex 5.175199e+00 1.942202e+00 1.987938e+01
      endloop
   endfacet
   facet normal -1.541525e-01 -3.503427e-01 9.238490e-01
      outer loop
         vertex 5.175199e+00 1.942202e+00 1.987938e+01
         vertex 5.107075e+00 1.796108e+00 1.981262e+01
         vertex 5.380441e+00 1.675826e+00 1.981262e+01
      endloop
   endfacet
   facet normal -1.541548e-01 -3.503442e-01 9.238481e-01
      outer loop
         vertex 5.175199e+00 1.942202e+00 1.987938e+01
         vertex 5.380441e+00 1.675826e+00 1.981262e+01
         vertex 5.442128e+00 1.824751e+00 1.987938e+01
      endloop
   endfacet
   facet normal -1.387260e-01 -3.567350e-01 9.238481e-01
      outer loop
         vertex 5.442128e+00 1.824751e+00 1.987938e+01
         vertex 5.380441e+00 1.675826e+00 1.981262e+01
         vertex 5.658790e+00 1.567582e+00 1.981262e+01
      endloop
   endfacet
   facet normal -1.387289e-01 -3.567371e-01 9.238468e-01
      outer loop
         vertex 5.442128e+00 1.824751e+00 1.987938e+01
         vertex 5.658790e+00 1.567582e+00 1.981262e+01
         vertex 5.713921e+00 1.719056e+00 1.987938e+01
      endloop
   endfacet
   facet normal -1.230363e-01 -3.624486e-01 9.238469e-01
      outer loop
         vertex 5.713921e+00 1.719056e+00 1.987938e+01
         vertex 5.658790e+00 1.567582e+00 1.981262e+01
         vertex 5.941596e+00 1.471581e+00 1.981262e+01
      endloop
   endfacet
   facet normal -1.230337e-01 -3.624466e-01 9.238480e-01
      outer loop
         vertex 5.713921e+00 1.719056e+00 1.987938e+01
         vertex 5.941596e+00 1.471581e+00 1.981262e+01
         vertex 5.990069e+00 1.625316e+00 1.987938e+01
      endloop
   endfacet
   facet normal -1.071058e-01 -3.674687e-01 9.238480e-01
      outer loop
         vertex 5.990069e+00 1.625316e+00 1.987938e+01
         vertex 5.941596e+00 1.471581e+00 1.981262e+01
         vertex 6.228320e+00 1.388010e+00 1.981262e+01
      endloop
   endfacet
   facet normal -1.071067e-01 -3.674695e-01 9.238476e-01
      outer loop
         vertex 5.990069e+00 1.625316e+00 1.987938e+01
         vertex 6.228320e+00 1.388010e+00 1.981262e+01
         vertex 6.270044e+00 1.543712e+00 1.987938e+01
      endloop
   endfacet
   facet normal -9.097730e-02 -3.717916e-01 9.238475e-01
      outer loop
         vertex 6.270044e+00 1.543712e+00 1.987938e+01
         vertex 6.228320e+00 1.388010e+00 1.981262e+01
         vertex 6.518420e+00 1.317022e+00 1.981262e+01
      endloop
   endfacet
   facet normal -9.097745e-02 -3.717918e-01 9.238474e-01
      outer loop
         vertex 6.270044e+00 1.543712e+00 1.987938e+01
         vertex 6.518420e+00 1.317022e+00 1.981262e+01
         vertex 6.553307e+00 1.474397e+00 1.987938e+01
      endloop
   endfacet
   facet normal -7.467395e-02 -3.754060e-01 9.238475e-01
      outer loop
         vertex 6.553307e+00 1.474397e+00 1.987938e+01
         vertex 6.518420e+00 1.317022e+00 1.981262e+01
         vertex 6.811336e+00 1.258757e+00 1.981262e+01
      endloop
   endfacet
   facet normal -7.467205e-02 -3.754040e-01 9.238484e-01
      outer loop
         vertex 6.553307e+00 1.474397e+00 1.987938e+01
         vertex 6.811336e+00 1.258757e+00 1.981262e+01
         vertex 6.839328e+00 1.417505e+00 1.987938e+01
      endloop
   endfacet
   facet normal -5.822541e-02 -3.783041e-01 9.238484e-01
      outer loop
         vertex 6.839328e+00 1.417505e+00 1.987938e+01
         vertex 6.811336e+00 1.258757e+00 1.981262e+01
         vertex 7.106517e+00 1.213325e+00 1.981262e+01
      endloop
   endfacet
   facet normal -5.822659e-02 -3.783054e-01 9.238478e-01
      outer loop
         vertex 6.839328e+00 1.417505e+00 1.987938e+01
         vertex 7.106517e+00 1.213325e+00 1.981262e+01
         vertex 7.127557e+00 1.373142e+00 1.987938e+01
      endloop
   endfacet
   facet normal -4.167083e-02 -3.804850e-01 9.238478e-01
      outer loop
         vertex 7.127557e+00 1.373142e+00 1.987938e+01
         vertex 7.106517e+00 1.213325e+00 1.981262e+01
         vertex 7.403396e+00 1.180811e+00 1.981262e+01
      endloop
   endfacet
   facet normal -4.167060e-02 -3.804847e-01 9.238479e-01
      outer loop
         vertex 7.127557e+00 1.373142e+00 1.987938e+01
         vertex 7.403396e+00 1.180811e+00 1.981262e+01
         vertex 7.417448e+00 1.341393e+00 1.987938e+01
      endloop
   endfacet
   facet normal -2.503444e-02 -3.819405e-01 9.238478e-01
      outer loop
         vertex 7.417448e+00 1.341393e+00 1.987938e+01
         vertex 7.403396e+00 1.180811e+00 1.981262e+01
         vertex 7.701412e+00 1.161277e+00 1.981262e+01
      endloop
   endfacet
   facet normal -2.503168e-02 -3.819367e-01 9.238494e-01
      outer loop
         vertex 7.417448e+00 1.341393e+00 1.987938e+01
         vertex 7.701412e+00 1.161277e+00 1.981262e+01
         vertex 7.708445e+00 1.322322e+00 1.987938e+01
      endloop
   endfacet
   facet normal -1.173626e-02 -3.825260e-01 9.238702e-01
      outer loop
         vertex 7.708445e+00 1.322322e+00 1.987938e+01
         vertex 7.701412e+00 1.161277e+00 1.981262e+01
         vertex 7.999998e+00 1.290789e+00 1.987003e+01
      endloop
   endfacet
   facet normal -7.601060e-03 -3.482914e-01 9.373555e-01
      outer loop
         vertex 7.708445e+00 1.322322e+00 1.987938e+01
         vertex 7.999998e+00 1.290789e+00 1.987003e+01
         vertex 7.999998e+00 1.315959e+00 1.987938e+01
      endloop
   endfacet
   facet normal -6.562514e-03 -3.007038e-01 9.536950e-01
      outer loop
         vertex 7.999998e+00 1.315959e+00 1.987938e+01
         vertex 7.715702e+00 1.488565e+00 1.993185e+01
         vertex 7.708445e+00 1.322322e+00 1.987938e+01
      endloop
   endfacet
   facet normal -1.967213e-02 -3.001315e-01 9.536950e-01
      outer loop
         vertex 7.708445e+00 1.322322e+00 1.987938e+01
         vertex 7.715702e+00 1.488565e+00 1.993185e+01
         vertex 7.431950e+00 1.507163e+00 1.993185e+01
      endloop
   endfacet
   facet normal -1.967008e-02 -3.001287e-01 9.536959e-01
      outer loop
         vertex 7.708445e+00 1.322322e+00 1.987938e+01
         vertex 7.431950e+00 1.507163e+00 1.993185e+01
         vertex 7.417448e+00 1.341393e+00 1.987938e+01
      endloop
   endfacet
   facet normal -3.274335e-02 -2.989850e-01 9.536959e-01
      outer loop
         vertex 7.417448e+00 1.341393e+00 1.987938e+01
         vertex 7.431950e+00 1.507163e+00 1.993185e+01
         vertex 7.149275e+00 1.538120e+00 1.993185e+01
      endloop
   endfacet
   facet normal -3.274499e-02 -2.989870e-01 9.536952e-01
      outer loop
         vertex 7.417448e+00 1.341393e+00 1.987938e+01
         vertex 7.149275e+00 1.538120e+00 1.993185e+01
         vertex 7.127557e+00 1.373142e+00 1.987938e+01
      endloop
   endfacet
   facet normal -4.575453e-02 -2.972744e-01 9.536952e-01
      outer loop
         vertex 7.127557e+00 1.373142e+00 1.987938e+01
         vertex 7.149275e+00 1.538120e+00 1.993185e+01
         vertex 6.868221e+00 1.581378e+00 1.993185e+01
      endloop
   endfacet
   facet normal -4.575482e-02 -2.972747e-01 9.536950e-01
      outer loop
         vertex 7.127557e+00 1.373142e+00 1.987938e+01
         vertex 6.868221e+00 1.581378e+00 1.993185e+01
         vertex 6.839328e+00 1.417505e+00 1.987938e+01
      endloop
   endfacet
   facet normal -5.867924e-02 -2.949959e-01 9.536950e-01
      outer loop
         vertex 6.839328e+00 1.417505e+00 1.987938e+01
         vertex 6.868221e+00 1.581378e+00 1.993185e+01
         vertex 6.589323e+00 1.636855e+00 1.993185e+01
      endloop
   endfacet
   facet normal -5.867765e-02 -2.949943e-01 9.536956e-01
      outer loop
         vertex 6.839328e+00 1.417505e+00 1.987938e+01
         vertex 6.589323e+00 1.636855e+00 1.993185e+01
         vertex 6.553307e+00 1.474397e+00 1.987938e+01
      endloop
   endfacet
   facet normal -7.149086e-02 -2.921537e-01 9.536956e-01
      outer loop
         vertex 6.553307e+00 1.474397e+00 1.987938e+01
         vertex 6.589323e+00 1.636855e+00 1.993185e+01
         vertex 6.313112e+00 1.704445e+00 1.993185e+01
      endloop
   endfacet
   facet normal -7.148974e-02 -2.921526e-01 9.536960e-01
      outer loop
         vertex 6.553307e+00 1.474397e+00 1.987938e+01
         vertex 6.313112e+00 1.704445e+00 1.993185e+01
         vertex 6.270044e+00 1.543712e+00 1.987938e+01
      endloop
   endfacet
   facet normal -8.416356e-02 -2.887567e-01 9.536960e-01
      outer loop
         vertex 6.270044e+00 1.543712e+00 1.987938e+01
         vertex 6.313112e+00 1.704445e+00 1.993185e+01
         vertex 6.040107e+00 1.784017e+00 1.993185e+01
      endloop
   endfacet
   facet normal -8.416440e-02 -2.887574e-01 9.536957e-01
      outer loop
         vertex 6.270044e+00 1.543712e+00 1.987938e+01
         vertex 6.040107e+00 1.784017e+00 1.993185e+01
         vertex 5.990069e+00 1.625316e+00 1.987938e+01
      endloop
   endfacet
   facet normal -9.668060e-02 -2.848111e-01 9.536957e-01
      outer loop
         vertex 5.990069e+00 1.625316e+00 1.987938e+01
         vertex 6.040107e+00 1.784017e+00 1.993185e+01
         vertex 5.770836e+00 1.875423e+00 1.993185e+01
      endloop
   endfacet
   facet normal -9.667989e-02 -2.848105e-01 9.536960e-01
      outer loop
         vertex 5.990069e+00 1.625316e+00 1.987938e+01
         vertex 5.770836e+00 1.875423e+00 1.993185e+01
         vertex 5.713921e+00 1.719056e+00 1.987938e+01
      endloop
   endfacet
   facet normal -1.090113e-01 -2.803221e-01 9.536960e-01
      outer loop
         vertex 5.713921e+00 1.719056e+00 1.987938e+01
         vertex 5.770836e+00 1.875423e+00 1.993185e+01
         vertex 5.505808e+00 1.978487e+00 1.993185e+01
      endloop
   endfacet
   facet normal -1.090129e-01 -2.803233e-01 9.536955e-01
      outer loop
         vertex 5.713921e+00 1.719056e+00 1.987938e+01
         vertex 5.505808e+00 1.978487e+00 1.993185e+01
         vertex 5.442128e+00 1.824751e+00 1.987938e+01
      endloop
   endfacet
   facet normal -1.211354e-01 -2.753019e-01 9.536955e-01
      outer loop
         vertex 5.442128e+00 1.824751e+00 1.987938e+01
         vertex 5.505808e+00 1.978487e+00 1.993185e+01
         vertex 5.245525e+00 2.093013e+00 1.993185e+01
      endloop
   endfacet
   facet normal -1.211355e-01 -2.753020e-01 9.536954e-01
      outer loop
         vertex 5.442128e+00 1.824751e+00 1.987938e+01
         vertex 5.245525e+00 2.093013e+00 1.993185e+01
         vertex 5.175199e+00 1.942202e+00 1.987938e+01
      endloop
   endfacet
   facet normal -1.330298e-01 -2.697555e-01 9.536955e-01
      outer loop
         vertex 5.175199e+00 1.942202e+00 1.987938e+01
         vertex 5.245525e+00 2.093013e+00 1.993185e+01
         vertex 4.990488e+00 2.218785e+00 1.993185e+01
      endloop
   endfacet
   facet normal -1.330296e-01 -2.697554e-01 9.536955e-01
      outer loop
         vertex 5.175199e+00 1.942202e+00 1.987938e+01
         vertex 4.990488e+00 2.218785e+00 1.993185e+01
         vertex 4.913654e+00 2.071183e+00 1.987938e+01
      endloop
   endfacet
   facet normal -1.446682e-01 -2.636969e-01 9.536955e-01
      outer loop
         vertex 4.913654e+00 2.071183e+00 1.987938e+01
         vertex 4.990488e+00 2.218785e+00 1.993185e+01
         vertex 4.741181e+00 2.355559e+00 1.993185e+01
      endloop
   endfacet
   facet normal -1.446705e-01 -2.636981e-01 9.536948e-01
      outer loop
         vertex 4.913654e+00 2.071183e+00 1.987938e+01
         vertex 4.741181e+00 2.355559e+00 1.993185e+01
         vertex 4.657980e+00 2.211452e+00 1.987938e+01
      endloop
   endfacet
   facet normal -1.560345e-01 -2.571371e-01 9.536948e-01
      outer loop
         vertex 4.657980e+00 2.211452e+00 1.987938e+01
         vertex 4.741181e+00 2.355559e+00 1.993185e+01
         vertex 4.498076e+00 2.503078e+00 1.993185e+01
      endloop
   endfacet
   facet normal -1.560314e-01 -2.571356e-01 9.536957e-01
      outer loop
         vertex 4.657980e+00 2.211452e+00 1.987938e+01
         vertex 4.498076e+00 2.503078e+00 1.993185e+01
         vertex 4.408665e+00 2.362737e+00 1.987938e+01
      endloop
   endfacet
   facet normal -1.671001e-01 -2.500838e-01 9.536958e-01
      outer loop
         vertex 4.408665e+00 2.362737e+00 1.987938e+01
         vertex 4.498076e+00 2.503078e+00 1.993185e+01
         vertex 4.261635e+00 2.661062e+00 1.993185e+01
      endloop
   endfacet
   facet normal -1.671004e-01 -2.500839e-01 9.536957e-01
      outer loop
         vertex 4.408665e+00 2.362737e+00 1.987938e+01
         vertex 4.261635e+00 2.661062e+00 1.993185e+01
         vertex 4.166190e+00 2.524754e+00 1.987938e+01
      endloop
   endfacet
   facet normal -1.778508e-01 -2.425563e-01 9.536957e-01
      outer loop
         vertex 4.166190e+00 2.524754e+00 1.987938e+01
         vertex 4.261635e+00 2.661062e+00 1.993185e+01
         vertex 4.032314e+00 2.829209e+00 1.993185e+01
      endloop
   endfacet
   facet normal -1.778500e-01 -2.425560e-01 9.536959e-01
      outer loop
         vertex 4.166190e+00 2.524754e+00 1.987938e+01
         vertex 4.032314e+00 2.829209e+00 1.993185e+01
         vertex 3.931012e+00 2.697194e+00 1.987938e+01
      endloop
   endfacet
   facet normal -1.882592e-01 -2.345685e-01 9.536960e-01
      outer loop
         vertex 3.931012e+00 2.697194e+00 1.987938e+01
         vertex 4.032314e+00 2.829209e+00 1.993185e+01
         vertex 3.810540e+00 3.007200e+00 1.993185e+01
      endloop
   endfacet
   facet normal -1.882613e-01 -2.345692e-01 9.536954e-01
      outer loop
         vertex 3.931012e+00 2.697194e+00 1.987938e+01
         vertex 3.810540e+00 3.007200e+00 1.993185e+01
         vertex 3.703579e+00 2.879728e+00 1.987938e+01
      endloop
   endfacet
   facet normal -1.983149e-01 -2.261333e-01 9.536954e-01
      outer loop
         vertex 3.703579e+00 2.879728e+00 1.987938e+01
         vertex 3.810540e+00 3.007200e+00 1.993185e+01
         vertex 3.596745e+00 3.194693e+00 1.993185e+01
      endloop
   endfacet
   facet normal -1.983160e-01 -2.261337e-01 9.536951e-01
      outer loop
         vertex 3.703579e+00 2.879728e+00 1.987938e+01
         vertex 3.596745e+00 3.194693e+00 1.993185e+01
         vertex 3.484327e+00 3.072008e+00 1.987938e+01
      endloop
   endfacet
   facet normal -2.079899e-01 -2.172693e-01 9.536951e-01
      outer loop
         vertex 3.484327e+00 3.072008e+00 1.987938e+01
         vertex 3.596745e+00 3.194693e+00 1.993185e+01
         vertex 3.391333e+00 3.391333e+00 1.993185e+01
      endloop
   endfacet
   facet normal -2.079905e-01 -2.172695e-01 9.536949e-01
      outer loop
         vertex 3.484327e+00 3.072008e+00 1.987938e+01
         vertex 3.391333e+00 3.391333e+00 1.993185e+01
         vertex 3.273670e+00 3.273670e+00 1.987938e+01
      endloop
   endfacet
   facet normal -2.172707e-01 -2.079893e-01 9.536949e-01
      outer loop
         vertex 3.273670e+00 3.273670e+00 1.987938e+01
         vertex 3.391333e+00 3.391333e+00 1.993185e+01
         vertex 3.194693e+00 3.596747e+00 1.993185e+01
      endloop
   endfacet
   facet normal -2.172675e-01 -2.079887e-01 9.536957e-01
      outer loop
         vertex 3.273670e+00 3.273670e+00 1.987938e+01
         vertex 3.194693e+00 3.596747e+00 1.993185e+01
         vertex 3.072008e+00 3.484327e+00 1.987938e+01
      endloop
   endfacet
   facet normal -2.261326e-01 -1.983142e-01 9.536957e-01
      outer loop
         vertex 3.072008e+00 3.484327e+00 1.987938e+01
         vertex 3.194693e+00 3.596747e+00 1.993185e+01
         vertex 3.007200e+00 3.810542e+00 1.993185e+01
      endloop
   endfacet
   facet normal -2.261337e-01 -1.983144e-01 9.536954e-01
      outer loop
         vertex 3.072008e+00 3.484327e+00 1.987938e+01
         vertex 3.007200e+00 3.810542e+00 1.993185e+01
         vertex 2.879728e+00 3.703581e+00 1.987938e+01
      endloop
   endfacet
   facet normal -2.345684e-01 -1.882623e-01 9.536954e-01
      outer loop
         vertex 2.879728e+00 3.703581e+00 1.987938e+01
         vertex 3.007200e+00 3.810542e+00 1.993185e+01
         vertex 2.829209e+00 4.032312e+00 1.993185e+01
      endloop
   endfacet
   facet normal -2.345680e-01 -1.882622e-01 9.536955e-01
      outer loop
         vertex 2.879728e+00 3.703581e+00 1.987938e+01
         vertex 2.829209e+00 4.032312e+00 1.993185e+01
         vertex 2.697192e+00 3.931014e+00 1.987938e+01
      endloop
   endfacet
   facet normal -2.425564e-01 -1.778514e-01 9.536956e-01
      outer loop
         vertex 2.697192e+00 3.931014e+00 1.987938e+01
         vertex 2.829209e+00 4.032312e+00 1.993185e+01
         vertex 2.661061e+00 4.261635e+00 1.993185e+01
      endloop
   endfacet
   facet normal -2.425580e-01 -1.778515e-01 9.536952e-01
      outer loop
         vertex 2.697192e+00 3.931014e+00 1.987938e+01
         vertex 2.661061e+00 4.261635e+00 1.993185e+01
         vertex 2.524752e+00 4.166191e+00 1.987938e+01
      endloop
   endfacet
   facet normal -2.500860e-01 -1.671003e-01 9.536952e-01
      outer loop
         vertex 2.524752e+00 4.166191e+00 1.987938e+01
         vertex 2.661061e+00 4.261635e+00 1.993185e+01
         vertex 2.503078e+00 4.498075e+00 1.993185e+01
      endloop
   endfacet
   facet normal -2.500837e-01 -1.671003e-01 9.536958e-01
      outer loop
         vertex 2.524752e+00 4.166191e+00 1.987938e+01
         vertex 2.503078e+00 4.498075e+00 1.993185e+01
         vertex 2.362736e+00 4.408667e+00 1.987938e+01
      endloop
   endfacet
   facet normal -2.571338e-01 -1.560339e-01 9.536958e-01
      outer loop
         vertex 2.362736e+00 4.408667e+00 1.987938e+01
         vertex 2.503078e+00 4.498075e+00 1.993185e+01
         vertex 2.355557e+00 4.741181e+00 1.993185e+01
      endloop
   endfacet
   facet normal -2.571396e-01 -1.560337e-01 9.536942e-01
      outer loop
         vertex 2.362736e+00 4.408667e+00 1.987938e+01
         vertex 2.355557e+00 4.741181e+00 1.993185e+01
         vertex 2.211452e+00 4.657979e+00 1.987938e+01
      endloop
   endfacet
   facet normal -2.637008e-01 -1.446698e-01 9.536942e-01
      outer loop
         vertex 2.211452e+00 4.657979e+00 1.987938e+01
         vertex 2.355557e+00 4.741181e+00 1.993185e+01
         vertex 2.218783e+00 4.990489e+00 1.993185e+01
      endloop
   endfacet
   facet normal -2.636973e-01 -1.446700e-01 9.536951e-01
      outer loop
         vertex 2.211452e+00 4.657979e+00 1.987938e+01
         vertex 2.218783e+00 4.990489e+00 1.993185e+01
         vertex 2.071183e+00 4.913653e+00 1.987938e+01
      endloop
   endfacet
   facet normal -2.697574e-01 -1.330287e-01 9.536951e-01
      outer loop
         vertex 2.071183e+00 4.913653e+00 1.987938e+01
         vertex 2.218783e+00 4.990489e+00 1.993185e+01
         vertex 2.093013e+00 5.245526e+00 1.993185e+01
      endloop
   endfacet
   facet normal -2.697575e-01 -1.330287e-01 9.536951e-01
      outer loop
         vertex 2.071183e+00 4.913653e+00 1.987938e+01
         vertex 2.093013e+00 5.245526e+00 1.993185e+01
         vertex 1.942202e+00 5.175202e+00 1.987938e+01
      endloop
   endfacet
   facet normal -2.753030e-01 -1.211363e-01 9.536951e-01
      outer loop
         vertex 1.942202e+00 5.175202e+00 1.987938e+01
         vertex 2.093013e+00 5.245526e+00 1.993185e+01
         vertex 1.978487e+00 5.505808e+00 1.993185e+01
      endloop
   endfacet
   facet normal -2.753021e-01 -1.211364e-01 9.536953e-01
      outer loop
         vertex 1.942202e+00 5.175202e+00 1.987938e+01
         vertex 1.978487e+00 5.505808e+00 1.993185e+01
         vertex 1.824751e+00 5.442129e+00 1.987938e+01
      endloop
   endfacet
   facet normal -2.803242e-01 -1.090121e-01 9.536953e-01
      outer loop
         vertex 1.824751e+00 5.442129e+00 1.987938e+01
         vertex 1.978487e+00 5.505808e+00 1.993185e+01
         vertex 1.875423e+00 5.770836e+00 1.993185e+01
      endloop
   endfacet
   facet normal -2.803196e-01 -1.090130e-01 9.536965e-01
      outer loop
         vertex 1.824751e+00 5.442129e+00 1.987938e+01
         vertex 1.875423e+00 5.770836e+00 1.993185e+01
         vertex 1.719054e+00 5.713923e+00 1.987938e+01
      endloop
   endfacet
   facet normal -2.848080e-01 -9.668119e-02 9.536966e-01
      outer loop
         vertex 1.719054e+00 5.713923e+00 1.987938e+01
         vertex 1.875423e+00 5.770836e+00 1.993185e+01
         vertex 1.784015e+00 6.040108e+00 1.993185e+01
      endloop
   endfacet
   facet normal -2.848111e-01 -9.668043e-02 9.536957e-01
      outer loop
         vertex 1.719054e+00 5.713923e+00 1.987938e+01
         vertex 1.784015e+00 6.040108e+00 1.993185e+01
         vertex 1.625314e+00 5.990070e+00 1.987938e+01
      endloop
   endfacet
   facet normal -2.887574e-01 -8.416435e-02 9.536957e-01
      outer loop
         vertex 1.625314e+00 5.990070e+00 1.987938e+01
         vertex 1.784015e+00 6.040108e+00 1.993185e+01
         vertex 1.704443e+00 6.313111e+00 1.993185e+01
      endloop
   endfacet
   facet normal -2.887597e-01 -8.416370e-02 9.536951e-01
      outer loop
         vertex 1.625314e+00 5.990070e+00 1.987938e+01
         vertex 1.704443e+00 6.313111e+00 1.993185e+01
         vertex 1.543712e+00 6.270043e+00 1.987938e+01
      endloop
   endfacet
   facet normal -2.921559e-01 -7.148895e-02 9.536951e-01
      outer loop
         vertex 1.543712e+00 6.270043e+00 1.987938e+01
         vertex 1.704443e+00 6.313111e+00 1.993185e+01
         vertex 1.636855e+00 6.589324e+00 1.993185e+01
      endloop
   endfacet
   facet normal -2.921506e-01 -7.149072e-02 9.536965e-01
      outer loop
         vertex 1.543712e+00 6.270043e+00 1.987938e+01
         vertex 1.636855e+00 6.589324e+00 1.993185e+01
         vertex 1.474395e+00 6.553308e+00 1.987938e+01
      endloop
   endfacet
   facet normal -2.949912e-01 -5.867789e-02 9.536966e-01
      outer loop
         vertex 1.474395e+00 6.553308e+00 1.987938e+01
         vertex 1.636855e+00 6.589324e+00 1.993185e+01
         vertex 1.581378e+00 6.868224e+00 1.993185e+01
      endloop
   endfacet
   facet normal -2.949926e-01 -5.867732e-02 9.536961e-01
      outer loop
         vertex 1.474395e+00 6.553308e+00 1.987938e+01
         vertex 1.581378e+00 6.868224e+00 1.993185e+01
         vertex 1.417503e+00 6.839328e+00 1.987938e+01
      endloop
   endfacet
   facet normal -2.972713e-01 -4.575420e-02 9.536961e-01
      outer loop
         vertex 1.417503e+00 6.839328e+00 1.987938e+01
         vertex 1.581378e+00 6.868224e+00 1.993185e+01
         vertex 1.538120e+00 7.149277e+00 1.993185e+01
      endloop
   endfacet
   facet normal -2.972741e-01 -4.575295e-02 9.536953e-01
      outer loop
         vertex 1.417503e+00 6.839328e+00 1.987938e+01
         vertex 1.538120e+00 7.149277e+00 1.993185e+01
         vertex 1.373142e+00 7.127557e+00 1.987938e+01
      endloop
   endfacet
   facet normal -2.989869e-01 -3.274377e-02 9.536953e-01
      outer loop
         vertex 1.373142e+00 7.127557e+00 1.987938e+01
         vertex 1.538120e+00 7.149277e+00 1.993185e+01
         vertex 1.507163e+00 7.431950e+00 1.993185e+01
      endloop
   endfacet
   facet normal -2.989815e-01 -3.274641e-02 9.536969e-01
      outer loop
         vertex 1.373142e+00 7.127557e+00 1.987938e+01
         vertex 1.507163e+00 7.431950e+00 1.993185e+01
         vertex 1.341391e+00 7.417447e+00 1.987938e+01
      endloop
   endfacet
   facet normal -3.001252e-01 -1.967356e-02 9.536969e-01
      outer loop
         vertex 1.341391e+00 7.417447e+00 1.987938e+01
         vertex 1.507163e+00 7.431950e+00 1.993185e+01
         vertex 1.488563e+00 7.715704e+00 1.993185e+01
      endloop
   endfacet
   facet normal -3.001346e-01 -1.966843e-02 9.536941e-01
      outer loop
         vertex 1.341391e+00 7.417447e+00 1.987938e+01
         vertex 1.488563e+00 7.715704e+00 1.993185e+01
         vertex 1.322322e+00 7.708446e+00 1.987938e+01
      endloop
   endfacet
   facet normal -3.007069e-01 -6.560663e-03 9.536940e-01
      outer loop
         vertex 1.322322e+00 7.708446e+00 1.987938e+01
         vertex 1.488563e+00 7.715704e+00 1.993185e+01
         vertex 1.482360e+00 7.999999e+00 1.993185e+01
      endloop
   endfacet
   facet normal -3.007039e-01 -6.562495e-03 9.536950e-01
      outer loop
         vertex 1.322322e+00 7.708446e+00 1.987938e+01
         vertex 1.482360e+00 7.999999e+00 1.993185e+01
         vertex 1.315959e+00 7.999999e+00 1.987938e+01
      endloop
   endfacet
   facet normal -1.471488e-01 -3.211434e-03 9.891092e-01
      outer loop
         vertex 1.758926e+00 7.999999e+00 1.998542e+01
         vertex 1.652703e+00 7.999999e+00 1.996962e+01
         vertex 1.658745e+00 7.723134e+00 1.996962e+01
      endloop
   endfacet
   facet normal -2.065968e-01 -4.508851e-03 9.784158e-01
      outer loop
         vertex 1.658745e+00 7.723134e+00 1.996962e+01
         vertex 1.652703e+00 7.999999e+00 1.996962e+01
         vertex 1.521368e+00 7.999999e+00 1.994188e+01
      endloop
   endfacet
   facet normal -2.162245e-01 -9.498161e-03 9.762975e-01
      outer loop
         vertex 1.521368e+00 7.999999e+00 1.994188e+01
         vertex 1.488563e+00 7.715704e+00 1.993185e+01
         vertex 1.658745e+00 7.723134e+00 1.996962e+01
      endloop
   endfacet
   facet normal -2.160185e-01 -1.416027e-02 9.762866e-01
      outer loop
         vertex 1.658745e+00 7.723134e+00 1.996962e+01
         vertex 1.488563e+00 7.715704e+00 1.993185e+01
         vertex 1.507163e+00 7.431950e+00 1.993185e+01
      endloop
   endfacet
   facet normal -2.160209e-01 -1.415896e-02 9.762861e-01
      outer loop
         vertex 1.658745e+00 7.723134e+00 1.996962e+01
         vertex 1.507163e+00 7.431950e+00 1.993185e+01
         vertex 1.676857e+00 7.446797e+00 1.996962e+01
      endloop
   endfacet
   facet normal -2.151978e-01 -2.356755e-02 9.762861e-01
      outer loop
         vertex 1.676857e+00 7.446797e+00 1.996962e+01
         vertex 1.507163e+00 7.431950e+00 1.993185e+01
         vertex 1.538120e+00 7.149277e+00 1.993185e+01
      endloop
   endfacet
   facet normal -2.152018e-01 -2.356557e-02 9.762852e-01
      outer loop
         vertex 1.676857e+00 7.446797e+00 1.996962e+01
         vertex 1.538120e+00 7.149277e+00 1.993185e+01
         vertex 1.707003e+00 7.171511e+00 1.996962e+01
      endloop
   endfacet
   facet normal -2.139686e-01 -3.293275e-02 9.762852e-01
      outer loop
         vertex 1.707003e+00 7.171511e+00 1.996962e+01
         vertex 1.538120e+00 7.149277e+00 1.993185e+01
         vertex 1.581378e+00 6.868224e+00 1.993185e+01
      endloop
   endfacet
   facet normal -2.139661e-01 -3.293387e-02 9.762858e-01
      outer loop
         vertex 1.707003e+00 7.171511e+00 1.996962e+01
         vertex 1.581378e+00 6.868224e+00 1.993185e+01
         vertex 1.749132e+00 6.897803e+00 1.996962e+01
      endloop
   endfacet
   facet normal -2.123261e-01 -4.223464e-02 9.762858e-01
      outer loop
         vertex 1.749132e+00 6.897803e+00 1.996962e+01
         vertex 1.581378e+00 6.868224e+00 1.993185e+01
         vertex 1.636855e+00 6.589324e+00 1.993185e+01
      endloop
   endfacet
   facet normal -2.123250e-01 -4.223507e-02 9.762860e-01
      outer loop
         vertex 1.749132e+00 6.897803e+00 1.996962e+01
         vertex 1.636855e+00 6.589324e+00 1.993185e+01
         vertex 1.803160e+00 6.626193e+00 1.996962e+01
      endloop
   endfacet
   facet normal -2.102810e-01 -5.145462e-02 9.762860e-01
      outer loop
         vertex 1.803160e+00 6.626193e+00 1.996962e+01
         vertex 1.636855e+00 6.589324e+00 1.993185e+01
         vertex 1.704443e+00 6.313111e+00 1.993185e+01
      endloop
   endfacet
   facet normal -2.102802e-01 -5.145488e-02 9.762861e-01
      outer loop
         vertex 1.803160e+00 6.626193e+00 1.996962e+01
         vertex 1.704443e+00 6.313111e+00 1.993185e+01
         vertex 1.868982e+00 6.357199e+00 1.996962e+01
      endloop
   endfacet
   facet normal -2.078357e-01 -6.057803e-02 9.762861e-01
      outer loop
         vertex 1.868982e+00 6.357199e+00 1.996962e+01
         vertex 1.704443e+00 6.313111e+00 1.993185e+01
         vertex 1.784015e+00 6.040108e+00 1.993185e+01
      endloop
   endfacet
   facet normal -2.078345e-01 -6.057838e-02 9.762864e-01
      outer loop
         vertex 1.868982e+00 6.357199e+00 1.996962e+01
         vertex 1.784015e+00 6.040108e+00 1.993185e+01
         vertex 1.946475e+00 6.091331e+00 1.996962e+01
      endloop
   endfacet
   facet normal -2.049940e-01 -6.958745e-02 9.762864e-01
      outer loop
         vertex 1.946475e+00 6.091331e+00 1.996962e+01
         vertex 1.784015e+00 6.040108e+00 1.993185e+01
         vertex 1.875423e+00 5.770836e+00 1.993185e+01
      endloop
   endfacet
   facet normal -2.049973e-01 -6.958663e-02 9.762857e-01
      outer loop
         vertex 1.946475e+00 6.091331e+00 1.996962e+01
         vertex 1.875423e+00 5.770836e+00 1.993185e+01
         vertex 2.035491e+00 5.829097e+00 1.996962e+01
      endloop
   endfacet
   facet normal -2.017667e-01 -7.846276e-02 9.762857e-01
      outer loop
         vertex 2.035491e+00 5.829097e+00 1.996962e+01
         vertex 1.875423e+00 5.770836e+00 1.993185e+01
         vertex 1.978487e+00 5.505808e+00 1.993185e+01
      endloop
   endfacet
   facet normal -2.017665e-01 -7.846278e-02 9.762857e-01
      outer loop
         vertex 2.035491e+00 5.829097e+00 1.996962e+01
         vertex 1.978487e+00 5.505808e+00 1.993185e+01
         vertex 2.135862e+00 5.570995e+00 1.996962e+01
      endloop
   endfacet
   facet normal -1.981520e-01 -8.718901e-02 9.762857e-01
      outer loop
         vertex 2.135862e+00 5.570995e+00 1.996962e+01
         vertex 1.978487e+00 5.505808e+00 1.993185e+01
         vertex 2.093013e+00 5.245526e+00 1.993185e+01
      endloop
   endfacet
   facet normal -1.981541e-01 -8.718869e-02 9.762853e-01
      outer loop
         vertex 2.135862e+00 5.570995e+00 1.996962e+01
         vertex 2.093013e+00 5.245526e+00 1.993185e+01
         vertex 2.247393e+00 5.317517e+00 1.996962e+01
      endloop
   endfacet
   facet normal -1.941621e-01 -9.574948e-02 9.762854e-01
      outer loop
         vertex 2.247393e+00 5.317517e+00 1.996962e+01
         vertex 2.093013e+00 5.245526e+00 1.993185e+01
         vertex 2.218783e+00 4.990489e+00 1.993185e+01
      endloop
   endfacet
   facet normal -1.941609e-01 -9.574961e-02 9.762856e-01
      outer loop
         vertex 2.247393e+00 5.317517e+00 1.996962e+01
         vertex 2.218783e+00 4.990489e+00 1.993185e+01
         vertex 2.369877e+00 5.069144e+00 1.996962e+01
      endloop
   endfacet
   facet normal -1.898000e-01 -1.041269e-01 9.762856e-01
      outer loop
         vertex 2.369877e+00 5.069144e+00 1.996962e+01
         vertex 2.218783e+00 4.990489e+00 1.993185e+01
         vertex 2.355557e+00 4.741181e+00 1.993185e+01
      endloop
   endfacet
   facet normal -1.897975e-01 -1.041270e-01 9.762861e-01
      outer loop
         vertex 2.369877e+00 5.069144e+00 1.996962e+01
         vertex 2.355557e+00 4.741181e+00 1.993185e+01
         vertex 2.503078e+00 4.826351e+00 1.996962e+01
      endloop
   endfacet
   facet normal -1.850748e-01 -1.123071e-01 9.762860e-01
      outer loop
         vertex 2.503078e+00 4.826351e+00 1.996962e+01
         vertex 2.355557e+00 4.741181e+00 1.993185e+01
         vertex 2.503078e+00 4.498075e+00 1.993185e+01
      endloop
   endfacet
   facet normal -1.850744e-01 -1.123071e-01 9.762861e-01
      outer loop
         vertex 2.503078e+00 4.826351e+00 1.996962e+01
         vertex 2.503078e+00 4.498075e+00 1.993185e+01
         vertex 2.646744e+00 4.589600e+00 1.996962e+01
      endloop
   endfacet
   facet normal -1.800007e-01 -1.202713e-01 9.762861e-01
      outer loop
         vertex 2.646744e+00 4.589600e+00 1.996962e+01
         vertex 2.503078e+00 4.498075e+00 1.993185e+01
         vertex 2.661061e+00 4.261635e+00 1.993185e+01
      endloop
   endfacet
   facet normal -1.799985e-01 -1.202713e-01 9.762865e-01
      outer loop
         vertex 2.646744e+00 4.589600e+00 1.996962e+01
         vertex 2.661061e+00 4.261635e+00 1.993185e+01
         vertex 2.800599e+00 4.359340e+00 1.996962e+01
      endloop
   endfacet
   facet normal -1.745805e-01 -1.280090e-01 9.762865e-01
      outer loop
         vertex 2.800599e+00 4.359340e+00 1.996962e+01
         vertex 2.661061e+00 4.261635e+00 1.993185e+01
         vertex 2.829209e+00 4.032312e+00 1.993185e+01
      endloop
   endfacet
   facet normal -1.745815e-01 -1.280090e-01 9.762863e-01
      outer loop
         vertex 2.800599e+00 4.359340e+00 1.996962e+01
         vertex 2.829209e+00 4.032312e+00 1.993185e+01
         vertex 2.964351e+00 4.136011e+00 1.996962e+01
      endloop
   endfacet
   facet normal -1.688315e-01 -1.355025e-01 9.762863e-01
      outer loop
         vertex 2.964351e+00 4.136011e+00 1.996962e+01
         vertex 2.829209e+00 4.032312e+00 1.993185e+01
         vertex 3.007200e+00 3.810542e+00 1.993185e+01
      endloop
   endfacet
   facet normal -1.688339e-01 -1.355028e-01 9.762859e-01
      outer loop
         vertex 2.964351e+00 4.136011e+00 1.996962e+01
         vertex 3.007200e+00 3.810542e+00 1.993185e+01
         vertex 3.137689e+00 3.920035e+00 1.996962e+01
      endloop
   endfacet
   facet normal -1.627618e-01 -1.427392e-01 9.762859e-01
      outer loop
         vertex 3.137689e+00 3.920035e+00 1.996962e+01
         vertex 3.007200e+00 3.810542e+00 1.993185e+01
         vertex 3.194693e+00 3.596747e+00 1.993185e+01
      endloop
   endfacet
   facet normal -1.627639e-01 -1.427395e-01 9.762855e-01
      outer loop
         vertex 3.137689e+00 3.920035e+00 1.996962e+01
         vertex 3.194693e+00 3.596747e+00 1.993185e+01
         vertex 3.320280e+00 3.711829e+00 1.996962e+01
      endloop
   endfacet
   facet normal -1.563832e-01 -1.497028e-01 9.762855e-01
      outer loop
         vertex 3.320280e+00 3.711829e+00 1.996962e+01
         vertex 3.194693e+00 3.596747e+00 1.993185e+01
         vertex 3.391333e+00 3.391333e+00 1.993185e+01
      endloop
   endfacet
   facet normal -1.563814e-01 -1.497024e-01 9.762858e-01
      outer loop
         vertex 3.320280e+00 3.711829e+00 1.996962e+01
         vertex 3.391333e+00 3.391333e+00 1.993185e+01
         vertex 3.511783e+00 3.511783e+00 1.996962e+01
      endloop
   endfacet
   facet normal -1.497024e-01 -1.563814e-01 9.762858e-01
      outer loop
         vertex 3.511783e+00 3.511783e+00 1.996962e+01
         vertex 3.391333e+00 3.391333e+00 1.993185e+01
         vertex 3.596745e+00 3.194693e+00 1.993185e+01
      endloop
   endfacet
   facet normal -1.497023e-01 -1.563814e-01 9.762859e-01
      outer loop
         vertex 3.511783e+00 3.511783e+00 1.996962e+01
         vertex 3.596745e+00 3.194693e+00 1.993185e+01
         vertex 3.711827e+00 3.320282e+00 1.996962e+01
      endloop
   endfacet
   facet normal -1.427392e-01 -1.627619e-01 9.762859e-01
      outer loop
         vertex 3.711827e+00 3.320282e+00 1.996962e+01
         vertex 3.596745e+00 3.194693e+00 1.993185e+01
         vertex 3.810540e+00 3.007200e+00 1.993185e+01
      endloop
   endfacet
   facet normal -1.427391e-01 -1.627618e-01 9.762859e-01
      outer loop
         vertex 3.711827e+00 3.320282e+00 1.996962e+01
         vertex 3.810540e+00 3.007200e+00 1.993185e+01
         vertex 3.920034e+00 3.137689e+00 1.996962e+01
      endloop
   endfacet
   facet normal -1.355024e-01 -1.688342e-01 9.762859e-01
      outer loop
         vertex 3.920034e+00 3.137689e+00 1.996962e+01
         vertex 3.810540e+00 3.007200e+00 1.993185e+01
         vertex 4.032314e+00 2.829209e+00 1.993185e+01
      endloop
   endfacet
   facet normal -1.355016e-01 -1.688339e-01 9.762860e-01
      outer loop
         vertex 3.920034e+00 3.137689e+00 1.996962e+01
         vertex 4.032314e+00 2.829209e+00 1.993185e+01
         vertex 4.136011e+00 2.964351e+00 1.996962e+01
      endloop
   endfacet
   facet normal -1.280100e-01 -1.745824e-01 9.762860e-01
      outer loop
         vertex 4.136011e+00 2.964351e+00 1.996962e+01
         vertex 4.032314e+00 2.829209e+00 1.993185e+01
         vertex 4.261635e+00 2.661062e+00 1.993185e+01
      endloop
   endfacet
   facet normal -1.280111e-01 -1.745828e-01 9.762858e-01
      outer loop
         vertex 4.136011e+00 2.964351e+00 1.996962e+01
         vertex 4.261635e+00 2.661062e+00 1.993185e+01
         vertex 4.359338e+00 2.800599e+00 1.996962e+01
      endloop
   endfacet
   facet normal -1.202727e-01 -1.800013e-01 9.762858e-01
      outer loop
         vertex 4.359338e+00 2.800599e+00 1.996962e+01
         vertex 4.261635e+00 2.661062e+00 1.993185e+01
         vertex 4.498076e+00 2.503078e+00 1.993185e+01
      endloop
   endfacet
   facet normal -1.202727e-01 -1.800013e-01 9.762858e-01
      outer loop
         vertex 4.359338e+00 2.800599e+00 1.996962e+01
         vertex 4.498076e+00 2.503078e+00 1.993185e+01
         vertex 4.589599e+00 2.646744e+00 1.996962e+01
      endloop
   endfacet
   facet normal -1.123068e-01 -1.850760e-01 9.762858e-01
      outer loop
         vertex 4.589599e+00 2.646744e+00 1.996962e+01
         vertex 4.498076e+00 2.503078e+00 1.993185e+01
         vertex 4.741181e+00 2.355559e+00 1.993185e+01
      endloop
   endfacet
   facet normal -1.123052e-01 -1.850752e-01 9.762862e-01
      outer loop
         vertex 4.589599e+00 2.646744e+00 1.996962e+01
         vertex 4.741181e+00 2.355559e+00 1.993185e+01
         vertex 4.826352e+00 2.503080e+00 1.996962e+01
      endloop
   endfacet
   facet normal -1.041259e-01 -1.897975e-01 9.762862e-01
      outer loop
         vertex 4.826352e+00 2.503080e+00 1.996962e+01
         vertex 4.741181e+00 2.355559e+00 1.993185e+01
         vertex 4.990488e+00 2.218785e+00 1.993185e+01
      endloop
   endfacet
   facet normal -1.041281e-01 -1.897988e-01 9.762857e-01
      outer loop
         vertex 4.826352e+00 2.503080e+00 1.996962e+01
         vertex 4.990488e+00 2.218785e+00 1.993185e+01
         vertex 5.069144e+00 2.369879e+00 1.996962e+01
      endloop
   endfacet
   facet normal -9.574998e-02 -1.941602e-01 9.762857e-01
      outer loop
         vertex 5.069144e+00 2.369879e+00 1.996962e+01
         vertex 4.990488e+00 2.218785e+00 1.993185e+01
         vertex 5.245525e+00 2.093013e+00 1.993185e+01
      endloop
   endfacet
   facet normal -9.574891e-02 -1.941595e-01 9.762859e-01
      outer loop
         vertex 5.069144e+00 2.369879e+00 1.996962e+01
         vertex 5.245525e+00 2.093013e+00 1.993185e+01
         vertex 5.317517e+00 2.247395e+00 1.996962e+01
      endloop
   endfacet
   facet normal -8.718845e-02 -1.981515e-01 9.762859e-01
      outer loop
         vertex 5.317517e+00 2.247395e+00 1.996962e+01
         vertex 5.245525e+00 2.093013e+00 1.993185e+01
         vertex 5.505808e+00 1.978487e+00 1.993185e+01
      endloop
   endfacet
   facet normal -8.719009e-02 -1.981525e-01 9.762855e-01
      outer loop
         vertex 5.317517e+00 2.247395e+00 1.996962e+01
         vertex 5.505808e+00 1.978487e+00 1.993185e+01
         vertex 5.570993e+00 2.135862e+00 1.996962e+01
      endloop
   endfacet
   facet normal -7.846302e-02 -2.017673e-01 9.762856e-01
      outer loop
         vertex 5.570993e+00 2.135862e+00 1.996962e+01
         vertex 5.505808e+00 1.978487e+00 1.993185e+01
         vertex 5.770836e+00 1.875423e+00 1.993185e+01
      endloop
   endfacet
   facet normal -7.846272e-02 -2.017671e-01 9.762856e-01
      outer loop
         vertex 5.570993e+00 2.135862e+00 1.996962e+01
         vertex 5.770836e+00 1.875423e+00 1.993185e+01
         vertex 5.829096e+00 2.035491e+00 1.996962e+01
      endloop
   endfacet
   facet normal -6.958744e-02 -2.049974e-01 9.762856e-01
      outer loop
         vertex 5.829096e+00 2.035491e+00 1.996962e+01
         vertex 5.770836e+00 1.875423e+00 1.993185e+01
         vertex 6.040107e+00 1.784017e+00 1.993185e+01
      endloop
   endfacet
   facet normal -6.958636e-02 -2.049966e-01 9.762859e-01
      outer loop
         vertex 5.829096e+00 2.035491e+00 1.996962e+01
         vertex 6.040107e+00 1.784017e+00 1.993185e+01
         vertex 6.091330e+00 1.946475e+00 1.996962e+01
      endloop
   endfacet
   facet normal -6.057797e-02 -2.078369e-01 9.762859e-01
      outer loop
         vertex 6.091330e+00 1.946475e+00 1.996962e+01
         vertex 6.040107e+00 1.784017e+00 1.993185e+01
         vertex 6.313112e+00 1.704445e+00 1.993185e+01
      endloop
   endfacet
   facet normal -6.057975e-02 -2.078385e-01 9.762854e-01
      outer loop
         vertex 6.091330e+00 1.946475e+00 1.996962e+01
         vertex 6.313112e+00 1.704445e+00 1.993185e+01
         vertex 6.357197e+00 1.868982e+00 1.996962e+01
      endloop
   endfacet
   facet normal -5.145682e-02 -2.102828e-01 9.762855e-01
      outer loop
         vertex 6.357197e+00 1.868982e+00 1.996962e+01
         vertex 6.313112e+00 1.704445e+00 1.993185e+01
         vertex 6.589323e+00 1.636855e+00 1.993185e+01
      endloop
   endfacet
   facet normal -5.145488e-02 -2.102809e-01 9.762860e-01
      outer loop
         vertex 6.357197e+00 1.868982e+00 1.996962e+01
         vertex 6.589323e+00 1.636855e+00 1.993185e+01
         vertex 6.626192e+00 1.803160e+00 1.996962e+01
      endloop
   endfacet
   facet normal -4.223472e-02 -2.123250e-01 9.762860e-01
      outer loop
         vertex 6.626192e+00 1.803160e+00 1.996962e+01
         vertex 6.589323e+00 1.636855e+00 1.993185e+01
         vertex 6.868221e+00 1.581378e+00 1.993185e+01
      endloop
   endfacet
   facet normal -4.223317e-02 -2.123234e-01 9.762864e-01
      outer loop
         vertex 6.626192e+00 1.803160e+00 1.996962e+01
         vertex 6.868221e+00 1.581378e+00 1.993185e+01
         vertex 6.897803e+00 1.749134e+00 1.996962e+01
      endloop
   endfacet
   facet normal -3.293188e-02 -2.139636e-01 9.762864e-01
      outer loop
         vertex 6.897803e+00 1.749134e+00 1.996962e+01
         vertex 6.868221e+00 1.581378e+00 1.993185e+01
         vertex 7.149275e+00 1.538120e+00 1.993185e+01
      endloop
   endfacet
   facet normal -3.293371e-02 -2.139657e-01 9.762858e-01
      outer loop
         vertex 6.897803e+00 1.749134e+00 1.996962e+01
         vertex 7.149275e+00 1.538120e+00 1.993185e+01
         vertex 7.171512e+00 1.707004e+00 1.996962e+01
      endloop
   endfacet
   facet normal -2.356751e-02 -2.151989e-01 9.762858e-01
      outer loop
         vertex 7.171512e+00 1.707004e+00 1.996962e+01
         vertex 7.149275e+00 1.538120e+00 1.993185e+01
         vertex 7.431950e+00 1.507163e+00 1.993185e+01
      endloop
   endfacet
   facet normal -2.356676e-02 -2.151980e-01 9.762860e-01
      outer loop
         vertex 7.171512e+00 1.707004e+00 1.996962e+01
         vertex 7.431950e+00 1.507163e+00 1.993185e+01
         vertex 7.446796e+00 1.676857e+00 1.996962e+01
      endloop
   endfacet
   facet normal -1.415910e-02 -2.160210e-01 9.762861e-01
      outer loop
         vertex 7.446796e+00 1.676857e+00 1.996962e+01
         vertex 7.431950e+00 1.507163e+00 1.993185e+01
         vertex 7.715702e+00 1.488565e+00 1.993185e+01
      endloop
   endfacet
   facet normal -1.415889e-02 -2.160207e-01 9.762861e-01
      outer loop
         vertex 7.446796e+00 1.676857e+00 1.996962e+01
         vertex 7.715702e+00 1.488565e+00 1.993185e+01
         vertex 7.723134e+00 1.658745e+00 1.996962e+01
      endloop
   endfacet
   facet normal -4.361973e-02 -9.520982e-04 9.990478e-01
      outer loop
         vertex 2.000000e+00 7.999999e+00 2.000000e+01
         vertex 1.825687e+00 7.999999e+00 1.999239e+01
         vertex 1.831565e+00 7.730680e+00 1.999239e+01
      endloop
   endfacet
   facet normal -1.038517e-01 -2.266796e-03 9.945902e-01
      outer loop
         vertex 1.831565e+00 7.730680e+00 1.999239e+01
         vertex 1.825687e+00 7.999999e+00 1.999239e+01
         vertex 1.758926e+00 7.999999e+00 1.998542e+01
      endloop
   endfacet
   facet normal -6.560530e-03 -3.007008e-01 9.536960e-01
      outer loop
         vertex 7.999998e+00 1.315959e+00 1.987938e+01
         vertex 7.999998e+00 1.482362e+00 1.993185e+01
         vertex 7.715702e+00 1.488565e+00 1.993185e+01
      endloop
   endfacet
   facet normal -5.434000e-03 -2.490665e-01 9.684711e-01
      outer loop
         vertex 7.715702e+00 1.488565e+00 1.993185e+01
         vertex 7.999998e+00 1.482362e+00 1.993185e+01
         vertex 7.999998e+00 1.521368e+00 1.994188e+01
      endloop
   endfacet
   facet normal -9.499318e-03 -2.162266e-01 9.762970e-01
      outer loop
         vertex 7.715702e+00 1.488565e+00 1.993185e+01
         vertex 7.999998e+00 1.521368e+00 1.994188e+01
         vertex 7.723134e+00 1.658745e+00 1.996962e+01
      endloop
   endfacet
   facet normal -4.508882e-03 -2.065968e-01 9.784158e-01
      outer loop
         vertex 7.723134e+00 1.658745e+00 1.996962e+01
         vertex 7.999998e+00 1.521368e+00 1.994188e+01
         vertex 7.999998e+00 1.652703e+00 1.996962e+01
      endloop
   endfacet
   facet normal -3.211455e-03 -1.471488e-01 9.891092e-01
      outer loop
         vertex 7.723134e+00 1.658745e+00 1.996962e+01
         vertex 7.999998e+00 1.652703e+00 1.996962e+01
         vertex 7.999998e+00 1.758926e+00 1.998542e+01
      endloop
   endfacet
   facet normal -1.302351e-01 -9.464369e-03 9.914380e-01
      outer loop
         vertex 1.758926e+00 7.999999e+00 1.998542e+01
         vertex 1.658745e+00 7.723134e+00 1.996962e+01
         vertex 1.831565e+00 7.730680e+00 1.999239e+01
      endloop
   endfacet
   facet normal -1.302759e-01 -8.538856e-03 9.914410e-01
      outer loop
         vertex 1.831565e+00 7.730680e+00 1.999239e+01
         vertex 1.658745e+00 7.723134e+00 1.996962e+01
         vertex 1.676857e+00 7.446797e+00 1.996962e+01
      endloop
   endfacet
   facet normal -1.302774e-01 -8.538045e-03 9.914408e-01
      outer loop
         vertex 1.831565e+00 7.730680e+00 1.999239e+01
         vertex 1.676857e+00 7.446797e+00 1.996962e+01
         vertex 1.849182e+00 7.461873e+00 1.999239e+01
      endloop
   endfacet
   facet normal -1.297810e-01 -1.421161e-02 9.914408e-01
      outer loop
         vertex 1.849182e+00 7.461873e+00 1.999239e+01
         vertex 1.676857e+00 7.446797e+00 1.996962e+01
         vertex 1.707003e+00 7.171511e+00 1.996962e+01
      endloop
   endfacet
   facet normal -1.297793e-01 -1.421245e-02 9.914410e-01
      outer loop
         vertex 1.849182e+00 7.461873e+00 1.999239e+01
         vertex 1.707003e+00 7.171511e+00 1.996962e+01
         vertex 1.878507e+00 7.194091e+00 1.999239e+01
      endloop
   endfacet
   facet normal -1.290356e-01 -1.986130e-02 9.914410e-01
      outer loop
         vertex 1.878507e+00 7.194091e+00 1.999239e+01
         vertex 1.707003e+00 7.171511e+00 1.996962e+01
         vertex 1.749132e+00 6.897803e+00 1.996962e+01
      endloop
   endfacet
   facet normal -1.290352e-01 -1.986150e-02 9.914411e-01
      outer loop
         vertex 1.878507e+00 7.194091e+00 1.999239e+01
         vertex 1.749132e+00 6.897803e+00 1.996962e+01
         vertex 1.919489e+00 6.927841e+00 1.999239e+01
      endloop
   endfacet
   facet normal -1.280462e-01 -2.547058e-02 9.914411e-01
      outer loop
         vertex 1.919489e+00 6.927841e+00 1.999239e+01
         vertex 1.749132e+00 6.897803e+00 1.996962e+01
         vertex 1.803160e+00 6.626193e+00 1.996962e+01
      endloop
   endfacet
   facet normal -1.280485e-01 -2.546968e-02 9.914408e-01
      outer loop
         vertex 1.919489e+00 6.927841e+00 1.999239e+01
         vertex 1.803160e+00 6.626193e+00 1.996962e+01
         vertex 1.972042e+00 6.663634e+00 1.999239e+01
      endloop
   endfacet
   facet normal -1.268155e-01 -3.103133e-02 9.914408e-01
      outer loop
         vertex 1.972042e+00 6.663634e+00 1.999239e+01
         vertex 1.803160e+00 6.626193e+00 1.996962e+01
         vertex 1.868982e+00 6.357199e+00 1.996962e+01
      endloop
   endfacet
   facet normal -1.268138e-01 -3.103193e-02 9.914410e-01
      outer loop
         vertex 1.972042e+00 6.663634e+00 1.999239e+01
         vertex 1.868982e+00 6.357199e+00 1.996962e+01
         vertex 2.036072e+00 6.401970e+00 1.999239e+01
      endloop
   endfacet
   facet normal -1.253397e-01 -3.653328e-02 9.914410e-01
      outer loop
         vertex 2.036072e+00 6.401970e+00 1.999239e+01
         vertex 1.868982e+00 6.357199e+00 1.996962e+01
         vertex 1.946475e+00 6.091331e+00 1.996962e+01
      endloop
   endfacet
   facet normal -1.253399e-01 -3.653320e-02 9.914410e-01
      outer loop
         vertex 2.036072e+00 6.401970e+00 1.999239e+01
         vertex 1.946475e+00 6.091331e+00 1.996962e+01
         vertex 2.111454e+00 6.143348e+00 1.999239e+01
      endloop
   endfacet
   facet normal -1.236272e-01 -4.196541e-02 9.914410e-01
      outer loop
         vertex 2.111454e+00 6.143348e+00 1.999239e+01
         vertex 1.946475e+00 6.091331e+00 1.996962e+01
         vertex 2.035491e+00 5.829097e+00 1.996962e+01
      endloop
   endfacet
   facet normal -1.236264e-01 -4.196560e-02 9.914411e-01
      outer loop
         vertex 2.111454e+00 6.143348e+00 1.999239e+01
         vertex 2.035491e+00 5.829097e+00 1.996962e+01
         vertex 2.198044e+00 5.888261e+00 1.999239e+01
      endloop
   endfacet
   facet normal -1.216783e-01 -4.731814e-02 9.914411e-01
      outer loop
         vertex 2.198044e+00 5.888261e+00 1.999239e+01
         vertex 2.035491e+00 5.829097e+00 1.996962e+01
         vertex 2.135862e+00 5.570995e+00 1.996962e+01
      endloop
   endfacet
   facet normal -1.216774e-01 -4.731833e-02 9.914412e-01
      outer loop
         vertex 2.198044e+00 5.888261e+00 1.999239e+01
         vertex 2.135862e+00 5.570995e+00 1.996962e+01
         vertex 2.295680e+00 5.637193e+00 1.999239e+01
      endloop
   endfacet
   facet normal -1.194981e-01 -5.257968e-02 9.914412e-01
      outer loop
         vertex 2.295680e+00 5.637193e+00 1.999239e+01
         vertex 2.135862e+00 5.570995e+00 1.996962e+01
         vertex 2.247393e+00 5.317517e+00 1.996962e+01
      endloop
   endfacet
   facet normal -1.194984e-01 -5.257962e-02 9.914411e-01
      outer loop
         vertex 2.295680e+00 5.637193e+00 1.999239e+01
         vertex 2.247393e+00 5.317517e+00 1.996962e+01
         vertex 2.404172e+00 5.390623e+00 1.999239e+01
      endloop
   endfacet
   facet normal -1.170908e-01 -5.774282e-02 9.914411e-01
      outer loop
         vertex 2.404172e+00 5.390623e+00 1.999239e+01
         vertex 2.247393e+00 5.317517e+00 1.996962e+01
         vertex 2.369877e+00 5.069144e+00 1.996962e+01
      endloop
   endfacet
   facet normal -1.170903e-01 -5.774288e-02 9.914412e-01
      outer loop
         vertex 2.404172e+00 5.390623e+00 1.999239e+01
         vertex 2.369877e+00 5.069144e+00 1.996962e+01
         vertex 2.523318e+00 5.149020e+00 1.999239e+01
      endloop
   endfacet
   facet normal -1.144602e-01 -6.279534e-02 9.914412e-01
      outer loop
         vertex 2.523318e+00 5.149020e+00 1.999239e+01
         vertex 2.369877e+00 5.069144e+00 1.996962e+01
         vertex 2.503078e+00 4.826351e+00 1.996962e+01
      endloop
   endfacet
   facet normal -1.144617e-01 -6.279523e-02 9.914410e-01
      outer loop
         vertex 2.523318e+00 5.149020e+00 1.999239e+01
         vertex 2.503078e+00 4.826351e+00 1.996962e+01
         vertex 2.652887e+00 4.912844e+00 1.999239e+01
      endloop
   endfacet
   facet normal -1.116131e-01 -6.772917e-02 9.914410e-01
      outer loop
         vertex 2.652887e+00 4.912844e+00 1.999239e+01
         vertex 2.503078e+00 4.826351e+00 1.996962e+01
         vertex 2.646744e+00 4.589600e+00 1.996962e+01
      endloop
   endfacet
   facet normal -1.116130e-01 -6.772917e-02 9.914410e-01
      outer loop
         vertex 2.652887e+00 4.912844e+00 1.999239e+01
         vertex 2.646744e+00 4.589600e+00 1.996962e+01
         vertex 2.792638e+00 4.682545e+00 1.999239e+01
      endloop
   endfacet
   facet normal -1.085528e-01 -7.253274e-02 9.914410e-01
      outer loop
         vertex 2.792638e+00 4.682545e+00 1.999239e+01
         vertex 2.646744e+00 4.589600e+00 1.996962e+01
         vertex 2.800599e+00 4.359340e+00 1.996962e+01
      endloop
   endfacet
   facet normal -1.085545e-01 -7.253277e-02 9.914408e-01
      outer loop
         vertex 2.792638e+00 4.682545e+00 1.999239e+01
         vertex 2.800599e+00 4.359340e+00 1.996962e+01
         vertex 2.942298e+00 4.458560e+00 1.999239e+01
      endloop
   endfacet
   facet normal -1.052866e-01 -7.719973e-02 9.914408e-01
      outer loop
         vertex 2.942298e+00 4.458560e+00 1.999239e+01
         vertex 2.800599e+00 4.359340e+00 1.996962e+01
         vertex 2.964351e+00 4.136011e+00 1.996962e+01
      endloop
   endfacet
   facet normal -1.052864e-01 -7.719971e-02 9.914409e-01
      outer loop
         vertex 2.942298e+00 4.458560e+00 1.999239e+01
         vertex 2.964351e+00 4.136011e+00 1.996962e+01
         vertex 3.101587e+00 4.241318e+00 1.999239e+01
      endloop
   endfacet
   facet normal -1.018192e-01 -8.171811e-02 9.914409e-01
      outer loop
         vertex 3.101587e+00 4.241318e+00 1.999239e+01
         vertex 2.964351e+00 4.136011e+00 1.996962e+01
         vertex 3.137689e+00 3.920035e+00 1.996962e+01
      endloop
   endfacet
   facet normal -1.018190e-01 -8.171809e-02 9.914409e-01
      outer loop
         vertex 3.101587e+00 4.241318e+00 1.999239e+01
         vertex 3.137689e+00 3.920035e+00 1.996962e+01
         vertex 3.270201e+00 4.031228e+00 1.999239e+01
      endloop
   endfacet
   facet normal -9.815761e-02 -8.608154e-02 9.914409e-01
      outer loop
         vertex 3.270201e+00 4.031228e+00 1.999239e+01
         vertex 3.137689e+00 3.920035e+00 1.996962e+01
         vertex 3.320280e+00 3.711829e+00 1.996962e+01
      endloop
   endfacet
   facet normal -9.815605e-02 -8.608130e-02 9.914411e-01
      outer loop
         vertex 3.270201e+00 4.031228e+00 1.999239e+01
         vertex 3.320280e+00 3.711829e+00 1.996962e+01
         vertex 3.447820e+00 3.828695e+00 1.999239e+01
      endloop
   endfacet
   facet normal -9.430833e-02 -9.028043e-02 9.914411e-01
      outer loop
         vertex 3.447820e+00 3.828695e+00 1.999239e+01
         vertex 3.320280e+00 3.711829e+00 1.996962e+01
         vertex 3.511783e+00 3.511783e+00 1.996962e+01
      endloop
   endfacet
   facet normal -9.430721e-02 -9.028021e-02 9.914412e-01
      outer loop
         vertex 3.447820e+00 3.828695e+00 1.999239e+01
         vertex 3.511783e+00 3.511783e+00 1.996962e+01
         vertex 3.634103e+00 3.634103e+00 1.999239e+01
      endloop
   endfacet
   facet normal -9.027975e-02 -9.430766e-02 9.914412e-01
      outer loop
         vertex 3.634103e+00 3.634103e+00 1.999239e+01
         vertex 3.511783e+00 3.511783e+00 1.996962e+01
         vertex 3.711827e+00 3.320282e+00 1.996962e+01
      endloop
   endfacet
   facet normal -9.028203e-02 -9.430821e-02 9.914409e-01
      outer loop
         vertex 3.634103e+00 3.634103e+00 1.999239e+01
         vertex 3.711827e+00 3.320282e+00 1.996962e+01
         vertex 3.828693e+00 3.447820e+00 1.999239e+01
      endloop
   endfacet
   facet normal -8.608185e-02 -9.815696e-02 9.914409e-01
      outer loop
         vertex 3.828693e+00 3.447820e+00 1.999239e+01
         vertex 3.711827e+00 3.320282e+00 1.996962e+01
         vertex 3.920034e+00 3.137689e+00 1.996962e+01
      endloop
   endfacet
   facet normal -8.608099e-02 -9.815672e-02 9.914410e-01
      outer loop
         vertex 3.828693e+00 3.447820e+00 1.999239e+01
         vertex 3.920034e+00 3.137689e+00 1.996962e+01
         vertex 4.031226e+00 3.270203e+00 1.999239e+01
      endloop
   endfacet
   facet normal -8.171691e-02 -1.018186e-01 9.914410e-01
      outer loop
         vertex 4.031226e+00 3.270203e+00 1.999239e+01
         vertex 3.920034e+00 3.137689e+00 1.996962e+01
         vertex 4.136011e+00 2.964351e+00 1.996962e+01
      endloop
   endfacet
   facet normal -8.171707e-02 -1.018187e-01 9.914410e-01
      outer loop
         vertex 4.031226e+00 3.270203e+00 1.999239e+01
         vertex 4.136011e+00 2.964351e+00 1.996962e+01
         vertex 4.241318e+00 3.101589e+00 1.999239e+01
      endloop
   endfacet
   facet normal -7.719934e-02 -1.052852e-01 9.914410e-01
      outer loop
         vertex 4.241318e+00 3.101589e+00 1.999239e+01
         vertex 4.136011e+00 2.964351e+00 1.996962e+01
         vertex 4.359338e+00 2.800599e+00 1.996962e+01
      endloop
   endfacet
   facet normal -7.719963e-02 -1.052854e-01 9.914410e-01
      outer loop
         vertex 4.241318e+00 3.101589e+00 1.999239e+01
         vertex 4.359338e+00 2.800599e+00 1.996962e+01
         vertex 4.458558e+00 2.942299e+00 1.999239e+01
      endloop
   endfacet
   facet normal -7.253269e-02 -1.085532e-01 9.914410e-01
      outer loop
         vertex 4.458558e+00 2.942299e+00 1.999239e+01
         vertex 4.359338e+00 2.800599e+00 1.996962e+01
         vertex 4.589599e+00 2.646744e+00 1.996962e+01
      endloop
   endfacet
   facet normal -7.253195e-02 -1.085528e-01 9.914411e-01
      outer loop
         vertex 4.458558e+00 2.942299e+00 1.999239e+01
         vertex 4.589599e+00 2.646744e+00 1.996962e+01
         vertex 4.682545e+00 2.792638e+00 1.999239e+01
      endloop
   endfacet
   facet normal -6.772795e-02 -1.116134e-01 9.914411e-01
      outer loop
         vertex 4.682545e+00 2.792638e+00 1.999239e+01
         vertex 4.589599e+00 2.646744e+00 1.996962e+01
         vertex 4.826352e+00 2.503080e+00 1.996962e+01
      endloop
   endfacet
   facet normal -6.772948e-02 -1.116141e-01 9.914409e-01
      outer loop
         vertex 4.682545e+00 2.792638e+00 1.999239e+01
         vertex 4.826352e+00 2.503080e+00 1.996962e+01
         vertex 4.912842e+00 2.652889e+00 1.999239e+01
      endloop
   endfacet
   facet normal -6.279660e-02 -1.144621e-01 9.914409e-01
      outer loop
         vertex 4.912842e+00 2.652889e+00 1.999239e+01
         vertex 4.826352e+00 2.503080e+00 1.996962e+01
         vertex 5.069144e+00 2.369879e+00 1.996962e+01
      endloop
   endfacet
   facet normal -6.279623e-02 -1.144619e-01 9.914409e-01
      outer loop
         vertex 4.912842e+00 2.652889e+00 1.999239e+01
         vertex 5.069144e+00 2.369879e+00 1.996962e+01
         vertex 5.149018e+00 2.523318e+00 1.999239e+01
      endloop
   endfacet
   facet normal -5.774346e-02 -1.170921e-01 9.914409e-01
      outer loop
         vertex 5.149018e+00 2.523318e+00 1.999239e+01
         vertex 5.069144e+00 2.369879e+00 1.996962e+01
         vertex 5.317517e+00 2.247395e+00 1.996962e+01
      endloop
   endfacet
   facet normal -5.774229e-02 -1.170914e-01 9.914411e-01
      outer loop
         vertex 5.149018e+00 2.523318e+00 1.999239e+01
         vertex 5.317517e+00 2.247395e+00 1.996962e+01
         vertex 5.390622e+00 2.404174e+00 1.999239e+01
      endloop
   endfacet
   facet normal -5.258096e-02 -1.194981e-01 9.914411e-01
      outer loop
         vertex 5.390622e+00 2.404174e+00 1.999239e+01
         vertex 5.317517e+00 2.247395e+00 1.996962e+01
         vertex 5.570993e+00 2.135862e+00 1.996962e+01
      endloop
   endfacet
   facet normal -5.258042e-02 -1.194978e-01 9.914412e-01
      outer loop
         vertex 5.390622e+00 2.404174e+00 1.999239e+01
         vertex 5.570993e+00 2.135862e+00 1.996962e+01
         vertex 5.637191e+00 2.295680e+00 1.999239e+01
      endloop
   endfacet
   facet normal -4.731771e-02 -1.216776e-01 9.914412e-01
      outer loop
         vertex 5.637191e+00 2.295680e+00 1.999239e+01
         vertex 5.570993e+00 2.135862e+00 1.996962e+01
         vertex 5.829096e+00 2.035491e+00 1.996962e+01
      endloop
   endfacet
   facet normal -4.731822e-02 -1.216780e-01 9.914411e-01
      outer loop
         vertex 5.637191e+00 2.295680e+00 1.999239e+01
         vertex 5.829096e+00 2.035491e+00 1.996962e+01
         vertex 5.888261e+00 2.198044e+00 1.999239e+01
      endloop
   endfacet
   facet normal -4.196514e-02 -1.236264e-01 9.914411e-01
      outer loop
         vertex 5.888261e+00 2.198044e+00 1.999239e+01
         vertex 5.829096e+00 2.035491e+00 1.996962e+01
         vertex 6.091330e+00 1.946475e+00 1.996962e+01
      endloop
   endfacet
   facet normal -4.196615e-02 -1.236272e-01 9.914410e-01
      outer loop
         vertex 5.888261e+00 2.198044e+00 1.999239e+01
         vertex 6.091330e+00 1.946475e+00 1.996962e+01
         vertex 6.143346e+00 2.111454e+00 1.999239e+01
      endloop
   endfacet
   facet normal -3.653351e-02 -1.253400e-01 9.914410e-01
      outer loop
         vertex 6.143346e+00 2.111454e+00 1.999239e+01
         vertex 6.091330e+00 1.946475e+00 1.996962e+01
         vertex 6.357197e+00 1.868982e+00 1.996962e+01
      endloop
   endfacet
   facet normal -3.653261e-02 -1.253393e-01 9.914411e-01
      outer loop
         vertex 6.143346e+00 2.111454e+00 1.999239e+01
         vertex 6.357197e+00 1.868982e+00 1.996962e+01
         vertex 6.401971e+00 2.036072e+00 1.999239e+01
      endloop
   endfacet
   facet normal -3.103076e-02 -1.268136e-01 9.914411e-01
      outer loop
         vertex 6.401971e+00 2.036072e+00 1.999239e+01
         vertex 6.357197e+00 1.868982e+00 1.996962e+01
         vertex 6.626192e+00 1.803160e+00 1.996962e+01
      endloop
   endfacet
   facet normal -3.103147e-02 -1.268142e-01 9.914410e-01
      outer loop
         vertex 6.401971e+00 2.036072e+00 1.999239e+01
         vertex 6.626192e+00 1.803160e+00 1.996962e+01
         vertex 6.663632e+00 1.972044e+00 1.999239e+01
      endloop
   endfacet
   facet normal -2.546982e-02 -1.280472e-01 9.914410e-01
      outer loop
         vertex 6.663632e+00 1.972044e+00 1.999239e+01
         vertex 6.626192e+00 1.803160e+00 1.996962e+01
         vertex 6.897803e+00 1.749134e+00 1.996962e+01
      endloop
   endfacet
   facet normal -2.547035e-02 -1.280477e-01 9.914409e-01
      outer loop
         vertex 6.663632e+00 1.972044e+00 1.999239e+01
         vertex 6.897803e+00 1.749134e+00 1.996962e+01
         vertex 6.927840e+00 1.919489e+00 1.999239e+01
      endloop
   endfacet
   facet normal -1.986139e-02 -1.290367e-01 9.914409e-01
      outer loop
         vertex 6.927840e+00 1.919489e+00 1.999239e+01
         vertex 6.897803e+00 1.749134e+00 1.996962e+01
         vertex 7.171512e+00 1.707004e+00 1.996962e+01
      endloop
   endfacet
   facet normal -1.986062e-02 -1.290358e-01 9.914410e-01
      outer loop
         vertex 6.927840e+00 1.919489e+00 1.999239e+01
         vertex 7.171512e+00 1.707004e+00 1.996962e+01
         vertex 7.194091e+00 1.878509e+00 1.999239e+01
      endloop
   endfacet
   facet normal -1.421241e-02 -1.297794e-01 9.914410e-01
      outer loop
         vertex 7.194091e+00 1.878509e+00 1.999239e+01
         vertex 7.171512e+00 1.707004e+00 1.996962e+01
         vertex 7.446796e+00 1.676857e+00 1.996962e+01
      endloop
   endfacet
   facet normal -1.421253e-02 -1.297796e-01 9.914410e-01
      outer loop
         vertex 7.194091e+00 1.878509e+00 1.999239e+01
         vertex 7.446796e+00 1.676857e+00 1.996962e+01
         vertex 7.461872e+00 1.849184e+00 1.999239e+01
      endloop
   endfacet
   facet normal -8.538827e-03 -1.302760e-01 9.914410e-01
      outer loop
         vertex 7.461872e+00 1.849184e+00 1.999239e+01
         vertex 7.446796e+00 1.676857e+00 1.996962e+01
         vertex 7.723134e+00 1.658745e+00 1.996962e+01
      endloop
   endfacet
   facet normal -8.538887e-03 -1.302760e-01 9.914410e-01
      outer loop
         vertex 7.461872e+00 1.849184e+00 1.999239e+01
         vertex 7.723134e+00 1.658745e+00 1.996962e+01
         vertex 7.730678e+00 1.831565e+00 1.999239e+01
      endloop
   endfacet
   facet normal -9.464396e-03 -1.302352e-01 9.914380e-01
      outer loop
         vertex 7.730678e+00 1.831565e+00 1.999239e+01
         vertex 7.723134e+00 1.658745e+00 1.996962e+01
         vertex 7.999998e+00 1.758926e+00 1.998542e+01
      endloop
   endfacet
   facet normal -2.266015e-03 -1.038489e-01 9.945905e-01
      outer loop
         vertex 7.730678e+00 1.831565e+00 1.999239e+01
         vertex 7.999998e+00 1.758926e+00 1.998542e+01
         vertex 7.999998e+00 1.825688e+00 1.999239e+01
      endloop
   endfacet
   facet normal -4.362112e-02 -9.512278e-04 9.990477e-01
      outer loop
         vertex 2.000000e+00 7.999999e+00 2.000000e+01
         vertex 1.831565e+00 7.730680e+00 1.999239e+01
         vertex 2.005707e+00 7.738283e+00 2.000000e+01
      endloop
   endfacet
   facet normal -4.353807e-02 -2.853373e-03 9.990477e-01
      outer loop
         vertex 2.005707e+00 7.738283e+00 2.000000e+01
         vertex 1.831565e+00 7.730680e+00 1.999239e+01
         vertex 1.849182e+00 7.461873e+00 1.999239e+01
      endloop
   endfacet
   facet normal -4.353757e-02 -2.853660e-03 9.990477e-01
      outer loop
         vertex 2.005707e+00 7.738283e+00 2.000000e+01
         vertex 1.849182e+00 7.461873e+00 1.999239e+01
         vertex 2.022829e+00 7.477066e+00 2.000000e+01
      endloop
   endfacet
   facet normal -4.337167e-02 -4.749738e-03 9.990477e-01
      outer loop
         vertex 2.022829e+00 7.477066e+00 2.000000e+01
         vertex 1.849182e+00 7.461873e+00 1.999239e+01
         vertex 1.878507e+00 7.194091e+00 1.999239e+01
      endloop
   endfacet
   facet normal -4.337045e-02 -4.750366e-03 9.990478e-01
      outer loop
         vertex 2.022829e+00 7.477066e+00 2.000000e+01
         vertex 1.878507e+00 7.194091e+00 1.999239e+01
         vertex 2.051331e+00 7.216843e+00 2.000000e+01
      endloop
   endfacet
   facet normal -4.312201e-02 -6.637474e-03 9.990478e-01
      outer loop
         vertex 2.051331e+00 7.216843e+00 2.000000e+01
         vertex 1.878507e+00 7.194091e+00 1.999239e+01
         vertex 1.919489e+00 6.927841e+00 1.999239e+01
      endloop
   endfacet
   facet normal -4.312345e-02 -6.636813e-03 9.990477e-01
      outer loop
         vertex 2.051331e+00 7.216843e+00 2.000000e+01
         vertex 1.919489e+00 6.927841e+00 1.999239e+01
         vertex 2.091151e+00 6.958110e+00 2.000000e+01
      endloop
   endfacet
   facet normal -4.279284e-02 -8.511777e-03 9.990477e-01
      outer loop
         vertex 2.091151e+00 6.958110e+00 2.000000e+01
         vertex 1.919489e+00 6.927841e+00 1.999239e+01
         vertex 1.972042e+00 6.663634e+00 1.999239e+01
      endloop
   endfacet
   facet normal -4.279150e-02 -8.512323e-03 9.990478e-01
      outer loop
         vertex 2.091151e+00 6.958110e+00 2.000000e+01
         vertex 1.972042e+00 6.663634e+00 1.999239e+01
         vertex 2.142224e+00 6.701362e+00 2.000000e+01
      endloop
   endfacet
   facet normal -4.237955e-02 -1.037048e-02 9.990478e-01
      outer loop
         vertex 2.142224e+00 6.701362e+00 2.000000e+01
         vertex 1.972042e+00 6.663634e+00 1.999239e+01
         vertex 2.036072e+00 6.401970e+00 1.999239e+01
      endloop
   endfacet
   facet normal -4.238039e-02 -1.037018e-02 9.990477e-01
      outer loop
         vertex 2.142224e+00 6.701362e+00 2.000000e+01
         vertex 2.036072e+00 6.401970e+00 1.999239e+01
         vertex 2.204444e+00 6.447085e+00 2.000000e+01
      endloop
   endfacet
   facet normal -4.188765e-02 -1.220912e-02 9.990477e-01
      outer loop
         vertex 2.204444e+00 6.447085e+00 2.000000e+01
         vertex 2.036072e+00 6.401970e+00 1.999239e+01
         vertex 2.111454e+00 6.143348e+00 1.999239e+01
      endloop
   endfacet
   facet normal -4.188735e-02 -1.220921e-02 9.990477e-01
      outer loop
         vertex 2.204444e+00 6.447085e+00 2.000000e+01
         vertex 2.111454e+00 6.143348e+00 1.999239e+01
         vertex 2.277698e+00 6.195765e+00 2.000000e+01
      endloop
   endfacet
   facet normal -4.131497e-02 -1.402457e-02 9.990477e-01
      outer loop
         vertex 2.277698e+00 6.195765e+00 2.000000e+01
         vertex 2.111454e+00 6.143348e+00 1.999239e+01
         vertex 2.198044e+00 5.888261e+00 1.999239e+01
      endloop
   endfacet
   facet normal -4.131583e-02 -1.402434e-02 9.990477e-01
      outer loop
         vertex 2.277698e+00 6.195765e+00 2.000000e+01
         vertex 2.198044e+00 5.888261e+00 1.999239e+01
         vertex 2.361841e+00 5.947879e+00 2.000000e+01
      endloop
   endfacet
   facet normal -4.066453e-02 -1.581377e-02 9.990477e-01
      outer loop
         vertex 2.361841e+00 5.947879e+00 2.000000e+01
         vertex 2.198044e+00 5.888261e+00 1.999239e+01
         vertex 2.295680e+00 5.637193e+00 1.999239e+01
      endloop
   endfacet
   facet normal -4.066459e-02 -1.581376e-02 9.990477e-01
      outer loop
         vertex 2.361841e+00 5.947879e+00 2.000000e+01
         vertex 2.295680e+00 5.637193e+00 1.999239e+01
         vertex 2.456721e+00 5.703899e+00 2.000000e+01
      endloop
   endfacet
   facet normal -3.993626e-02 -1.757206e-02 9.990477e-01
      outer loop
         vertex 2.456721e+00 5.703899e+00 2.000000e+01
         vertex 2.295680e+00 5.637193e+00 1.999239e+01
         vertex 2.404172e+00 5.390623e+00 1.999239e+01
      endloop
   endfacet
   facet normal -3.993600e-02 -1.757210e-02 9.990477e-01
      outer loop
         vertex 2.456721e+00 5.703899e+00 2.000000e+01
         vertex 2.404172e+00 5.390623e+00 1.999239e+01
         vertex 2.562150e+00 5.464290e+00 2.000000e+01
      endloop
   endfacet
   facet normal -3.913139e-02 -1.929757e-02 9.990477e-01
      outer loop
         vertex 2.562150e+00 5.464290e+00 2.000000e+01
         vertex 2.404172e+00 5.390623e+00 1.999239e+01
         vertex 2.523318e+00 5.149020e+00 1.999239e+01
      endloop
   endfacet
   facet normal -3.913156e-02 -1.929755e-02 9.990477e-01
      outer loop
         vertex 2.562150e+00 5.464290e+00 2.000000e+01
         vertex 2.523318e+00 5.149020e+00 1.999239e+01
         vertex 2.677932e+00 5.229508e+00 2.000000e+01
      endloop
   endfacet
   facet normal -3.825265e-02 -2.098592e-02 9.990477e-01
      outer loop
         vertex 2.677932e+00 5.229508e+00 2.000000e+01
         vertex 2.523318e+00 5.149020e+00 1.999239e+01
         vertex 2.652887e+00 4.912844e+00 1.999239e+01
      endloop
   endfacet
   facet normal -3.825164e-02 -2.098600e-02 9.990477e-01
      outer loop
         vertex 2.677932e+00 5.229508e+00 2.000000e+01
         vertex 2.652887e+00 4.912844e+00 1.999239e+01
         vertex 2.803847e+00 5.000000e+00 2.000000e+01
      endloop
   endfacet
   facet normal -3.729995e-02 -2.263440e-02 9.990477e-01
      outer loop
         vertex 2.803847e+00 5.000000e+00 2.000000e+01
         vertex 2.652887e+00 4.912844e+00 1.999239e+01
         vertex 2.792638e+00 4.682545e+00 1.999239e+01
      endloop
   endfacet
   facet normal -3.730086e-02 -2.263437e-02 9.990477e-01
      outer loop
         vertex 2.803847e+00 5.000000e+00 2.000000e+01
         vertex 2.792638e+00 4.682545e+00 1.999239e+01
         vertex 2.939649e+00 4.776202e+00 2.000000e+01
      endloop
   endfacet
   facet normal -3.627804e-02 -2.423986e-02 9.990477e-01
      outer loop
         vertex 2.939649e+00 4.776202e+00 2.000000e+01
         vertex 2.792638e+00 4.682545e+00 1.999239e+01
         vertex 2.942298e+00 4.458560e+00 1.999239e+01
      endloop
   endfacet
   facet normal -3.627689e-02 -2.423985e-02 9.990478e-01
      outer loop
         vertex 2.939649e+00 4.776202e+00 2.000000e+01
         vertex 2.942298e+00 4.458560e+00 1.999239e+01
         vertex 3.085088e+00 4.558541e+00 2.000000e+01
      endloop
   endfacet
   facet normal -3.518517e-02 -2.579902e-02 9.990478e-01
      outer loop
         vertex 3.085088e+00 4.558541e+00 2.000000e+01
         vertex 2.942298e+00 4.458560e+00 1.999239e+01
         vertex 3.101587e+00 4.241318e+00 1.999239e+01
      endloop
   endfacet
   facet normal -3.518617e-02 -2.579907e-02 9.990477e-01
      outer loop
         vertex 3.085088e+00 4.558541e+00 2.000000e+01
         vertex 3.101587e+00 4.241318e+00 1.999239e+01
         vertex 3.239878e+00 4.347431e+00 2.000000e+01
      endloop
   endfacet
   facet normal -3.402714e-02 -2.730956e-02 9.990477e-01
      outer loop
         vertex 3.239878e+00 4.347431e+00 2.000000e+01
         vertex 3.101587e+00 4.241318e+00 1.999239e+01
         vertex 3.270201e+00 4.031228e+00 1.999239e+01
      endloop
   endfacet
   facet normal -3.402704e-02 -2.730955e-02 9.990477e-01
      outer loop
         vertex 3.239878e+00 4.347431e+00 2.000000e+01
         vertex 3.270201e+00 4.031228e+00 1.999239e+01
         vertex 3.403731e+00 4.143273e+00 2.000000e+01
      endloop
   endfacet
   facet normal -3.280328e-02 -2.876796e-02 9.990477e-01
      outer loop
         vertex 3.403731e+00 4.143273e+00 2.000000e+01
         vertex 3.270201e+00 4.031228e+00 1.999239e+01
         vertex 3.447820e+00 3.828695e+00 1.999239e+01
      endloop
   endfacet
   facet normal -3.280313e-02 -2.876794e-02 9.990477e-01
      outer loop
         vertex 3.403731e+00 4.143273e+00 2.000000e+01
         vertex 3.447820e+00 3.828695e+00 1.999239e+01
         vertex 3.576335e+00 3.946459e+00 2.000000e+01
      endloop
   endfacet
   facet normal -3.151714e-02 -3.017133e-02 9.990477e-01
      outer loop
         vertex 3.576335e+00 3.946459e+00 2.000000e+01
         vertex 3.447820e+00 3.828695e+00 1.999239e+01
         vertex 3.634103e+00 3.634103e+00 1.999239e+01
      endloop
   endfacet
   facet normal -3.151751e-02 -3.017140e-02 9.990477e-01
      outer loop
         vertex 3.576335e+00 3.946459e+00 2.000000e+01
         vertex 3.634103e+00 3.634103e+00 1.999239e+01
         vertex 3.757358e+00 3.757359e+00 2.000000e+01
      endloop
   endfacet
   facet normal -3.017169e-02 -3.151721e-02 9.990477e-01
      outer loop
         vertex 3.757358e+00 3.757359e+00 2.000000e+01
         vertex 3.634103e+00 3.634103e+00 1.999239e+01
         vertex 3.828693e+00 3.447820e+00 1.999239e+01
      endloop
   endfacet
   facet normal -3.017095e-02 -3.151704e-02 9.990477e-01
      outer loop
         vertex 3.757358e+00 3.757359e+00 2.000000e+01
         vertex 3.828693e+00 3.447820e+00 1.999239e+01
         vertex 3.946457e+00 3.576336e+00 2.000000e+01
      endloop
   endfacet
   facet normal -2.876748e-02 -3.280308e-02 9.990477e-01
      outer loop
         vertex 3.946457e+00 3.576336e+00 2.000000e+01
         vertex 3.828693e+00 3.447820e+00 1.999239e+01
         vertex 4.031226e+00 3.270203e+00 1.999239e+01
      endloop
   endfacet
   facet normal -2.876802e-02 -3.280323e-02 9.990477e-01
      outer loop
         vertex 3.946457e+00 3.576336e+00 2.000000e+01
         vertex 4.031226e+00 3.270203e+00 1.999239e+01
         vertex 4.143272e+00 3.403733e+00 2.000000e+01
      endloop
   endfacet
   facet normal -2.730936e-02 -3.402719e-02 9.990477e-01
      outer loop
         vertex 4.143272e+00 3.403733e+00 2.000000e+01
         vertex 4.031226e+00 3.270203e+00 1.999239e+01
         vertex 4.241318e+00 3.101589e+00 1.999239e+01
      endloop
   endfacet
   facet normal -2.730978e-02 -3.402733e-02 9.990477e-01
      outer loop
         vertex 4.143272e+00 3.403733e+00 2.000000e+01
         vertex 4.241318e+00 3.101589e+00 1.999239e+01
         vertex 4.347429e+00 3.239879e+00 2.000000e+01
      endloop
   endfacet
   facet normal -2.579981e-02 -3.518595e-02 9.990477e-01
      outer loop
         vertex 4.347429e+00 3.239879e+00 2.000000e+01
         vertex 4.241318e+00 3.101589e+00 1.999239e+01
         vertex 4.458558e+00 2.942299e+00 1.999239e+01
      endloop
   endfacet
   facet normal -2.579868e-02 -3.518553e-02 9.990477e-01
      outer loop
         vertex 4.347429e+00 3.239879e+00 2.000000e+01
         vertex 4.458558e+00 2.942299e+00 1.999239e+01
         vertex 4.558541e+00 3.085088e+00 2.000000e+01
      endloop
   endfacet
   facet normal -2.423948e-02 -3.627731e-02 9.990477e-01
      outer loop
         vertex 4.558541e+00 3.085088e+00 2.000000e+01
         vertex 4.458558e+00 2.942299e+00 1.999239e+01
         vertex 4.682545e+00 2.792638e+00 1.999239e+01
      endloop
   endfacet
   facet normal -2.423996e-02 -3.627751e-02 9.990477e-01
      outer loop
         vertex 4.558541e+00 3.085088e+00 2.000000e+01
         vertex 4.682545e+00 2.792638e+00 1.999239e+01
         vertex 4.776202e+00 2.939651e+00 2.000000e+01
      endloop
   endfacet
   facet normal -2.263450e-02 -3.730030e-02 9.990477e-01
      outer loop
         vertex 4.776202e+00 2.939651e+00 2.000000e+01
         vertex 4.682545e+00 2.792638e+00 1.999239e+01
         vertex 4.912842e+00 2.652889e+00 1.999239e+01
      endloop
   endfacet
   facet normal -2.263441e-02 -3.730026e-02 9.990477e-01
      outer loop
         vertex 4.776202e+00 2.939651e+00 2.000000e+01
         vertex 4.912842e+00 2.652889e+00 1.999239e+01
         vertex 4.999999e+00 2.803847e+00 2.000000e+01
      endloop
   endfacet
   facet normal -2.098589e-02 -3.825205e-02 9.990477e-01
      outer loop
         vertex 4.999999e+00 2.803847e+00 2.000000e+01
         vertex 4.912842e+00 2.652889e+00 1.999239e+01
         vertex 5.149018e+00 2.523318e+00 1.999239e+01
      endloop
   endfacet
   facet normal -2.098592e-02 -3.825206e-02 9.990477e-01
      outer loop
         vertex 4.999999e+00 2.803847e+00 2.000000e+01
         vertex 5.149018e+00 2.523318e+00 1.999239e+01
         vertex 5.229507e+00 2.677934e+00 2.000000e+01
      endloop
   endfacet
   facet normal -1.929711e-02 -3.913121e-02 9.990477e-01
      outer loop
         vertex 5.229507e+00 2.677934e+00 2.000000e+01
         vertex 5.149018e+00 2.523318e+00 1.999239e+01
         vertex 5.390622e+00 2.404174e+00 1.999239e+01
      endloop
   endfacet
   facet normal -1.929749e-02 -3.913143e-02 9.990477e-01
      outer loop
         vertex 5.229507e+00 2.677934e+00 2.000000e+01
         vertex 5.390622e+00 2.404174e+00 1.999239e+01
         vertex 5.464289e+00 2.562152e+00 2.000000e+01
      endloop
   endfacet
   facet normal -1.757228e-02 -3.993592e-02 9.990477e-01
      outer loop
         vertex 5.464289e+00 2.562152e+00 2.000000e+01
         vertex 5.390622e+00 2.404174e+00 1.999239e+01
         vertex 5.637191e+00 2.295680e+00 1.999239e+01
      endloop
   endfacet
   facet normal -1.757217e-02 -3.993586e-02 9.990477e-01
      outer loop
         vertex 5.464289e+00 2.562152e+00 2.000000e+01
         vertex 5.637191e+00 2.295680e+00 1.999239e+01
         vertex 5.703896e+00 2.456723e+00 2.000000e+01
      endloop
   endfacet
   facet normal -1.581356e-02 -4.066429e-02 9.990477e-01
      outer loop
         vertex 5.703896e+00 2.456723e+00 2.000000e+01
         vertex 5.637191e+00 2.295680e+00 1.999239e+01
         vertex 5.888261e+00 2.198044e+00 1.999239e+01
      endloop
   endfacet
   facet normal -1.581359e-02 -4.066432e-02 9.990477e-01
      outer loop
         vertex 5.703896e+00 2.456723e+00 2.000000e+01
         vertex 5.888261e+00 2.198044e+00 1.999239e+01
         vertex 5.947877e+00 2.361843e+00 2.000000e+01
      endloop
   endfacet
   facet normal -1.402480e-02 -4.131536e-02 9.990477e-01
      outer loop
         vertex 5.947877e+00 2.361843e+00 2.000000e+01
         vertex 5.888261e+00 2.198044e+00 1.999239e+01
         vertex 6.143346e+00 2.111454e+00 1.999239e+01
      endloop
   endfacet
   facet normal -1.402424e-02 -4.131492e-02 9.990477e-01
      outer loop
         vertex 5.947877e+00 2.361843e+00 2.000000e+01
         vertex 6.143346e+00 2.111454e+00 1.999239e+01
         vertex 6.195765e+00 2.277698e+00 2.000000e+01
      endloop
   endfacet
   facet normal -1.220889e-02 -4.188731e-02 9.990477e-01
      outer loop
         vertex 6.195765e+00 2.277698e+00 2.000000e+01
         vertex 6.143346e+00 2.111454e+00 1.999239e+01
         vertex 6.401971e+00 2.036072e+00 1.999239e+01
      endloop
   endfacet
   facet normal -1.220936e-02 -4.188772e-02 9.990477e-01
      outer loop
         vertex 6.195765e+00 2.277698e+00 2.000000e+01
         vertex 6.401971e+00 2.036072e+00 1.999239e+01
         vertex 6.447084e+00 2.204444e+00 2.000000e+01
      endloop
   endfacet
   facet normal -1.037050e-02 -4.238042e-02 9.990477e-01
      outer loop
         vertex 6.447084e+00 2.204444e+00 2.000000e+01
         vertex 6.401971e+00 2.036072e+00 1.999239e+01
         vertex 6.663632e+00 1.972044e+00 1.999239e+01
      endloop
   endfacet
   facet normal -1.037050e-02 -4.238042e-02 9.990477e-01
      outer loop
         vertex 6.447084e+00 2.204444e+00 2.000000e+01
         vertex 6.663632e+00 1.972044e+00 1.999239e+01
         vertex 6.701361e+00 2.142223e+00 2.000000e+01
      endloop
   endfacet
   facet normal -8.511973e-03 -4.279246e-02 9.990477e-01
      outer loop
         vertex 6.701361e+00 2.142223e+00 2.000000e+01
         vertex 6.663632e+00 1.972044e+00 1.999239e+01
         vertex 6.927840e+00 1.919489e+00 1.999239e+01
      endloop
   endfacet
   facet normal -8.511913e-03 -4.279240e-02 9.990477e-01
      outer loop
         vertex 6.701361e+00 2.142223e+00 2.000000e+01
         vertex 6.927840e+00 1.919489e+00 1.999239e+01
         vertex 6.958108e+00 2.091153e+00 2.000000e+01
      endloop
   endfacet
   facet normal -6.637292e-03 -4.312294e-02 9.990477e-01
      outer loop
         vertex 6.958108e+00 2.091153e+00 2.000000e+01
         vertex 6.927840e+00 1.919489e+00 1.999239e+01
         vertex 7.194091e+00 1.878509e+00 1.999239e+01
      endloop
   endfacet
   facet normal -6.636993e-03 -4.312261e-02 9.990477e-01
      outer loop
         vertex 6.958108e+00 2.091153e+00 2.000000e+01
         vertex 7.194091e+00 1.878509e+00 1.999239e+01
         vertex 7.216841e+00 2.051331e+00 2.000000e+01
      endloop
   endfacet
   facet normal -4.749686e-03 -4.337105e-02 9.990477e-01
      outer loop
         vertex 7.216841e+00 2.051331e+00 2.000000e+01
         vertex 7.194091e+00 1.878509e+00 1.999239e+01
         vertex 7.461872e+00 1.849184e+00 1.999239e+01
      endloop
   endfacet
   facet normal -4.750188e-03 -4.337166e-02 9.990477e-01
      outer loop
         vertex 7.216841e+00 2.051331e+00 2.000000e+01
         vertex 7.461872e+00 1.849184e+00 1.999239e+01
         vertex 7.477064e+00 2.022831e+00 2.000000e+01
      endloop
   endfacet
   facet normal -2.853652e-03 -4.353758e-02 9.990477e-01
      outer loop
         vertex 7.477064e+00 2.022831e+00 2.000000e+01
         vertex 7.461872e+00 1.849184e+00 1.999239e+01
         vertex 7.730678e+00 1.831565e+00 1.999239e+01
      endloop
   endfacet
   facet normal -2.853662e-03 -4.353759e-02 9.990477e-01
      outer loop
         vertex 7.477064e+00 2.022831e+00 2.000000e+01
         vertex 7.730678e+00 1.831565e+00 1.999239e+01
         vertex 7.738281e+00 2.005709e+00 2.000000e+01
      endloop
   endfacet
   facet normal -9.518161e-04 -4.362063e-02 9.990477e-01
      outer loop
         vertex 7.738281e+00 2.005709e+00 2.000000e+01
         vertex 7.730678e+00 1.831565e+00 1.999239e+01
         vertex 7.999998e+00 1.825688e+00 1.999239e+01
      endloop
   endfacet
   facet normal -9.515181e-04 -4.362020e-02 9.990477e-01
      outer loop
         vertex 7.738281e+00 2.005709e+00 2.000000e+01
         vertex 7.999998e+00 1.825688e+00 1.999239e+01
         vertex 7.999998e+00 2.000000e+00 2.000000e+01
      endloop
   endfacet
   facet normal -9.990482e-01 0.000000e+00 4.362045e-02
      outer loop
         vertex 0.000000e+00 3.200000e+01 1.800000e+01
         vertex 0.000000e+00 7.999999e+00 1.800000e+01
         vertex 7.610768e-03 3.200000e+01 1.817431e+01
      endloop
   endfacet
   facet normal -9.990482e-01 0.000000e+00 4.362045e-02
      outer loop
         vertex 7.610768e-03 3.200000e+01 1.817431e+01
         vertex 0.000000e+00 7.999999e+00 1.800000e+01
         vertex 7.610768e-03 7.999999e+00 1.817431e+01
      endloop
   endfacet
   facet normal -9.945943e-01 0.000000e+00 1.038368e-01
      outer loop
         vertex 7.610768e-03 3.200000e+01 1.817431e+01
         vertex 7.610768e-03 7.999999e+00 1.817431e+01
         vertex 1.458079e-02 3.200000e+01 1.824107e+01
      endloop
   endfacet
   facet normal -9.945943e-01 0.000000e+00 1.038368e-01
      outer loop
         vertex 1.458079e-02 3.200000e+01 1.824107e+01
         vertex 7.610768e-03 7.999999e+00 1.817431e+01
         vertex 1.458079e-02 7.999999e+00 1.824107e+01
      endloop
   endfacet
   facet normal -9.891143e-01 0.000000e+00 1.471496e-01
      outer loop
         vertex 1.458079e-02 3.200000e+01 1.824107e+01
         vertex 1.458079e-02 7.999999e+00 1.824107e+01
         vertex 3.038347e-02 3.200000e+01 1.834730e+01
      endloop
   endfacet
   facet normal -9.891143e-01 0.000000e+00 1.471496e-01
      outer loop
         vertex 3.038347e-02 3.200000e+01 1.834730e+01
         vertex 1.458079e-02 7.999999e+00 1.824107e+01
         vertex 3.038347e-02 7.999999e+00 1.834730e+01
      endloop
   endfacet
   facet normal -9.784271e-01 0.000000e+00 2.065923e-01
      outer loop
         vertex 3.038347e-02 3.200000e+01 1.834730e+01
         vertex 3.038347e-02 7.999999e+00 1.834730e+01
         vertex 5.811453e-02 3.200000e+01 1.847863e+01
      endloop
   endfacet
   facet normal -9.784271e-01 0.000000e+00 2.065923e-01
      outer loop
         vertex 5.811453e-02 3.200000e+01 1.847863e+01
         vertex 3.038347e-02 7.999999e+00 1.834730e+01
         vertex 5.811453e-02 7.999999e+00 1.847863e+01
      endloop
   endfacet
   facet normal -9.684813e-01 0.000000e+00 2.490863e-01
      outer loop
         vertex 5.811453e-02 3.200000e+01 1.847863e+01
         vertex 5.811453e-02 7.999999e+00 1.847863e+01
         vertex 6.814674e-02 3.200000e+01 1.851764e+01
      endloop
   endfacet
   facet normal -9.684813e-01 0.000000e+00 2.490863e-01
      outer loop
         vertex 6.814674e-02 3.200000e+01 1.851764e+01
         vertex 5.811453e-02 7.999999e+00 1.847863e+01
         vertex 6.814674e-02 7.999999e+00 1.851764e+01
      endloop
   endfacet
   facet normal -9.537160e-01 0.000000e+00 3.007088e-01
      outer loop
         vertex 6.814674e-02 3.200000e+01 1.851764e+01
         vertex 6.814674e-02 7.999999e+00 1.851764e+01
         vertex 1.206137e-01 3.200000e+01 1.868404e+01
      endloop
   endfacet
   facet normal -9.537160e-01 0.000000e+00 3.007088e-01
      outer loop
         vertex 1.206137e-01 3.200000e+01 1.868404e+01
         vertex 6.814674e-02 7.999999e+00 1.851764e+01
         vertex 1.206137e-01 7.999999e+00 1.868404e+01
      endloop
   endfacet
   facet normal -9.373599e-01 0.000000e+00 3.483624e-01
      outer loop
         vertex 1.206137e-01 3.200000e+01 1.868404e+01
         vertex 1.206137e-01 7.999999e+00 1.868404e+01
         vertex 1.299679e-01 3.200000e+01 1.870921e+01
      endloop
   endfacet
   facet normal -9.373599e-01 0.000000e+00 3.483624e-01
      outer loop
         vertex 1.299679e-01 3.200000e+01 1.870921e+01
         vertex 1.206137e-01 7.999999e+00 1.868404e+01
         vertex 1.299679e-01 7.999999e+00 1.870921e+01
      endloop
   endfacet
   facet normal -9.212959e-01 0.000000e+00 3.888622e-01
      outer loop
         vertex 1.299679e-01 3.200000e+01 1.870921e+01
         vertex 1.299679e-01 7.999999e+00 1.870921e+01
         vertex 1.873821e-01 3.200000e+01 1.884524e+01
      endloop
   endfacet
   facet normal -9.212959e-01 0.000000e+00 3.888622e-01
      outer loop
         vertex 1.873821e-01 3.200000e+01 1.884524e+01
         vertex 1.299679e-01 7.999999e+00 1.870921e+01
         vertex 1.873821e-01 7.999999e+00 1.884524e+01
      endloop
   endfacet
   facet normal -8.961253e-01 0.000000e+00 4.438011e-01
      outer loop
         vertex 1.873821e-01 3.200000e+01 1.884524e+01
         vertex 1.873821e-01 7.999999e+00 1.884524e+01
         vertex 2.290867e-01 3.200000e+01 1.892945e+01
      endloop
   endfacet
   facet normal -8.961253e-01 0.000000e+00 4.438011e-01
      outer loop
         vertex 2.290867e-01 3.200000e+01 1.892945e+01
         vertex 1.873821e-01 7.999999e+00 1.884524e+01
         vertex 2.290867e-01 7.999999e+00 1.892945e+01
      endloop
   endfacet
   facet normal -8.759121e-01 0.000000e+00 4.824708e-01
      outer loop
         vertex 2.290867e-01 3.200000e+01 1.892945e+01
         vertex 2.290867e-01 7.999999e+00 1.892945e+01
         vertex 2.679490e-01 3.200000e+01 1.900000e+01
      endloop
   endfacet
   facet normal -8.759121e-01 0.000000e+00 4.824708e-01
      outer loop
         vertex 2.679490e-01 3.200000e+01 1.900000e+01
         vertex 2.290867e-01 7.999999e+00 1.892945e+01
         vertex 2.679490e-01 7.999999e+00 1.900000e+01
      endloop
   endfacet
   facet normal -8.451980e-01 0.000000e+00 5.344533e-01
      outer loop
         vertex 2.679490e-01 3.200000e+01 1.900000e+01
         vertex 2.679490e-01 7.999999e+00 1.900000e+01
         vertex 3.540292e-01 3.200000e+01 1.913613e+01
      endloop
   endfacet
   facet normal -8.451980e-01 0.000000e+00 5.344533e-01
      outer loop
         vertex 3.540292e-01 3.200000e+01 1.913613e+01
         vertex 2.679490e-01 7.999999e+00 1.900000e+01
         vertex 3.540292e-01 7.999999e+00 1.913613e+01
      endloop
   endfacet
   facet normal -8.209844e-01 0.000000e+00 5.709507e-01
      outer loop
         vertex 3.540292e-01 3.200000e+01 1.913613e+01
         vertex 3.540292e-01 7.999999e+00 1.913613e+01
         vertex 3.616959e-01 3.200000e+01 1.914715e+01
      endloop
   endfacet
   facet normal -8.209844e-01 0.000000e+00 5.709507e-01
      outer loop
         vertex 3.616959e-01 3.200000e+01 1.914715e+01
         vertex 3.540292e-01 7.999999e+00 1.913613e+01
         vertex 3.616959e-01 7.999999e+00 1.914715e+01
      endloop
   endfacet
   facet normal -7.933509e-01 0.000000e+00 6.087646e-01
      outer loop
         vertex 3.616959e-01 3.200000e+01 1.914715e+01
         vertex 3.616959e-01 7.999999e+00 1.914715e+01
         vertex 4.679114e-01 3.200000e+01 1.928557e+01
      endloop
   endfacet
   facet normal -7.933509e-01 0.000000e+00 6.087646e-01
      outer loop
         vertex 4.679114e-01 3.200000e+01 1.928557e+01
         vertex 3.616959e-01 7.999999e+00 1.914715e+01
         vertex 4.679114e-01 7.999999e+00 1.928557e+01
      endloop
   endfacet
   facet normal -7.573632e-01 0.000000e+00 6.529938e-01
      outer loop
         vertex 4.679114e-01 3.200000e+01 1.928557e+01
         vertex 4.679114e-01 7.999999e+00 1.928557e+01
         vertex 5.029775e-01 3.200000e+01 1.932625e+01
      endloop
   endfacet
   facet normal -7.573632e-01 0.000000e+00 6.529938e-01
      outer loop
         vertex 5.029775e-01 3.200000e+01 1.932625e+01
         vertex 4.679114e-01 7.999999e+00 1.928557e+01
         vertex 5.029775e-01 7.999999e+00 1.932625e+01
      endloop
   endfacet
   facet normal -7.281493e-01 0.000000e+00 6.854186e-01
      outer loop
         vertex 5.029775e-01 3.200000e+01 1.932625e+01
         vertex 5.029775e-01 7.999999e+00 1.932625e+01
         vertex 5.857833e-01 3.200000e+01 1.941421e+01
      endloop
   endfacet
   facet normal -7.281493e-01 0.000000e+00 6.854186e-01
      outer loop
         vertex 5.857833e-01 3.200000e+01 1.941421e+01
         vertex 5.029775e-01 7.999999e+00 1.932625e+01
         vertex 5.857833e-01 7.999999e+00 1.941421e+01
      endloop
   endfacet
   facet normal -6.854229e-01 0.000000e+00 7.281452e-01
      outer loop
         vertex 5.857833e-01 3.200000e+01 1.941421e+01
         vertex 5.857833e-01 7.999999e+00 1.941421e+01
         vertex 6.737523e-01 3.200000e+01 1.949702e+01
      endloop
   endfacet
   facet normal -6.854229e-01 0.000000e+00 7.281452e-01
      outer loop
         vertex 6.737523e-01 3.200000e+01 1.949702e+01
         vertex 5.857833e-01 7.999999e+00 1.941421e+01
         vertex 6.737523e-01 7.999999e+00 1.949702e+01
      endloop
   endfacet
   facet normal -6.529966e-01 0.000000e+00 7.573609e-01
      outer loop
         vertex 6.737523e-01 3.200000e+01 1.949702e+01
         vertex 6.737523e-01 7.999999e+00 1.949702e+01
         vertex 7.144250e-01 3.200000e+01 1.953209e+01
      endloop
   endfacet
   facet normal -6.529966e-01 0.000000e+00 7.573609e-01
      outer loop
         vertex 7.144250e-01 3.200000e+01 1.953209e+01
         vertex 6.737523e-01 7.999999e+00 1.949702e+01
         vertex 7.144250e-01 7.999999e+00 1.953209e+01
      endloop
   endfacet
   facet normal -6.087639e-01 0.000000e+00 7.933515e-01
      outer loop
         vertex 7.144250e-01 3.200000e+01 1.953209e+01
         vertex 7.144250e-01 7.999999e+00 1.953209e+01
         vertex 8.528456e-01 3.200000e+01 1.963830e+01
      endloop
   endfacet
   facet normal -6.087639e-01 0.000000e+00 7.933515e-01
      outer loop
         vertex 8.528456e-01 3.200000e+01 1.963830e+01
         vertex 7.144250e-01 7.999999e+00 1.953209e+01
         vertex 8.528456e-01 7.999999e+00 1.963830e+01
      endloop
   endfacet
   facet normal -5.708429e-01 0.000000e+00 8.210593e-01
      outer loop
         vertex 8.528456e-01 3.200000e+01 1.963830e+01
         vertex 8.528456e-01 7.999999e+00 1.963830e+01
         vertex 8.638687e-01 3.200000e+01 1.964597e+01
      endloop
   endfacet
   facet normal -5.708429e-01 0.000000e+00 8.210593e-01
      outer loop
         vertex 8.638687e-01 3.200000e+01 1.964597e+01
         vertex 8.528456e-01 7.999999e+00 1.963830e+01
         vertex 8.638687e-01 7.999999e+00 1.964597e+01
      endloop
   endfacet
   facet normal -5.344656e-01 0.000000e+00 8.451902e-01
      outer loop
         vertex 8.638687e-01 3.200000e+01 1.964597e+01
         vertex 8.638687e-01 7.999999e+00 1.964597e+01
         vertex 9.999983e-01 3.200000e+01 1.973205e+01
      endloop
   endfacet
   facet normal -5.344656e-01 0.000000e+00 8.451902e-01
      outer loop
         vertex 9.999983e-01 3.200000e+01 1.973205e+01
         vertex 8.638687e-01 7.999999e+00 1.964597e+01
         vertex 9.999983e-01 7.999999e+00 1.973205e+01
      endloop
   endfacet
   facet normal -4.824619e-01 0.000000e+00 8.759169e-01
      outer loop
         vertex 9.999983e-01 3.200000e+01 1.973205e+01
         vertex 9.999983e-01 7.999999e+00 1.973205e+01
         vertex 1.070552e+00 3.200000e+01 1.977091e+01
      endloop
   endfacet
   facet normal -4.824619e-01 0.000000e+00 8.759169e-01
      outer loop
         vertex 1.070552e+00 3.200000e+01 1.977091e+01
         vertex 9.999983e-01 7.999999e+00 1.973205e+01
         vertex 1.070552e+00 7.999999e+00 1.977091e+01
      endloop
   endfacet
   facet normal -4.437931e-01 0.000000e+00 8.961293e-01
      outer loop
         vertex 1.070552e+00 3.200000e+01 1.977091e+01
         vertex 1.070552e+00 7.999999e+00 1.977091e+01
         vertex 1.154762e+00 3.200000e+01 1.981262e+01
      endloop
   endfacet
   facet normal -4.437931e-01 0.000000e+00 8.961293e-01
      outer loop
         vertex 1.154762e+00 3.200000e+01 1.981262e+01
         vertex 1.070552e+00 7.999999e+00 1.977091e+01
         vertex 1.154762e+00 7.999999e+00 1.981262e+01
      endloop
   endfacet
   facet normal -3.888715e-01 0.000000e+00 9.212920e-01
      outer loop
         vertex 1.154762e+00 3.200000e+01 1.981262e+01
         vertex 1.154762e+00 7.999999e+00 1.981262e+01
         vertex 1.290791e+00 3.200000e+01 1.987003e+01
      endloop
   endfacet
   facet normal -3.888715e-01 0.000000e+00 9.212920e-01
      outer loop
         vertex 1.290791e+00 3.200000e+01 1.987003e+01
         vertex 1.154762e+00 7.999999e+00 1.981262e+01
         vertex 1.290791e+00 7.999999e+00 1.987003e+01
      endloop
   endfacet
   facet normal -3.483241e-01 0.000000e+00 9.373742e-01
      outer loop
         vertex 1.290791e+00 3.200000e+01 1.987003e+01
         vertex 1.290791e+00 7.999999e+00 1.987003e+01
         vertex 1.315959e+00 3.200000e+01 1.987938e+01
      endloop
   endfacet
   facet normal -3.483241e-01 0.000000e+00 9.373742e-01
      outer loop
         vertex 1.315959e+00 3.200000e+01 1.987938e+01
         vertex 1.290791e+00 7.999999e+00 1.987003e+01
         vertex 1.315959e+00 7.999999e+00 1.987938e+01
      endloop
   endfacet
   facet normal -3.007103e-01 0.000000e+00 9.537155e-01
      outer loop
         vertex 1.315959e+00 3.200000e+01 1.987938e+01
         vertex 1.315959e+00 7.999999e+00 1.987938e+01
         vertex 1.482360e+00 3.200000e+01 1.993185e+01
      endloop
   endfacet
   facet normal -3.007103e-01 0.000000e+00 9.537155e-01
      outer loop
         vertex 1.482360e+00 3.200000e+01 1.993185e+01
         vertex 1.315959e+00 7.999999e+00 1.987938e+01
         vertex 1.482360e+00 7.999999e+00 1.993185e+01
      endloop
   endfacet
   facet normal -2.490590e-01 0.000000e+00 9.684883e-01
      outer loop
         vertex 1.482360e+00 3.200000e+01 1.993185e+01
         vertex 1.482360e+00 7.999999e+00 1.993185e+01
         vertex 1.521368e+00 3.200000e+01 1.994188e+01
      endloop
   endfacet
   facet normal -2.490590e-01 0.000000e+00 9.684883e-01
      outer loop
         vertex 1.521368e+00 3.200000e+01 1.994188e+01
         vertex 1.482360e+00 7.999999e+00 1.993185e+01
         vertex 1.521368e+00 7.999999e+00 1.994188e+01
      endloop
   endfacet
   facet normal -2.065989e-01 0.000000e+00 9.784257e-01
      outer loop
         vertex 1.521368e+00 3.200000e+01 1.994188e+01
         vertex 1.521368e+00 7.999999e+00 1.994188e+01
         vertex 1.652703e+00 3.200000e+01 1.996962e+01
      endloop
   endfacet
   facet normal -2.065989e-01 0.000000e+00 9.784257e-01
      outer loop
         vertex 1.652703e+00 3.200000e+01 1.996962e+01
         vertex 1.521368e+00 7.999999e+00 1.994188e+01
         vertex 1.652703e+00 7.999999e+00 1.996962e+01
      endloop
   endfacet
   facet normal -1.471496e-01 0.000000e+00 9.891143e-01
      outer loop
         vertex 1.652703e+00 3.200000e+01 1.996962e+01
         vertex 1.652703e+00 7.999999e+00 1.996962e+01
         vertex 1.758926e+00 3.200000e+01 1.998542e+01
      endloop
   endfacet
   facet normal -1.471496e-01 0.000000e+00 9.891143e-01
      outer loop
         vertex 1.758926e+00 3.200000e+01 1.998542e+01
         vertex 1.652703e+00 7.999999e+00 1.996962e+01
         vertex 1.758926e+00 7.999999e+00 1.998542e+01
      endloop
   endfacet
   facet normal -1.038520e-01 0.000000e+00 9.945928e-01
      outer loop
         vertex 1.758926e+00 3.200000e+01 1.998542e+01
         vertex 1.758926e+00 7.999999e+00 1.998542e+01
         vertex 1.825687e+00 3.200000e+01 1.999239e+01
      endloop
   endfacet
   facet normal -1.038520e-01 0.000000e+00 9.945928e-01
      outer loop
         vertex 1.825687e+00 3.200000e+01 1.999239e+01
         vertex 1.758926e+00 7.999999e+00 1.998542e+01
         vertex 1.825687e+00 7.999999e+00 1.999239e+01
      endloop
   endfacet
   facet normal -4.361975e-02 0.000000e+00 9.990482e-01
      outer loop
         vertex 1.825687e+00 3.200000e+01 1.999239e+01
         vertex 1.825687e+00 7.999999e+00 1.999239e+01
         vertex 2.000000e+00 3.200000e+01 2.000000e+01
      endloop
   endfacet
   facet normal -4.361975e-02 0.000000e+00 9.990482e-01
      outer loop
         vertex 2.000000e+00 3.200000e+01 2.000000e+01
         vertex 1.825687e+00 7.999999e+00 1.999239e+01
         vertex 2.000000e+00 7.999999e+00 2.000000e+01
      endloop
   endfacet
   facet normal -5.434000e-03 2.490665e-01 9.684711e-01
      outer loop
         vertex 7.999998e+00 3.847863e+01 1.994188e+01
         vertex 7.999998e+00 3.851764e+01 1.993185e+01
         vertex 7.715702e+00 3.851143e+01 1.993185e+01
      endloop
   endfacet
   facet normal -2.045307e-02 9.371638e-01 3.482896e-01
      outer loop
         vertex 7.999998e+00 3.987003e+01 1.870921e+01
         vertex 7.999998e+00 3.987939e+01 1.868404e+01
         vertex 7.656306e+00 3.987188e+01 1.868404e+01
      endloop
   endfacet
   facet normal -2.169708e-02 9.943573e-01 1.038398e-01
      outer loop
         vertex 7.999998e+00 3.998542e+01 1.824107e+01
         vertex 7.999998e+00 3.999239e+01 1.817431e+01
         vertex 7.651374e+00 3.998478e+01 1.817431e+01
      endloop
   endfacet
   facet normal -9.988109e-01 2.179487e-02 4.360897e-02
      outer loop
         vertex 1.521781e-02 3.234862e+01 1.817431e+01
         vertex 7.614493e-03 3.234896e+01 1.800000e+01
         vertex 0.000000e+00 3.200000e+01 1.800000e+01
      endloop
   endfacet
   facet normal -2.179487e-02 9.988109e-01 4.361009e-02
      outer loop
         vertex 7.999998e+00 3.999239e+01 1.817431e+01
         vertex 7.999998e+00 4.000000e+01 1.800000e+01
         vertex 7.651042e+00 3.999238e+01 1.800000e+01
      endloop
   endfacet
   facet normal -2.179426e-02 9.988109e-01 4.360885e-02
      outer loop
         vertex 7.999998e+00 3.999239e+01 1.817431e+01
         vertex 7.651042e+00 3.999238e+01 1.800000e+01
         vertex 7.651374e+00 3.998478e+01 1.817431e+01
      endloop
   endfacet
   facet normal -5.195009e-02 9.976967e-01 4.361761e-02
      outer loop
         vertex 7.651374e+00 3.998478e+01 1.817431e+01
         vertex 7.651042e+00 3.999238e+01 1.800000e+01
         vertex 7.516969e+00 3.998540e+01 1.800000e+01
      endloop
   endfacet
   facet normal -6.530778e-02 9.964077e-01 5.391263e-02
      outer loop
         vertex 7.651374e+00 3.998478e+01 1.817431e+01
         vertex 7.516969e+00 3.998540e+01 1.800000e+01
         vertex 7.303417e+00 3.996198e+01 1.817431e+01
      endloop
   endfacet
   facet normal -7.369829e-02 9.963261e-01 4.362226e-02
      outer loop
         vertex 7.516969e+00 3.998540e+01 1.800000e+01
         vertex 7.302754e+00 3.996956e+01 1.800000e+01
         vertex 7.303417e+00 3.996198e+01 1.817431e+01
      endloop
   endfacet
   facet normal -1.037654e-01 9.936448e-01 4.362000e-02
      outer loop
         vertex 7.303417e+00 3.996198e+01 1.817431e+01
         vertex 7.302754e+00 3.996956e+01 1.800000e+01
         vertex 7.035706e+00 3.994167e+01 1.800000e+01
      endloop
   endfacet
   facet normal -1.087231e-01 9.927455e-01 5.133880e-02
      outer loop
         vertex 7.303417e+00 3.996198e+01 1.817431e+01
         vertex 7.035706e+00 3.994167e+01 1.800000e+01
         vertex 6.956782e+00 3.992401e+01 1.817431e+01
      endloop
   endfacet
   facet normal -1.254120e-01 9.911453e-01 4.362033e-02
      outer loop
         vertex 7.035706e+00 3.994167e+01 1.800000e+01
         vertex 6.955788e+00 3.993156e+01 1.800000e+01
         vertex 6.956782e+00 3.992401e+01 1.817431e+01
      endloop
   endfacet
   facet normal -1.519790e-01 9.874211e-01 4.361072e-02
      outer loop
         vertex 6.956782e+00 3.992401e+01 1.817431e+01
         vertex 6.955788e+00 3.993156e+01 1.800000e+01
         vertex 6.610814e+00 3.987846e+01 1.800000e+01
      endloop
   endfacet
   facet normal -1.519779e-01 9.874214e-01 4.360841e-02
      outer loop
         vertex 6.956782e+00 3.992401e+01 1.817431e+01
         vertex 6.610814e+00 3.987846e+01 1.800000e+01
         vertex 6.612133e+00 3.987097e+01 1.817431e+01
      endloop
   endfacet
   facet normal -1.767937e-01 9.832810e-01 4.361812e-02
      outer loop
         vertex 6.612133e+00 3.987097e+01 1.817431e+01
         vertex 6.610814e+00 3.987846e+01 1.800000e+01
         vertex 6.557960e+00 3.986896e+01 1.800000e+01
      endloop
   endfacet
   facet normal -1.948549e-01 9.795936e-01 4.927372e-02
      outer loop
         vertex 6.612133e+00 3.987097e+01 1.817431e+01
         vertex 6.557960e+00 3.986896e+01 1.800000e+01
         vertex 6.270129e+00 3.980294e+01 1.817431e+01
      endloop
   endfacet
   facet normal -1.981924e-01 9.791925e-01 4.361073e-02
      outer loop
         vertex 6.270129e+00 3.980294e+01 1.817431e+01
         vertex 6.557960e+00 3.986896e+01 1.800000e+01
         vertex 6.268483e+00 3.981037e+01 1.800000e+01
      endloop
   endfacet
   facet normal -2.374576e-01 9.704186e-01 4.360764e-02
      outer loop
         vertex 6.270129e+00 3.980294e+01 1.817431e+01
         vertex 6.268483e+00 3.981037e+01 1.800000e+01
         vertex 5.931415e+00 3.972005e+01 1.817431e+01
      endloop
   endfacet
   facet normal -2.274301e-01 9.717109e-01 6.366752e-02
      outer loop
         vertex 5.931415e+00 3.972005e+01 1.817431e+01
         vertex 6.268483e+00 3.981037e+01 1.800000e+01
         vertex 6.085474e+00 3.976753e+01 1.800000e+01
      endloop
   endfacet
   facet normal -2.488384e-01 9.675624e-01 4.361651e-02
      outer loop
         vertex 6.085474e+00 3.976753e+01 1.800000e+01
         vertex 5.929448e+00 3.972741e+01 1.800000e+01
         vertex 5.931415e+00 3.972005e+01 1.817431e+01
      endloop
   endfacet
   facet normal -2.779509e-01 9.596049e-01 4.360940e-02
      outer loop
         vertex 5.931415e+00 3.972005e+01 1.817431e+01
         vertex 5.929448e+00 3.972741e+01 1.800000e+01
         vertex 5.619973e+00 3.963777e+01 1.800000e+01
      endloop
   endfacet
   facet normal -2.795260e-01 9.590013e-01 4.670851e-02
      outer loop
         vertex 5.931415e+00 3.972005e+01 1.817431e+01
         vertex 5.619973e+00 3.963777e+01 1.800000e+01
         vertex 5.596641e+00 3.962248e+01 1.817431e+01
      endloop
   endfacet
   facet normal -2.988671e-01 9.532973e-01 4.361936e-02
      outer loop
         vertex 5.619973e+00 3.963777e+01 1.800000e+01
         vertex 5.594354e+00 3.962974e+01 1.800000e+01
         vertex 5.596641e+00 3.962248e+01 1.817431e+01
      endloop
   endfacet
   facet normal -3.211331e-01 9.460295e-01 4.360888e-02
      outer loop
         vertex 5.596641e+00 3.962248e+01 1.817431e+01
         vertex 5.594354e+00 3.962974e+01 1.800000e+01
         vertex 5.263839e+00 3.951754e+01 1.800000e+01
      endloop
   endfacet
   facet normal -3.211286e-01 9.460315e-01 4.359907e-02
      outer loop
         vertex 5.596641e+00 3.962248e+01 1.817431e+01
         vertex 5.263839e+00 3.951754e+01 1.800000e+01
         vertex 5.266439e+00 3.951039e+01 1.817431e+01
      endloop
   endfacet
   facet normal -3.479854e-01 9.364852e-01 4.360809e-02
      outer loop
         vertex 5.266439e+00 3.951039e+01 1.817431e+01
         vertex 5.263839e+00 3.951754e+01 1.800000e+01
         vertex 5.163159e+00 3.948013e+01 1.800000e+01
      endloop
   endfacet
   facet normal -3.619376e-01 9.307013e-01 5.287894e-02
      outer loop
         vertex 5.266439e+00 3.951039e+01 1.817431e+01
         vertex 5.163159e+00 3.948013e+01 1.800000e+01
         vertex 4.941445e+00 3.938400e+01 1.817431e+01
      endloop
   endfacet
   facet normal -3.683378e-01 9.286683e-01 4.361716e-02
      outer loop
         vertex 4.941445e+00 3.938400e+01 1.817431e+01
         vertex 5.163159e+00 3.948013e+01 1.800000e+01
         vertex 4.938532e+00 3.939104e+01 1.800000e+01
      endloop
   endfacet
   facet normal -4.023615e-01 9.144415e-01 4.361189e-02
      outer loop
         vertex 4.941445e+00 3.938400e+01 1.817431e+01
         vertex 4.938532e+00 3.939104e+01 1.800000e+01
         vertex 4.622269e+00 3.924356e+01 1.817431e+01
      endloop
   endfacet
   facet normal -3.959426e-01 9.165043e-01 5.700316e-02
      outer loop
         vertex 4.622269e+00 3.924356e+01 1.817431e+01
         vertex 4.938532e+00 3.939104e+01 1.800000e+01
         vertex 4.716694e+00 3.929520e+01 1.800000e+01
      endloop
   endfacet
   facet normal -4.161328e-01 9.082569e-01 4.362303e-02
      outer loop
         vertex 4.716694e+00 3.929520e+01 1.800000e+01
         vertex 4.619051e+00 3.925046e+01 1.800000e+01
         vertex 4.622269e+00 3.924356e+01 1.817431e+01
      endloop
   endfacet
   facet normal -4.418721e-01 8.960172e-01 4.361400e-02
      outer loop
         vertex 4.622269e+00 3.924356e+01 1.817431e+01
         vertex 4.619051e+00 3.925046e+01 1.800000e+01
         vertex 4.306011e+00 3.909609e+01 1.800000e+01
      endloop
   endfacet
   facet normal -4.418676e-01 8.960199e-01 4.360365e-02
      outer loop
         vertex 4.622269e+00 3.924356e+01 1.817431e+01
         vertex 4.306011e+00 3.909609e+01 1.800000e+01
         vertex 4.309524e+00 3.908934e+01 1.817431e+01
      endloop
   endfacet
   facet normal -4.627392e-01 8.854210e-01 4.361383e-02
      outer loop
         vertex 4.309524e+00 3.908934e+01 1.817431e+01
         vertex 4.306011e+00 3.909609e+01 1.800000e+01
         vertex 4.282214e+00 3.908365e+01 1.800000e+01
      endloop
   endfacet
   facet normal -4.804643e-01 8.757697e-01 4.670576e-02
      outer loop
         vertex 4.309524e+00 3.908934e+01 1.817431e+01
         vertex 4.282214e+00 3.908365e+01 1.800000e+01
         vertex 4.003804e+00 3.892161e+01 1.817431e+01
      endloop
   endfacet
   facet normal -4.819978e-01 8.750859e-01 4.362068e-02
      outer loop
         vertex 4.282214e+00 3.908365e+01 1.800000e+01
         vertex 3.999997e+00 3.892820e+01 1.800000e+01
         vertex 4.003804e+00 3.892161e+01 1.817431e+01
      endloop
   endfacet
   facet normal -5.082154e-01 8.601243e-01 4.362752e-02
      outer loop
         vertex 4.003804e+00 3.892161e+01 1.817431e+01
         vertex 3.999997e+00 3.892820e+01 1.800000e+01
         vertex 3.861297e+00 3.884625e+01 1.800000e+01
      endloop
   endfacet
   facet normal -5.180022e-01 8.536458e-01 5.442964e-02
      outer loop
         vertex 4.003804e+00 3.892161e+01 1.817431e+01
         vertex 3.861297e+00 3.884625e+01 1.800000e+01
         vertex 3.705692e+00 3.874071e+01 1.817431e+01
      endloop
   endfacet
   facet normal -5.268506e-01 8.488379e-01 4.361990e-02
      outer loop
         vertex 3.861297e+00 3.884625e+01 1.800000e+01
         vertex 3.701601e+00 3.874713e+01 1.800000e+01
         vertex 3.705692e+00 3.874071e+01 1.817431e+01
      endloop
   endfacet
   facet normal -5.522545e-01 8.325339e-01 4.361566e-02
      outer loop
         vertex 3.705692e+00 3.874071e+01 1.817431e+01
         vertex 3.701601e+00 3.874713e+01 1.800000e+01
         vertex 3.455482e+00 3.858387e+01 1.800000e+01
      endloop
   endfacet
   facet normal -5.548965e-01 8.304588e-01 4.927518e-02
      outer loop
         vertex 3.705692e+00 3.874071e+01 1.817431e+01
         vertex 3.455482e+00 3.858387e+01 1.800000e+01
         vertex 3.415752e+00 3.854698e+01 1.817431e+01
      endloop
   endfacet
   facet normal -5.702671e-01 8.203003e-01 4.362195e-02
      outer loop
         vertex 3.455482e+00 3.858387e+01 1.800000e+01
         vertex 3.411386e+00 3.855322e+01 1.800000e+01
         vertex 3.415752e+00 3.854698e+01 1.817431e+01
      endloop
   endfacet
   facet normal -5.907460e-01 8.056781e-01 4.361193e-02
      outer loop
         vertex 3.415752e+00 3.854698e+01 1.817431e+01
         vertex 3.411386e+00 3.855322e+01 1.800000e+01
         vertex 3.129907e+00 3.834683e+01 1.800000e+01
      endloop
   endfacet
   facet normal -5.907479e-01 8.056764e-01 4.361696e-02
      outer loop
         vertex 3.415752e+00 3.854698e+01 1.817431e+01
         vertex 3.129907e+00 3.834683e+01 1.800000e+01
         vertex 3.134541e+00 3.834079e+01 1.817431e+01
      endloop
   endfacet
   facet normal -6.121847e-01 7.895104e-01 4.362683e-02
      outer loop
         vertex 3.134541e+00 3.834079e+01 1.817431e+01
         vertex 3.129907e+00 3.834683e+01 1.800000e+01
         vertex 3.066249e+00 3.829747e+01 1.800000e+01
      endloop
   endfacet
   facet normal -6.250982e-01 7.788562e-01 5.133400e-02
      outer loop
         vertex 3.134541e+00 3.834079e+01 1.817431e+01
         vertex 3.066249e+00 3.829747e+01 1.800000e+01
         vertex 2.862591e+00 3.812253e+01 1.817431e+01
      endloop
   endfacet
   facet normal -6.292348e-01 7.759900e-01 4.362437e-02
      outer loop
         vertex 2.862591e+00 3.812253e+01 1.817431e+01
         vertex 3.066249e+00 3.829747e+01 1.800000e+01
         vertex 2.857696e+00 3.812836e+01 1.800000e+01
      endloop
   endfacet
   facet normal -6.587177e-01 7.511247e-01 4.362066e-02
      outer loop
         vertex 2.862591e+00 3.812253e+01 1.817431e+01
         vertex 2.857696e+00 3.812836e+01 1.800000e+01
         vertex 2.600420e+00 3.789261e+01 1.817431e+01
      endloop
   endfacet
   facet normal -6.518277e-01 7.559633e-01 6.033394e-02
      outer loop
         vertex 2.600420e+00 3.789261e+01 1.817431e+01
         vertex 2.857696e+00 3.812836e+01 1.800000e+01
         vertex 2.695017e+00 3.798809e+01 1.800000e+01
      endloop
   endfacet
   facet normal -6.687397e-01 7.422156e-01 4.362581e-02
      outer loop
         vertex 2.695017e+00 3.798809e+01 1.800000e+01
         vertex 2.595276e+00 3.789822e+01 1.800000e+01
         vertex 2.600420e+00 3.789261e+01 1.817431e+01
      endloop
   endfacet
   facet normal -6.908579e-01 7.216736e-01 4.361746e-02
      outer loop
         vertex 2.600420e+00 3.789261e+01 1.817431e+01
         vertex 2.595276e+00 3.789822e+01 1.800000e+01
         vertex 2.343144e+00 3.765685e+01 1.800000e+01
      endloop
   endfacet
   facet normal -6.908567e-01 7.216750e-01 4.361387e-02
      outer loop
         vertex 2.600420e+00 3.789261e+01 1.817431e+01
         vertex 2.343144e+00 3.765685e+01 1.800000e+01
         vertex 2.348527e+00 3.765147e+01 1.817431e+01
      endloop
   endfacet
   facet normal -7.216737e-01 6.908580e-01 4.361420e-02
      outer loop
         vertex 2.348527e+00 3.765147e+01 1.817431e+01
         vertex 2.343144e+00 3.765685e+01 1.800000e+01
         vertex 2.101779e+00 3.740472e+01 1.800000e+01
      endloop
   endfacet
   facet normal -7.216724e-01 6.908596e-01 4.361009e-02
      outer loop
         vertex 2.348527e+00 3.765147e+01 1.817431e+01
         vertex 2.101779e+00 3.740472e+01 1.800000e+01
         vertex 2.107389e+00 3.739958e+01 1.817431e+01
      endloop
   endfacet
   facet normal -7.422227e-01 6.687323e-01 4.361867e-02
      outer loop
         vertex 2.107389e+00 3.739958e+01 1.817431e+01
         vertex 2.101779e+00 3.740472e+01 1.800000e+01
         vertex 2.011914e+00 3.730498e+01 1.800000e+01
      endloop
   endfacet
   facet normal -7.507473e-01 6.583867e-01 5.390239e-02
      outer loop
         vertex 2.107389e+00 3.739958e+01 1.817431e+01
         vertex 2.011914e+00 3.730498e+01 1.800000e+01
         vertex 1.877472e+00 3.713741e+01 1.817431e+01
      endloop
   endfacet
   facet normal -7.566178e-01 6.524007e-01 4.362002e-02
      outer loop
         vertex 2.011914e+00 3.730498e+01 1.800000e+01
         vertex 1.871642e+00 3.714230e+01 1.800000e+01
         vertex 1.877472e+00 3.713741e+01 1.817431e+01
      endloop
   endfacet
   facet normal -7.759908e-01 6.292342e-01 4.361766e-02
      outer loop
         vertex 1.877472e+00 3.713741e+01 1.817431e+01
         vertex 1.871642e+00 3.714230e+01 1.800000e+01
         vertex 1.702532e+00 3.693375e+01 1.800000e+01
      endloop
   endfacet
   facet normal -7.788589e-01 6.250951e-01 5.133208e-02
      outer loop
         vertex 1.877472e+00 3.713741e+01 1.817431e+01
         vertex 1.702532e+00 3.693375e+01 1.800000e+01
         vertex 1.659211e+00 3.686546e+01 1.817431e+01
      endloop
   endfacet
   facet normal -7.895192e-01 6.121737e-01 4.362031e-02
      outer loop
         vertex 1.702532e+00 3.693375e+01 1.800000e+01
         vertex 1.653172e+00 3.687009e+01 1.800000e+01
         vertex 1.659211e+00 3.686546e+01 1.817431e+01
      endloop
   endfacet
   facet normal -8.056781e-01 5.907460e-01 4.361065e-02
      outer loop
         vertex 1.659211e+00 3.686546e+01 1.817431e+01
         vertex 1.653172e+00 3.687009e+01 1.800000e+01
         vertex 1.446784e+00 3.658861e+01 1.800000e+01
      endloop
   endfacet
   facet normal -8.056762e-01 5.907492e-01 4.360333e-02
      outer loop
         vertex 1.659211e+00 3.686546e+01 1.817431e+01
         vertex 1.446784e+00 3.658861e+01 1.800000e+01
         vertex 1.453016e+00 3.658425e+01 1.817431e+01
      endloop
   endfacet
   facet normal -8.202893e-01 5.702835e-01 4.361320e-02
      outer loop
         vertex 1.453016e+00 3.658425e+01 1.817431e+01
         vertex 1.446784e+00 3.658861e+01 1.800000e+01
         vertex 1.416128e+00 3.654452e+01 1.800000e+01
      endloop
   endfacet
   facet normal -8.304597e-01 5.548953e-01 4.927269e-02
      outer loop
         vertex 1.453016e+00 3.658425e+01 1.817431e+01
         vertex 1.416128e+00 3.654452e+01 1.800000e+01
         vertex 1.259286e+00 3.629431e+01 1.817431e+01
      endloop
   endfacet
   facet normal -8.325360e-01 5.522517e-01 4.360977e-02
      outer loop
         vertex 1.259286e+00 3.629431e+01 1.817431e+01
         vertex 1.416128e+00 3.654452e+01 1.800000e+01
         vertex 1.252867e+00 3.629840e+01 1.800000e+01
      endloop
   endfacet
   facet normal -8.540975e-01 5.182817e-01 4.360696e-02
      outer loop
         vertex 1.259286e+00 3.629431e+01 1.817431e+01
         vertex 1.252867e+00 3.629840e+01 1.800000e+01
         vertex 1.078386e+00 3.599619e+01 1.817431e+01
      endloop
   endfacet
   facet normal -8.479200e-01 5.262870e-01 6.366918e-02
      outer loop
         vertex 1.078386e+00 3.599619e+01 1.817431e+01
         vertex 1.252867e+00 3.629840e+01 1.800000e+01
         vertex 1.153748e+00 3.613870e+01 1.800000e+01
      endloop
   endfacet
   facet normal -8.601278e-01 5.082106e-01 4.361292e-02
      outer loop
         vertex 1.153748e+00 3.613870e+01 1.800000e+01
         vertex 1.071796e+00 3.600000e+01 1.800000e+01
         vertex 1.078386e+00 3.599619e+01 1.817431e+01
      endloop
   endfacet
   facet normal -8.750851e-01 4.820006e-01 4.360621e-02
      outer loop
         vertex 1.078386e+00 3.599619e+01 1.817431e+01
         vertex 1.071796e+00 3.600000e+01 1.800000e+01
         vertex 9.163506e-01 3.571779e+01 1.800000e+01
      endloop
   endfacet
   facet normal -8.757712e-01 4.804621e-01 4.670116e-02
      outer loop
         vertex 1.078386e+00 3.599619e+01 1.817431e+01
         vertex 9.163506e-01 3.571779e+01 1.800000e+01
         vertex 9.106621e-01 3.569047e+01 1.817431e+01
      endloop
   endfacet
   facet normal -8.853923e-01 4.627935e-01 4.361877e-02
      outer loop
         vertex 9.163506e-01 3.571779e+01 1.800000e+01
         vertex 9.039119e-01 3.569399e+01 1.800000e+01
         vertex 9.106621e-01 3.569047e+01 1.817431e+01
      endloop
   endfacet
   facet normal -8.960190e-01 4.418690e-01 4.360836e-02
      outer loop
         vertex 9.106621e-01 3.569047e+01 1.817431e+01
         vertex 9.039119e-01 3.569399e+01 1.800000e+01
         vertex 7.495359e-01 3.538095e+01 1.800000e+01
      endloop
   endfacet
   facet normal -8.960205e-01 4.418652e-01 4.361649e-02
      outer loop
         vertex 9.106621e-01 3.569047e+01 1.817431e+01
         vertex 7.495359e-01 3.538095e+01 1.800000e+01
         vertex 7.564351e-01 3.537773e+01 1.817431e+01
      endloop
   endfacet
   facet normal -9.082567e-01 4.161327e-01 4.362606e-02
      outer loop
         vertex 7.564351e-01 3.537773e+01 1.817431e+01
         vertex 7.495359e-01 3.538095e+01 1.800000e+01
         vertex 7.047988e-01 3.528330e+01 1.800000e+01
      endloop
   endfacet
   facet normal -9.140310e-01 4.021809e-01 5.289457e-02
      outer loop
         vertex 7.564351e-01 3.537773e+01 1.817431e+01
         vertex 7.047988e-01 3.528330e+01 1.800000e+01
         vertex 6.159954e-01 3.505855e+01 1.817431e+01
      endloop
   endfacet
   facet normal -9.171211e-01 3.962141e-01 4.362705e-02
      outer loop
         vertex 6.159954e-01 3.505855e+01 1.817431e+01
         vertex 7.047988e-01 3.528330e+01 1.800000e+01
         vertex 6.089620e-01 3.506147e+01 1.800000e+01
      endloop
   endfacet
   facet normal -9.311206e-01 3.620933e-01 4.362167e-02
      outer loop
         vertex 6.159954e-01 3.505855e+01 1.817431e+01
         vertex 6.089620e-01 3.506147e+01 1.800000e+01
         vertex 4.896112e-01 3.473356e+01 1.817431e+01
      endloop
   endfacet
   facet normal -9.280418e-01 3.680878e-01 5.700642e-02
      outer loop
         vertex 4.896112e-01 3.473356e+01 1.817431e+01
         vertex 6.089620e-01 3.506147e+01 1.800000e+01
         vertex 5.198680e-01 3.483684e+01 1.800000e+01
      endloop
   endfacet
   facet normal -9.364881e-01 3.479756e-01 4.362365e-02
      outer loop
         vertex 5.198680e-01 3.483684e+01 1.800000e+01
         vertex 4.824586e-01 3.473616e+01 1.800000e+01
         vertex 4.896112e-01 3.473356e+01 1.817431e+01
      endloop
   endfacet
   facet normal -9.460293e-01 3.211330e-01 4.361431e-02
      outer loop
         vertex 4.896112e-01 3.473356e+01 1.817431e+01
         vertex 4.824586e-01 3.473616e+01 1.800000e+01
         vertex 3.702641e-01 3.440565e+01 1.800000e+01
      endloop
   endfacet
   facet normal -9.460276e-01 3.211398e-01 4.360050e-02
      outer loop
         vertex 4.896112e-01 3.473356e+01 1.817431e+01
         vertex 3.702641e-01 3.440565e+01 1.800000e+01
         vertex 3.775209e-01 3.440336e+01 1.817431e+01
      endloop
   endfacet
   facet normal -9.533070e-01 2.988375e-01 4.361078e-02
      outer loop
         vertex 3.775209e-01 3.440336e+01 1.817431e+01
         vertex 3.702641e-01 3.440565e+01 1.800000e+01
         vertex 3.622323e-01 3.438002e+01 1.800000e+01
      endloop
   endfacet
   facet normal -9.590037e-01 2.795198e-01 4.669632e-02
      outer loop
         vertex 3.775209e-01 3.440336e+01 1.817431e+01
         vertex 3.622323e-01 3.438002e+01 1.800000e+01
         vertex 2.799444e-01 3.406858e+01 1.817431e+01
      endloop
   endfacet
   facet normal -9.596020e-01 2.779584e-01 4.362407e-02
      outer loop
         vertex 3.622323e-01 3.438002e+01 1.800000e+01
         vertex 2.725907e-01 3.407055e+01 1.800000e+01
         vertex 2.799444e-01 3.406858e+01 1.817431e+01
      endloop
   endfacet
   facet normal -9.675650e-01 2.488260e-01 4.363081e-02
      outer loop
         vertex 2.799444e-01 3.406858e+01 1.817431e+01
         vertex 2.725907e-01 3.407055e+01 1.800000e+01
         vertex 2.324656e-01 3.391453e+01 1.800000e+01
      endloop
   endfacet
   facet normal -9.699018e-01 2.373371e-01 5.442128e-02
      outer loop
         vertex 2.799444e-01 3.406858e+01 1.817431e+01
         vertex 2.324656e-01 3.391453e+01 1.800000e+01
         vertex 1.970604e-01 3.372987e+01 1.817431e+01
      endloop
   endfacet
   facet normal -9.727601e-01 2.276757e-01 4.360587e-02
      outer loop
         vertex 2.324656e-01 3.391453e+01 1.800000e+01
         vertex 1.896322e-01 3.373152e+01 1.800000e+01
         vertex 1.970604e-01 3.372987e+01 1.817431e+01
      endloop
   endfacet
   facet normal -9.791927e-01 1.981931e-01 4.360134e-02
      outer loop
         vertex 1.970604e-01 3.372987e+01 1.817431e+01
         vertex 1.896322e-01 3.373152e+01 1.800000e+01
         vertex 1.310408e-01 3.344204e+01 1.800000e+01
      endloop
   endfacet
   facet normal -9.795947e-01 1.948487e-01 4.927595e-02
      outer loop
         vertex 1.970604e-01 3.372987e+01 1.817431e+01
         vertex 1.310408e-01 3.344204e+01 1.800000e+01
         vertex 1.290329e-01 3.338786e+01 1.817431e+01
      endloop
   endfacet
   facet normal -9.832814e-01 1.767907e-01 4.362095e-02
      outer loop
         vertex 1.310408e-01 3.344204e+01 1.800000e+01
         vertex 1.215376e-01 3.338918e+01 1.800000e+01
         vertex 1.290329e-01 3.338786e+01 1.817431e+01
      endloop
   endfacet
   facet normal -9.874213e-01 1.519778e-01 4.361084e-02
      outer loop
         vertex 1.290329e-01 3.338786e+01 1.817431e+01
         vertex 1.215376e-01 3.338918e+01 1.800000e+01
         vertex 6.844103e-02 3.304421e+01 1.800000e+01
      endloop
   endfacet
   facet normal -9.874209e-01 1.519840e-01 4.359856e-02
      outer loop
         vertex 1.290329e-01 3.338786e+01 1.817431e+01
         vertex 6.844103e-02 3.304421e+01 1.800000e+01
         vertex 7.598475e-02 3.304322e+01 1.817431e+01
      endloop
   endfacet
   facet normal -9.911424e-01 1.254391e-01 4.360843e-02
      outer loop
         vertex 7.598475e-02 3.304322e+01 1.817431e+01
         vertex 6.844103e-02 3.304421e+01 1.800000e+01
         vertex 5.832687e-02 3.296429e+01 1.800000e+01
      endloop
   endfacet
   facet normal -9.927459e-01 1.087181e-01 5.134169e-02
      outer loop
         vertex 7.598475e-02 3.304322e+01 1.817431e+01
         vertex 5.832687e-02 3.296429e+01 1.800000e+01
         vertex 3.802404e-02 3.269658e+01 1.817431e+01
      endloop
   endfacet
   facet normal -9.936444e-01 1.037654e-01 4.363060e-02
      outer loop
         vertex 3.802404e-02 3.269658e+01 1.817431e+01
         vertex 5.832687e-02 3.296429e+01 1.800000e+01
         vertex 3.043935e-02 3.269725e+01 1.800000e+01
      endloop
   endfacet
   facet normal -9.969089e-01 6.534011e-02 4.362647e-02
      outer loop
         vertex 3.802404e-02 3.269658e+01 1.817431e+01
         vertex 3.043935e-02 3.269725e+01 1.800000e+01
         vertex 1.521781e-02 3.234862e+01 1.817431e+01
      endloop
   endfacet
   facet normal -9.954600e-01 7.362462e-02 6.032205e-02
      outer loop
         vertex 1.521781e-02 3.234862e+01 1.817431e+01
         vertex 3.043935e-02 3.269725e+01 1.800000e+01
         vertex 1.459569e-02 3.248303e+01 1.800000e+01
      endloop
   endfacet
   facet normal -9.976967e-01 5.195045e-02 4.361789e-02
      outer loop
         vertex 1.521781e-02 3.234862e+01 1.817431e+01
         vertex 1.459569e-02 3.248303e+01 1.800000e+01
         vertex 7.614493e-03 3.234896e+01 1.800000e+01
      endloop
   endfacet
   facet normal -2.134797e-02 9.782013e-01 2.065585e-01
      outer loop
         vertex 7.999998e+00 3.994188e+01 1.847863e+01
         vertex 7.999998e+00 3.996962e+01 1.834730e+01
         vertex 7.652368e+00 3.996203e+01 1.834730e+01
      endloop
   endfacet
   facet normal -2.158116e-02 9.888864e-01 1.470983e-01
      outer loop
         vertex 7.652368e+00 3.996203e+01 1.834730e+01
         vertex 7.999998e+00 3.996962e+01 1.834730e+01
         vertex 7.999998e+00 3.998542e+01 1.824107e+01
      endloop
   endfacet
   facet normal -2.679824e-02 9.910849e-01 1.305087e-01
      outer loop
         vertex 7.999998e+00 3.998542e+01 1.824107e+01
         vertex 7.651374e+00 3.998478e+01 1.817431e+01
         vertex 7.652368e+00 3.996203e+01 1.834730e+01
      endloop
   endfacet
   facet normal -6.484363e-02 9.893261e-01 1.304962e-01
      outer loop
         vertex 7.652368e+00 3.996203e+01 1.834730e+01
         vertex 7.651374e+00 3.998478e+01 1.817431e+01
         vertex 7.303417e+00 3.996198e+01 1.817431e+01
      endloop
   endfacet
   facet normal -6.484295e-02 9.893263e-01 1.304948e-01
      outer loop
         vertex 7.652368e+00 3.996203e+01 1.834730e+01
         vertex 7.303417e+00 3.996198e+01 1.817431e+01
         vertex 7.305402e+00 3.993929e+01 1.834730e+01
      endloop
   endfacet
   facet normal -1.079357e-01 9.855562e-01 1.304950e-01
      outer loop
         vertex 7.305402e+00 3.993929e+01 1.834730e+01
         vertex 7.303417e+00 3.996198e+01 1.817431e+01
         vertex 6.956782e+00 3.992401e+01 1.817431e+01
      endloop
   endfacet
   facet normal -1.079359e-01 9.855561e-01 1.304954e-01
      outer loop
         vertex 7.305402e+00 3.993929e+01 1.834730e+01
         vertex 6.956782e+00 3.992401e+01 1.817431e+01
         vertex 6.959755e+00 3.990143e+01 1.834730e+01
      endloop
   endfacet
   facet normal -1.508218e-01 9.799101e-01 1.304955e-01
      outer loop
         vertex 6.959755e+00 3.990143e+01 1.834730e+01
         vertex 6.956782e+00 3.992401e+01 1.817431e+01
         vertex 6.612133e+00 3.987097e+01 1.817431e+01
      endloop
   endfacet
   facet normal -1.508231e-01 9.799095e-01 1.304983e-01
      outer loop
         vertex 6.959755e+00 3.990143e+01 1.834730e+01
         vertex 6.612133e+00 3.987097e+01 1.817431e+01
         vertex 6.616089e+00 3.984854e+01 1.834730e+01
      endloop
   endfacet
   facet normal -1.934235e-01 9.723978e-01 1.304986e-01
      outer loop
         vertex 6.616089e+00 3.984854e+01 1.834730e+01
         vertex 6.612133e+00 3.987097e+01 1.817431e+01
         vertex 6.270129e+00 3.980294e+01 1.817431e+01
      endloop
   endfacet
   facet normal -1.934227e-01 9.723982e-01 1.304969e-01
      outer loop
         vertex 6.616089e+00 3.984854e+01 1.834730e+01
         vertex 6.270129e+00 3.980294e+01 1.817431e+01
         vertex 6.275058e+00 3.978070e+01 1.834730e+01
      endloop
   endfacet
   facet normal -2.356512e-01 9.630364e-01 1.304968e-01
      outer loop
         vertex 6.275058e+00 3.978070e+01 1.834730e+01
         vertex 6.270129e+00 3.980294e+01 1.817431e+01
         vertex 5.931415e+00 3.972005e+01 1.817431e+01
      endloop
   endfacet
   facet normal -2.356523e-01 9.630358e-01 1.304992e-01
      outer loop
         vertex 6.275058e+00 3.978070e+01 1.834730e+01
         vertex 5.931415e+00 3.972005e+01 1.817431e+01
         vertex 5.937312e+00 3.969806e+01 1.834730e+01
      endloop
   endfacet
   facet normal -2.774384e-01 9.518391e-01 1.304999e-01
      outer loop
         vertex 5.937312e+00 3.969806e+01 1.834730e+01
         vertex 5.931415e+00 3.972005e+01 1.817431e+01
         vertex 5.596641e+00 3.962248e+01 1.817431e+01
      endloop
   endfacet
   facet normal -2.774323e-01 9.518428e-01 1.304863e-01
      outer loop
         vertex 5.937312e+00 3.969806e+01 1.834730e+01
         vertex 5.596641e+00 3.962248e+01 1.817431e+01
         vertex 5.603489e+00 3.960076e+01 1.834730e+01
      endloop
   endfacet
   facet normal -3.186860e-01 9.388358e-01 1.304862e-01
      outer loop
         vertex 5.603489e+00 3.960076e+01 1.834730e+01
         vertex 5.596641e+00 3.962248e+01 1.817431e+01
         vertex 5.266439e+00 3.951039e+01 1.817431e+01
      endloop
   endfacet
   facet normal -3.186937e-01 9.388307e-01 1.305037e-01
      outer loop
         vertex 5.603489e+00 3.960076e+01 1.834730e+01
         vertex 5.266439e+00 3.951039e+01 1.817431e+01
         vertex 5.274229e+00 3.948899e+01 1.834730e+01
      endloop
   endfacet
   facet normal -3.593450e-01 9.240346e-01 1.305036e-01
      outer loop
         vertex 5.274229e+00 3.948899e+01 1.834730e+01
         vertex 5.266439e+00 3.951039e+01 1.817431e+01
         vertex 4.941445e+00 3.938400e+01 1.817431e+01
      endloop
   endfacet
   facet normal -3.593404e-01 9.240379e-01 1.304928e-01
      outer loop
         vertex 5.274229e+00 3.948899e+01 1.834730e+01
         vertex 4.941445e+00 3.938400e+01 1.817431e+01
         vertex 4.950158e+00 3.936296e+01 1.834730e+01
      endloop
   endfacet
   facet normal -3.993010e-01 9.074858e-01 1.304923e-01
      outer loop
         vertex 4.950158e+00 3.936296e+01 1.834730e+01
         vertex 4.941445e+00 3.938400e+01 1.817431e+01
         vertex 4.622269e+00 3.924356e+01 1.817431e+01
      endloop
   endfacet
   facet normal -3.992999e-01 9.074867e-01 1.304897e-01
      outer loop
         vertex 4.950158e+00 3.936296e+01 1.834730e+01
         vertex 4.622269e+00 3.924356e+01 1.817431e+01
         vertex 4.631892e+00 3.922292e+01 1.834730e+01
      endloop
   endfacet
   facet normal -4.385066e-01 8.892044e-01 1.304892e-01
      outer loop
         vertex 4.631892e+00 3.922292e+01 1.834730e+01
         vertex 4.622269e+00 3.924356e+01 1.817431e+01
         vertex 4.309524e+00 3.908934e+01 1.817431e+01
      endloop
   endfacet
   facet normal -4.385093e-01 8.892021e-01 1.304959e-01
      outer loop
         vertex 4.631892e+00 3.922292e+01 1.834730e+01
         vertex 4.309524e+00 3.908934e+01 1.817431e+01
         vertex 4.320040e+00 3.906913e+01 1.834730e+01
      endloop
   endfacet
   facet normal -4.768762e-01 8.692295e-01 1.304961e-01
      outer loop
         vertex 4.320040e+00 3.906913e+01 1.834730e+01
         vertex 4.309524e+00 3.908934e+01 1.817431e+01
         vertex 4.003804e+00 3.892161e+01 1.817431e+01
      endloop
   endfacet
   facet normal -4.768753e-01 8.692303e-01 1.304938e-01
      outer loop
         vertex 4.320040e+00 3.906913e+01 1.834730e+01
         vertex 4.003804e+00 3.892161e+01 1.817431e+01
         vertex 4.015192e+00 3.890189e+01 1.834730e+01
      endloop
   endfacet
   facet normal -5.143353e-01 8.476028e-01 1.304942e-01
      outer loop
         vertex 4.015192e+00 3.890189e+01 1.834730e+01
         vertex 4.003804e+00 3.892161e+01 1.817431e+01
         vertex 3.705692e+00 3.874071e+01 1.817431e+01
      endloop
   endfacet
   facet normal -5.143376e-01 8.476004e-01 1.305006e-01
      outer loop
         vertex 4.015192e+00 3.890189e+01 1.834730e+01
         vertex 3.705692e+00 3.874071e+01 1.817431e+01
         vertex 3.717929e+00 3.872151e+01 1.834730e+01
      endloop
   endfacet
   facet normal -5.508203e-01 8.243583e-01 1.305008e-01
      outer loop
         vertex 3.717929e+00 3.872151e+01 1.834730e+01
         vertex 3.705692e+00 3.874071e+01 1.817431e+01
         vertex 3.415752e+00 3.854698e+01 1.817431e+01
      endloop
   endfacet
   facet normal -5.508193e-01 8.243594e-01 1.304979e-01
      outer loop
         vertex 3.717929e+00 3.872151e+01 1.834730e+01
         vertex 3.415752e+00 3.854698e+01 1.817431e+01
         vertex 3.428817e+00 3.852833e+01 1.834730e+01
      endloop
   endfacet
   facet normal -5.862540e-01 7.995476e-01 1.304984e-01
      outer loop
         vertex 3.428817e+00 3.852833e+01 1.834730e+01
         vertex 3.415752e+00 3.854698e+01 1.817431e+01
         vertex 3.134541e+00 3.834079e+01 1.817431e+01
      endloop
   endfacet
   facet normal -5.862508e-01 7.995516e-01 1.304885e-01
      outer loop
         vertex 3.428817e+00 3.852833e+01 1.834730e+01
         vertex 3.134541e+00 3.834079e+01 1.817431e+01
         vertex 3.148403e+00 3.832272e+01 1.834730e+01
      endloop
   endfacet
   facet normal -6.205718e-01 7.732164e-01 1.304881e-01
      outer loop
         vertex 3.148403e+00 3.832272e+01 1.834730e+01
         vertex 3.134541e+00 3.834079e+01 1.817431e+01
         vertex 2.862591e+00 3.812253e+01 1.817431e+01
      endloop
   endfacet
   facet normal -6.205715e-01 7.732168e-01 1.304871e-01
      outer loop
         vertex 3.148403e+00 3.832272e+01 1.834730e+01
         vertex 2.862591e+00 3.812253e+01 1.817431e+01
         vertex 2.877228e+00 3.810508e+01 1.834730e+01
      endloop
   endfacet
   facet normal -6.537079e-01 7.454121e-01 1.304867e-01
      outer loop
         vertex 2.877228e+00 3.810508e+01 1.834730e+01
         vertex 2.862591e+00 3.812253e+01 1.817431e+01
         vertex 2.600420e+00 3.789261e+01 1.817431e+01
      endloop
   endfacet
   facet normal -6.537115e-01 7.454069e-01 1.304989e-01
      outer loop
         vertex 2.877228e+00 3.810508e+01 1.834730e+01
         vertex 2.600420e+00 3.789261e+01 1.817431e+01
         vertex 2.615806e+00 3.787582e+01 1.834730e+01
      endloop
   endfacet
   facet normal -6.856013e-01 7.161850e-01 1.304986e-01
      outer loop
         vertex 2.615806e+00 3.787582e+01 1.834730e+01
         vertex 2.600420e+00 3.789261e+01 1.817431e+01
         vertex 2.348527e+00 3.765147e+01 1.817431e+01
      endloop
   endfacet
   facet normal -6.855963e-01 7.161931e-01 1.304804e-01
      outer loop
         vertex 2.615806e+00 3.787582e+01 1.834730e+01
         vertex 2.348527e+00 3.765147e+01 1.817431e+01
         vertex 2.364628e+00 3.763537e+01 1.834730e+01
      endloop
   endfacet
   facet normal -7.161842e-01 6.856057e-01 1.304802e-01
      outer loop
         vertex 2.364628e+00 3.763537e+01 1.834730e+01
         vertex 2.348527e+00 3.765147e+01 1.817431e+01
         vertex 2.107389e+00 3.739958e+01 1.817431e+01
      endloop
   endfacet
   facet normal -7.161908e-01 6.855938e-01 1.305063e-01
      outer loop
         vertex 2.364628e+00 3.763537e+01 1.834730e+01
         vertex 2.107389e+00 3.739958e+01 1.817431e+01
         vertex 2.124183e+00 3.738419e+01 1.834730e+01
      endloop
   endfacet
   facet normal -7.454101e-01 6.537061e-01 1.305068e-01
      outer loop
         vertex 2.124183e+00 3.738419e+01 1.834730e+01
         vertex 2.107389e+00 3.739958e+01 1.817431e+01
         vertex 1.877472e+00 3.713741e+01 1.817431e+01
      endloop
   endfacet
   facet normal -7.454071e-01 6.537123e-01 1.304936e-01
      outer loop
         vertex 2.124183e+00 3.738419e+01 1.834730e+01
         vertex 1.877472e+00 3.713741e+01 1.817431e+01
         vertex 1.894917e+00 3.712277e+01 1.834730e+01
      endloop
   endfacet
   facet normal -7.732184e-01 6.205681e-01 1.304936e-01
      outer loop
         vertex 1.894917e+00 3.712277e+01 1.834730e+01
         vertex 1.877472e+00 3.713741e+01 1.817431e+01
         vertex 1.659211e+00 3.686546e+01 1.817431e+01
      endloop
   endfacet
   facet normal -7.732186e-01 6.205676e-01 1.304947e-01
      outer loop
         vertex 1.894917e+00 3.712277e+01 1.834730e+01
         vertex 1.659211e+00 3.686546e+01 1.817431e+01
         vertex 1.677278e+00 3.685159e+01 1.834730e+01
      endloop
   endfacet
   facet normal -7.995473e-01 5.862553e-01 1.304947e-01
      outer loop
         vertex 1.677278e+00 3.685159e+01 1.834730e+01
         vertex 1.659211e+00 3.686546e+01 1.817431e+01
         vertex 1.453016e+00 3.658425e+01 1.817431e+01
      endloop
   endfacet
   facet normal -7.995485e-01 5.862523e-01 1.305007e-01
      outer loop
         vertex 1.677278e+00 3.685159e+01 1.834730e+01
         vertex 1.453016e+00 3.658425e+01 1.817431e+01
         vertex 1.471672e+00 3.657118e+01 1.834730e+01
      endloop
   endfacet
   facet normal -8.243591e-01 5.508190e-01 1.305008e-01
      outer loop
         vertex 1.471672e+00 3.657118e+01 1.834730e+01
         vertex 1.453016e+00 3.658425e+01 1.817431e+01
         vertex 1.259286e+00 3.629431e+01 1.817431e+01
      endloop
   endfacet
   facet normal -8.243591e-01 5.508191e-01 1.305008e-01
      outer loop
         vertex 1.471672e+00 3.657118e+01 1.834730e+01
         vertex 1.259286e+00 3.629431e+01 1.817431e+01
         vertex 1.278494e+00 3.628207e+01 1.834730e+01
      endloop
   endfacet
   facet normal -8.475997e-01 5.143387e-01 1.305006e-01
      outer loop
         vertex 1.278494e+00 3.628207e+01 1.834730e+01
         vertex 1.259286e+00 3.629431e+01 1.817431e+01
         vertex 1.078386e+00 3.599619e+01 1.817431e+01
      endloop
   endfacet
   facet normal -8.475988e-01 5.143419e-01 1.304942e-01
      outer loop
         vertex 1.278494e+00 3.628207e+01 1.834730e+01
         vertex 1.078386e+00 3.599619e+01 1.817431e+01
         vertex 1.098108e+00 3.598481e+01 1.834730e+01
      endloop
   endfacet
   facet normal -8.692310e-01 4.768741e-01 1.304938e-01
      outer loop
         vertex 1.098108e+00 3.598481e+01 1.834730e+01
         vertex 1.078386e+00 3.599619e+01 1.817431e+01
         vertex 9.106621e-01 3.569047e+01 1.817431e+01
      endloop
   endfacet
   facet normal -8.692318e-01 4.768708e-01 1.305003e-01
      outer loop
         vertex 1.098108e+00 3.598481e+01 1.834730e+01
         vertex 9.106621e-01 3.569047e+01 1.817431e+01
         vertex 9.308644e-01 3.567996e+01 1.834730e+01
      endloop
   endfacet
   facet normal -8.892041e-01 4.385038e-01 1.305007e-01
      outer loop
         vertex 9.308644e-01 3.567996e+01 1.834730e+01
         vertex 9.106621e-01 3.569047e+01 1.817431e+01
         vertex 7.564351e-01 3.537773e+01 1.817431e+01
      endloop
   endfacet
   facet normal -8.892027e-01 4.385109e-01 1.304868e-01
      outer loop
         vertex 9.308644e-01 3.567996e+01 1.834730e+01
         vertex 7.564351e-01 3.537773e+01 1.817431e+01
         vertex 7.770732e-01 3.536810e+01 1.834730e+01
      endloop
   endfacet
   facet normal -9.074865e-01 3.993013e-01 1.304864e-01
      outer loop
         vertex 7.770732e-01 3.536810e+01 1.834730e+01
         vertex 7.564351e-01 3.537773e+01 1.817431e+01
         vertex 6.159954e-01 3.505855e+01 1.817431e+01
      endloop
   endfacet
   facet normal -9.074874e-01 3.992960e-01 1.304966e-01
      outer loop
         vertex 7.770732e-01 3.536810e+01 1.834730e+01
         vertex 6.159954e-01 3.505855e+01 1.817431e+01
         vertex 6.370358e-01 3.504984e+01 1.834730e+01
      endloop
   endfacet
   facet normal -9.240380e-01 3.593390e-01 1.304966e-01
      outer loop
         vertex 6.370358e-01 3.504984e+01 1.834730e+01
         vertex 6.159954e-01 3.505855e+01 1.817431e+01
         vertex 4.896112e-01 3.473356e+01 1.817431e+01
      endloop
   endfacet
   facet normal -9.240372e-01 3.593454e-01 1.304841e-01
      outer loop
         vertex 6.370358e-01 3.504984e+01 1.834730e+01
         vertex 4.896112e-01 3.473356e+01 1.817431e+01
         vertex 5.110092e-01 3.472577e+01 1.834730e+01
      endloop
   endfacet
   facet normal -9.388323e-01 3.186972e-01 1.304838e-01
      outer loop
         vertex 5.110092e-01 3.472577e+01 1.834730e+01
         vertex 4.896112e-01 3.473356e+01 1.817431e+01
         vertex 3.775209e-01 3.440336e+01 1.817431e+01
      endloop
   endfacet
   facet normal -9.388333e-01 3.186839e-01 1.305094e-01
      outer loop
         vertex 5.110092e-01 3.472577e+01 1.834730e+01
         vertex 3.775209e-01 3.440336e+01 1.817431e+01
         vertex 3.992431e-01 3.439651e+01 1.834730e+01
      endloop
   endfacet
   facet normal -9.518398e-01 2.774317e-01 1.305094e-01
      outer loop
         vertex 3.992431e-01 3.439651e+01 1.834730e+01
         vertex 3.775209e-01 3.440336e+01 1.817431e+01
         vertex 2.799444e-01 3.406858e+01 1.817431e+01
      endloop
   endfacet
   facet normal -9.518396e-01 2.774390e-01 1.304955e-01
      outer loop
         vertex 3.992431e-01 3.439651e+01 1.834730e+01
         vertex 2.799444e-01 3.406858e+01 1.817431e+01
         vertex 3.019422e-01 3.406269e+01 1.834730e+01
      endloop
   endfacet
   facet normal -9.630352e-01 2.356569e-01 1.304955e-01
      outer loop
         vertex 3.019422e-01 3.406269e+01 1.834730e+01
         vertex 2.799444e-01 3.406858e+01 1.817431e+01
         vertex 1.970604e-01 3.372987e+01 1.817431e+01
      endloop
   endfacet
   facet normal -9.630351e-01 2.356509e-01 1.305069e-01
      outer loop
         vertex 3.019422e-01 3.406269e+01 1.834730e+01
         vertex 1.970604e-01 3.372987e+01 1.817431e+01
         vertex 2.192967e-01 3.372494e+01 1.834730e+01
      endloop
   endfacet
   facet normal -9.723979e-01 1.934172e-01 1.305072e-01
      outer loop
         vertex 2.192967e-01 3.372494e+01 1.834730e+01
         vertex 1.970604e-01 3.372987e+01 1.817431e+01
         vertex 1.290329e-01 3.338786e+01 1.817431e+01
      endloop
   endfacet
   facet normal -9.723985e-01 1.934281e-01 1.304863e-01
      outer loop
         vertex 2.192967e-01 3.372494e+01 1.834730e+01
         vertex 1.290329e-01 3.338786e+01 1.817431e+01
         vertex 1.514591e-01 3.338391e+01 1.834730e+01
      endloop
   endfacet
   facet normal -9.799103e-01 1.508279e-01 1.304863e-01
      outer loop
         vertex 1.514591e-01 3.338391e+01 1.834730e+01
         vertex 1.290329e-01 3.338786e+01 1.817431e+01
         vertex 7.598475e-02 3.304322e+01 1.817431e+01
      endloop
   endfacet
   facet normal -9.799098e-01 1.508232e-01 1.304955e-01
      outer loop
         vertex 1.514591e-01 3.338391e+01 1.834730e+01
         vertex 7.598475e-02 3.304322e+01 1.817431e+01
         vertex 9.856373e-02 3.304024e+01 1.834730e+01
      endloop
   endfacet
   facet normal -9.855566e-01 1.079308e-01 1.304954e-01
      outer loop
         vertex 9.856373e-02 3.304024e+01 1.834730e+01
         vertex 7.598475e-02 3.304322e+01 1.817431e+01
         vertex 3.802404e-02 3.269658e+01 1.817431e+01
      endloop
   endfacet
   facet normal -9.855567e-01 1.079313e-01 1.304944e-01
      outer loop
         vertex 9.856373e-02 3.304024e+01 1.834730e+01
         vertex 3.802404e-02 3.269658e+01 1.817431e+01
         vertex 6.071106e-02 3.269460e+01 1.834730e+01
      endloop
   endfacet
   facet normal -9.893263e-01 6.484312e-02 1.304945e-01
      outer loop
         vertex 6.071106e-02 3.269460e+01 1.834730e+01
         vertex 3.802404e-02 3.269658e+01 1.817431e+01
         vertex 1.521781e-02 3.234862e+01 1.817431e+01
      endloop
   endfacet
   facet normal -9.893272e-01 6.484780e-02 1.304853e-01
      outer loop
         vertex 6.071106e-02 3.269460e+01 1.834730e+01
         vertex 1.521781e-02 3.234862e+01 1.817431e+01
         vertex 3.796816e-02 3.234763e+01 1.834730e+01
      endloop
   endfacet
   facet normal -2.109722e-02 9.668805e-01 2.543562e-01
      outer loop
         vertex 7.999998e+00 3.993185e+01 1.851764e+01
         vertex 7.999998e+00 3.993649e+01 1.850000e+01
         vertex 7.654015e+00 3.992430e+01 1.851764e+01
      endloop
   endfacet
   facet normal -2.168177e-02 9.693778e-01 2.446153e-01
      outer loop
         vertex 7.654015e+00 3.992430e+01 1.851764e+01
         vertex 7.999998e+00 3.993649e+01 1.850000e+01
         vertex 7.999998e+00 3.994188e+01 1.847863e+01
      endloop
   endfacet
   facet normal -9.988109e-01 2.179431e-02 4.361009e-02
      outer loop
         vertex 0.000000e+00 3.200000e+01 1.800000e+01
         vertex 7.610768e-03 3.200000e+01 1.817431e+01
         vertex 1.521781e-02 3.234862e+01 1.817431e+01
      endloop
   endfacet
   facet normal -9.943602e-01 2.169720e-02 1.038124e-01
      outer loop
         vertex 1.521781e-02 3.234862e+01 1.817431e+01
         vertex 7.610768e-03 3.200000e+01 1.817431e+01
         vertex 1.458079e-02 3.200000e+01 1.824107e+01
      endloop
   endfacet
   facet normal -9.910862e-01 2.680158e-02 1.304981e-01
      outer loop
         vertex 1.521781e-02 3.234862e+01 1.817431e+01
         vertex 1.458079e-02 3.200000e+01 1.824107e+01
         vertex 3.796816e-02 3.234763e+01 1.834730e+01
      endloop
   endfacet
   facet normal -9.888840e-01 2.157581e-02 1.471153e-01
      outer loop
         vertex 3.796816e-02 3.234763e+01 1.834730e+01
         vertex 1.458079e-02 3.200000e+01 1.824107e+01
         vertex 3.038347e-02 3.200000e+01 1.834730e+01
      endloop
   endfacet
   facet normal -9.782042e-01 2.134279e-02 2.065452e-01
      outer loop
         vertex 3.796816e-02 3.234763e+01 1.834730e+01
         vertex 3.038347e-02 3.200000e+01 1.834730e+01
         vertex 5.811453e-02 3.200000e+01 1.847863e+01
      endloop
   endfacet
   facet normal -2.519746e-02 9.759781e-01 2.164066e-01
      outer loop
         vertex 7.999998e+00 3.994188e+01 1.847863e+01
         vertex 7.652368e+00 3.996203e+01 1.834730e+01
         vertex 7.654015e+00 3.992430e+01 1.851764e+01
      endloop
   endfacet
   facet normal -6.385262e-02 9.742167e-01 2.163902e-01
      outer loop
         vertex 7.654015e+00 3.992430e+01 1.851764e+01
         vertex 7.652368e+00 3.996203e+01 1.834730e+01
         vertex 7.305402e+00 3.993929e+01 1.834730e+01
      endloop
   endfacet
   facet normal -6.385165e-02 9.742172e-01 2.163882e-01
      outer loop
         vertex 7.654015e+00 3.992430e+01 1.851764e+01
         vertex 7.305402e+00 3.993929e+01 1.834730e+01
         vertex 7.308692e+00 3.990167e+01 1.851764e+01
      endloop
   endfacet
   facet normal -1.062875e-01 9.705047e-01 2.163878e-01
      outer loop
         vertex 7.308692e+00 3.990167e+01 1.851764e+01
         vertex 7.305402e+00 3.993929e+01 1.834730e+01
         vertex 6.959755e+00 3.990143e+01 1.834730e+01
      endloop
   endfacet
   facet normal -1.062894e-01 9.705036e-01 2.163916e-01
      outer loop
         vertex 7.308692e+00 3.990167e+01 1.851764e+01
         vertex 6.959755e+00 3.990143e+01 1.834730e+01
         vertex 6.964684e+00 3.986399e+01 1.851764e+01
      endloop
   endfacet
   facet normal -1.485197e-01 9.649439e-01 2.163914e-01
      outer loop
         vertex 6.964684e+00 3.986399e+01 1.851764e+01
         vertex 6.959755e+00 3.990143e+01 1.834730e+01
         vertex 6.616089e+00 3.984854e+01 1.834730e+01
      endloop
   endfacet
   facet normal -1.485174e-01 9.649453e-01 2.163866e-01
      outer loop
         vertex 6.964684e+00 3.986399e+01 1.851764e+01
         vertex 6.616089e+00 3.984854e+01 1.834730e+01
         vertex 6.622646e+00 3.981135e+01 1.851764e+01
      endloop
   endfacet
   facet normal -1.904689e-01 9.575482e-01 2.163864e-01
      outer loop
         vertex 6.622646e+00 3.981135e+01 1.851764e+01
         vertex 6.616089e+00 3.984854e+01 1.834730e+01
         vertex 6.275058e+00 3.978070e+01 1.834730e+01
      endloop
   endfacet
   facet normal -1.904673e-01 9.575493e-01 2.163829e-01
      outer loop
         vertex 6.622646e+00 3.981135e+01 1.851764e+01
         vertex 6.275058e+00 3.978070e+01 1.834730e+01
         vertex 6.283231e+00 3.974384e+01 1.851764e+01
      endloop
   endfacet
   facet normal -2.320538e-01 9.483298e-01 2.163829e-01
      outer loop
         vertex 6.283231e+00 3.974384e+01 1.851764e+01
         vertex 6.275058e+00 3.978070e+01 1.834730e+01
         vertex 5.937312e+00 3.969806e+01 1.834730e+01
      endloop
   endfacet
   facet normal -2.320536e-01 9.483300e-01 2.163824e-01
      outer loop
         vertex 6.283231e+00 3.974384e+01 1.851764e+01
         vertex 5.937312e+00 3.969806e+01 1.834730e+01
         vertex 5.947083e+00 3.966158e+01 1.851764e+01
      endloop
   endfacet
   facet normal -2.731954e-01 9.373063e-01 2.163819e-01
      outer loop
         vertex 5.947083e+00 3.966158e+01 1.851764e+01
         vertex 5.937312e+00 3.969806e+01 1.834730e+01
         vertex 5.603489e+00 3.960076e+01 1.834730e+01
      endloop
   endfacet
   facet normal -2.731985e-01 9.373037e-01 2.163893e-01
      outer loop
         vertex 5.947083e+00 3.966158e+01 1.851764e+01
         vertex 5.603489e+00 3.960076e+01 1.834730e+01
         vertex 5.614843e+00 3.956474e+01 1.851764e+01
      endloop
   endfacet
   facet normal -3.138268e-01 9.244937e-01 2.163890e-01
      outer loop
         vertex 5.614843e+00 3.956474e+01 1.851764e+01
         vertex 5.603489e+00 3.960076e+01 1.834730e+01
         vertex 5.274229e+00 3.948899e+01 1.834730e+01
      endloop
   endfacet
   facet normal -3.138247e-01 9.244956e-01 2.163838e-01
      outer loop
         vertex 5.614843e+00 3.956474e+01 1.851764e+01
         vertex 5.274229e+00 3.948899e+01 1.834730e+01
         vertex 5.287144e+00 3.945350e+01 1.851764e+01
      endloop
   endfacet
   facet normal -3.538528e-01 9.099265e-01 2.163838e-01
      outer loop
         vertex 5.287144e+00 3.945350e+01 1.851764e+01
         vertex 5.274229e+00 3.948899e+01 1.834730e+01
         vertex 4.950158e+00 3.936296e+01 1.834730e+01
      endloop
   endfacet
   facet normal -3.538544e-01 9.099249e-01 2.163880e-01
      outer loop
         vertex 5.287144e+00 3.945350e+01 1.851764e+01
         vertex 4.950158e+00 3.936296e+01 1.834730e+01
         vertex 4.964609e+00 3.932807e+01 1.851764e+01
      endloop
   endfacet
   facet normal -3.932015e-01 8.936269e-01 2.163877e-01
      outer loop
         vertex 4.964609e+00 3.932807e+01 1.851764e+01
         vertex 4.950158e+00 3.936296e+01 1.834730e+01
         vertex 4.631892e+00 3.922292e+01 1.834730e+01
      endloop
   endfacet
   facet normal -3.932061e-01 8.936219e-01 2.163997e-01
      outer loop
         vertex 4.964609e+00 3.932807e+01 1.851764e+01
         vertex 4.631892e+00 3.922292e+01 1.834730e+01
         vertex 4.647855e+00 3.918870e+01 1.851764e+01
      endloop
   endfacet
   facet normal -4.318111e-01 8.756198e-01 2.164003e-01
      outer loop
         vertex 4.647855e+00 3.918870e+01 1.851764e+01
         vertex 4.631892e+00 3.922292e+01 1.834730e+01
         vertex 4.320040e+00 3.906913e+01 1.834730e+01
      endloop
   endfacet
   facet normal -4.318064e-01 8.756254e-01 2.163873e-01
      outer loop
         vertex 4.647855e+00 3.918870e+01 1.851764e+01
         vertex 4.320040e+00 3.906913e+01 1.834730e+01
         vertex 4.337478e+00 3.903564e+01 1.851764e+01
      endloop
   endfacet
   facet normal -4.695924e-01 8.559553e-01 2.163876e-01
      outer loop
         vertex 4.337478e+00 3.903564e+01 1.851764e+01
         vertex 4.320040e+00 3.906913e+01 1.834730e+01
         vertex 4.015192e+00 3.890189e+01 1.834730e+01
      endloop
   endfacet
   facet normal -4.695912e-01 8.559567e-01 2.163843e-01
      outer loop
         vertex 4.337478e+00 3.903564e+01 1.851764e+01
         vertex 4.015192e+00 3.890189e+01 1.834730e+01
         vertex 4.034072e+00 3.886919e+01 1.851764e+01
      endloop
   endfacet
   facet normal -5.064834e-01 8.346572e-01 2.163838e-01
      outer loop
         vertex 4.034072e+00 3.886919e+01 1.851764e+01
         vertex 4.015192e+00 3.890189e+01 1.834730e+01
         vertex 3.717929e+00 3.872151e+01 1.834730e+01
      endloop
   endfacet
   facet normal -5.064827e-01 8.346581e-01 2.163817e-01
      outer loop
         vertex 4.034072e+00 3.886919e+01 1.851764e+01
         vertex 3.717929e+00 3.872151e+01 1.834730e+01
         vertex 3.738217e+00 3.868966e+01 1.851764e+01
      endloop
   endfacet
   facet normal -5.424081e-01 8.117713e-01 2.163812e-01
      outer loop
         vertex 3.738217e+00 3.868966e+01 1.851764e+01
         vertex 3.717929e+00 3.872151e+01 1.834730e+01
         vertex 3.428817e+00 3.852833e+01 1.834730e+01
      endloop
   endfacet
   facet normal -5.424102e-01 8.117682e-01 2.163878e-01
      outer loop
         vertex 3.738217e+00 3.868966e+01 1.851764e+01
         vertex 3.428817e+00 3.852833e+01 1.834730e+01
         vertex 3.450476e+00 3.849739e+01 1.851764e+01
      endloop
   endfacet
   facet normal -5.772970e-01 7.873402e-01 2.163874e-01
      outer loop
         vertex 3.450476e+00 3.849739e+01 1.851764e+01
         vertex 3.428817e+00 3.852833e+01 1.834730e+01
         vertex 3.148403e+00 3.832272e+01 1.834730e+01
      endloop
   endfacet
   facet normal -5.772983e-01 7.873381e-01 2.163917e-01
      outer loop
         vertex 3.450476e+00 3.849739e+01 1.851764e+01
         vertex 3.148403e+00 3.832272e+01 1.834730e+01
         vertex 3.171392e+00 3.829276e+01 1.851764e+01
      endloop
   endfacet
   facet normal -6.110929e-01 7.614067e-01 2.163916e-01
      outer loop
         vertex 3.171392e+00 3.829276e+01 1.851764e+01
         vertex 3.148403e+00 3.832272e+01 1.834730e+01
         vertex 2.877228e+00 3.810508e+01 1.834730e+01
      endloop
   endfacet
   facet normal -6.110924e-01 7.614076e-01 2.163899e-01
      outer loop
         vertex 3.171392e+00 3.829276e+01 1.851764e+01
         vertex 2.877228e+00 3.810508e+01 1.834730e+01
         vertex 2.901502e+00 3.807615e+01 1.851764e+01
      endloop
   endfacet
   facet normal -6.437280e-01 7.340230e-01 2.163898e-01
      outer loop
         vertex 2.901502e+00 3.807615e+01 1.851764e+01
         vertex 2.877228e+00 3.810508e+01 1.834730e+01
         vertex 2.615806e+00 3.787582e+01 1.834730e+01
      endloop
   endfacet
   facet normal -6.437267e-01 7.340256e-01 2.163846e-01
      outer loop
         vertex 2.901502e+00 3.807615e+01 1.851764e+01
         vertex 2.615806e+00 3.787582e+01 1.834730e+01
         vertex 2.641317e+00 3.784797e+01 1.851764e+01
      endloop
   endfacet
   facet normal -6.751250e-01 7.052546e-01 2.163842e-01
      outer loop
         vertex 2.641317e+00 3.784797e+01 1.851764e+01
         vertex 2.615806e+00 3.787582e+01 1.834730e+01
         vertex 2.364628e+00 3.763537e+01 1.834730e+01
      endloop
   endfacet
   facet normal -6.751261e-01 7.052521e-01 2.163890e-01
      outer loop
         vertex 2.641317e+00 3.784797e+01 1.851764e+01
         vertex 2.364628e+00 3.763537e+01 1.834730e+01
         vertex 2.391331e+00 3.760867e+01 1.851764e+01
      endloop
   endfacet
   facet normal -7.052539e-01 6.751242e-01 2.163890e-01
      outer loop
         vertex 2.391331e+00 3.760867e+01 1.851764e+01
         vertex 2.364628e+00 3.763537e+01 1.834730e+01
         vertex 2.124183e+00 3.738419e+01 1.834730e+01
      endloop
   endfacet
   facet normal -7.052544e-01 6.751230e-01 2.163912e-01
      outer loop
         vertex 2.391331e+00 3.760867e+01 1.851764e+01
         vertex 2.124183e+00 3.738419e+01 1.834730e+01
         vertex 2.152026e+00 3.735868e+01 1.851764e+01
      endloop
   endfacet
   facet normal -7.340224e-01 6.437281e-01 2.163913e-01
      outer loop
         vertex 2.152026e+00 3.735868e+01 1.851764e+01
         vertex 2.124183e+00 3.738419e+01 1.834730e+01
         vertex 1.894917e+00 3.712277e+01 1.834730e+01
      endloop
   endfacet
   facet normal -7.340235e-01 6.437248e-01 2.163975e-01
      outer loop
         vertex 2.152026e+00 3.735868e+01 1.851764e+01
         vertex 1.894917e+00 3.712277e+01 1.834730e+01
         vertex 1.923848e+00 3.709850e+01 1.851764e+01
      endloop
   endfacet
   facet normal -7.614082e-01 6.110888e-01 2.163978e-01
      outer loop
         vertex 1.923848e+00 3.709850e+01 1.851764e+01
         vertex 1.894917e+00 3.712277e+01 1.834730e+01
         vertex 1.677278e+00 3.685159e+01 1.834730e+01
      endloop
   endfacet
   facet normal -7.614061e-01 6.110965e-01 2.163836e-01
      outer loop
         vertex 1.923848e+00 3.709850e+01 1.851764e+01
         vertex 1.677278e+00 3.685159e+01 1.834730e+01
         vertex 1.707237e+00 3.682861e+01 1.851764e+01
      endloop
   endfacet
   facet normal -7.873391e-01 5.773001e-01 2.163835e-01
      outer loop
         vertex 1.707237e+00 3.682861e+01 1.851764e+01
         vertex 1.677278e+00 3.685159e+01 1.834730e+01
         vertex 1.471672e+00 3.657118e+01 1.834730e+01
      endloop
   endfacet
   facet normal -7.873396e-01 5.772979e-01 2.163874e-01
      outer loop
         vertex 1.707237e+00 3.682861e+01 1.851764e+01
         vertex 1.471672e+00 3.657118e+01 1.834730e+01
         vertex 1.502607e+00 3.654952e+01 1.851764e+01
      endloop
   endfacet
   facet normal -8.117700e-01 5.424073e-01 2.163878e-01
      outer loop
         vertex 1.502607e+00 3.654952e+01 1.851764e+01
         vertex 1.471672e+00 3.657118e+01 1.834730e+01
         vertex 1.278494e+00 3.628207e+01 1.834730e+01
      endloop
   endfacet
   facet normal -8.117691e-01 5.424125e-01 2.163784e-01
      outer loop
         vertex 1.502607e+00 3.654952e+01 1.851764e+01
         vertex 1.278494e+00 3.628207e+01 1.834730e+01
         vertex 1.310341e+00 3.626178e+01 1.851764e+01
      endloop
   endfacet
   facet normal -8.346559e-01 5.064879e-01 2.163783e-01
      outer loop
         vertex 1.310341e+00 3.626178e+01 1.851764e+01
         vertex 1.278494e+00 3.628207e+01 1.834730e+01
         vertex 1.098108e+00 3.598481e+01 1.834730e+01
      endloop
   endfacet
   facet normal -8.346567e-01 5.064819e-01 2.163891e-01
      outer loop
         vertex 1.310341e+00 3.626178e+01 1.851764e+01
         vertex 1.098108e+00 3.598481e+01 1.834730e+01
         vertex 1.130812e+00 3.596593e+01 1.851764e+01
      endloop
   endfacet
   facet normal -8.559572e-01 4.695882e-01 2.163891e-01
      outer loop
         vertex 1.130812e+00 3.596593e+01 1.851764e+01
         vertex 1.098108e+00 3.598481e+01 1.834730e+01
         vertex 9.308644e-01 3.567996e+01 1.834730e+01
      endloop
   endfacet
   facet normal -8.559576e-01 4.695841e-01 2.163965e-01
      outer loop
         vertex 1.130812e+00 3.596593e+01 1.851764e+01
         vertex 9.308644e-01 3.567996e+01 1.834730e+01
         vertex 9.643622e-01 3.566252e+01 1.851764e+01
      endloop
   endfacet
   facet normal -8.756200e-01 4.318126e-01 2.163965e-01
      outer loop
         vertex 9.643622e-01 3.566252e+01 1.851764e+01
         vertex 9.308644e-01 3.567996e+01 1.834730e+01
         vertex 7.770732e-01 3.536810e+01 1.834730e+01
      endloop
   endfacet
   facet normal -8.756201e-01 4.318104e-01 2.164005e-01
      outer loop
         vertex 9.643622e-01 3.566252e+01 1.851764e+01
         vertex 7.770732e-01 3.536810e+01 1.834730e+01
         vertex 8.113012e-01 3.535215e+01 1.851764e+01
      endloop
   endfacet
   facet normal -8.936257e-01 3.931969e-01 2.164008e-01
      outer loop
         vertex 8.113012e-01 3.535215e+01 1.851764e+01
         vertex 7.770732e-01 3.536810e+01 1.834730e+01
         vertex 6.370358e-01 3.504984e+01 1.834730e+01
      endloop
   endfacet
   facet normal -8.936256e-01 3.932083e-01 2.163804e-01
      outer loop
         vertex 8.113012e-01 3.535215e+01 1.851764e+01
         vertex 6.370358e-01 3.504984e+01 1.834730e+01
         vertex 6.719232e-01 3.503539e+01 1.851764e+01
      endloop
   endfacet
   facet normal -9.099255e-01 3.538576e-01 2.163804e-01
      outer loop
         vertex 6.719232e-01 3.503539e+01 1.851764e+01
         vertex 6.370358e-01 3.504984e+01 1.834730e+01
         vertex 5.110092e-01 3.472577e+01 1.834730e+01
      endloop
   endfacet
   facet normal -9.099252e-01 3.538503e-01 2.163933e-01
      outer loop
         vertex 6.719232e-01 3.503539e+01 1.851764e+01
         vertex 5.110092e-01 3.472577e+01 1.834730e+01
         vertex 5.464964e-01 3.471285e+01 1.851764e+01
      endloop
   endfacet
   facet normal -9.244959e-01 3.138171e-01 2.163934e-01
      outer loop
         vertex 5.464964e-01 3.471285e+01 1.851764e+01
         vertex 5.110092e-01 3.472577e+01 1.834730e+01
         vertex 3.992431e-01 3.439651e+01 1.834730e+01
      endloop
   endfacet
   facet normal -9.244969e-01 3.138295e-01 2.163713e-01
      outer loop
         vertex 5.464964e-01 3.471285e+01 1.851764e+01
         vertex 3.992431e-01 3.439651e+01 1.834730e+01
         vertex 4.352555e-01 3.438515e+01 1.851764e+01
      endloop
   endfacet
   facet normal -9.373066e-01 2.732029e-01 2.163712e-01
      outer loop
         vertex 4.352555e-01 3.438515e+01 1.851764e+01
         vertex 3.992431e-01 3.439651e+01 1.834730e+01
         vertex 3.019422e-01 3.406269e+01 1.834730e+01
      endloop
   endfacet
   facet normal -9.373062e-01 2.732000e-01 2.163764e-01
      outer loop
         vertex 4.352555e-01 3.438515e+01 1.851764e+01
         vertex 3.019422e-01 3.406269e+01 1.834730e+01
         vertex 3.384165e-01 3.405291e+01 1.851764e+01
      endloop
   endfacet
   facet normal -9.483316e-01 2.320530e-01 2.163762e-01
      outer loop
         vertex 3.384165e-01 3.405291e+01 1.851764e+01
         vertex 3.019422e-01 3.406269e+01 1.834730e+01
         vertex 2.192967e-01 3.372494e+01 1.834730e+01
      endloop
   endfacet
   facet normal -9.483317e-01 2.320540e-01 2.163743e-01
      outer loop
         vertex 3.384165e-01 3.405291e+01 1.851764e+01
         vertex 2.192967e-01 3.372494e+01 1.834730e+01
         vertex 2.561621e-01 3.371677e+01 1.851764e+01
      endloop
   endfacet
   facet normal -9.575499e-01 1.904744e-01 2.163740e-01
      outer loop
         vertex 2.561621e-01 3.371677e+01 1.851764e+01
         vertex 2.192967e-01 3.372494e+01 1.834730e+01
         vertex 1.514591e-01 3.338391e+01 1.834730e+01
      endloop
   endfacet
   facet normal -9.575483e-01 1.904671e-01 2.163874e-01
      outer loop
         vertex 2.561621e-01 3.371677e+01 1.851764e+01
         vertex 1.514591e-01 3.338391e+01 1.834730e+01
         vertex 1.886487e-01 3.337735e+01 1.851764e+01
      endloop
   endfacet
   facet normal -9.649447e-01 1.485198e-01 2.163874e-01
      outer loop
         vertex 1.886487e-01 3.337735e+01 1.851764e+01
         vertex 1.514591e-01 3.338391e+01 1.834730e+01
         vertex 9.856373e-02 3.304024e+01 1.834730e+01
      endloop
   endfacet
   facet normal -9.649426e-01 1.485117e-01 2.164023e-01
      outer loop
         vertex 1.886487e-01 3.337735e+01 1.851764e+01
         vertex 9.856373e-02 3.304024e+01 1.834730e+01
         vertex 1.360066e-01 3.303531e+01 1.851764e+01
      endloop
   endfacet
   facet normal -9.705020e-01 1.062826e-01 2.164022e-01
      outer loop
         vertex 1.360066e-01 3.303531e+01 1.851764e+01
         vertex 9.856373e-02 3.304024e+01 1.834730e+01
         vertex 6.071106e-02 3.269460e+01 1.834730e+01
      endloop
   endfacet
   facet normal -9.705058e-01 1.062952e-01 2.163787e-01
      outer loop
         vertex 1.360066e-01 3.303531e+01 1.851764e+01
         vertex 6.071106e-02 3.269460e+01 1.834730e+01
         vertex 9.832904e-02 3.269131e+01 1.851764e+01
      endloop
   endfacet
   facet normal -9.742189e-01 6.385749e-02 2.163787e-01
      outer loop
         vertex 9.832904e-02 3.269131e+01 1.851764e+01
         vertex 6.071106e-02 3.269460e+01 1.834730e+01
         vertex 3.796816e-02 3.234763e+01 1.834730e+01
      endloop
   endfacet
   facet normal -9.742148e-01 6.384607e-02 2.164003e-01
      outer loop
         vertex 9.832904e-02 3.269131e+01 1.851764e+01
         vertex 3.796816e-02 3.234763e+01 1.834730e+01
         vertex 7.569790e-02 3.234598e+01 1.851764e+01
      endloop
   endfacet
   facet normal -9.759757e-01 2.520145e-02 2.164168e-01
      outer loop
         vertex 7.569790e-02 3.234598e+01 1.851764e+01
         vertex 3.796816e-02 3.234763e+01 1.834730e+01
         vertex 5.811453e-02 3.200000e+01 1.847863e+01
      endloop
   endfacet
   facet normal -9.682650e-01 2.113264e-02 2.490307e-01
      outer loop
         vertex 7.569790e-02 3.234598e+01 1.851764e+01
         vertex 5.811453e-02 3.200000e+01 1.847863e+01
         vertex 6.814674e-02 3.200000e+01 1.851764e+01
      endloop
   endfacet
   facet normal -9.535131e-01 2.081068e-02 3.006323e-01
      outer loop
         vertex 6.814674e-02 3.200000e+01 1.851764e+01
         vertex 1.281127e-01 3.234369e+01 1.868404e+01
         vertex 7.569790e-02 3.234598e+01 1.851764e+01
      endloop
   endfacet
   facet normal -9.516977e-01 6.238252e-02 3.006324e-01
      outer loop
         vertex 7.569790e-02 3.234598e+01 1.851764e+01
         vertex 1.281127e-01 3.234369e+01 1.868404e+01
         vertex 1.505986e-01 3.268673e+01 1.868404e+01
      endloop
   endfacet
   facet normal -9.516914e-01 6.236997e-02 3.006552e-01
      outer loop
         vertex 7.569790e-02 3.234598e+01 1.851764e+01
         vertex 1.505986e-01 3.268673e+01 1.868404e+01
         vertex 9.832904e-02 3.269131e+01 1.851764e+01
      endloop
   endfacet
   facet normal -9.480647e-01 1.038259e-01 3.006552e-01
      outer loop
         vertex 9.832904e-02 3.269131e+01 1.851764e+01
         vertex 1.505986e-01 3.268673e+01 1.868404e+01
         vertex 1.880229e-01 3.302847e+01 1.868404e+01
      endloop
   endfacet
   facet normal -9.480702e-01 1.038379e-01 3.006338e-01
      outer loop
         vertex 9.832904e-02 3.269131e+01 1.851764e+01
         vertex 1.880229e-01 3.302847e+01 1.868404e+01
         vertex 1.360066e-01 3.303531e+01 1.851764e+01
      endloop
   endfacet
   facet normal -9.426399e-01 1.450843e-01 3.006337e-01
      outer loop
         vertex 1.360066e-01 3.303531e+01 1.851764e+01
         vertex 1.880229e-01 3.302847e+01 1.868404e+01
         vertex 2.403185e-01 3.336824e+01 1.868404e+01
      endloop
   endfacet
   facet normal -9.426376e-01 1.450788e-01 3.006433e-01
      outer loop
         vertex 1.360066e-01 3.303531e+01 1.851764e+01
         vertex 2.403185e-01 3.336824e+01 1.868404e+01
         vertex 1.886487e-01 3.337735e+01 1.851764e+01
      endloop
   endfacet
   facet normal -9.354113e-01 1.860622e-01 3.006435e-01
      outer loop
         vertex 1.886487e-01 3.337735e+01 1.851764e+01
         vertex 2.403185e-01 3.336824e+01 1.868404e+01
         vertex 3.073849e-01 3.370541e+01 1.868404e+01
      endloop
   endfacet
   facet normal -9.354120e-01 1.860639e-01 3.006405e-01
      outer loop
         vertex 1.886487e-01 3.337735e+01 1.851764e+01
         vertex 3.073849e-01 3.370541e+01 1.868404e+01
         vertex 2.561621e-01 3.371677e+01 1.851764e+01
      endloop
   endfacet
   facet normal -9.264055e-01 2.266896e-01 3.006404e-01
      outer loop
         vertex 2.561621e-01 3.371677e+01 1.851764e+01
         vertex 3.073849e-01 3.370541e+01 1.868404e+01
         vertex 3.890954e-01 3.403933e+01 1.868404e+01
      endloop
   endfacet
   facet normal -9.264052e-01 2.266887e-01 3.006420e-01
      outer loop
         vertex 2.561621e-01 3.371677e+01 1.851764e+01
         vertex 3.890954e-01 3.403933e+01 1.868404e+01
         vertex 3.384165e-01 3.405291e+01 1.851764e+01
      endloop
   endfacet
   facet normal -9.156353e-01 2.668825e-01 3.006421e-01
      outer loop
         vertex 3.384165e-01 3.405291e+01 1.851764e+01
         vertex 3.890954e-01 3.403933e+01 1.868404e+01
         vertex 4.852936e-01 3.436938e+01 1.868404e+01
      endloop
   endfacet
   facet normal -9.156356e-01 2.668836e-01 3.006402e-01
      outer loop
         vertex 3.384165e-01 3.405291e+01 1.851764e+01
         vertex 4.852936e-01 3.436938e+01 1.868404e+01
         vertex 4.352555e-01 3.438515e+01 1.851764e+01
      endloop
   endfacet
   facet normal -9.031228e-01 3.065693e-01 3.006401e-01
      outer loop
         vertex 4.352555e-01 3.438515e+01 1.851764e+01
         vertex 4.852936e-01 3.436938e+01 1.868404e+01
         vertex 5.957969e-01 3.469491e+01 1.868404e+01
      endloop
   endfacet
   facet normal -9.031238e-01 3.065742e-01 3.006321e-01
      outer loop
         vertex 4.352555e-01 3.438515e+01 1.851764e+01
         vertex 5.957969e-01 3.469491e+01 1.868404e+01
         vertex 5.464964e-01 3.471285e+01 1.851764e+01
      endloop
   endfacet
   facet normal -8.888912e-01 3.456772e-01 3.006322e-01
      outer loop
         vertex 5.464964e-01 3.471285e+01 1.851764e+01
         vertex 5.957969e-01 3.469491e+01 1.868404e+01
         vertex 7.203966e-01 3.501531e+01 1.868404e+01
      endloop
   endfacet
   facet normal -8.888900e-01 3.456702e-01 3.006437e-01
      outer loop
         vertex 5.464964e-01 3.471285e+01 1.851764e+01
         vertex 7.203966e-01 3.501531e+01 1.868404e+01
         vertex 6.719232e-01 3.503539e+01 1.851764e+01
      endloop
   endfacet
   facet normal -8.729662e-01 3.841139e-01 3.006435e-01
      outer loop
         vertex 6.719232e-01 3.503539e+01 1.851764e+01
         vertex 7.203966e-01 3.501531e+01 1.868404e+01
         vertex 8.588508e-01 3.532997e+01 1.868404e+01
      endloop
   endfacet
   facet normal -8.729667e-01 3.841181e-01 3.006367e-01
      outer loop
         vertex 6.719232e-01 3.503539e+01 1.851764e+01
         vertex 8.588508e-01 3.532997e+01 1.868404e+01
         vertex 8.113012e-01 3.535215e+01 1.851764e+01
      endloop
   endfacet
   facet normal -8.553830e-01 4.218263e-01 3.006369e-01
      outer loop
         vertex 8.113012e-01 3.535215e+01 1.851764e+01
         vertex 8.588508e-01 3.532997e+01 1.868404e+01
         vertex 1.010899e+00 3.563830e+01 1.868404e+01
      endloop
   endfacet
   facet normal -8.553833e-01 4.218306e-01 3.006299e-01
      outer loop
         vertex 8.113012e-01 3.535215e+01 1.851764e+01
         vertex 1.010899e+00 3.563830e+01 1.868404e+01
         vertex 9.643622e-01 3.566252e+01 1.851764e+01
      endloop
   endfacet
   facet normal -8.361713e-01 4.587364e-01 3.006300e-01
      outer loop
         vertex 9.643622e-01 3.566252e+01 1.851764e+01
         vertex 1.010899e+00 3.563830e+01 1.868404e+01
         vertex 1.176249e+00 3.593969e+01 1.868404e+01
      endloop
   endfacet
   facet normal -8.361711e-01 4.587291e-01 3.006419e-01
      outer loop
         vertex 9.643622e-01 3.566252e+01 1.851764e+01
         vertex 1.176249e+00 3.593969e+01 1.868404e+01
         vertex 1.130812e+00 3.596593e+01 1.851764e+01
      endloop
   endfacet
   facet normal -8.153586e-01 4.947775e-01 3.006420e-01
      outer loop
         vertex 1.130812e+00 3.596593e+01 1.851764e+01
         vertex 1.176249e+00 3.593969e+01 1.868404e+01
         vertex 1.354594e+00 3.623359e+01 1.868404e+01
      endloop
   endfacet
   facet normal -8.153587e-01 4.947715e-01 3.006516e-01
      outer loop
         vertex 1.130812e+00 3.596593e+01 1.851764e+01
         vertex 1.354594e+00 3.623359e+01 1.868404e+01
         vertex 1.310341e+00 3.626178e+01 1.851764e+01
      endloop
   endfacet
   facet normal -7.929995e-01 5.298686e-01 3.006511e-01
      outer loop
         vertex 1.310341e+00 3.626178e+01 1.851764e+01
         vertex 1.354594e+00 3.623359e+01 1.868404e+01
         vertex 1.545586e+00 3.651943e+01 1.868404e+01
      endloop
   endfacet
   facet normal -7.929994e-01 5.298709e-01 3.006474e-01
      outer loop
         vertex 1.310341e+00 3.626178e+01 1.851764e+01
         vertex 1.545586e+00 3.651943e+01 1.868404e+01
         vertex 1.502607e+00 3.654952e+01 1.851764e+01
      endloop
   endfacet
   facet normal -7.691347e-01 5.639529e-01 3.006476e-01
      outer loop
         vertex 1.502607e+00 3.654952e+01 1.851764e+01
         vertex 1.545586e+00 3.651943e+01 1.868404e+01
         vertex 1.748864e+00 3.679666e+01 1.868404e+01
      endloop
   endfacet
   facet normal -7.691350e-01 5.639499e-01 3.006525e-01
      outer loop
         vertex 1.502607e+00 3.654952e+01 1.851764e+01
         vertex 1.748864e+00 3.679666e+01 1.868404e+01
         vertex 1.707237e+00 3.682861e+01 1.851764e+01
      endloop
   endfacet
   facet normal -7.438033e-01 5.969629e-01 3.006524e-01
      outer loop
         vertex 1.707237e+00 3.682861e+01 1.851764e+01
         vertex 1.748864e+00 3.679666e+01 1.868404e+01
         vertex 1.964040e+00 3.706477e+01 1.868404e+01
      endloop
   endfacet
   facet normal -7.438026e-01 5.969681e-01 3.006439e-01
      outer loop
         vertex 1.707237e+00 3.682861e+01 1.851764e+01
         vertex 1.964040e+00 3.706477e+01 1.868404e+01
         vertex 1.923848e+00 3.709850e+01 1.851764e+01
      endloop
   endfacet
   facet normal -7.170596e-01 6.288392e-01 3.006439e-01
      outer loop
         vertex 1.923848e+00 3.709850e+01 1.851764e+01
         vertex 1.964040e+00 3.706477e+01 1.868404e+01
         vertex 2.190705e+00 3.732323e+01 1.868404e+01
      endloop
   endfacet
   facet normal -7.170582e-01 6.288466e-01 3.006317e-01
      outer loop
         vertex 1.923848e+00 3.709850e+01 1.851764e+01
         vertex 2.190705e+00 3.732323e+01 1.868404e+01
         vertex 2.152026e+00 3.735868e+01 1.851764e+01
      endloop
   endfacet
   facet normal -6.889477e-01 6.595236e-01 3.006321e-01
      outer loop
         vertex 2.152026e+00 3.735868e+01 1.851764e+01
         vertex 2.190705e+00 3.732323e+01 1.868404e+01
         vertex 2.428431e+00 3.757157e+01 1.868404e+01
      endloop
   endfacet
   facet normal -6.889497e-01 6.595149e-01 3.006466e-01
      outer loop
         vertex 2.152026e+00 3.735868e+01 1.851764e+01
         vertex 2.428431e+00 3.757157e+01 1.868404e+01
         vertex 2.391331e+00 3.760867e+01 1.851764e+01
      endloop
   endfacet
   facet normal -6.595205e-01 6.889443e-01 3.006467e-01
      outer loop
         vertex 2.391331e+00 3.760867e+01 1.851764e+01
         vertex 2.428431e+00 3.757157e+01 1.868404e+01
         vertex 2.676763e+00 3.780929e+01 1.868404e+01
      endloop
   endfacet
   facet normal -6.595192e-01 6.889488e-01 3.006392e-01
      outer loop
         vertex 2.391331e+00 3.760867e+01 1.851764e+01
         vertex 2.676763e+00 3.780929e+01 1.868404e+01
         vertex 2.641317e+00 3.784797e+01 1.851764e+01
      endloop
   endfacet
   facet normal -6.288431e-01 7.170582e-01 3.006390e-01
      outer loop
         vertex 2.641317e+00 3.784797e+01 1.851764e+01
         vertex 2.676763e+00 3.780929e+01 1.868404e+01
         vertex 2.935227e+00 3.803596e+01 1.868404e+01
      endloop
   endfacet
   facet normal -6.288441e-01 7.170554e-01 3.006439e-01
      outer loop
         vertex 2.641317e+00 3.784797e+01 1.851764e+01
         vertex 2.935227e+00 3.803596e+01 1.868404e+01
         vertex 2.901502e+00 3.807615e+01 1.851764e+01
      endloop
   endfacet
   facet normal -5.969646e-01 7.438054e-01 3.006439e-01
      outer loop
         vertex 2.901502e+00 3.807615e+01 1.851764e+01
         vertex 2.935227e+00 3.803596e+01 1.868404e+01
         vertex 3.203332e+00 3.825114e+01 1.868404e+01
      endloop
   endfacet
   facet normal -5.969648e-01 7.438049e-01 3.006449e-01
      outer loop
         vertex 2.901502e+00 3.807615e+01 1.851764e+01
         vertex 3.203332e+00 3.825114e+01 1.868404e+01
         vertex 3.171392e+00 3.829276e+01 1.851764e+01
      endloop
   endfacet
   facet normal -5.639534e-01 7.691354e-01 3.006447e-01
      outer loop
         vertex 3.171392e+00 3.829276e+01 1.851764e+01
         vertex 3.203332e+00 3.825114e+01 1.868404e+01
         vertex 3.480569e+00 3.845441e+01 1.868404e+01
      endloop
   endfacet
   facet normal -5.639527e-01 7.691371e-01 3.006418e-01
      outer loop
         vertex 3.171392e+00 3.829276e+01 1.851764e+01
         vertex 3.480569e+00 3.845441e+01 1.868404e+01
         vertex 3.450476e+00 3.849739e+01 1.851764e+01
      endloop
   endfacet
   facet normal -5.298702e-01 7.930018e-01 3.006420e-01
      outer loop
         vertex 3.450476e+00 3.849739e+01 1.851764e+01
         vertex 3.480569e+00 3.845441e+01 1.868404e+01
         vertex 3.766406e+00 3.864541e+01 1.868404e+01
      endloop
   endfacet
   facet normal -5.298705e-01 7.930013e-01 3.006430e-01
      outer loop
         vertex 3.450476e+00 3.849739e+01 1.851764e+01
         vertex 3.766406e+00 3.864541e+01 1.868404e+01
         vertex 3.738217e+00 3.868966e+01 1.851764e+01
      endloop
   endfacet
   facet normal -4.947735e-01 8.153605e-01 3.006433e-01
      outer loop
         vertex 3.738217e+00 3.868966e+01 1.851764e+01
         vertex 3.766406e+00 3.864541e+01 1.868404e+01
         vertex 4.060306e+00 3.882375e+01 1.868404e+01
      endloop
   endfacet
   facet normal -4.947731e-01 8.153612e-01 3.006420e-01
      outer loop
         vertex 3.738217e+00 3.868966e+01 1.851764e+01
         vertex 4.060306e+00 3.882375e+01 1.868404e+01
         vertex 4.034072e+00 3.886919e+01 1.851764e+01
      endloop
   endfacet
   facet normal -4.587324e-01 8.361692e-01 3.006420e-01
      outer loop
         vertex 4.034072e+00 3.886919e+01 1.851764e+01
         vertex 4.060306e+00 3.882375e+01 1.868404e+01
         vertex 4.361704e+00 3.898910e+01 1.868404e+01
      endloop
   endfacet
   facet normal -4.587340e-01 8.361665e-01 3.006470e-01
      outer loop
         vertex 4.034072e+00 3.886919e+01 1.851764e+01
         vertex 4.361704e+00 3.898910e+01 1.868404e+01
         vertex 4.337478e+00 3.903564e+01 1.851764e+01
      endloop
   endfacet
   facet normal -4.218290e-01 8.553780e-01 3.006473e-01
      outer loop
         vertex 4.337478e+00 3.903564e+01 1.851764e+01
         vertex 4.361704e+00 3.898910e+01 1.868404e+01
         vertex 4.670028e+00 3.914115e+01 1.868404e+01
      endloop
   endfacet
   facet normal -4.218248e-01 8.553845e-01 3.006348e-01
      outer loop
         vertex 4.337478e+00 3.903564e+01 1.851764e+01
         vertex 4.670028e+00 3.914115e+01 1.868404e+01
         vertex 4.647855e+00 3.918870e+01 1.851764e+01
      endloop
   endfacet
   facet normal -3.841160e-01 8.729683e-01 3.006347e-01
      outer loop
         vertex 4.647855e+00 3.918870e+01 1.851764e+01
         vertex 4.670028e+00 3.914115e+01 1.868404e+01
         vertex 4.984688e+00 3.927960e+01 1.868404e+01
      endloop
   endfacet
   facet normal -3.841173e-01 8.729664e-01 3.006385e-01
      outer loop
         vertex 4.647855e+00 3.918870e+01 1.851764e+01
         vertex 4.984688e+00 3.927960e+01 1.868404e+01
         vertex 4.964609e+00 3.932807e+01 1.851764e+01
      endloop
   endfacet
   facet normal -3.456729e-01 8.888909e-01 3.006382e-01
      outer loop
         vertex 4.964609e+00 3.932807e+01 1.851764e+01
         vertex 4.984688e+00 3.927960e+01 1.868404e+01
         vertex 5.305089e+00 3.940420e+01 1.868404e+01
      endloop
   endfacet
   facet normal -3.456741e-01 8.888894e-01 3.006412e-01
      outer loop
         vertex 4.964609e+00 3.932807e+01 1.851764e+01
         vertex 5.305089e+00 3.940420e+01 1.868404e+01
         vertex 5.287144e+00 3.945350e+01 1.851764e+01
      endloop
   endfacet
   facet normal -3.065669e-01 9.031233e-01 3.006412e-01
      outer loop
         vertex 5.287144e+00 3.945350e+01 1.851764e+01
         vertex 5.305089e+00 3.940420e+01 1.868404e+01
         vertex 5.630624e+00 3.951470e+01 1.868404e+01
      endloop
   endfacet
   facet normal -3.065689e-01 9.031209e-01 3.006463e-01
      outer loop
         vertex 5.287144e+00 3.945350e+01 1.851764e+01
         vertex 5.630624e+00 3.951470e+01 1.868404e+01
         vertex 5.614843e+00 3.956474e+01 1.851764e+01
      endloop
   endfacet
   facet normal -2.668849e-01 9.156335e-01 3.006456e-01
      outer loop
         vertex 5.614843e+00 3.956474e+01 1.851764e+01
         vertex 5.630624e+00 3.951470e+01 1.868404e+01
         vertex 5.960662e+00 3.961090e+01 1.868404e+01
      endloop
   endfacet
   facet normal -2.668829e-01 9.156357e-01 3.006407e-01
      outer loop
         vertex 5.614843e+00 3.956474e+01 1.851764e+01
         vertex 5.960662e+00 3.961090e+01 1.868404e+01
         vertex 5.947083e+00 3.966158e+01 1.851764e+01
      endloop
   endfacet
   facet normal -2.266896e-01 9.264054e-01 3.006409e-01
      outer loop
         vertex 5.947083e+00 3.966158e+01 1.851764e+01
         vertex 5.960662e+00 3.961090e+01 1.868404e+01
         vertex 6.294586e+00 3.969261e+01 1.868404e+01
      endloop
   endfacet
   facet normal -2.266889e-01 9.264060e-01 3.006393e-01
      outer loop
         vertex 5.947083e+00 3.966158e+01 1.851764e+01
         vertex 6.294586e+00 3.969261e+01 1.868404e+01
         vertex 6.283231e+00 3.974384e+01 1.851764e+01
      endloop
   endfacet
   facet normal -1.860615e-01 9.354128e-01 3.006395e-01
      outer loop
         vertex 6.283231e+00 3.974384e+01 1.851764e+01
         vertex 6.294586e+00 3.969261e+01 1.868404e+01
         vertex 6.631758e+00 3.975968e+01 1.868404e+01
      endloop
   endfacet
   facet normal -1.860637e-01 9.354107e-01 3.006444e-01
      outer loop
         vertex 6.283231e+00 3.974384e+01 1.851764e+01
         vertex 6.631758e+00 3.975968e+01 1.868404e+01
         vertex 6.622646e+00 3.981135e+01 1.851764e+01
      endloop
   endfacet
   facet normal -1.450881e-01 9.426360e-01 3.006441e-01
      outer loop
         vertex 6.622646e+00 3.981135e+01 1.851764e+01
         vertex 6.631758e+00 3.975968e+01 1.868404e+01
         vertex 6.971534e+00 3.981198e+01 1.868404e+01
      endloop
   endfacet
   facet normal -1.450842e-01 9.426392e-01 3.006359e-01
      outer loop
         vertex 6.622646e+00 3.981135e+01 1.851764e+01
         vertex 6.971534e+00 3.981198e+01 1.868404e+01
         vertex 6.964684e+00 3.986399e+01 1.851764e+01
      endloop
   endfacet
   facet normal -1.038265e-01 9.480709e-01 3.006353e-01
      outer loop
         vertex 6.964684e+00 3.986399e+01 1.851764e+01
         vertex 6.971534e+00 3.981198e+01 1.868404e+01
         vertex 7.313266e+00 3.984940e+01 1.868404e+01
      endloop
   endfacet
   facet normal -1.038321e-01 9.480667e-01 3.006466e-01
      outer loop
         vertex 6.964684e+00 3.986399e+01 1.851764e+01
         vertex 7.313266e+00 3.984940e+01 1.868404e+01
         vertex 7.308692e+00 3.990167e+01 1.851764e+01
      endloop
   endfacet
   facet normal -6.237726e-02 9.516937e-01 3.006462e-01
      outer loop
         vertex 7.308692e+00 3.990167e+01 1.851764e+01
         vertex 7.313266e+00 3.984940e+01 1.868404e+01
         vertex 7.656306e+00 3.987188e+01 1.868404e+01
      endloop
   endfacet
   facet normal -6.237551e-02 9.516949e-01 3.006427e-01
      outer loop
         vertex 7.308692e+00 3.990167e+01 1.851764e+01
         vertex 7.656306e+00 3.987188e+01 1.868404e+01
         vertex 7.654015e+00 3.992430e+01 1.851764e+01
      endloop
   endfacet
   facet normal -2.080981e-02 9.535100e-01 3.006422e-01
      outer loop
         vertex 7.654015e+00 3.992430e+01 1.851764e+01
         vertex 7.656306e+00 3.987188e+01 1.868404e+01
         vertex 7.999998e+00 3.987939e+01 1.868404e+01
      endloop
   endfacet
   facet normal -2.080554e-02 9.535126e-01 3.006340e-01
      outer loop
         vertex 7.654015e+00 3.992430e+01 1.851764e+01
         vertex 7.999998e+00 3.987939e+01 1.868404e+01
         vertex 7.999998e+00 3.993185e+01 1.851764e+01
      endloop
   endfacet
   facet normal -2.009801e-02 9.211053e-01 3.887944e-01
      outer loop
         vertex 7.659215e+00 3.980518e+01 1.884524e+01
         vertex 7.999998e+00 3.981262e+01 1.884524e+01
         vertex 7.999998e+00 3.987003e+01 1.870921e+01
      endloop
   endfacet
   facet normal -2.304034e-02 9.236180e-01 3.826210e-01
      outer loop
         vertex 7.999998e+00 3.987003e+01 1.870921e+01
         vertex 7.656306e+00 3.987188e+01 1.868404e+01
         vertex 7.659215e+00 3.980518e+01 1.884524e+01
      endloop
   endfacet
   facet normal -6.042684e-02 9.219360e-01 3.825998e-01
      outer loop
         vertex 7.659215e+00 3.980518e+01 1.884524e+01
         vertex 7.656306e+00 3.987188e+01 1.868404e+01
         vertex 7.313266e+00 3.984940e+01 1.868404e+01
      endloop
   endfacet
   facet normal -6.042865e-02 9.219345e-01 3.826032e-01
      outer loop
         vertex 7.659215e+00 3.980518e+01 1.884524e+01
         vertex 7.313266e+00 3.984940e+01 1.868404e+01
         vertex 7.319085e+00 3.978289e+01 1.884524e+01
      endloop
   endfacet
   facet normal -1.005796e-01 9.184218e-01 3.826032e-01
      outer loop
         vertex 7.319085e+00 3.978289e+01 1.884524e+01
         vertex 7.313266e+00 3.984940e+01 1.868404e+01
         vertex 6.971534e+00 3.981198e+01 1.868404e+01
      endloop
   endfacet
   facet normal -1.005804e-01 9.184210e-01 3.826048e-01
      outer loop
         vertex 7.319085e+00 3.978289e+01 1.884524e+01
         vertex 6.971534e+00 3.981198e+01 1.868404e+01
         vertex 6.980248e+00 3.974578e+01 1.884524e+01
      endloop
   endfacet
   facet normal -1.405511e-01 9.131589e-01 3.826045e-01
      outer loop
         vertex 6.980248e+00 3.974578e+01 1.884524e+01
         vertex 6.971534e+00 3.981198e+01 1.868404e+01
         vertex 6.631758e+00 3.975968e+01 1.868404e+01
      endloop
   endfacet
   facet normal -1.405509e-01 9.131591e-01 3.826041e-01
      outer loop
         vertex 6.980248e+00 3.974578e+01 1.884524e+01
         vertex 6.631758e+00 3.975968e+01 1.868404e+01
         vertex 6.643351e+00 3.969392e+01 1.884524e+01
      endloop
   endfacet
   facet normal -1.802429e-01 9.061605e-01 3.826038e-01
      outer loop
         vertex 6.643351e+00 3.969392e+01 1.884524e+01
         vertex 6.631758e+00 3.975968e+01 1.868404e+01
         vertex 6.294586e+00 3.969261e+01 1.868404e+01
      endloop
   endfacet
   facet normal -1.802451e-01 9.061581e-01 3.826085e-01
      outer loop
         vertex 6.643351e+00 3.969392e+01 1.884524e+01
         vertex 6.294586e+00 3.969261e+01 1.868404e+01
         vertex 6.309040e+00 3.962743e+01 1.884524e+01
      endloop
   endfacet
   facet normal -2.196001e-01 8.974331e-01 3.826091e-01
      outer loop
         vertex 6.309040e+00 3.962743e+01 1.884524e+01
         vertex 6.294586e+00 3.969261e+01 1.868404e+01
         vertex 5.960662e+00 3.961090e+01 1.868404e+01
      endloop
   endfacet
   facet normal -2.196019e-01 8.974309e-01 3.826131e-01
      outer loop
         vertex 6.309040e+00 3.962743e+01 1.884524e+01
         vertex 5.960662e+00 3.961090e+01 1.868404e+01
         vertex 5.977944e+00 3.954641e+01 1.884524e+01
      endloop
   endfacet
   facet normal -2.585383e-01 8.869979e-01 3.826130e-01
      outer loop
         vertex 5.977944e+00 3.954641e+01 1.884524e+01
         vertex 5.960662e+00 3.961090e+01 1.868404e+01
         vertex 5.630624e+00 3.951470e+01 1.868404e+01
      endloop
   endfacet
   facet normal -2.585355e-01 8.870017e-01 3.826061e-01
      outer loop
         vertex 5.977944e+00 3.954641e+01 1.884524e+01
         vertex 5.630624e+00 3.951470e+01 1.868404e+01
         vertex 5.650699e+00 3.945102e+01 1.884524e+01
      endloop
   endfacet
   facet normal -2.969798e-01 8.748805e-01 3.826056e-01
      outer loop
         vertex 5.650699e+00 3.945102e+01 1.884524e+01
         vertex 5.630624e+00 3.951470e+01 1.868404e+01
         vertex 5.305089e+00 3.940420e+01 1.868404e+01
      endloop
   endfacet
   facet normal -2.969800e-01 8.748802e-01 3.826062e-01
      outer loop
         vertex 5.650699e+00 3.945102e+01 1.884524e+01
         vertex 5.305089e+00 3.940420e+01 1.868404e+01
         vertex 5.327925e+00 3.934146e+01 1.884524e+01
      endloop
   endfacet
   facet normal -3.348625e-01 8.610922e-01 3.826061e-01
      outer loop
         vertex 5.327925e+00 3.934146e+01 1.884524e+01
         vertex 5.305089e+00 3.940420e+01 1.868404e+01
         vertex 4.984688e+00 3.927960e+01 1.868404e+01
      endloop
   endfacet
   facet normal -3.348625e-01 8.610922e-01 3.826060e-01
      outer loop
         vertex 5.327925e+00 3.934146e+01 1.884524e+01
         vertex 4.984688e+00 3.927960e+01 1.868404e+01
         vertex 5.010240e+00 3.921792e+01 1.884524e+01
      endloop
   endfacet
   facet normal -3.721029e-01 8.456666e-01 3.826060e-01
      outer loop
         vertex 5.010240e+00 3.921792e+01 1.884524e+01
         vertex 4.984688e+00 3.927960e+01 1.868404e+01
         vertex 4.670028e+00 3.914115e+01 1.868404e+01
      endloop
   endfacet
   facet normal -3.721007e-01 8.456706e-01 3.825994e-01
      outer loop
         vertex 5.010240e+00 3.921792e+01 1.884524e+01
         vertex 4.670028e+00 3.914115e+01 1.868404e+01
         vertex 4.698243e+00 3.908063e+01 1.884524e+01
      endloop
   endfacet
   facet normal -4.086395e-01 8.286325e-01 3.825989e-01
      outer loop
         vertex 4.698243e+00 3.908063e+01 1.884524e+01
         vertex 4.670028e+00 3.914115e+01 1.868404e+01
         vertex 4.361704e+00 3.898910e+01 1.868404e+01
      endloop
   endfacet
   facet normal -4.086405e-01 8.286306e-01 3.826020e-01
      outer loop
         vertex 4.698243e+00 3.908063e+01 1.884524e+01
         vertex 4.361704e+00 3.898910e+01 1.868404e+01
         vertex 4.392534e+00 3.892987e+01 1.884524e+01
      endloop
   endfacet
   facet normal -4.443876e-01 8.100218e-01 3.826021e-01
      outer loop
         vertex 4.392534e+00 3.892987e+01 1.884524e+01
         vertex 4.361704e+00 3.898910e+01 1.868404e+01
         vertex 4.060306e+00 3.882375e+01 1.868404e+01
      endloop
   endfacet
   facet normal -4.443915e-01 8.100132e-01 3.826157e-01
      outer loop
         vertex 4.392534e+00 3.892987e+01 1.884524e+01
         vertex 4.060306e+00 3.882375e+01 1.868404e+01
         vertex 4.093692e+00 3.876592e+01 1.884524e+01
      endloop
   endfacet
   facet normal -4.792989e-01 7.898593e-01 3.826157e-01
      outer loop
         vertex 4.093692e+00 3.876592e+01 1.884524e+01
         vertex 4.060306e+00 3.882375e+01 1.868404e+01
         vertex 3.766406e+00 3.864541e+01 1.868404e+01
      endloop
   endfacet
   facet normal -4.792988e-01 7.898597e-01 3.826151e-01
      outer loop
         vertex 4.093692e+00 3.876592e+01 1.884524e+01
         vertex 3.766406e+00 3.864541e+01 1.868404e+01
         vertex 3.802285e+00 3.858909e+01 1.884524e+01
      endloop
   endfacet
   facet normal -5.132978e-01 7.681997e-01 3.826155e-01
      outer loop
         vertex 3.802285e+00 3.858909e+01 1.884524e+01
         vertex 3.766406e+00 3.864541e+01 1.868404e+01
         vertex 3.480569e+00 3.845441e+01 1.868404e+01
      endloop
   endfacet
   facet normal -5.132972e-01 7.682014e-01 3.826128e-01
      outer loop
         vertex 3.802285e+00 3.858909e+01 1.884524e+01
         vertex 3.480569e+00 3.845441e+01 1.868404e+01
         vertex 3.518868e+00 3.839972e+01 1.884524e+01
      endloop
   endfacet
   facet normal -5.463161e-01 7.450812e-01 3.826131e-01
      outer loop
         vertex 3.518868e+00 3.839972e+01 1.884524e+01
         vertex 3.480569e+00 3.845441e+01 1.868404e+01
         vertex 3.203332e+00 3.825114e+01 1.868404e+01
      endloop
   endfacet
   facet normal -5.463144e-01 7.450867e-01 3.826048e-01
      outer loop
         vertex 3.518868e+00 3.839972e+01 1.884524e+01
         vertex 3.203332e+00 3.825114e+01 1.868404e+01
         vertex 3.243979e+00 3.819816e+01 1.884524e+01
      endloop
   endfacet
   facet normal -5.782969e-01 7.205458e-01 3.826048e-01
      outer loop
         vertex 3.243979e+00 3.819816e+01 1.884524e+01
         vertex 3.203332e+00 3.825114e+01 1.868404e+01
         vertex 2.935227e+00 3.803596e+01 1.868404e+01
      endloop
   endfacet
   facet normal -5.782970e-01 7.205451e-01 3.826059e-01
      outer loop
         vertex 3.243979e+00 3.819816e+01 1.884524e+01
         vertex 2.935227e+00 3.803596e+01 1.868404e+01
         vertex 2.978146e+00 3.798481e+01 1.884524e+01
      endloop
   endfacet
   facet normal -6.091772e-01 6.946335e-01 3.826060e-01
      outer loop
         vertex 2.978146e+00 3.798481e+01 1.884524e+01
         vertex 2.935227e+00 3.803596e+01 1.868404e+01
         vertex 2.676763e+00 3.780929e+01 1.868404e+01
      endloop
   endfacet
   facet normal -6.091775e-01 6.946320e-01 3.826082e-01
      outer loop
         vertex 2.978146e+00 3.798481e+01 1.884524e+01
         vertex 2.676763e+00 3.780929e+01 1.868404e+01
         vertex 2.721872e+00 3.776006e+01 1.884524e+01
      endloop
   endfacet
   facet normal -6.388961e-01 6.673999e-01 3.826083e-01
      outer loop
         vertex 2.721872e+00 3.776006e+01 1.884524e+01
         vertex 2.676763e+00 3.780929e+01 1.868404e+01
         vertex 2.428431e+00 3.757157e+01 1.868404e+01
      endloop
   endfacet
   facet normal -6.388959e-01 6.674010e-01 3.826066e-01
      outer loop
         vertex 2.721872e+00 3.776006e+01 1.884524e+01
         vertex 2.428431e+00 3.757157e+01 1.868404e+01
         vertex 2.475645e+00 3.752435e+01 1.884524e+01
      endloop
   endfacet
   facet normal -6.674003e-01 6.388966e-01 3.826069e-01
      outer loop
         vertex 2.475645e+00 3.752435e+01 1.884524e+01
         vertex 2.428431e+00 3.757157e+01 1.868404e+01
         vertex 2.190705e+00 3.732323e+01 1.868404e+01
      endloop
   endfacet
   facet normal -6.674004e-01 6.388954e-01 3.826086e-01
      outer loop
         vertex 2.475645e+00 3.752435e+01 1.884524e+01
         vertex 2.190705e+00 3.732323e+01 1.868404e+01
         vertex 2.239935e+00 3.727813e+01 1.884524e+01
      endloop
   endfacet
   facet normal -6.946351e-01 6.091736e-01 3.826091e-01
      outer loop
         vertex 2.239935e+00 3.727813e+01 1.884524e+01
         vertex 2.190705e+00 3.732323e+01 1.868404e+01
         vertex 1.964040e+00 3.706477e+01 1.868404e+01
      endloop
   endfacet
   facet normal -6.946349e-01 6.091756e-01 3.826060e-01
      outer loop
         vertex 2.239935e+00 3.727813e+01 1.884524e+01
         vertex 1.964040e+00 3.706477e+01 1.868404e+01
         vertex 2.015188e+00 3.702185e+01 1.884524e+01
      endloop
   endfacet
   facet normal -7.205455e-01 5.782966e-01 3.826059e-01
      outer loop
         vertex 2.015188e+00 3.702185e+01 1.884524e+01
         vertex 1.964040e+00 3.706477e+01 1.868404e+01
         vertex 1.748864e+00 3.679666e+01 1.868404e+01
      endloop
   endfacet
   facet normal -7.205453e-01 5.783022e-01 3.825977e-01
      outer loop
         vertex 2.015188e+00 3.702185e+01 1.884524e+01
         vertex 1.748864e+00 3.679666e+01 1.868404e+01
         vertex 1.801834e+00 3.675602e+01 1.884524e+01
      endloop
   endfacet
   facet normal -7.450864e-01 5.463199e-01 3.825975e-01
      outer loop
         vertex 1.801834e+00 3.675602e+01 1.884524e+01
         vertex 1.748864e+00 3.679666e+01 1.868404e+01
         vertex 1.545586e+00 3.651943e+01 1.868404e+01
      endloop
   endfacet
   facet normal -7.450863e-01 5.463128e-01 3.826078e-01
      outer loop
         vertex 1.801834e+00 3.675602e+01 1.884524e+01
         vertex 1.545586e+00 3.651943e+01 1.868404e+01
         vertex 1.600280e+00 3.648113e+01 1.884524e+01
      endloop
   endfacet
   facet normal -7.682023e-01 5.132996e-01 3.826077e-01
      outer loop
         vertex 1.600280e+00 3.648113e+01 1.884524e+01
         vertex 1.545586e+00 3.651943e+01 1.868404e+01
         vertex 1.354594e+00 3.623359e+01 1.868404e+01
      endloop
   endfacet
   facet normal -7.682025e-01 5.133030e-01 3.826029e-01
      outer loop
         vertex 1.600280e+00 3.648113e+01 1.884524e+01
         vertex 1.354594e+00 3.623359e+01 1.868404e+01
         vertex 1.410905e+00 3.619771e+01 1.884524e+01
      endloop
   endfacet
   facet normal -7.898618e-01 4.793054e-01 3.826026e-01
      outer loop
         vertex 1.410905e+00 3.619771e+01 1.884524e+01
         vertex 1.354594e+00 3.623359e+01 1.868404e+01
         vertex 1.176249e+00 3.593969e+01 1.868404e+01
      endloop
   endfacet
   facet normal -7.898607e-01 4.792943e-01 3.826188e-01
      outer loop
         vertex 1.410905e+00 3.619771e+01 1.884524e+01
         vertex 1.176249e+00 3.593969e+01 1.868404e+01
         vertex 1.234077e+00 3.590631e+01 1.884524e+01
      endloop
   endfacet
   facet normal -8.100144e-01 4.443863e-01 3.826192e-01
      outer loop
         vertex 1.234077e+00 3.590631e+01 1.884524e+01
         vertex 1.176249e+00 3.593969e+01 1.868404e+01
         vertex 1.010899e+00 3.563830e+01 1.868404e+01
      endloop
   endfacet
   facet normal -8.100159e-01 4.443966e-01 3.826042e-01
      outer loop
         vertex 1.234077e+00 3.590631e+01 1.884524e+01
         vertex 1.010899e+00 3.563830e+01 1.868404e+01
         vertex 1.070123e+00 3.560746e+01 1.884524e+01
      endloop
   endfacet
   facet normal -8.286326e-01 4.086346e-01 3.826040e-01
      outer loop
         vertex 1.070123e+00 3.560746e+01 1.884524e+01
         vertex 1.010899e+00 3.563830e+01 1.868404e+01
         vertex 8.588508e-01 3.532997e+01 1.868404e+01
      endloop
   endfacet
   facet normal -8.286325e-01 4.086339e-01 3.826050e-01
      outer loop
         vertex 1.070123e+00 3.560746e+01 1.884524e+01
         vertex 8.588508e-01 3.532997e+01 1.868404e+01
         vertex 9.193644e-01 3.530175e+01 1.884524e+01
      endloop
   endfacet
   facet normal -8.456674e-01 3.721022e-01 3.826049e-01
      outer loop
         vertex 9.193644e-01 3.530175e+01 1.884524e+01
         vertex 8.588508e-01 3.532997e+01 1.868404e+01
         vertex 7.203966e-01 3.501531e+01 1.868404e+01
      endloop
   endfacet
   facet normal -8.456673e-01 3.721015e-01 3.826060e-01
      outer loop
         vertex 9.193644e-01 3.530175e+01 1.884524e+01
         vertex 7.203966e-01 3.501531e+01 1.868404e+01
         vertex 7.820837e-01 3.498976e+01 1.884524e+01
      endloop
   endfacet
   facet normal -8.610908e-01 3.348660e-01 3.826060e-01
      outer loop
         vertex 7.820837e-01 3.498976e+01 1.884524e+01
         vertex 7.203966e-01 3.501531e+01 1.868404e+01
         vertex 5.957969e-01 3.469491e+01 1.868404e+01
      endloop
   endfacet
   facet normal -8.610889e-01 3.348592e-01 3.826162e-01
      outer loop
         vertex 7.820837e-01 3.498976e+01 1.884524e+01
         vertex 5.957969e-01 3.469491e+01 1.868404e+01
         vertex 6.585419e-01 3.467207e+01 1.884524e+01
      endloop
   endfacet
   facet normal -8.748756e-01 2.969807e-01 3.826163e-01
      outer loop
         vertex 6.585419e-01 3.467207e+01 1.884524e+01
         vertex 5.957969e-01 3.469491e+01 1.868404e+01
         vertex 4.852936e-01 3.436938e+01 1.868404e+01
      endloop
   endfacet
   facet normal -8.748769e-01 2.969848e-01 3.826100e-01
      outer loop
         vertex 6.585419e-01 3.467207e+01 1.884524e+01
         vertex 4.852936e-01 3.436938e+01 1.868404e+01
         vertex 5.489737e-01 3.434930e+01 1.884524e+01
      endloop
   endfacet
   facet normal -8.869999e-01 2.585360e-01 3.826100e-01
      outer loop
         vertex 5.489737e-01 3.434930e+01 1.884524e+01
         vertex 4.852936e-01 3.436938e+01 1.868404e+01
         vertex 3.890954e-01 3.403933e+01 1.868404e+01
      endloop
   endfacet
   facet normal -8.869994e-01 2.585348e-01 3.826118e-01
      outer loop
         vertex 5.489737e-01 3.434930e+01 1.884524e+01
         vertex 3.890954e-01 3.403933e+01 1.868404e+01
         vertex 4.535913e-01 3.402205e+01 1.884524e+01
      endloop
   endfacet
   facet normal -8.974319e-01 2.195998e-01 3.826120e-01
      outer loop
         vertex 4.535913e-01 3.402205e+01 1.884524e+01
         vertex 3.890954e-01 3.403933e+01 1.868404e+01
         vertex 3.073849e-01 3.370541e+01 1.868404e+01
      endloop
   endfacet
   facet normal -8.974312e-01 2.195981e-01 3.826147e-01
      outer loop
         vertex 4.535913e-01 3.402205e+01 1.884524e+01
         vertex 3.073849e-01 3.370541e+01 1.868404e+01
         vertex 3.725737e-01 3.369096e+01 1.884524e+01
      endloop
   endfacet
   facet normal -9.061558e-01 1.802430e-01 3.826148e-01
      outer loop
         vertex 3.725737e-01 3.369096e+01 1.884524e+01
         vertex 3.073849e-01 3.370541e+01 1.868404e+01
         vertex 2.403185e-01 3.336824e+01 1.868404e+01
      endloop
   endfacet
   facet normal -9.061589e-01 1.802493e-01 3.826047e-01
      outer loop
         vertex 3.725737e-01 3.369096e+01 1.884524e+01
         vertex 2.403185e-01 3.336824e+01 1.868404e+01
         vertex 3.060736e-01 3.335665e+01 1.884524e+01
      endloop
   endfacet
   facet normal -9.131594e-01 1.405469e-01 3.826047e-01
      outer loop
         vertex 3.060736e-01 3.335665e+01 1.884524e+01
         vertex 2.403185e-01 3.336824e+01 1.868404e+01
         vertex 1.880229e-01 3.302847e+01 1.868404e+01
      endloop
   endfacet
   facet normal -9.131591e-01 1.405462e-01 3.826059e-01
      outer loop
         vertex 3.060736e-01 3.335665e+01 1.884524e+01
         vertex 1.880229e-01 3.302847e+01 1.868404e+01
         vertex 2.542213e-01 3.301975e+01 1.884524e+01
      endloop
   endfacet
   facet normal -9.184207e-01 1.005794e-01 3.826058e-01
      outer loop
         vertex 2.542213e-01 3.301975e+01 1.884524e+01
         vertex 1.880229e-01 3.302847e+01 1.868404e+01
         vertex 1.505986e-01 3.268673e+01 1.868404e+01
      endloop
   endfacet
   facet normal -9.184214e-01 1.005807e-01 3.826037e-01
      outer loop
         vertex 2.542213e-01 3.301975e+01 1.884524e+01
         vertex 1.505986e-01 3.268673e+01 1.868404e+01
         vertex 2.171136e-01 3.268091e+01 1.884524e+01
      endloop
   endfacet
   facet normal -9.219341e-01 6.043155e-02 3.826036e-01
      outer loop
         vertex 2.171136e-01 3.268091e+01 1.884524e+01
         vertex 1.505986e-01 3.268673e+01 1.868404e+01
         vertex 1.281127e-01 3.234369e+01 1.868404e+01
      endloop
   endfacet
   facet normal -9.219352e-01 6.043325e-02 3.826006e-01
      outer loop
         vertex 2.171136e-01 3.268091e+01 1.884524e+01
         vertex 1.281127e-01 3.234369e+01 1.868404e+01
         vertex 1.948178e-01 3.234078e+01 1.884524e+01
      endloop
   endfacet
   facet normal -1.843942e-02 8.450491e-01 5.343706e-01
      outer loop
         vertex 7.999998e+00 3.964597e+01 1.913613e+01
         vertex 7.999998e+00 3.973205e+01 1.900000e+01
         vertex 7.662732e+00 3.972469e+01 1.900000e+01
      endloop
   endfacet
   facet normal -1.910938e-02 8.757521e-01 4.823827e-01
      outer loop
         vertex 7.662732e+00 3.972469e+01 1.900000e+01
         vertex 7.999998e+00 3.973205e+01 1.900000e+01
         vertex 7.999998e+00 3.977091e+01 1.892945e+01
      endloop
   endfacet
   facet normal -9.535096e-01 2.080452e-02 3.006437e-01
      outer loop
         vertex 6.814674e-02 3.200000e+01 1.851764e+01
         vertex 1.206137e-01 3.200000e+01 1.868404e+01
         vertex 1.281127e-01 3.234369e+01 1.868404e+01
      endloop
   endfacet
   facet normal -9.371639e-01 2.044788e-02 3.482896e-01
      outer loop
         vertex 1.281127e-01 3.234369e+01 1.868404e+01
         vertex 1.206137e-01 3.200000e+01 1.868404e+01
         vertex 1.299679e-01 3.200000e+01 1.870921e+01
      endloop
   endfacet
   facet normal -9.236180e-01 2.303524e-02 3.826213e-01
      outer loop
         vertex 1.281127e-01 3.234369e+01 1.868404e+01
         vertex 1.299679e-01 3.200000e+01 1.870921e+01
         vertex 1.948178e-01 3.234078e+01 1.884524e+01
      endloop
   endfacet
   facet normal -9.211098e-01 2.009817e-02 3.887837e-01
      outer loop
         vertex 1.948178e-01 3.234078e+01 1.884524e+01
         vertex 1.299679e-01 3.200000e+01 1.870921e+01
         vertex 1.873821e-01 3.200000e+01 1.884524e+01
      endloop
   endfacet
   facet normal -8.959541e-01 1.954928e-02 4.437163e-01
      outer loop
         vertex 1.948178e-01 3.234078e+01 1.884524e+01
         vertex 1.873821e-01 3.200000e+01 1.884524e+01
         vertex 2.290867e-01 3.200000e+01 1.892945e+01
      endloop
   endfacet
   facet normal -8.866821e-01 2.492741e-02 4.617072e-01
      outer loop
         vertex 2.290867e-01 3.200000e+01 1.892945e+01
         vertex 2.753064e-01 3.233727e+01 1.900000e+01
         vertex 1.948178e-01 3.234078e+01 1.884524e+01
      endloop
   endfacet
   facet normal -8.851552e-01 5.801952e-02 4.616645e-01
      outer loop
         vertex 1.948178e-01 3.234078e+01 1.884524e+01
         vertex 2.753064e-01 3.233727e+01 1.900000e+01
         vertex 2.973713e-01 3.267389e+01 1.900000e+01
      endloop
   endfacet
   facet normal -8.851575e-01 5.802245e-02 4.616597e-01
      outer loop
         vertex 1.948178e-01 3.234078e+01 1.884524e+01
         vertex 2.973713e-01 3.267389e+01 1.900000e+01
         vertex 2.171136e-01 3.268091e+01 1.884524e+01
      endloop
   endfacet
   facet normal -8.817854e-01 9.656585e-02 4.616596e-01
      outer loop
         vertex 2.171136e-01 3.268091e+01 1.884524e+01
         vertex 2.973713e-01 3.267389e+01 1.900000e+01
         vertex 3.340952e-01 3.300923e+01 1.900000e+01
      endloop
   endfacet
   facet normal -8.817875e-01 9.656877e-02 4.616550e-01
      outer loop
         vertex 2.171136e-01 3.268091e+01 1.884524e+01
         vertex 3.340952e-01 3.300923e+01 1.900000e+01
         vertex 2.542213e-01 3.301975e+01 1.884524e+01
      endloop
   endfacet
   facet normal -8.767351e-01 1.349456e-01 4.616550e-01
      outer loop
         vertex 2.542213e-01 3.301975e+01 1.884524e+01
         vertex 3.340952e-01 3.300923e+01 1.900000e+01
         vertex 3.854148e-01 3.334266e+01 1.900000e+01
      endloop
   endfacet
   facet normal -8.767311e-01 1.349395e-01 4.616643e-01
      outer loop
         vertex 2.542213e-01 3.301975e+01 1.884524e+01
         vertex 3.854148e-01 3.334266e+01 1.900000e+01
         vertex 3.060736e-01 3.335665e+01 1.884524e+01
      endloop
   endfacet
   facet normal -8.700095e-01 1.730591e-01 4.616644e-01
      outer loop
         vertex 3.060736e-01 3.335665e+01 1.884524e+01
         vertex 3.854148e-01 3.334266e+01 1.900000e+01
         vertex 4.512295e-01 3.367352e+01 1.900000e+01
      endloop
   endfacet
   facet normal -8.700092e-01 1.730586e-01 4.616652e-01
      outer loop
         vertex 3.060736e-01 3.335665e+01 1.884524e+01
         vertex 4.512295e-01 3.367352e+01 1.900000e+01
         vertex 3.725737e-01 3.369096e+01 1.884524e+01
      endloop
   endfacet
   facet normal -8.616329e-01 2.108416e-01 4.616651e-01
      outer loop
         vertex 3.725737e-01 3.369096e+01 1.884524e+01
         vertex 4.512295e-01 3.367352e+01 1.900000e+01
         vertex 5.314127e-01 3.400120e+01 1.900000e+01
      endloop
   endfacet
   facet normal -8.616309e-01 2.108379e-01 4.616704e-01
      outer loop
         vertex 3.725737e-01 3.369096e+01 1.884524e+01
         vertex 5.314127e-01 3.400120e+01 1.900000e+01
         vertex 4.535913e-01 3.402205e+01 1.884524e+01
      endloop
   endfacet
   facet normal -8.516142e-01 2.482210e-01 4.616705e-01
      outer loop
         vertex 4.535913e-01 3.402205e+01 1.884524e+01
         vertex 5.314127e-01 3.400120e+01 1.900000e+01
         vertex 6.258115e-01 3.432507e+01 1.900000e+01
      endloop
   endfacet
   facet normal -8.516142e-01 2.482210e-01 4.616705e-01
      outer loop
         vertex 4.535913e-01 3.402205e+01 1.884524e+01
         vertex 6.258115e-01 3.432507e+01 1.900000e+01
         vertex 5.489737e-01 3.434930e+01 1.884524e+01
      endloop
   endfacet
   facet normal -8.399769e-01 2.851301e-01 4.616704e-01
      outer loop
         vertex 5.489737e-01 3.434930e+01 1.884524e+01
         vertex 6.258115e-01 3.432507e+01 1.900000e+01
         vertex 7.342473e-01 3.464452e+01 1.900000e+01
      endloop
   endfacet
   facet normal -8.399807e-01 2.851390e-01 4.616580e-01
      outer loop
         vertex 5.489737e-01 3.434930e+01 1.884524e+01
         vertex 7.342473e-01 3.464452e+01 1.900000e+01
         vertex 6.585419e-01 3.467207e+01 1.884524e+01
      endloop
   endfacet
   facet normal -8.267447e-01 3.215046e-01 4.616579e-01
      outer loop
         vertex 6.585419e-01 3.467207e+01 1.884524e+01
         vertex 7.342473e-01 3.464452e+01 1.900000e+01
         vertex 8.565150e-01 3.495893e+01 1.900000e+01
      endloop
   endfacet
   facet normal -8.267442e-01 3.215033e-01 4.616597e-01
      outer loop
         vertex 6.585419e-01 3.467207e+01 1.884524e+01
         vertex 8.565150e-01 3.495893e+01 1.900000e+01
         vertex 7.820837e-01 3.498976e+01 1.884524e+01
      endloop
   endfacet
   facet normal -8.119340e-01 3.572580e-01 4.616599e-01
      outer loop
         vertex 7.820837e-01 3.498976e+01 1.884524e+01
         vertex 8.565150e-01 3.495893e+01 1.900000e+01
         vertex 9.923801e-01 3.526771e+01 1.900000e+01
      endloop
   endfacet
   facet normal -8.119342e-01 3.572586e-01 4.616591e-01
      outer loop
         vertex 7.820837e-01 3.498976e+01 1.884524e+01
         vertex 9.923801e-01 3.526771e+01 1.900000e+01
         vertex 9.193644e-01 3.530175e+01 1.884524e+01
      endloop
   endfacet
   facet normal -7.955773e-01 3.923361e-01 4.616592e-01
      outer loop
         vertex 9.193644e-01 3.530175e+01 1.884524e+01
         vertex 9.923801e-01 3.526771e+01 1.900000e+01
         vertex 1.141585e+00 3.557026e+01 1.900000e+01
      endloop
   endfacet
   facet normal -7.955762e-01 3.923325e-01 4.616640e-01
      outer loop
         vertex 9.193644e-01 3.530175e+01 1.884524e+01
         vertex 1.141585e+00 3.557026e+01 1.900000e+01
         vertex 1.070123e+00 3.560746e+01 1.884524e+01
      endloop
   endfacet
   facet normal -7.777032e-01 4.266662e-01 4.616640e-01
      outer loop
         vertex 1.070123e+00 3.560746e+01 1.884524e+01
         vertex 1.141585e+00 3.557026e+01 1.900000e+01
         vertex 1.303848e+00 3.586603e+01 1.900000e+01
      endloop
   endfacet
   facet normal -7.777040e-01 4.266694e-01 4.616598e-01
      outer loop
         vertex 1.070123e+00 3.560746e+01 1.884524e+01
         vertex 1.303848e+00 3.586603e+01 1.900000e+01
         vertex 1.234077e+00 3.590631e+01 1.884524e+01
      endloop
   endfacet
   facet normal -7.583548e-01 4.601830e-01 4.616596e-01
      outer loop
         vertex 1.234077e+00 3.590631e+01 1.884524e+01
         vertex 1.303848e+00 3.586603e+01 1.900000e+01
         vertex 1.478855e+00 3.615443e+01 1.900000e+01
      endloop
   endfacet
   facet normal -7.583533e-01 4.601754e-01 4.616696e-01
      outer loop
         vertex 1.234077e+00 3.590631e+01 1.884524e+01
         vertex 1.478855e+00 3.615443e+01 1.900000e+01
         vertex 1.410905e+00 3.619771e+01 1.884524e+01
      endloop
   endfacet
   facet normal -7.375591e-01 4.928162e-01 4.616696e-01
      outer loop
         vertex 1.410905e+00 3.619771e+01 1.884524e+01
         vertex 1.478855e+00 3.615443e+01 1.900000e+01
         vertex 1.666274e+00 3.643492e+01 1.900000e+01
      endloop
   endfacet
   facet normal -7.375608e-01 4.928286e-01 4.616536e-01
      outer loop
         vertex 1.410905e+00 3.619771e+01 1.884524e+01
         vertex 1.666274e+00 3.643492e+01 1.900000e+01
         vertex 1.600280e+00 3.648113e+01 1.884524e+01
      endloop
   endfacet
   facet normal -7.153637e-01 5.245292e-01 4.616534e-01
      outer loop
         vertex 1.600280e+00 3.648113e+01 1.884524e+01
         vertex 1.666274e+00 3.643492e+01 1.900000e+01
         vertex 1.865752e+00 3.670697e+01 1.900000e+01
      endloop
   endfacet
   facet normal -7.153627e-01 5.245188e-01 4.616668e-01
      outer loop
         vertex 1.600280e+00 3.648113e+01 1.884524e+01
         vertex 1.865752e+00 3.670697e+01 1.900000e+01
         vertex 1.801834e+00 3.675602e+01 1.884524e+01
      endloop
   endfacet
   facet normal -6.917991e-01 5.552280e-01 4.616663e-01
      outer loop
         vertex 1.801834e+00 3.675602e+01 1.884524e+01
         vertex 1.865752e+00 3.670697e+01 1.900000e+01
         vertex 2.076905e+00 3.697007e+01 1.900000e+01
      endloop
   endfacet
   facet normal -6.917993e-01 5.552310e-01 4.616625e-01
      outer loop
         vertex 1.801834e+00 3.675602e+01 1.884524e+01
         vertex 2.076905e+00 3.697007e+01 1.900000e+01
         vertex 2.015188e+00 3.702185e+01 1.884524e+01
      endloop
   endfacet
   facet normal -6.669269e-01 5.848730e-01 4.616623e-01
      outer loop
         vertex 2.015188e+00 3.702185e+01 1.884524e+01
         vertex 2.076905e+00 3.697007e+01 1.900000e+01
         vertex 2.299331e+00 3.722370e+01 1.900000e+01
      endloop
   endfacet
   facet normal -6.669269e-01 5.848765e-01 4.616578e-01
      outer loop
         vertex 2.015188e+00 3.702185e+01 1.884524e+01
         vertex 2.299331e+00 3.722370e+01 1.900000e+01
         vertex 2.239935e+00 3.727813e+01 1.884524e+01
      endloop
   endfacet
   facet normal -6.407774e-01 6.134133e-01 4.616584e-01
      outer loop
         vertex 2.239935e+00 3.727813e+01 1.884524e+01
         vertex 2.299331e+00 3.722370e+01 1.900000e+01
         vertex 2.532613e+00 3.746738e+01 1.900000e+01
      endloop
   endfacet
   facet normal -6.407775e-01 6.134095e-01 4.616632e-01
      outer loop
         vertex 2.239935e+00 3.727813e+01 1.884524e+01
         vertex 2.532613e+00 3.746738e+01 1.900000e+01
         vertex 2.475645e+00 3.752435e+01 1.884524e+01
      endloop
   endfacet
   facet normal -6.134090e-01 6.407779e-01 4.616634e-01
      outer loop
         vertex 2.475645e+00 3.752435e+01 1.884524e+01
         vertex 2.532613e+00 3.746738e+01 1.900000e+01
         vertex 2.776302e+00 3.770067e+01 1.900000e+01
      endloop
   endfacet
   facet normal -6.134091e-01 6.407770e-01 4.616645e-01
      outer loop
         vertex 2.475645e+00 3.752435e+01 1.884524e+01
         vertex 2.776302e+00 3.770067e+01 1.900000e+01
         vertex 2.721872e+00 3.776006e+01 1.884524e+01
      endloop
   endfacet
   facet normal -5.848776e-01 6.669216e-01 4.616642e-01
      outer loop
         vertex 2.721872e+00 3.776006e+01 1.884524e+01
         vertex 2.776302e+00 3.770067e+01 1.900000e+01
         vertex 3.029931e+00 3.792309e+01 1.900000e+01
      endloop
   endfacet
   facet normal -5.848774e-01 6.669231e-01 4.616622e-01
      outer loop
         vertex 2.721872e+00 3.776006e+01 1.884524e+01
         vertex 3.029931e+00 3.792309e+01 1.900000e+01
         vertex 2.978146e+00 3.798481e+01 1.884524e+01
      endloop
   endfacet
   facet normal -5.552293e-01 6.918007e-01 4.616624e-01
      outer loop
         vertex 2.978146e+00 3.798481e+01 1.884524e+01
         vertex 3.029931e+00 3.792309e+01 1.900000e+01
         vertex 3.293023e+00 3.813425e+01 1.900000e+01
      endloop
   endfacet
   facet normal -5.552289e-01 6.918028e-01 4.616598e-01
      outer loop
         vertex 2.978146e+00 3.798481e+01 1.884524e+01
         vertex 3.293023e+00 3.813425e+01 1.900000e+01
         vertex 3.243979e+00 3.819816e+01 1.884524e+01
      endloop
   endfacet
   facet normal -5.245248e-01 7.153627e-01 4.616600e-01
      outer loop
         vertex 3.243979e+00 3.819816e+01 1.884524e+01
         vertex 3.293023e+00 3.813425e+01 1.900000e+01
         vertex 3.565077e+00 3.833373e+01 1.900000e+01
      endloop
   endfacet
   facet normal -5.245238e-01 7.153677e-01 4.616535e-01
      outer loop
         vertex 3.243979e+00 3.819816e+01 1.884524e+01
         vertex 3.565077e+00 3.833373e+01 1.900000e+01
         vertex 3.518868e+00 3.839972e+01 1.884524e+01
      endloop
   endfacet
   facet normal -4.928209e-01 7.375660e-01 4.616535e-01
      outer loop
         vertex 3.518868e+00 3.839972e+01 1.884524e+01
         vertex 3.565077e+00 3.833373e+01 1.900000e+01
         vertex 3.845572e+00 3.852114e+01 1.900000e+01
      endloop
   endfacet
   facet normal -4.928226e-01 7.375592e-01 4.616626e-01
      outer loop
         vertex 3.518868e+00 3.839972e+01 1.884524e+01
         vertex 3.845572e+00 3.852114e+01 1.900000e+01
         vertex 3.802285e+00 3.858909e+01 1.884524e+01
      endloop
   endfacet
   facet normal -4.601823e-01 7.583535e-01 4.616625e-01
      outer loop
         vertex 3.802285e+00 3.858909e+01 1.884524e+01
         vertex 3.845572e+00 3.852114e+01 1.900000e+01
         vertex 4.133973e+00 3.869615e+01 1.900000e+01
      endloop
   endfacet
   facet normal -4.601816e-01 7.583556e-01 4.616596e-01
      outer loop
         vertex 3.802285e+00 3.858909e+01 1.884524e+01
         vertex 4.133973e+00 3.869615e+01 1.900000e+01
         vertex 4.093692e+00 3.876592e+01 1.884524e+01
      endloop
   endfacet
   facet normal -4.266646e-01 7.777067e-01 4.616597e-01
      outer loop
         vertex 4.093692e+00 3.876592e+01 1.884524e+01
         vertex 4.133973e+00 3.869615e+01 1.900000e+01
         vertex 4.429735e+00 3.885841e+01 1.900000e+01
      endloop
   endfacet
   facet normal -4.266657e-01 7.777035e-01 4.616640e-01
      outer loop
         vertex 4.093692e+00 3.876592e+01 1.884524e+01
         vertex 4.429735e+00 3.885841e+01 1.900000e+01
         vertex 4.392534e+00 3.892987e+01 1.884524e+01
      endloop
   endfacet
   facet normal -3.923360e-01 7.955745e-01 4.616641e-01
      outer loop
         vertex 4.392534e+00 3.892987e+01 1.884524e+01
         vertex 4.429735e+00 3.885841e+01 1.900000e+01
         vertex 4.732292e+00 3.900762e+01 1.900000e+01
      endloop
   endfacet
   facet normal -3.923372e-01 7.955713e-01 4.616685e-01
      outer loop
         vertex 4.392534e+00 3.892987e+01 1.884524e+01
         vertex 4.732292e+00 3.900762e+01 1.900000e+01
         vertex 4.698243e+00 3.908063e+01 1.884524e+01
      endloop
   endfacet
   facet normal -3.572562e-01 8.119299e-01 4.616685e-01
      outer loop
         vertex 4.698243e+00 3.908063e+01 1.884524e+01
         vertex 4.732292e+00 3.900762e+01 1.900000e+01
         vertex 5.041070e+00 3.914348e+01 1.900000e+01
      endloop
   endfacet
   facet normal -3.572554e-01 8.119318e-01 4.616659e-01
      outer loop
         vertex 4.698243e+00 3.908063e+01 1.884524e+01
         vertex 5.041070e+00 3.914348e+01 1.900000e+01
         vertex 5.010240e+00 3.921792e+01 1.884524e+01
      endloop
   endfacet
   facet normal -3.215023e-01 8.267411e-01 4.616660e-01
      outer loop
         vertex 5.010240e+00 3.921792e+01 1.884524e+01
         vertex 5.041070e+00 3.914348e+01 1.900000e+01
         vertex 5.355481e+00 3.926575e+01 1.900000e+01
      endloop
   endfacet
   facet normal -3.215032e-01 8.267392e-01 4.616687e-01
      outer loop
         vertex 5.010240e+00 3.921792e+01 1.884524e+01
         vertex 5.355481e+00 3.926575e+01 1.900000e+01
         vertex 5.327925e+00 3.934146e+01 1.884524e+01
      endloop
   endfacet
   facet normal -2.851363e-01 8.399758e-01 4.616686e-01
      outer loop
         vertex 5.327925e+00 3.934146e+01 1.884524e+01
         vertex 5.355481e+00 3.926575e+01 1.900000e+01
         vertex 5.674925e+00 3.937419e+01 1.900000e+01
      endloop
   endfacet
   facet normal -2.851334e-01 8.399809e-01 4.616611e-01
      outer loop
         vertex 5.327925e+00 3.934146e+01 1.884524e+01
         vertex 5.674925e+00 3.937419e+01 1.900000e+01
         vertex 5.650699e+00 3.945102e+01 1.884524e+01
      endloop
   endfacet
   facet normal -2.482204e-01 8.516194e-01 4.616612e-01
      outer loop
         vertex 5.650699e+00 3.945102e+01 1.884524e+01
         vertex 5.674925e+00 3.937419e+01 1.900000e+01
         vertex 5.998798e+00 3.946859e+01 1.900000e+01
      endloop
   endfacet
   facet normal -2.482219e-01 8.516170e-01 4.616647e-01
      outer loop
         vertex 5.650699e+00 3.945102e+01 1.884524e+01
         vertex 5.998798e+00 3.946859e+01 1.900000e+01
         vertex 5.977944e+00 3.954641e+01 1.884524e+01
      endloop
   endfacet
   facet normal -2.108411e-01 8.616334e-01 4.616643e-01
      outer loop
         vertex 5.977944e+00 3.954641e+01 1.884524e+01
         vertex 5.998798e+00 3.946859e+01 1.900000e+01
         vertex 6.326478e+00 3.954877e+01 1.900000e+01
      endloop
   endfacet
   facet normal -2.108419e-01 8.616323e-01 4.616661e-01
      outer loop
         vertex 5.977944e+00 3.954641e+01 1.884524e+01
         vertex 6.326478e+00 3.954877e+01 1.900000e+01
         vertex 6.309040e+00 3.962743e+01 1.884524e+01
      endloop
   endfacet
   facet normal -1.730547e-01 8.700096e-01 4.616660e-01
      outer loop
         vertex 6.309040e+00 3.962743e+01 1.884524e+01
         vertex 6.326478e+00 3.954877e+01 1.900000e+01
         vertex 6.657343e+00 3.961458e+01 1.900000e+01
      endloop
   endfacet
   facet normal -1.730547e-01 8.700095e-01 4.616661e-01
      outer loop
         vertex 6.309040e+00 3.962743e+01 1.884524e+01
         vertex 6.657343e+00 3.961458e+01 1.900000e+01
         vertex 6.643351e+00 3.969392e+01 1.884524e+01
      endloop
   endfacet
   facet normal -1.349448e-01 8.767296e-01 4.616657e-01
      outer loop
         vertex 6.643351e+00 3.969392e+01 1.884524e+01
         vertex 6.657343e+00 3.961458e+01 1.900000e+01
         vertex 6.990764e+00 3.966590e+01 1.900000e+01
      endloop
   endfacet
   facet normal -1.349439e-01 8.767306e-01 4.616639e-01
      outer loop
         vertex 6.643351e+00 3.969392e+01 1.884524e+01
         vertex 6.990764e+00 3.966590e+01 1.900000e+01
         vertex 6.980248e+00 3.974578e+01 1.884524e+01
      endloop
   endfacet
   facet normal -9.657018e-02 8.817827e-01 4.616638e-01
      outer loop
         vertex 6.980248e+00 3.974578e+01 1.884524e+01
         vertex 6.990764e+00 3.966590e+01 1.900000e+01
         vertex 7.326107e+00 3.970263e+01 1.900000e+01
      endloop
   endfacet
   facet normal -9.656822e-02 8.817849e-01 4.616600e-01
      outer loop
         vertex 6.980248e+00 3.974578e+01 1.884524e+01
         vertex 7.326107e+00 3.970263e+01 1.900000e+01
         vertex 7.319085e+00 3.978289e+01 1.884524e+01
      endloop
   endfacet
   facet normal -5.801495e-02 8.851578e-01 4.616599e-01
      outer loop
         vertex 7.319085e+00 3.978289e+01 1.884524e+01
         vertex 7.326107e+00 3.970263e+01 1.900000e+01
         vertex 7.662732e+00 3.972469e+01 1.900000e+01
      endloop
   endfacet
   facet normal -5.801791e-02 8.851548e-01 4.616653e-01
      outer loop
         vertex 7.319085e+00 3.978289e+01 1.884524e+01
         vertex 7.662732e+00 3.972469e+01 1.900000e+01
         vertex 7.659215e+00 3.980518e+01 1.884524e+01
      endloop
   endfacet
   facet normal -2.493232e-02 8.866817e-01 4.617076e-01
      outer loop
         vertex 7.659215e+00 3.980518e+01 1.884524e+01
         vertex 7.662732e+00 3.972469e+01 1.900000e+01
         vertex 7.999998e+00 3.977091e+01 1.892945e+01
      endloop
   endfacet
   facet normal -1.954940e-02 8.959620e-01 4.437003e-01
      outer loop
         vertex 7.659215e+00 3.980518e+01 1.884524e+01
         vertex 7.999998e+00 3.977091e+01 1.892945e+01
         vertex 7.999998e+00 3.981262e+01 1.884524e+01
      endloop
   endfacet
   facet normal -1.730819e-02 7.932320e-01 6.086735e-01
      outer loop
         vertex 7.999998e+00 3.953209e+01 1.928557e+01
         vertex 7.999998e+00 3.963830e+01 1.914715e+01
         vertex 7.666819e+00 3.963103e+01 1.914715e+01
      endloop
   endfacet
   facet normal -1.791228e-02 8.209177e-01 5.707656e-01
      outer loop
         vertex 7.666819e+00 3.963103e+01 1.914715e+01
         vertex 7.999998e+00 3.963830e+01 1.914715e+01
         vertex 7.999998e+00 3.964597e+01 1.913613e+01
      endloop
   endfacet
   facet normal -2.002111e-02 8.432033e-01 5.372219e-01
      outer loop
         vertex 7.999998e+00 3.964597e+01 1.913613e+01
         vertex 7.662732e+00 3.972469e+01 1.900000e+01
         vertex 7.666819e+00 3.963103e+01 1.914715e+01
      endloop
   endfacet
   facet normal -5.516305e-02 8.416452e-01 5.372062e-01
      outer loop
         vertex 7.666819e+00 3.963103e+01 1.914715e+01
         vertex 7.662732e+00 3.972469e+01 1.900000e+01
         vertex 7.326107e+00 3.970263e+01 1.900000e+01
      endloop
   endfacet
   facet normal -5.516160e-02 8.416469e-01 5.372036e-01
      outer loop
         vertex 7.666819e+00 3.963103e+01 1.914715e+01
         vertex 7.326107e+00 3.970263e+01 1.900000e+01
         vertex 7.334277e+00 3.960924e+01 1.914715e+01
      endloop
   endfacet
   facet normal -9.182337e-02 8.384395e-01 5.372035e-01
      outer loop
         vertex 7.334277e+00 3.960924e+01 1.914715e+01
         vertex 7.326107e+00 3.970263e+01 1.900000e+01
         vertex 6.990764e+00 3.966590e+01 1.900000e+01
      endloop
   endfacet
   facet normal -9.182736e-02 8.384344e-01 5.372108e-01
      outer loop
         vertex 7.334277e+00 3.960924e+01 1.914715e+01
         vertex 6.990764e+00 3.966590e+01 1.900000e+01
         vertex 7.002998e+00 3.957296e+01 1.914715e+01
      endloop
   endfacet
   facet normal -1.283112e-01 8.336314e-01 5.372103e-01
      outer loop
         vertex 7.002998e+00 3.957296e+01 1.914715e+01
         vertex 6.990764e+00 3.966590e+01 1.900000e+01
         vertex 6.657343e+00 3.961458e+01 1.900000e+01
      endloop
   endfacet
   facet normal -1.283085e-01 8.336352e-01 5.372051e-01
      outer loop
         vertex 7.002998e+00 3.957296e+01 1.914715e+01
         vertex 6.657343e+00 3.961458e+01 1.900000e+01
         vertex 6.673623e+00 3.952226e+01 1.914715e+01
      endloop
   endfacet
   facet normal -1.645483e-01 8.272451e-01 5.372052e-01
      outer loop
         vertex 6.673623e+00 3.952226e+01 1.914715e+01
         vertex 6.657343e+00 3.961458e+01 1.900000e+01
         vertex 6.326478e+00 3.954877e+01 1.900000e+01
      endloop
   endfacet
   facet normal -1.645485e-01 8.272448e-01 5.372056e-01
      outer loop
         vertex 6.673623e+00 3.952226e+01 1.914715e+01
         vertex 6.326478e+00 3.954877e+01 1.900000e+01
         vertex 6.346766e+00 3.945724e+01 1.914715e+01
      endloop
   endfacet
   facet normal -2.004773e-01 8.192798e-01 5.372052e-01
      outer loop
         vertex 6.346766e+00 3.945724e+01 1.914715e+01
         vertex 6.326478e+00 3.954877e+01 1.900000e+01
         vertex 5.998798e+00 3.946859e+01 1.900000e+01
      endloop
   endfacet
   facet normal -2.004779e-01 8.192788e-01 5.372066e-01
      outer loop
         vertex 6.346766e+00 3.945724e+01 1.914715e+01
         vertex 5.998798e+00 3.946859e+01 1.900000e+01
         vertex 6.023061e+00 3.937803e+01 1.914715e+01
      endloop
   endfacet
   facet normal -2.360185e-01 8.097558e-01 5.372065e-01
      outer loop
         vertex 6.023061e+00 3.937803e+01 1.914715e+01
         vertex 5.998798e+00 3.946859e+01 1.900000e+01
         vertex 5.674925e+00 3.937419e+01 1.900000e+01
      endloop
   endfacet
   facet normal -2.360215e-01 8.097501e-01 5.372138e-01
      outer loop
         vertex 6.023061e+00 3.937803e+01 1.914715e+01
         vertex 5.674925e+00 3.937419e+01 1.900000e+01
         vertex 5.703118e+00 3.928478e+01 1.914715e+01
      endloop
   endfacet
   facet normal -2.711193e-01 7.986834e-01 5.372142e-01
      outer loop
         vertex 5.703118e+00 3.928478e+01 1.914715e+01
         vertex 5.674925e+00 3.937419e+01 1.900000e+01
         vertex 5.355481e+00 3.926575e+01 1.900000e+01
      endloop
   endfacet
   facet normal -2.711149e-01 7.986928e-01 5.372026e-01
      outer loop
         vertex 5.703118e+00 3.928478e+01 1.914715e+01
         vertex 5.355481e+00 3.926575e+01 1.900000e+01
         vertex 5.387545e+00 3.917766e+01 1.914715e+01
      endloop
   endfacet
   facet normal -3.056997e-01 7.861049e-01 5.372027e-01
      outer loop
         vertex 5.387545e+00 3.917766e+01 1.914715e+01
         vertex 5.355481e+00 3.926575e+01 1.900000e+01
         vertex 5.041070e+00 3.914348e+01 1.900000e+01
      endloop
   endfacet
   facet normal -3.056988e-01 7.861070e-01 5.372002e-01
      outer loop
         vertex 5.387545e+00 3.917766e+01 1.914715e+01
         vertex 5.041070e+00 3.914348e+01 1.900000e+01
         vertex 5.076945e+00 3.905687e+01 1.914715e+01
      endloop
   endfacet
   facet normal -3.396974e-01 7.720243e-01 5.372002e-01
      outer loop
         vertex 5.076945e+00 3.905687e+01 1.914715e+01
         vertex 5.041070e+00 3.914348e+01 1.900000e+01
         vertex 4.732292e+00 3.900762e+01 1.900000e+01
      endloop
   endfacet
   facet normal -3.396983e-01 7.720219e-01 5.372031e-01
      outer loop
         vertex 5.076945e+00 3.905687e+01 1.914715e+01
         vertex 4.732292e+00 3.900762e+01 1.900000e+01
         vertex 4.771911e+00 3.892265e+01 1.914715e+01
      endloop
   endfacet
   facet normal -3.730513e-01 7.564692e-01 5.372031e-01
      outer loop
         vertex 4.771911e+00 3.892265e+01 1.914715e+01
         vertex 4.732292e+00 3.900762e+01 1.900000e+01
         vertex 4.429735e+00 3.885841e+01 1.900000e+01
      endloop
   endfacet
   facet normal -3.730522e-01 7.564663e-01 5.372065e-01
      outer loop
         vertex 4.771911e+00 3.892265e+01 1.914715e+01
         vertex 4.429735e+00 3.885841e+01 1.900000e+01
         vertex 4.473023e+00 3.877526e+01 1.914715e+01
      endloop
   endfacet
   facet normal -4.056904e-01 7.394758e-01 5.372066e-01
      outer loop
         vertex 4.473023e+00 3.877526e+01 1.914715e+01
         vertex 4.429735e+00 3.885841e+01 1.900000e+01
         vertex 4.133973e+00 3.869615e+01 1.900000e+01
      endloop
   endfacet
   facet normal -4.056897e-01 7.394784e-01 5.372035e-01
      outer loop
         vertex 4.473023e+00 3.877526e+01 1.914715e+01
         vertex 4.133973e+00 3.869615e+01 1.900000e+01
         vertex 4.180845e+00 3.861496e+01 1.914715e+01
      endloop
   endfacet
   facet normal -4.375622e-01 7.210770e-01 5.372032e-01
      outer loop
         vertex 4.180845e+00 3.861496e+01 1.914715e+01
         vertex 4.133973e+00 3.869615e+01 1.900000e+01
         vertex 3.845572e+00 3.852114e+01 1.900000e+01
      endloop
   endfacet
   facet normal -4.375630e-01 7.210736e-01 5.372072e-01
      outer loop
         vertex 4.180845e+00 3.861496e+01 1.914715e+01
         vertex 3.845572e+00 3.852114e+01 1.900000e+01
         vertex 3.895942e+00 3.844208e+01 1.914715e+01
      endloop
   endfacet
   facet normal -4.685926e-01 7.013056e-01 5.372071e-01
      outer loop
         vertex 3.895942e+00 3.844208e+01 1.914715e+01
         vertex 3.845572e+00 3.852114e+01 1.900000e+01
         vertex 3.565077e+00 3.833373e+01 1.900000e+01
      endloop
   endfacet
   facet normal -4.685927e-01 7.013051e-01 5.372076e-01
      outer loop
         vertex 3.895942e+00 3.844208e+01 1.914715e+01
         vertex 3.565077e+00 3.833373e+01 1.900000e+01
         vertex 3.618848e+00 3.825693e+01 1.914715e+01
      endloop
   endfacet
   facet normal -4.987397e-01 6.801961e-01 5.372076e-01
      outer loop
         vertex 3.618848e+00 3.825693e+01 1.914715e+01
         vertex 3.565077e+00 3.833373e+01 1.900000e+01
         vertex 3.293023e+00 3.813425e+01 1.900000e+01
      endloop
   endfacet
   facet normal -4.987399e-01 6.801946e-01 5.372093e-01
      outer loop
         vertex 3.618848e+00 3.825693e+01 1.914715e+01
         vertex 3.293023e+00 3.813425e+01 1.900000e+01
         vertex 3.350094e+00 3.805987e+01 1.914715e+01
      endloop
   endfacet
   facet normal -5.279346e-01 6.577923e-01 5.372097e-01
      outer loop
         vertex 3.350094e+00 3.805987e+01 1.914715e+01
         vertex 3.293023e+00 3.813425e+01 1.900000e+01
         vertex 3.029931e+00 3.792309e+01 1.900000e+01
      endloop
   endfacet
   facet normal -5.279347e-01 6.577922e-01 5.372098e-01
      outer loop
         vertex 3.350094e+00 3.805987e+01 1.914715e+01
         vertex 3.029931e+00 3.792309e+01 1.900000e+01
         vertex 3.090192e+00 3.785128e+01 1.914715e+01
      endloop
   endfacet
   facet normal -5.561259e-01 6.341368e-01 5.372099e-01
      outer loop
         vertex 3.090192e+00 3.785128e+01 1.914715e+01
         vertex 3.029931e+00 3.792309e+01 1.900000e+01
         vertex 2.776302e+00 3.770067e+01 1.900000e+01
      endloop
   endfacet
   facet normal -5.561257e-01 6.341418e-01 5.372043e-01
      outer loop
         vertex 3.090192e+00 3.785128e+01 1.914715e+01
         vertex 2.776302e+00 3.770067e+01 1.900000e+01
         vertex 2.839636e+00 3.763155e+01 1.914715e+01
      endloop
   endfacet
   facet normal -5.832570e-01 6.092806e-01 5.372043e-01
      outer loop
         vertex 2.839636e+00 3.763155e+01 1.914715e+01
         vertex 2.776302e+00 3.770067e+01 1.900000e+01
         vertex 2.532613e+00 3.746738e+01 1.900000e+01
      endloop
   endfacet
   facet normal -5.832570e-01 6.092842e-01 5.372002e-01
      outer loop
         vertex 2.839636e+00 3.763155e+01 1.914715e+01
         vertex 2.532613e+00 3.746738e+01 1.900000e+01
         vertex 2.598900e+00 3.740110e+01 1.914715e+01
      endloop
   endfacet
   facet normal -6.092802e-01 5.832611e-01 5.372002e-01
      outer loop
         vertex 2.598900e+00 3.740110e+01 1.914715e+01
         vertex 2.532613e+00 3.746738e+01 1.900000e+01
         vertex 2.299331e+00 3.722370e+01 1.900000e+01
      endloop
   endfacet
   facet normal -6.092799e-01 5.832527e-01 5.372098e-01
      outer loop
         vertex 2.598900e+00 3.740110e+01 1.914715e+01
         vertex 2.299331e+00 3.722370e+01 1.900000e+01
         vertex 2.368450e+00 3.716036e+01 1.914715e+01
      endloop
   endfacet
   facet normal -6.341411e-01 5.561210e-01 5.372100e-01
      outer loop
         vertex 2.368450e+00 3.716036e+01 1.914715e+01
         vertex 2.299331e+00 3.722370e+01 1.900000e+01
         vertex 2.076905e+00 3.697007e+01 1.900000e+01
      endloop
   endfacet
   facet normal -6.341419e-01 5.561305e-01 5.371992e-01
      outer loop
         vertex 2.368450e+00 3.716036e+01 1.914715e+01
         vertex 2.076905e+00 3.697007e+01 1.900000e+01
         vertex 2.148718e+00 3.690981e+01 1.914715e+01
      endloop
   endfacet
   facet normal -6.577976e-01 5.279388e-01 5.371992e-01
      outer loop
         vertex 2.148718e+00 3.690981e+01 1.914715e+01
         vertex 2.076905e+00 3.697007e+01 1.900000e+01
         vertex 1.865752e+00 3.670697e+01 1.900000e+01
      endloop
   endfacet
   facet normal -6.577976e-01 5.279390e-01 5.371990e-01
      outer loop
         vertex 2.148718e+00 3.690981e+01 1.914715e+01
         vertex 1.865752e+00 3.670697e+01 1.900000e+01
         vertex 1.940124e+00 3.664991e+01 1.914715e+01
      endloop
   endfacet
   facet normal -6.801990e-01 4.987452e-01 5.371987e-01
      outer loop
         vertex 1.940124e+00 3.664991e+01 1.914715e+01
         vertex 1.865752e+00 3.670697e+01 1.900000e+01
         vertex 1.666274e+00 3.643492e+01 1.900000e+01
      endloop
   endfacet
   facet normal -6.801977e-01 4.987375e-01 5.372076e-01
      outer loop
         vertex 1.940124e+00 3.664991e+01 1.914715e+01
         vertex 1.666274e+00 3.643492e+01 1.900000e+01
         vertex 1.743067e+00 3.638115e+01 1.914715e+01
      endloop
   endfacet
   facet normal -7.013053e-01 4.685925e-01 5.372076e-01
      outer loop
         vertex 1.743067e+00 3.638115e+01 1.914715e+01
         vertex 1.666274e+00 3.643492e+01 1.900000e+01
         vertex 1.478855e+00 3.615443e+01 1.900000e+01
      endloop
   endfacet
   facet normal -7.013054e-01 4.685929e-01 5.372071e-01
      outer loop
         vertex 1.743067e+00 3.638115e+01 1.914715e+01
         vertex 1.478855e+00 3.615443e+01 1.900000e+01
         vertex 1.557920e+00 3.610406e+01 1.914715e+01
      endloop
   endfacet
   facet normal -7.210748e-01 4.375609e-01 5.372071e-01
      outer loop
         vertex 1.557920e+00 3.610406e+01 1.914715e+01
         vertex 1.478855e+00 3.615443e+01 1.900000e+01
         vertex 1.303848e+00 3.586603e+01 1.900000e+01
      endloop
   endfacet
   facet normal -7.210763e-01 4.375665e-01 5.372006e-01
      outer loop
         vertex 1.557920e+00 3.610406e+01 1.914715e+01
         vertex 1.303848e+00 3.586603e+01 1.900000e+01
         vertex 1.385033e+00 3.581915e+01 1.914715e+01
      endloop
   endfacet
   facet normal -7.394777e-01 4.056948e-01 5.372005e-01
      outer loop
         vertex 1.385033e+00 3.581915e+01 1.914715e+01
         vertex 1.303848e+00 3.586603e+01 1.900000e+01
         vertex 1.141585e+00 3.557026e+01 1.900000e+01
      endloop
   endfacet
   facet normal -7.394749e-01 4.056856e-01 5.372114e-01
      outer loop
         vertex 1.385033e+00 3.581915e+01 1.914715e+01
         vertex 1.141585e+00 3.557026e+01 1.900000e+01
         vertex 1.224741e+00 3.552698e+01 1.914715e+01
      endloop
   endfacet
   facet normal -7.564648e-01 3.730479e-01 5.372116e-01
      outer loop
         vertex 1.224741e+00 3.552698e+01 1.914715e+01
         vertex 1.141585e+00 3.557026e+01 1.900000e+01
         vertex 9.923801e-01 3.526771e+01 1.900000e+01
      endloop
   endfacet
   facet normal -7.564673e-01 3.730551e-01 5.372030e-01
      outer loop
         vertex 1.224741e+00 3.552698e+01 1.914715e+01
         vertex 9.923801e-01 3.526771e+01 1.900000e+01
         vertex 1.077343e+00 3.522809e+01 1.914715e+01
      endloop
   endfacet
   facet normal -7.720227e-01 3.396967e-01 5.372031e-01
      outer loop
         vertex 1.077343e+00 3.522809e+01 1.914715e+01
         vertex 9.923801e-01 3.526771e+01 1.900000e+01
         vertex 8.565150e-01 3.495893e+01 1.900000e+01
      endloop
   endfacet
   facet normal -7.720236e-01 3.396991e-01 5.372002e-01
      outer loop
         vertex 1.077343e+00 3.522809e+01 1.914715e+01
         vertex 8.565150e-01 3.495893e+01 1.900000e+01
         vertex 9.431243e-01 3.492305e+01 1.914715e+01
      endloop
   endfacet
   facet normal -7.861061e-01 3.057011e-01 5.372002e-01
      outer loop
         vertex 9.431243e-01 3.492305e+01 1.914715e+01
         vertex 8.565150e-01 3.495893e+01 1.900000e+01
         vertex 7.342473e-01 3.464452e+01 1.900000e+01
      endloop
   endfacet
   facet normal -7.861051e-01 3.056990e-01 5.372027e-01
      outer loop
         vertex 9.431243e-01 3.492305e+01 1.914715e+01
         vertex 7.342473e-01 3.464452e+01 1.900000e+01
         vertex 8.223392e-01 3.461245e+01 1.914715e+01
      endloop
   endfacet
   facet normal -7.986923e-01 2.711160e-01 5.372026e-01
      outer loop
         vertex 8.223392e-01 3.461245e+01 1.914715e+01
         vertex 7.342473e-01 3.464452e+01 1.900000e+01
         vertex 6.258115e-01 3.432507e+01 1.900000e+01
      endloop
   endfacet
   facet normal -7.986925e-01 2.711164e-01 5.372022e-01
      outer loop
         vertex 8.223392e-01 3.461245e+01 1.914715e+01
         vertex 6.258115e-01 3.432507e+01 1.900000e+01
         vertex 7.152185e-01 3.429688e+01 1.914715e+01
      endloop
   endfacet
   facet normal -8.097578e-01 2.360211e-01 5.372022e-01
      outer loop
         vertex 7.152185e-01 3.429688e+01 1.914715e+01
         vertex 6.258115e-01 3.432507e+01 1.900000e+01
         vertex 5.314127e-01 3.400120e+01 1.900000e+01
      endloop
   endfacet
   facet normal -8.097592e-01 2.360235e-01 5.371992e-01
      outer loop
         vertex 7.152185e-01 3.429688e+01 1.914715e+01
         vertex 5.314127e-01 3.400120e+01 1.900000e+01
         vertex 6.219633e-01 3.397694e+01 1.914715e+01
      endloop
   endfacet
   facet normal -8.192834e-01 2.004787e-01 5.371992e-01
      outer loop
         vertex 6.219633e-01 3.397694e+01 1.914715e+01
         vertex 5.314127e-01 3.400120e+01 1.900000e+01
         vertex 4.512295e-01 3.367352e+01 1.900000e+01
      endloop
   endfacet
   facet normal -8.192828e-01 2.004777e-01 5.372005e-01
      outer loop
         vertex 6.219633e-01 3.397694e+01 1.914715e+01
         vertex 4.512295e-01 3.367352e+01 1.900000e+01
         vertex 5.427524e-01 3.365323e+01 1.914715e+01
      endloop
   endfacet
   facet normal -8.272472e-01 1.645530e-01 5.372004e-01
      outer loop
         vertex 5.427524e-01 3.365323e+01 1.914715e+01
         vertex 4.512295e-01 3.367352e+01 1.900000e+01
         vertex 3.854148e-01 3.334266e+01 1.900000e+01
      endloop
   endfacet
   facet normal -8.272414e-01 1.645446e-01 5.372119e-01
      outer loop
         vertex 5.427524e-01 3.365323e+01 1.914715e+01
         vertex 3.854148e-01 3.334266e+01 1.900000e+01
         vertex 4.777387e-01 3.332638e+01 1.914715e+01
      endloop
   endfacet
   facet normal -8.336303e-01 1.283110e-01 5.372120e-01
      outer loop
         vertex 4.777387e-01 3.332638e+01 1.914715e+01
         vertex 3.854148e-01 3.334266e+01 1.900000e+01
         vertex 3.340952e-01 3.300923e+01 1.900000e+01
      endloop
   endfacet
   facet normal -8.336303e-01 1.283110e-01 5.372120e-01
      outer loop
         vertex 4.777387e-01 3.332638e+01 1.914715e+01
         vertex 3.340952e-01 3.300923e+01 1.900000e+01
         vertex 4.270412e-01 3.299700e+01 1.914715e+01
      endloop
   endfacet
   facet normal -8.384346e-01 9.181843e-02 5.372120e-01
      outer loop
         vertex 4.270412e-01 3.299700e+01 1.914715e+01
         vertex 3.340952e-01 3.300923e+01 1.900000e+01
         vertex 2.973713e-01 3.267389e+01 1.900000e+01
      endloop
   endfacet
   facet normal -8.384392e-01 9.182395e-02 5.372039e-01
      outer loop
         vertex 4.270412e-01 3.299700e+01 1.914715e+01
         vertex 2.973713e-01 3.267389e+01 1.900000e+01
         vertex 3.907606e-01 3.266572e+01 1.914715e+01
      endloop
   endfacet
   facet normal -8.416463e-01 5.516763e-02 5.372039e-01
      outer loop
         vertex 3.907606e-01 3.266572e+01 1.914715e+01
         vertex 2.973713e-01 3.267389e+01 1.900000e+01
         vertex 2.753064e-01 3.233727e+01 1.900000e+01
      endloop
   endfacet
   facet normal -8.416445e-01 5.516569e-02 5.372069e-01
      outer loop
         vertex 3.907606e-01 3.266572e+01 1.914715e+01
         vertex 2.753064e-01 3.233727e+01 1.900000e+01
         vertex 3.689639e-01 3.233318e+01 1.914715e+01
      endloop
   endfacet
   facet normal -1.730507e-02 7.932358e-01 6.086686e-01
      outer loop
         vertex 7.999998e+00 3.953209e+01 1.928557e+01
         vertex 7.666819e+00 3.963103e+01 1.914715e+01
         vertex 7.671453e+00 3.952492e+01 1.928557e+01
      endloop
   endfacet
   facet normal -5.188976e-02 7.917257e-01 6.086689e-01
      outer loop
         vertex 7.671453e+00 3.952492e+01 1.928557e+01
         vertex 7.666819e+00 3.963103e+01 1.914715e+01
         vertex 7.334277e+00 3.960924e+01 1.914715e+01
      endloop
   endfacet
   facet normal -5.189254e-02 7.917221e-01 6.086734e-01
      outer loop
         vertex 7.671453e+00 3.952492e+01 1.928557e+01
         vertex 7.334277e+00 3.960924e+01 1.914715e+01
         vertex 7.343534e+00 3.950343e+01 1.928557e+01
      endloop
   endfacet
   facet normal -8.638084e-02 7.887047e-01 6.086734e-01
      outer loop
         vertex 7.343534e+00 3.950343e+01 1.928557e+01
         vertex 7.334277e+00 3.960924e+01 1.914715e+01
         vertex 7.002998e+00 3.957296e+01 1.914715e+01
      endloop
   endfacet
   facet normal -8.638068e-02 7.887049e-01 6.086731e-01
      outer loop
         vertex 7.343534e+00 3.950343e+01 1.928557e+01
         vertex 7.002998e+00 3.957296e+01 1.914715e+01
         vertex 7.016864e+00 3.946765e+01 1.928557e+01
      endloop
   endfacet
   facet normal -1.206977e-01 7.841867e-01 6.086733e-01
      outer loop
         vertex 7.016864e+00 3.946765e+01 1.928557e+01
         vertex 7.002998e+00 3.957296e+01 1.914715e+01
         vertex 6.673623e+00 3.952226e+01 1.914715e+01
      endloop
   endfacet
   facet normal -1.206952e-01 7.841906e-01 6.086688e-01
      outer loop
         vertex 7.016864e+00 3.946765e+01 1.928557e+01
         vertex 6.673623e+00 3.952226e+01 1.914715e+01
         vertex 6.692067e+00 3.941766e+01 1.928557e+01
      endloop
   endfacet
   facet normal -1.547888e-01 7.781791e-01 6.086688e-01
      outer loop
         vertex 6.692067e+00 3.941766e+01 1.928557e+01
         vertex 6.673623e+00 3.952226e+01 1.914715e+01
         vertex 6.346766e+00 3.945724e+01 1.914715e+01
      endloop
   endfacet
   facet normal -1.547900e-01 7.781771e-01 6.086711e-01
      outer loop
         vertex 6.692067e+00 3.941766e+01 1.928557e+01
         vertex 6.346766e+00 3.945724e+01 1.914715e+01
         vertex 6.369755e+00 3.935355e+01 1.928557e+01
      endloop
   endfacet
   facet normal -1.885868e-01 7.706845e-01 6.086711e-01
      outer loop
         vertex 6.369755e+00 3.935355e+01 1.928557e+01
         vertex 6.346766e+00 3.945724e+01 1.914715e+01
         vertex 6.023061e+00 3.937803e+01 1.914715e+01
      endloop
   endfacet
   facet normal -1.885844e-01 7.706892e-01 6.086658e-01
      outer loop
         vertex 6.369755e+00 3.935355e+01 1.928557e+01
         vertex 6.023061e+00 3.937803e+01 1.914715e+01
         vertex 6.050549e+00 3.927544e+01 1.928557e+01
      endloop
   endfacet
   facet normal -2.220246e-01 7.617291e-01 6.086656e-01
      outer loop
         vertex 6.050549e+00 3.927544e+01 1.928557e+01
         vertex 6.023061e+00 3.937803e+01 1.914715e+01
         vertex 5.703118e+00 3.928478e+01 1.914715e+01
      endloop
   endfacet
   facet normal -2.220248e-01 7.617289e-01 6.086659e-01
      outer loop
         vertex 6.050549e+00 3.927544e+01 1.928557e+01
         vertex 5.703118e+00 3.928478e+01 1.914715e+01
         vertex 5.735055e+00 3.918348e+01 1.928557e+01
      endloop
   endfacet
   facet normal -2.550347e-01 7.513212e-01 6.086656e-01
      outer loop
         vertex 5.735055e+00 3.918348e+01 1.928557e+01
         vertex 5.703118e+00 3.928478e+01 1.914715e+01
         vertex 5.387545e+00 3.917766e+01 1.914715e+01
      endloop
   endfacet
   facet normal -2.550381e-01 7.513127e-01 6.086747e-01
      outer loop
         vertex 5.735055e+00 3.918348e+01 1.928557e+01
         vertex 5.387545e+00 3.917766e+01 1.914715e+01
         vertex 5.423874e+00 3.907785e+01 1.928557e+01
      endloop
   endfacet
   facet normal -2.875643e-01 7.394739e-01 6.086748e-01
      outer loop
         vertex 5.423874e+00 3.907785e+01 1.928557e+01
         vertex 5.387545e+00 3.917766e+01 1.914715e+01
         vertex 5.076945e+00 3.905687e+01 1.914715e+01
      endloop
   endfacet
   facet normal -2.875631e-01 7.394775e-01 6.086712e-01
      outer loop
         vertex 5.423874e+00 3.907785e+01 1.928557e+01
         vertex 5.076945e+00 3.905687e+01 1.914715e+01
         vertex 5.117591e+00 3.895874e+01 1.928557e+01
      endloop
   endfacet
   facet normal -3.195487e-01 7.262286e-01 6.086712e-01
      outer loop
         vertex 5.117591e+00 3.895874e+01 1.928557e+01
         vertex 5.076945e+00 3.905687e+01 1.914715e+01
         vertex 4.771911e+00 3.892265e+01 1.914715e+01
      endloop
   endfacet
   facet normal -3.195494e-01 7.262265e-01 6.086733e-01
      outer loop
         vertex 5.117591e+00 3.895874e+01 1.928557e+01
         vertex 4.771911e+00 3.892265e+01 1.914715e+01
         vertex 4.816800e+00 3.882639e+01 1.928557e+01
      endloop
   endfacet
   facet normal -3.509243e-01 7.115959e-01 6.086735e-01
      outer loop
         vertex 4.816800e+00 3.882639e+01 1.928557e+01
         vertex 4.771911e+00 3.892265e+01 1.914715e+01
         vertex 4.473023e+00 3.877526e+01 1.914715e+01
      endloop
   endfacet
   facet normal -3.509239e-01 7.115975e-01 6.086718e-01
      outer loop
         vertex 4.816800e+00 3.882639e+01 1.928557e+01
         vertex 4.473023e+00 3.877526e+01 1.914715e+01
         vertex 4.522067e+00 3.868104e+01 1.928557e+01
      endloop
   endfacet
   facet normal -3.816257e-01 6.956154e-01 6.086716e-01
      outer loop
         vertex 4.522067e+00 3.868104e+01 1.928557e+01
         vertex 4.473023e+00 3.877526e+01 1.914715e+01
         vertex 4.180845e+00 3.861496e+01 1.914715e+01
      endloop
   endfacet
   facet normal -3.816258e-01 6.956149e-01 6.086721e-01
      outer loop
         vertex 4.522067e+00 3.868104e+01 1.928557e+01
         vertex 4.180845e+00 3.861496e+01 1.914715e+01
         vertex 4.233953e+00 3.852298e+01 1.928557e+01
      endloop
   endfacet
   facet normal -4.116094e-01 6.783038e-01 6.086721e-01
      outer loop
         vertex 4.233953e+00 3.852298e+01 1.928557e+01
         vertex 4.180845e+00 3.861496e+01 1.914715e+01
         vertex 3.895942e+00 3.844208e+01 1.914715e+01
      endloop
   endfacet
   facet normal -4.116085e-01 6.783090e-01 6.086669e-01
      outer loop
         vertex 4.233953e+00 3.852298e+01 1.928557e+01
         vertex 3.895942e+00 3.844208e+01 1.914715e+01
         vertex 3.953010e+00 3.835250e+01 1.928557e+01
      endloop
   endfacet
   facet normal -4.408010e-01 6.597115e-01 6.086668e-01
      outer loop
         vertex 3.953010e+00 3.835250e+01 1.928557e+01
         vertex 3.895942e+00 3.844208e+01 1.914715e+01
         vertex 3.618848e+00 3.825693e+01 1.914715e+01
      endloop
   endfacet
   facet normal -4.408018e-01 6.597052e-01 6.086730e-01
      outer loop
         vertex 3.953010e+00 3.835250e+01 1.928557e+01
         vertex 3.618848e+00 3.825693e+01 1.914715e+01
         vertex 3.679771e+00 3.816993e+01 1.928557e+01
      endloop
   endfacet
   facet normal -4.691579e-01 6.398499e-01 6.086732e-01
      outer loop
         vertex 3.679771e+00 3.816993e+01 1.928557e+01
         vertex 3.618848e+00 3.825693e+01 1.914715e+01
         vertex 3.350094e+00 3.805987e+01 1.914715e+01
      endloop
   endfacet
   facet normal -4.691578e-01 6.398506e-01 6.086724e-01
      outer loop
         vertex 3.679771e+00 3.816993e+01 1.928557e+01
         vertex 3.350094e+00 3.805987e+01 1.914715e+01
         vertex 3.414754e+00 3.797561e+01 1.928557e+01
      endloop
   endfacet
   facet normal -4.966215e-01 6.187769e-01 6.086724e-01
      outer loop
         vertex 3.414754e+00 3.797561e+01 1.928557e+01
         vertex 3.350094e+00 3.805987e+01 1.914715e+01
         vertex 3.090192e+00 3.785128e+01 1.914715e+01
      endloop
   endfacet
   facet normal -4.966215e-01 6.187768e-01 6.086725e-01
      outer loop
         vertex 3.414754e+00 3.797561e+01 1.928557e+01
         vertex 3.090192e+00 3.785128e+01 1.914715e+01
         vertex 3.158465e+00 3.776991e+01 1.928557e+01
      endloop
   endfacet
   facet normal -5.231383e-01 5.965268e-01 6.086725e-01
      outer loop
         vertex 3.158465e+00 3.776991e+01 1.928557e+01
         vertex 3.090192e+00 3.785128e+01 1.914715e+01
         vertex 2.839636e+00 3.763155e+01 1.914715e+01
      endloop
   endfacet
   facet normal -5.231383e-01 5.965271e-01 6.086722e-01
      outer loop
         vertex 3.158465e+00 3.776991e+01 1.928557e+01
         vertex 2.839636e+00 3.763155e+01 1.914715e+01
         vertex 2.911393e+00 3.755324e+01 1.928557e+01
      endloop
   endfacet
   facet normal -5.486589e-01 5.731422e-01 6.086719e-01
      outer loop
         vertex 2.911393e+00 3.755324e+01 1.928557e+01
         vertex 2.839636e+00 3.763155e+01 1.914715e+01
         vertex 2.598900e+00 3.740110e+01 1.914715e+01
      endloop
   endfacet
   facet normal -5.486588e-01 5.731412e-01 6.086729e-01
      outer loop
         vertex 2.911393e+00 3.755324e+01 1.928557e+01
         vertex 2.598900e+00 3.740110e+01 1.914715e+01
         vertex 2.674006e+00 3.732599e+01 1.928557e+01
      endloop
   endfacet
   facet normal -5.731417e-01 5.486583e-01 6.086729e-01
      outer loop
         vertex 2.674006e+00 3.732599e+01 1.928557e+01
         vertex 2.598900e+00 3.740110e+01 1.914715e+01
         vertex 2.368450e+00 3.716036e+01 1.914715e+01
      endloop
   endfacet
   facet normal -5.731418e-01 5.486594e-01 6.086717e-01
      outer loop
         vertex 2.674006e+00 3.732599e+01 1.928557e+01
         vertex 2.368450e+00 3.716036e+01 1.914715e+01
         vertex 2.446759e+00 3.708860e+01 1.928557e+01
      endloop
   endfacet
   facet normal -5.965251e-01 5.231413e-01 6.086716e-01
      outer loop
         vertex 2.446759e+00 3.708860e+01 1.928557e+01
         vertex 2.368450e+00 3.716036e+01 1.914715e+01
         vertex 2.148718e+00 3.690981e+01 1.914715e+01
      endloop
   endfacet
   facet normal -5.965236e-01 5.231308e-01 6.086820e-01
      outer loop
         vertex 2.446759e+00 3.708860e+01 1.928557e+01
         vertex 2.148718e+00 3.690981e+01 1.914715e+01
         vertex 2.230085e+00 3.684153e+01 1.928557e+01
      endloop
   endfacet
   facet normal -6.187712e-01 4.966170e-01 6.086820e-01
      outer loop
         vertex 2.230085e+00 3.684153e+01 1.928557e+01
         vertex 2.148718e+00 3.690981e+01 1.914715e+01
         vertex 1.940124e+00 3.664991e+01 1.914715e+01
      endloop
   endfacet
   facet normal -6.187730e-01 4.966266e-01 6.086724e-01
      outer loop
         vertex 2.230085e+00 3.684153e+01 1.928557e+01
         vertex 1.940124e+00 3.664991e+01 1.914715e+01
         vertex 2.024390e+00 3.658525e+01 1.928557e+01
      endloop
   endfacet
   facet normal -6.398525e-01 4.691554e-01 6.086724e-01
      outer loop
         vertex 2.024390e+00 3.658525e+01 1.928557e+01
         vertex 1.940124e+00 3.664991e+01 1.914715e+01
         vertex 1.743067e+00 3.638115e+01 1.914715e+01
      endloop
   endfacet
   facet normal -6.398535e-01 4.691599e-01 6.086678e-01
      outer loop
         vertex 2.024390e+00 3.658525e+01 1.928557e+01
         vertex 1.743067e+00 3.638115e+01 1.914715e+01
         vertex 1.830071e+00 3.632023e+01 1.928557e+01
      endloop
   endfacet
   facet normal -6.597111e-01 4.408007e-01 6.086674e-01
      outer loop
         vertex 1.830071e+00 3.632023e+01 1.928557e+01
         vertex 1.743067e+00 3.638115e+01 1.914715e+01
         vertex 1.557920e+00 3.610406e+01 1.914715e+01
      endloop
   endfacet
   facet normal -6.597117e-01 4.408032e-01 6.086649e-01
      outer loop
         vertex 1.830071e+00 3.632023e+01 1.928557e+01
         vertex 1.557920e+00 3.610406e+01 1.914715e+01
         vertex 1.647498e+00 3.604699e+01 1.928557e+01
      endloop
   endfacet
   facet normal -6.783079e-01 4.116136e-01 6.086647e-01
      outer loop
         vertex 1.647498e+00 3.604699e+01 1.928557e+01
         vertex 1.557920e+00 3.610406e+01 1.914715e+01
         vertex 1.385033e+00 3.581915e+01 1.914715e+01
      endloop
   endfacet
   facet normal -6.783056e-01 4.116064e-01 6.086721e-01
      outer loop
         vertex 1.647498e+00 3.604699e+01 1.928557e+01
         vertex 1.385033e+00 3.581915e+01 1.914715e+01
         vertex 1.477018e+00 3.576604e+01 1.928557e+01
      endloop
   endfacet
   facet normal -6.956159e-01 3.816240e-01 6.086720e-01
      outer loop
         vertex 1.477018e+00 3.576604e+01 1.928557e+01
         vertex 1.385033e+00 3.581915e+01 1.914715e+01
         vertex 1.224741e+00 3.552698e+01 1.914715e+01
      endloop
   endfacet
   facet normal -6.956176e-01 3.816285e-01 6.086673e-01
      outer loop
         vertex 1.477018e+00 3.576604e+01 1.928557e+01
         vertex 1.224741e+00 3.552698e+01 1.914715e+01
         vertex 1.318954e+00 3.547793e+01 1.928557e+01
      endloop
   endfacet
   facet normal -7.115993e-01 3.509282e-01 6.086673e-01
      outer loop
         vertex 1.318954e+00 3.547793e+01 1.928557e+01
         vertex 1.224741e+00 3.552698e+01 1.914715e+01
         vertex 1.077343e+00 3.522809e+01 1.914715e+01
      endloop
   endfacet
   facet normal -7.115950e-01 3.509181e-01 6.086781e-01
      outer loop
         vertex 1.318954e+00 3.547793e+01 1.928557e+01
         vertex 1.077343e+00 3.522809e+01 1.914715e+01
         vertex 1.173608e+00 3.518320e+01 1.928557e+01
      endloop
   endfacet
   facet normal -7.262237e-01 3.195466e-01 6.086781e-01
      outer loop
         vertex 1.173608e+00 3.518320e+01 1.928557e+01
         vertex 1.077343e+00 3.522809e+01 1.914715e+01
         vertex 9.431243e-01 3.492305e+01 1.914715e+01
      endloop
   endfacet
   facet normal -7.262235e-01 3.195461e-01 6.086787e-01
      outer loop
         vertex 1.173608e+00 3.518320e+01 1.928557e+01
         vertex 9.431243e-01 3.492305e+01 1.914715e+01
         vertex 1.041256e+00 3.488240e+01 1.928557e+01
      endloop
   endfacet
   facet normal -7.394709e-01 2.875640e-01 6.086787e-01
      outer loop
         vertex 1.041256e+00 3.488240e+01 1.928557e+01
         vertex 9.431243e-01 3.492305e+01 1.914715e+01
         vertex 8.223392e-01 3.461245e+01 1.914715e+01
      endloop
   endfacet
   facet normal -7.394703e-01 2.875629e-01 6.086799e-01
      outer loop
         vertex 1.041256e+00 3.488240e+01 1.928557e+01
         vertex 8.223392e-01 3.461245e+01 1.914715e+01
         vertex 9.221509e-01 3.457613e+01 1.928557e+01
      endloop
   endfacet
   facet normal -7.513103e-01 2.550325e-01 6.086799e-01
      outer loop
         vertex 9.221509e-01 3.457613e+01 1.928557e+01
         vertex 8.223392e-01 3.461245e+01 1.914715e+01
         vertex 7.152185e-01 3.429688e+01 1.914715e+01
      endloop
   endfacet
   facet normal -7.513161e-01 2.550423e-01 6.086687e-01
      outer loop
         vertex 9.221509e-01 3.457613e+01 1.928557e+01
         vertex 7.152185e-01 3.429688e+01 1.914715e+01
         vertex 8.165166e-01 3.426494e+01 1.928557e+01
      endloop
   endfacet
   facet normal -7.617270e-01 2.220234e-01 6.086687e-01
      outer loop
         vertex 8.165166e-01 3.426494e+01 1.928557e+01
         vertex 7.152185e-01 3.429688e+01 1.914715e+01
         vertex 6.219633e-01 3.397694e+01 1.914715e+01
      endloop
   endfacet
   facet normal -7.617277e-01 2.220244e-01 6.086675e-01
      outer loop
         vertex 8.165166e-01 3.426494e+01 1.928557e+01
         vertex 6.219633e-01 3.397694e+01 1.914715e+01
         vertex 7.245578e-01 3.394945e+01 1.928557e+01
      endloop
   endfacet
   facet normal -7.706875e-01 1.885865e-01 6.086674e-01
      outer loop
         vertex 7.245578e-01 3.394945e+01 1.928557e+01
         vertex 6.219633e-01 3.397694e+01 1.914715e+01
         vertex 5.427524e-01 3.365323e+01 1.914715e+01
      endloop
   endfacet
   facet normal -7.706848e-01 1.885827e-01 6.086719e-01
      outer loop
         vertex 7.245578e-01 3.394945e+01 1.928557e+01
         vertex 5.427524e-01 3.365323e+01 1.914715e+01
         vertex 6.464496e-01 3.363024e+01 1.928557e+01
      endloop
   endfacet
   facet normal -7.781775e-01 1.547854e-01 6.086717e-01
      outer loop
         vertex 6.464496e-01 3.363024e+01 1.928557e+01
         vertex 5.427524e-01 3.365323e+01 1.914715e+01
         vertex 4.777387e-01 3.332638e+01 1.914715e+01
      endloop
   endfacet
   facet normal -7.781834e-01 1.547930e-01 6.086622e-01
      outer loop
         vertex 6.464496e-01 3.363024e+01 1.928557e+01
         vertex 4.777387e-01 3.332638e+01 1.914715e+01
         vertex 5.823374e-01 3.330793e+01 1.928557e+01
      endloop
   endfacet
   facet normal -7.841947e-01 1.207020e-01 6.086622e-01
      outer loop
         vertex 5.823374e-01 3.330793e+01 1.928557e+01
         vertex 4.777387e-01 3.332638e+01 1.914715e+01
         vertex 4.270412e-01 3.299700e+01 1.914715e+01
      endloop
   endfacet
   facet normal -7.841880e-01 1.206941e-01 6.086724e-01
      outer loop
         vertex 5.823374e-01 3.330793e+01 1.928557e+01
         vertex 4.270412e-01 3.299700e+01 1.914715e+01
         vertex 5.323477e-01 3.298313e+01 1.928557e+01
      endloop
   endfacet
   facet normal -7.887059e-01 8.637727e-02 6.086723e-01
      outer loop
         vertex 5.323477e-01 3.298313e+01 1.928557e+01
         vertex 4.270412e-01 3.299700e+01 1.914715e+01
         vertex 3.907606e-01 3.266572e+01 1.914715e+01
      endloop
   endfacet
   facet normal -7.887098e-01 8.638146e-02 6.086667e-01
      outer loop
         vertex 5.323477e-01 3.298313e+01 1.928557e+01
         vertex 3.907606e-01 3.266572e+01 1.914715e+01
         vertex 4.965700e-01 3.265646e+01 1.928557e+01
      endloop
   endfacet
   facet normal -7.917271e-01 5.189385e-02 6.086667e-01
      outer loop
         vertex 4.965700e-01 3.265646e+01 1.928557e+01
         vertex 3.907606e-01 3.266572e+01 1.914715e+01
         vertex 3.689639e-01 3.233318e+01 1.914715e+01
      endloop
   endfacet
   facet normal -7.917210e-01 5.188782e-02 6.086752e-01
      outer loop
         vertex 4.965700e-01 3.265646e+01 1.928557e+01
         vertex 3.689639e-01 3.233318e+01 1.914715e+01
         vertex 4.750788e-01 3.232855e+01 1.928557e+01
      endloop
   endfacet
   facet normal -1.495615e-02 6.853462e-01 7.280638e-01
      outer loop
         vertex 7.999998e+00 3.932624e+01 1.949702e+01
         vertex 7.999998e+00 3.941421e+01 1.941421e+01
         vertex 7.676594e+00 3.940716e+01 1.941421e+01
      endloop
   endfacet
   facet normal -1.588806e-02 7.280497e-01 6.853402e-01
      outer loop
         vertex 7.676594e+00 3.940716e+01 1.941421e+01
         vertex 7.999998e+00 3.941421e+01 1.941421e+01
         vertex 7.999998e+00 3.949702e+01 1.932625e+01
      endloop
   endfacet
   facet normal -8.757522e-01 1.910444e-02 4.823827e-01
      outer loop
         vertex 2.290867e-01 3.200000e+01 1.892945e+01
         vertex 2.679490e-01 3.200000e+01 1.900000e+01
         vertex 2.753064e-01 3.233727e+01 1.900000e+01
      endloop
   endfacet
   facet normal -8.450544e-01 1.843477e-02 5.343624e-01
      outer loop
         vertex 2.753064e-01 3.233727e+01 1.900000e+01
         vertex 2.679490e-01 3.200000e+01 1.900000e+01
         vertex 3.540292e-01 3.200000e+01 1.913613e+01
      endloop
   endfacet
   facet normal -8.432031e-01 2.002115e-02 5.372222e-01
      outer loop
         vertex 2.753064e-01 3.233727e+01 1.900000e+01
         vertex 3.540292e-01 3.200000e+01 1.913613e+01
         vertex 3.689639e-01 3.233318e+01 1.914715e+01
      endloop
   endfacet
   facet normal -8.208527e-01 1.790633e-02 5.708591e-01
      outer loop
         vertex 3.689639e-01 3.233318e+01 1.914715e+01
         vertex 3.540292e-01 3.200000e+01 1.913613e+01
         vertex 3.616959e-01 3.200000e+01 1.914715e+01
      endloop
   endfacet
   facet normal -7.932308e-01 1.730377e-02 6.086752e-01
      outer loop
         vertex 3.689639e-01 3.233318e+01 1.914715e+01
         vertex 3.616959e-01 3.200000e+01 1.914715e+01
         vertex 4.750788e-01 3.232855e+01 1.928557e+01
      endloop
   endfacet
   facet normal -7.932321e-01 1.730494e-02 6.086735e-01
      outer loop
         vertex 4.750788e-01 3.232855e+01 1.928557e+01
         vertex 3.616959e-01 3.200000e+01 1.914715e+01
         vertex 4.679114e-01 3.200000e+01 1.928557e+01
      endloop
   endfacet
   facet normal -7.572599e-01 1.652018e-02 6.529047e-01
      outer loop
         vertex 4.750788e-01 3.232855e+01 1.928557e+01
         vertex 4.679114e-01 3.200000e+01 1.928557e+01
         vertex 5.029775e-01 3.200000e+01 1.932625e+01
      endloop
   endfacet
   facet normal -7.370147e-01 2.104247e-02 6.755491e-01
      outer loop
         vertex 5.029775e-01 3.200000e+01 1.932625e+01
         vertex 5.928427e-01 3.232340e+01 1.941421e+01
         vertex 4.750788e-01 3.232855e+01 1.928557e+01
      endloop
   endfacet
   facet normal -7.357782e-01 4.822380e-02 6.755035e-01
      outer loop
         vertex 4.750788e-01 3.232855e+01 1.928557e+01
         vertex 5.928427e-01 3.232340e+01 1.941421e+01
         vertex 6.139986e-01 3.264619e+01 1.941421e+01
      endloop
   endfacet
   facet normal -7.357753e-01 4.822125e-02 6.755067e-01
      outer loop
         vertex 4.750788e-01 3.232855e+01 1.928557e+01
         vertex 6.139986e-01 3.264619e+01 1.941421e+01
         vertex 4.965700e-01 3.265646e+01 1.928557e+01
      endloop
   endfacet
   facet normal -7.329715e-01 8.027085e-02 6.755068e-01
      outer loop
         vertex 4.965700e-01 3.265646e+01 1.928557e+01
         vertex 6.139986e-01 3.264619e+01 1.941421e+01
         vertex 6.492138e-01 3.296775e+01 1.941421e+01
      endloop
   endfacet
   facet normal -7.329783e-01 8.027761e-02 6.754986e-01
      outer loop
         vertex 4.965700e-01 3.265646e+01 1.928557e+01
         vertex 6.492138e-01 3.296775e+01 1.941421e+01
         vertex 5.323477e-01 3.298313e+01 1.928557e+01
      endloop
   endfacet
   facet normal -7.287789e-01 1.121747e-01 6.754984e-01
      outer loop
         vertex 5.323477e-01 3.298313e+01 1.928557e+01
         vertex 6.492138e-01 3.296775e+01 1.941421e+01
         vertex 6.984249e-01 3.328746e+01 1.941421e+01
      endloop
   endfacet
   facet normal -7.287696e-01 1.121647e-01 6.755101e-01
      outer loop
         vertex 5.323477e-01 3.298313e+01 1.928557e+01
         vertex 6.984249e-01 3.328746e+01 1.941421e+01
         vertex 5.823374e-01 3.330793e+01 1.928557e+01
      endloop
   endfacet
   facet normal -7.231834e-01 1.438470e-01 6.755101e-01
      outer loop
         vertex 5.823374e-01 3.330793e+01 1.928557e+01
         vertex 6.984249e-01 3.328746e+01 1.941421e+01
         vertex 7.615313e-01 3.360473e+01 1.941421e+01
      endloop
   endfacet
   facet normal -7.231892e-01 1.438538e-01 6.755024e-01
      outer loop
         vertex 5.823374e-01 3.330793e+01 1.928557e+01
         vertex 7.615313e-01 3.360473e+01 1.941421e+01
         vertex 6.464496e-01 3.363024e+01 1.928557e+01
      endloop
   endfacet
   facet normal -7.162270e-01 1.752583e-01 6.755024e-01
      outer loop
         vertex 6.464496e-01 3.363024e+01 1.928557e+01
         vertex 7.615313e-01 3.360473e+01 1.941421e+01
         vertex 8.384176e-01 3.391894e+01 1.941421e+01
      endloop
   endfacet
   facet normal -7.162259e-01 1.752569e-01 6.755039e-01
      outer loop
         vertex 6.464496e-01 3.363024e+01 1.928557e+01
         vertex 8.384176e-01 3.391894e+01 1.941421e+01
         vertex 7.245578e-01 3.394945e+01 1.928557e+01
      endloop
   endfacet
   facet normal -7.078979e-01 2.063374e-01 6.755038e-01
      outer loop
         vertex 7.245578e-01 3.394945e+01 1.928557e+01
         vertex 8.384176e-01 3.391894e+01 1.941421e+01
         vertex 9.289384e-01 3.422950e+01 1.941421e+01
      endloop
   endfacet
   facet normal -7.078953e-01 2.063336e-01 6.755078e-01
      outer loop
         vertex 7.245578e-01 3.394945e+01 1.928557e+01
         vertex 9.289384e-01 3.422950e+01 1.941421e+01
         vertex 8.165166e-01 3.426494e+01 1.928557e+01
      endloop
   endfacet
   facet normal -6.982212e-01 2.370159e-01 6.755077e-01
      outer loop
         vertex 8.165166e-01 3.426494e+01 1.928557e+01
         vertex 9.289384e-01 3.422950e+01 1.941421e+01
         vertex 1.032919e+00 3.453581e+01 1.941421e+01
      endloop
   endfacet
   facet normal -6.982235e-01 2.370194e-01 6.755041e-01
      outer loop
         vertex 8.165166e-01 3.426494e+01 1.928557e+01
         vertex 1.032919e+00 3.453581e+01 1.941421e+01
         vertex 9.221509e-01 3.457613e+01 1.928557e+01
      endloop
   endfacet
   facet normal -6.872241e-01 2.672404e-01 6.755040e-01
      outer loop
         vertex 9.221509e-01 3.457613e+01 1.928557e+01
         vertex 1.032919e+00 3.453581e+01 1.941421e+01
         vertex 1.150157e+00 3.483730e+01 1.941421e+01
      endloop
   endfacet
   facet normal -6.872280e-01 2.672471e-01 6.754973e-01
      outer loop
         vertex 9.221509e-01 3.457613e+01 1.928557e+01
         vertex 1.150157e+00 3.483730e+01 1.941421e+01
         vertex 1.041256e+00 3.488240e+01 1.928557e+01
      endloop
   endfacet
   facet normal -6.749161e-01 2.969708e-01 6.754973e-01
      outer loop
         vertex 1.041256e+00 3.488240e+01 1.928557e+01
         vertex 1.150157e+00 3.483730e+01 1.941421e+01
         vertex 1.280438e+00 3.513338e+01 1.941421e+01
      endloop
   endfacet
   facet normal -6.749157e-01 2.969701e-01 6.754980e-01
      outer loop
         vertex 1.041256e+00 3.488240e+01 1.928557e+01
         vertex 1.280438e+00 3.513338e+01 1.941421e+01
         vertex 1.173608e+00 3.518320e+01 1.928557e+01
      endloop
   endfacet
   facet normal -6.613182e-01 3.261298e-01 6.754981e-01
      outer loop
         vertex 1.173608e+00 3.518320e+01 1.928557e+01
         vertex 1.280438e+00 3.513338e+01 1.941421e+01
         vertex 1.423512e+00 3.542350e+01 1.941421e+01
      endloop
   endfacet
   facet normal -6.613148e-01 3.261228e-01 6.755047e-01
      outer loop
         vertex 1.173608e+00 3.518320e+01 1.928557e+01
         vertex 1.423512e+00 3.542350e+01 1.941421e+01
         vertex 1.318954e+00 3.547793e+01 1.928557e+01
      endloop
   endfacet
   facet normal -6.464597e-01 3.546593e-01 6.755047e-01
      outer loop
         vertex 1.318954e+00 3.547793e+01 1.928557e+01
         vertex 1.423512e+00 3.542350e+01 1.941421e+01
         vertex 1.579102e+00 3.570711e+01 1.941421e+01
      endloop
   endfacet
   facet normal -6.464599e-01 3.546597e-01 6.755044e-01
      outer loop
         vertex 1.318954e+00 3.547793e+01 1.928557e+01
         vertex 1.579102e+00 3.570711e+01 1.941421e+01
         vertex 1.477018e+00 3.576604e+01 1.928557e+01
      endloop
   endfacet
   facet normal -6.303741e-01 3.825212e-01 6.755043e-01
      outer loop
         vertex 1.477018e+00 3.576604e+01 1.928557e+01
         vertex 1.579102e+00 3.570711e+01 1.941421e+01
         vertex 1.746915e+00 3.598365e+01 1.941421e+01
      endloop
   endfacet
   facet normal -6.303739e-01 3.825207e-01 6.755047e-01
      outer loop
         vertex 1.477018e+00 3.576604e+01 1.928557e+01
         vertex 1.746915e+00 3.598365e+01 1.941421e+01
         vertex 1.647498e+00 3.604699e+01 1.928557e+01
      endloop
   endfacet
   facet normal -6.130896e-01 4.096520e-01 6.755045e-01
      outer loop
         vertex 1.647498e+00 3.604699e+01 1.928557e+01
         vertex 1.746915e+00 3.598365e+01 1.941421e+01
         vertex 1.926631e+00 3.625262e+01 1.941421e+01
      endloop
   endfacet
   facet normal -6.130894e-01 4.096513e-01 6.755052e-01
      outer loop
         vertex 1.647498e+00 3.604699e+01 1.928557e+01
         vertex 1.926631e+00 3.625262e+01 1.941421e+01
         vertex 1.830071e+00 3.632023e+01 1.928557e+01
      endloop
   endfacet
   facet normal -5.946385e-01 4.360023e-01 6.755051e-01
      outer loop
         vertex 1.830071e+00 3.632023e+01 1.928557e+01
         vertex 1.926631e+00 3.625262e+01 1.941421e+01
         vertex 2.117906e+00 3.651349e+01 1.941421e+01
      endloop
   endfacet
   facet normal -5.946401e-01 4.360081e-01 6.754999e-01
      outer loop
         vertex 1.830071e+00 3.632023e+01 1.928557e+01
         vertex 2.117906e+00 3.651349e+01 1.941421e+01
         vertex 2.024390e+00 3.658525e+01 1.928557e+01
      endloop
   endfacet
   facet normal -5.750517e-01 4.615359e-01 6.754999e-01
      outer loop
         vertex 2.024390e+00 3.658525e+01 1.928557e+01
         vertex 2.117906e+00 3.651349e+01 1.941421e+01
         vertex 2.320383e+00 3.676576e+01 1.941421e+01
      endloop
   endfacet
   facet normal -5.750517e-01 4.615359e-01 6.754999e-01
      outer loop
         vertex 2.024390e+00 3.658525e+01 1.928557e+01
         vertex 2.320383e+00 3.676576e+01 1.941421e+01
         vertex 2.230085e+00 3.684153e+01 1.928557e+01
      endloop
   endfacet
   facet normal -5.543784e-01 4.861733e-01 6.754999e-01
      outer loop
         vertex 2.230085e+00 3.684153e+01 1.928557e+01
         vertex 2.320383e+00 3.676576e+01 1.941421e+01
         vertex 2.533667e+00 3.700897e+01 1.941421e+01
      endloop
   endfacet
   facet normal -5.543778e-01 4.861704e-01 6.755025e-01
      outer loop
         vertex 2.230085e+00 3.684153e+01 1.928557e+01
         vertex 2.533667e+00 3.700897e+01 1.941421e+01
         vertex 2.446759e+00 3.708860e+01 1.928557e+01
      endloop
   endfacet
   facet normal -5.326390e-01 5.098943e-01 6.755025e-01
      outer loop
         vertex 2.446759e+00 3.708860e+01 1.928557e+01
         vertex 2.533667e+00 3.700897e+01 1.941421e+01
         vertex 2.757359e+00 3.724264e+01 1.941421e+01
      endloop
   endfacet
   facet normal -5.326378e-01 5.098855e-01 6.755100e-01
      outer loop
         vertex 2.446759e+00 3.708860e+01 1.928557e+01
         vertex 2.757359e+00 3.724264e+01 1.941421e+01
         vertex 2.674006e+00 3.732599e+01 1.928557e+01
      endloop
   endfacet
   facet normal -5.098895e-01 5.326342e-01 6.755099e-01
      outer loop
         vertex 2.674006e+00 3.732599e+01 1.928557e+01
         vertex 2.757359e+00 3.724264e+01 1.941421e+01
         vertex 2.991028e+00 3.746633e+01 1.941421e+01
      endloop
   endfacet
   facet normal -5.098903e-01 5.326427e-01 6.755025e-01
      outer loop
         vertex 2.674006e+00 3.732599e+01 1.928557e+01
         vertex 2.991028e+00 3.746633e+01 1.941421e+01
         vertex 2.911393e+00 3.755324e+01 1.928557e+01
      endloop
   endfacet
   facet normal -4.861741e-01 5.543745e-01 6.755025e-01
      outer loop
         vertex 2.911393e+00 3.755324e+01 1.928557e+01
         vertex 2.991028e+00 3.746633e+01 1.941421e+01
         vertex 3.234234e+00 3.767962e+01 1.941421e+01
      endloop
   endfacet
   facet normal -4.861743e-01 5.543775e-01 6.754999e-01
      outer loop
         vertex 2.911393e+00 3.755324e+01 1.928557e+01
         vertex 3.234234e+00 3.767962e+01 1.941421e+01
         vertex 3.158465e+00 3.776991e+01 1.928557e+01
      endloop
   endfacet
   facet normal -4.615333e-01 5.750538e-01 6.754999e-01
      outer loop
         vertex 3.158465e+00 3.776991e+01 1.928557e+01
         vertex 3.234234e+00 3.767962e+01 1.941421e+01
         vertex 3.486510e+00 3.788209e+01 1.941421e+01
      endloop
   endfacet
   facet normal -4.615334e-01 5.750579e-01 6.754964e-01
      outer loop
         vertex 3.158465e+00 3.776991e+01 1.928557e+01
         vertex 3.486510e+00 3.788209e+01 1.941421e+01
         vertex 3.414754e+00 3.797561e+01 1.928557e+01
      endloop
   endfacet
   facet normal -4.360077e-01 5.946443e-01 6.754964e-01
      outer loop
         vertex 3.414754e+00 3.797561e+01 1.928557e+01
         vertex 3.486510e+00 3.788209e+01 1.941421e+01
         vertex 3.747381e+00 3.807337e+01 1.941421e+01
      endloop
   endfacet
   facet normal -4.360079e-01 5.946397e-01 6.755003e-01
      outer loop
         vertex 3.414754e+00 3.797561e+01 1.928557e+01
         vertex 3.747381e+00 3.807337e+01 1.941421e+01
         vertex 3.679771e+00 3.816993e+01 1.928557e+01
      endloop
   endfacet
   facet normal -4.096561e-01 6.130915e-01 6.755004e-01
      outer loop
         vertex 3.679771e+00 3.816993e+01 1.928557e+01
         vertex 3.747381e+00 3.807337e+01 1.941421e+01
         vertex 4.016344e+00 3.825308e+01 1.941421e+01
      endloop
   endfacet
   facet normal -4.096560e-01 6.130923e-01 6.754997e-01
      outer loop
         vertex 3.679771e+00 3.816993e+01 1.928557e+01
         vertex 4.016344e+00 3.825308e+01 1.941421e+01
         vertex 3.953010e+00 3.835250e+01 1.928557e+01
      endloop
   endfacet
   facet normal -3.825233e-01 6.303776e-01 6.754998e-01
      outer loop
         vertex 3.953010e+00 3.835250e+01 1.928557e+01
         vertex 4.016344e+00 3.825308e+01 1.941421e+01
         vertex 4.292890e+00 3.842090e+01 1.941421e+01
      endloop
   endfacet
   facet normal -3.825233e-01 6.303781e-01 6.754994e-01
      outer loop
         vertex 3.953010e+00 3.835250e+01 1.928557e+01
         vertex 4.292890e+00 3.842090e+01 1.941421e+01
         vertex 4.233953e+00 3.852298e+01 1.928557e+01
      endloop
   endfacet
   facet normal -3.546599e-01 6.464651e-01 6.754993e-01
      outer loop
         vertex 4.233953e+00 3.852298e+01 1.928557e+01
         vertex 4.292890e+00 3.842090e+01 1.941421e+01
         vertex 4.576497e+00 3.857649e+01 1.941421e+01
      endloop
   endfacet
   facet normal -3.546603e-01 6.464630e-01 6.755010e-01
      outer loop
         vertex 4.233953e+00 3.852298e+01 1.928557e+01
         vertex 4.576497e+00 3.857649e+01 1.941421e+01
         vertex 4.522067e+00 3.868104e+01 1.928557e+01
      endloop
   endfacet
   facet normal -3.261278e-01 6.613163e-01 6.755008e-01
      outer loop
         vertex 4.522067e+00 3.868104e+01 1.928557e+01
         vertex 4.576497e+00 3.857649e+01 1.941421e+01
         vertex 4.866615e+00 3.871956e+01 1.941421e+01
      endloop
   endfacet
   facet normal -3.261278e-01 6.613165e-01 6.755007e-01
      outer loop
         vertex 4.522067e+00 3.868104e+01 1.928557e+01
         vertex 4.866615e+00 3.871956e+01 1.941421e+01
         vertex 4.816800e+00 3.882639e+01 1.928557e+01
      endloop
   endfacet
   facet normal -2.969687e-01 6.749134e-01 6.755010e-01
      outer loop
         vertex 4.816800e+00 3.882639e+01 1.928557e+01
         vertex 4.866615e+00 3.871956e+01 1.941421e+01
         vertex 5.162701e+00 3.884984e+01 1.941421e+01
      endloop
   endfacet
   facet normal -2.969695e-01 6.749102e-01 6.755038e-01
      outer loop
         vertex 4.816800e+00 3.882639e+01 1.928557e+01
         vertex 5.162701e+00 3.884984e+01 1.941421e+01
         vertex 5.117591e+00 3.895874e+01 1.928557e+01
      endloop
   endfacet
   facet normal -2.672427e-01 6.872234e-01 6.755037e-01
      outer loop
         vertex 5.117591e+00 3.895874e+01 1.928557e+01
         vertex 5.162701e+00 3.884984e+01 1.941421e+01
         vertex 5.464189e+00 3.896708e+01 1.941421e+01
      endloop
   endfacet
   facet normal -2.672428e-01 6.872232e-01 6.755039e-01
      outer loop
         vertex 5.117591e+00 3.895874e+01 1.928557e+01
         vertex 5.464189e+00 3.896708e+01 1.941421e+01
         vertex 5.423874e+00 3.907785e+01 1.928557e+01
      endloop
   endfacet
   facet normal -2.370182e-01 6.982239e-01 6.755041e-01
      outer loop
         vertex 5.423874e+00 3.907785e+01 1.928557e+01
         vertex 5.464189e+00 3.896708e+01 1.941421e+01
         vertex 5.770501e+00 3.907106e+01 1.941421e+01
      endloop
   endfacet
   facet normal -2.370175e-01 6.982260e-01 6.755022e-01
      outer loop
         vertex 5.423874e+00 3.907785e+01 1.928557e+01
         vertex 5.770501e+00 3.907106e+01 1.941421e+01
         vertex 5.735055e+00 3.918348e+01 1.928557e+01
      endloop
   endfacet
   facet normal -2.063327e-01 7.079009e-01 6.755022e-01
      outer loop
         vertex 5.735055e+00 3.918348e+01 1.928557e+01
         vertex 5.770501e+00 3.907106e+01 1.941421e+01
         vertex 6.081060e+00 3.916158e+01 1.941421e+01
      endloop
   endfacet
   facet normal -2.063342e-01 7.078973e-01 6.755055e-01
      outer loop
         vertex 5.735055e+00 3.918348e+01 1.928557e+01
         vertex 6.081060e+00 3.916158e+01 1.941421e+01
         vertex 6.050549e+00 3.927544e+01 1.928557e+01
      endloop
   endfacet
   facet normal -1.752582e-01 7.162242e-01 6.755053e-01
      outer loop
         vertex 6.050549e+00 3.927544e+01 1.928557e+01
         vertex 6.081060e+00 3.916158e+01 1.941421e+01
         vertex 6.395269e+00 3.923847e+01 1.941421e+01
      endloop
   endfacet
   facet normal -1.752574e-01 7.162259e-01 6.755037e-01
      outer loop
         vertex 6.050549e+00 3.927544e+01 1.928557e+01
         vertex 6.395269e+00 3.923847e+01 1.941421e+01
         vertex 6.369755e+00 3.935355e+01 1.928557e+01
      endloop
   endfacet
   facet normal -1.438522e-01 7.231884e-01 6.755035e-01
      outer loop
         vertex 6.369755e+00 3.935355e+01 1.928557e+01
         vertex 6.395269e+00 3.923847e+01 1.941421e+01
         vertex 6.712534e+00 3.930157e+01 1.941421e+01
      endloop
   endfacet
   facet normal -1.438520e-01 7.231888e-01 6.755032e-01
      outer loop
         vertex 6.369755e+00 3.935355e+01 1.928557e+01
         vertex 6.712534e+00 3.930157e+01 1.941421e+01
         vertex 6.692067e+00 3.941766e+01 1.928557e+01
      endloop
   endfacet
   facet normal -1.121698e-01 7.287749e-01 6.755035e-01
      outer loop
         vertex 6.692067e+00 3.941766e+01 1.928557e+01
         vertex 6.712534e+00 3.930157e+01 1.941421e+01
         vertex 7.032249e+00 3.935078e+01 1.941421e+01
      endloop
   endfacet
   facet normal -1.121669e-01 7.287800e-01 6.754985e-01
      outer loop
         vertex 6.692067e+00 3.941766e+01 1.928557e+01
         vertex 7.032249e+00 3.935078e+01 1.941421e+01
         vertex 7.016864e+00 3.946765e+01 1.928557e+01
      endloop
   endfacet
   facet normal -8.027541e-02 7.329786e-01 6.754985e-01
      outer loop
         vertex 7.016864e+00 3.946765e+01 1.928557e+01
         vertex 7.032249e+00 3.935078e+01 1.941421e+01
         vertex 7.353809e+00 3.938600e+01 1.941421e+01
      endloop
   endfacet
   facet normal -8.027712e-02 7.329759e-01 6.755013e-01
      outer loop
         vertex 7.016864e+00 3.946765e+01 1.928557e+01
         vertex 7.353809e+00 3.938600e+01 1.941421e+01
         vertex 7.343534e+00 3.950343e+01 1.928557e+01
      endloop
   endfacet
   facet normal -4.822436e-02 7.357802e-01 6.755012e-01
      outer loop
         vertex 7.343534e+00 3.950343e+01 1.928557e+01
         vertex 7.353809e+00 3.938600e+01 1.941421e+01
         vertex 7.676594e+00 3.940716e+01 1.941421e+01
      endloop
   endfacet
   facet normal -4.822576e-02 7.357782e-01 6.755033e-01
      outer loop
         vertex 7.343534e+00 3.950343e+01 1.928557e+01
         vertex 7.676594e+00 3.940716e+01 1.941421e+01
         vertex 7.671453e+00 3.952492e+01 1.928557e+01
      endloop
   endfacet
   facet normal -2.104251e-02 7.370148e-01 6.755490e-01
      outer loop
         vertex 7.671453e+00 3.952492e+01 1.928557e+01
         vertex 7.676594e+00 3.940716e+01 1.941421e+01
         vertex 7.999998e+00 3.949702e+01 1.932625e+01
      endloop
   endfacet
   facet normal -1.652022e-02 7.572599e-01 6.529047e-01
      outer loop
         vertex 7.671453e+00 3.952492e+01 1.928557e+01
         vertex 7.999998e+00 3.949702e+01 1.932625e+01
         vertex 7.999998e+00 3.953209e+01 1.928557e+01
      endloop
   endfacet
   facet normal -1.327925e-02 6.087050e-01 7.932855e-01
      outer loop
         vertex 7.999998e+00 3.914715e+01 1.963830e+01
         vertex 7.999998e+00 3.928557e+01 1.953209e+01
         vertex 7.682208e+00 3.927864e+01 1.953209e+01
      endloop
   endfacet
   facet normal -1.424443e-02 6.529475e-01 7.572692e-01
      outer loop
         vertex 7.682208e+00 3.927864e+01 1.953209e+01
         vertex 7.999998e+00 3.928557e+01 1.953209e+01
         vertex 7.999998e+00 3.932624e+01 1.949702e+01
      endloop
   endfacet
   facet normal -1.980904e-02 6.753405e-01 7.372400e-01
      outer loop
         vertex 7.999998e+00 3.932624e+01 1.949702e+01
         vertex 7.676594e+00 3.940716e+01 1.941421e+01
         vertex 7.682208e+00 3.927864e+01 1.953209e+01
      endloop
   endfacet
   facet normal -4.419050e-02 6.742338e-01 7.371947e-01
      outer loop
         vertex 7.682208e+00 3.927864e+01 1.953209e+01
         vertex 7.676594e+00 3.940716e+01 1.941421e+01
         vertex 7.353809e+00 3.938600e+01 1.941421e+01
      endloop
   endfacet
   facet normal -4.419368e-02 6.742288e-01 7.371990e-01
      outer loop
         vertex 7.682208e+00 3.927864e+01 1.953209e+01
         vertex 7.353809e+00 3.938600e+01 1.941421e+01
         vertex 7.365018e+00 3.925785e+01 1.953209e+01
      endloop
   endfacet
   facet normal -7.355982e-02 6.716599e-01 7.371987e-01
      outer loop
         vertex 7.365018e+00 3.925785e+01 1.953209e+01
         vertex 7.353809e+00 3.938600e+01 1.941421e+01
         vertex 7.032249e+00 3.935078e+01 1.941421e+01
      endloop
   endfacet
   facet normal -7.355689e-02 6.716649e-01 7.371944e-01
      outer loop
         vertex 7.365018e+00 3.925785e+01 1.953209e+01
         vertex 7.032249e+00 3.935078e+01 1.941421e+01
         vertex 7.049039e+00 3.922325e+01 1.953209e+01
      endloop
   endfacet
   facet normal -1.027874e-01 6.678168e-01 7.371944e-01
      outer loop
         vertex 7.049039e+00 3.922325e+01 1.953209e+01
         vertex 7.032249e+00 3.935078e+01 1.941421e+01
         vertex 6.712534e+00 3.930157e+01 1.941421e+01
      endloop
   endfacet
   facet normal -1.027885e-01 6.678147e-01 7.371961e-01
      outer loop
         vertex 7.049039e+00 3.922325e+01 1.953209e+01
         vertex 6.712534e+00 3.930157e+01 1.941421e+01
         vertex 6.734870e+00 3.917489e+01 1.953209e+01
      endloop
   endfacet
   facet normal -1.318194e-01 6.626958e-01 7.371960e-01
      outer loop
         vertex 6.734870e+00 3.917489e+01 1.953209e+01
         vertex 6.712534e+00 3.930157e+01 1.941421e+01
         vertex 6.395269e+00 3.923847e+01 1.941421e+01
      endloop
   endfacet
   facet normal -1.318194e-01 6.626959e-01 7.371959e-01
      outer loop
         vertex 6.734870e+00 3.917489e+01 1.953209e+01
         vertex 6.395269e+00 3.923847e+01 1.941421e+01
         vertex 6.423112e+00 3.911288e+01 1.953209e+01
      endloop
   endfacet
   facet normal -1.605987e-01 6.563156e-01 7.371960e-01
      outer loop
         vertex 6.423112e+00 3.911288e+01 1.953209e+01
         vertex 6.395269e+00 3.923847e+01 1.941421e+01
         vertex 6.081060e+00 3.916158e+01 1.941421e+01
      endloop
   endfacet
   facet normal -1.605987e-01 6.563157e-01 7.371959e-01
      outer loop
         vertex 6.423112e+00 3.911288e+01 1.953209e+01
         vertex 6.081060e+00 3.916158e+01 1.941421e+01
         vertex 6.114352e+00 3.903732e+01 1.953209e+01
      endloop
   endfacet
   facet normal -1.890733e-01 6.486861e-01 7.371958e-01
      outer loop
         vertex 6.114352e+00 3.903732e+01 1.953209e+01
         vertex 6.081060e+00 3.916158e+01 1.941421e+01
         vertex 5.770501e+00 3.907106e+01 1.941421e+01
      endloop
   endfacet
   facet normal -1.890745e-01 6.486830e-01 7.371982e-01
      outer loop
         vertex 6.114352e+00 3.903732e+01 1.953209e+01
         vertex 5.770501e+00 3.907106e+01 1.941421e+01
         vertex 5.809184e+00 3.894838e+01 1.953209e+01
      endloop
   endfacet
   facet normal -2.171917e-01 6.398175e-01 7.371983e-01
      outer loop
         vertex 5.809184e+00 3.894838e+01 1.953209e+01
         vertex 5.770501e+00 3.907106e+01 1.941421e+01
         vertex 5.464189e+00 3.896708e+01 1.941421e+01
      endloop
   endfacet
   facet normal -2.171900e-01 6.398227e-01 7.371943e-01
      outer loop
         vertex 5.809184e+00 3.894838e+01 1.953209e+01
         vertex 5.464189e+00 3.896708e+01 1.941421e+01
         vertex 5.508184e+00 3.884620e+01 1.953209e+01
      endloop
   endfacet
   facet normal -2.448894e-01 6.297411e-01 7.371942e-01
      outer loop
         vertex 5.508184e+00 3.884620e+01 1.953209e+01
         vertex 5.464189e+00 3.896708e+01 1.941421e+01
         vertex 5.162701e+00 3.884984e+01 1.941421e+01
      endloop
   endfacet
   facet normal -2.448906e-01 6.297367e-01 7.371976e-01
      outer loop
         vertex 5.508184e+00 3.884620e+01 1.953209e+01
         vertex 5.162701e+00 3.884984e+01 1.941421e+01
         vertex 5.211931e+00 3.873099e+01 1.953209e+01
      endloop
   endfacet
   facet normal -2.721264e-01 6.184550e-01 7.371978e-01
      outer loop
         vertex 5.211931e+00 3.873099e+01 1.953209e+01
         vertex 5.162701e+00 3.884984e+01 1.941421e+01
         vertex 4.866615e+00 3.871956e+01 1.941421e+01
      endloop
   endfacet
   facet normal -2.721272e-01 6.184518e-01 7.372003e-01
      outer loop
         vertex 5.211931e+00 3.873099e+01 1.953209e+01
         vertex 4.866615e+00 3.871956e+01 1.941421e+01
         vertex 4.920982e+00 3.860297e+01 1.953209e+01
      endloop
   endfacet
   facet normal -2.988451e-01 6.059928e-01 7.372004e-01
      outer loop
         vertex 4.920982e+00 3.860297e+01 1.953209e+01
         vertex 4.866615e+00 3.871956e+01 1.941421e+01
         vertex 4.576497e+00 3.857649e+01 1.941421e+01
      endloop
   endfacet
   facet normal -2.988435e-01 6.060016e-01 7.371938e-01
      outer loop
         vertex 4.920982e+00 3.860297e+01 1.953209e+01
         vertex 4.576497e+00 3.857649e+01 1.941421e+01
         vertex 4.635893e+00 3.846238e+01 1.953209e+01
      endloop
   endfacet
   facet normal -3.249932e-01 5.923893e-01 7.371936e-01
      outer loop
         vertex 4.635893e+00 3.846238e+01 1.953209e+01
         vertex 4.576497e+00 3.857649e+01 1.941421e+01
         vertex 4.292890e+00 3.842090e+01 1.941421e+01
      endloop
   endfacet
   facet normal -3.249944e-01 5.923804e-01 7.372002e-01
      outer loop
         vertex 4.635893e+00 3.846238e+01 1.953209e+01
         vertex 4.292890e+00 3.842090e+01 1.941421e+01
         vertex 4.357211e+00 3.830949e+01 1.953209e+01
      endloop
   endfacet
   facet normal -3.505223e-01 5.776416e-01 7.372003e-01
      outer loop
         vertex 4.357211e+00 3.830949e+01 1.953209e+01
         vertex 4.292890e+00 3.842090e+01 1.941421e+01
         vertex 4.016344e+00 3.825308e+01 1.941421e+01
      endloop
   endfacet
   facet normal -3.505219e-01 5.776464e-01 7.371967e-01
      outer loop
         vertex 4.357211e+00 3.830949e+01 1.953209e+01
         vertex 4.016344e+00 3.825308e+01 1.941421e+01
         vertex 4.085463e+00 3.814459e+01 1.953209e+01
      endloop
   endfacet
   facet normal -3.753874e-01 5.618050e-01 7.371970e-01
      outer loop
         vertex 4.085463e+00 3.814459e+01 1.953209e+01
         vertex 4.016344e+00 3.825308e+01 1.941421e+01
         vertex 3.747381e+00 3.807337e+01 1.941421e+01
      endloop
   endfacet
   facet normal -3.753875e-01 5.618043e-01 7.371975e-01
      outer loop
         vertex 4.085463e+00 3.814459e+01 1.953209e+01
         vertex 3.747381e+00 3.807337e+01 1.941421e+01
         vertex 3.821164e+00 3.796799e+01 1.953209e+01
      endloop
   endfacet
   facet normal -3.995325e-01 5.448980e-01 7.371973e-01
      outer loop
         vertex 3.821164e+00 3.796799e+01 1.953209e+01
         vertex 3.747381e+00 3.807337e+01 1.941421e+01
         vertex 3.486510e+00 3.788209e+01 1.941421e+01
      endloop
   endfacet
   facet normal -3.995325e-01 5.448995e-01 7.371963e-01
      outer loop
         vertex 3.821164e+00 3.796799e+01 1.953209e+01
         vertex 3.486510e+00 3.788209e+01 1.941421e+01
         vertex 3.564820e+00 3.778004e+01 1.953209e+01
      endloop
   endfacet
   facet normal -4.229253e-01 5.269496e-01 7.371962e-01
      outer loop
         vertex 3.564820e+00 3.778004e+01 1.953209e+01
         vertex 3.486510e+00 3.788209e+01 1.941421e+01
         vertex 3.234234e+00 3.767962e+01 1.941421e+01
      endloop
   endfacet
   facet normal -4.229253e-01 5.269492e-01 7.371965e-01
      outer loop
         vertex 3.564820e+00 3.778004e+01 1.953209e+01
         vertex 3.234234e+00 3.767962e+01 1.941421e+01
         vertex 3.316920e+00 3.758107e+01 1.953209e+01
      endloop
   endfacet
   facet normal -4.455062e-01 5.080016e-01 7.371964e-01
      outer loop
         vertex 3.316920e+00 3.758107e+01 1.953209e+01
         vertex 3.234234e+00 3.767962e+01 1.941421e+01
         vertex 2.991028e+00 3.746633e+01 1.941421e+01
      endloop
   endfacet
   facet normal -4.455061e-01 5.080005e-01 7.371973e-01
      outer loop
         vertex 3.316920e+00 3.758107e+01 1.953209e+01
         vertex 2.991028e+00 3.746633e+01 1.941421e+01
         vertex 3.077935e+00 3.737149e+01 1.953209e+01
      endloop
   endfacet
   facet normal -4.672414e-01 4.880837e-01 7.371973e-01
      outer loop
         vertex 3.077935e+00 3.737149e+01 1.953209e+01
         vertex 2.991028e+00 3.746633e+01 1.941421e+01
         vertex 2.757359e+00 3.724264e+01 1.941421e+01
      endloop
   endfacet
   facet normal -4.672419e-01 4.880881e-01 7.371940e-01
      outer loop
         vertex 3.077935e+00 3.737149e+01 1.953209e+01
         vertex 2.757359e+00 3.724264e+01 1.941421e+01
         vertex 2.848320e+00 3.715168e+01 1.953209e+01
      endloop
   endfacet
   facet normal -4.880861e-01 4.672439e-01 7.371940e-01
      outer loop
         vertex 2.848320e+00 3.715168e+01 1.953209e+01
         vertex 2.757359e+00 3.724264e+01 1.941421e+01
         vertex 2.533667e+00 3.700897e+01 1.941421e+01
      endloop
   endfacet
   facet normal -4.880862e-01 4.672441e-01 7.371939e-01
      outer loop
         vertex 2.848320e+00 3.715168e+01 1.953209e+01
         vertex 2.533667e+00 3.700897e+01 1.941421e+01
         vertex 2.628509e+00 3.692206e+01 1.953209e+01
      endloop
   endfacet
   facet normal -5.080055e-01 4.455057e-01 7.371940e-01
      outer loop
         vertex 2.628509e+00 3.692206e+01 1.953209e+01
         vertex 2.533667e+00 3.700897e+01 1.941421e+01
         vertex 2.320383e+00 3.676576e+01 1.941421e+01
      endloop
   endfacet
   facet normal -5.080059e-01 4.455074e-01 7.371928e-01
      outer loop
         vertex 2.628509e+00 3.692206e+01 1.953209e+01
         vertex 2.320383e+00 3.676576e+01 1.941421e+01
         vertex 2.418924e+00 3.668308e+01 1.953209e+01
      endloop
   endfacet
   facet normal -5.269507e-01 4.229300e-01 7.371928e-01
      outer loop
         vertex 2.418924e+00 3.668308e+01 1.953209e+01
         vertex 2.320383e+00 3.676576e+01 1.941421e+01
         vertex 2.117906e+00 3.651349e+01 1.941421e+01
      endloop
   endfacet
   facet normal -5.269481e-01 4.229205e-01 7.372000e-01
      outer loop
         vertex 2.418924e+00 3.668308e+01 1.953209e+01
         vertex 2.117906e+00 3.651349e+01 1.941421e+01
         vertex 2.219964e+00 3.643518e+01 1.953209e+01
      endloop
   endfacet
   facet normal -5.448960e-01 3.995300e-01 7.372002e-01
      outer loop
         vertex 2.219964e+00 3.643518e+01 1.953209e+01
         vertex 2.117906e+00 3.651349e+01 1.941421e+01
         vertex 1.926631e+00 3.625262e+01 1.941421e+01
      endloop
   endfacet
   facet normal -5.448988e-01 3.995388e-01 7.371934e-01
      outer loop
         vertex 2.219964e+00 3.643518e+01 1.953209e+01
         vertex 1.926631e+00 3.625262e+01 1.941421e+01
         vertex 2.032004e+00 3.617883e+01 1.953209e+01
      endloop
   endfacet
   facet normal -5.618095e-01 3.753878e-01 7.371934e-01
      outer loop
         vertex 2.032004e+00 3.617883e+01 1.953209e+01
         vertex 1.926631e+00 3.625262e+01 1.941421e+01
         vertex 1.746915e+00 3.598365e+01 1.941421e+01
      endloop
   endfacet
   facet normal -5.618091e-01 3.753867e-01 7.371943e-01
      outer loop
         vertex 2.032004e+00 3.617883e+01 1.953209e+01
         vertex 1.746915e+00 3.598365e+01 1.941421e+01
         vertex 1.855407e+00 3.591454e+01 1.953209e+01
      endloop
   endfacet
   facet normal -5.776473e-01 3.505257e-01 7.371942e-01
      outer loop
         vertex 1.855407e+00 3.591454e+01 1.953209e+01
         vertex 1.746915e+00 3.598365e+01 1.941421e+01
         vertex 1.579102e+00 3.570711e+01 1.941421e+01
      endloop
   endfacet
   facet normal -5.776454e-01 3.505213e-01 7.371978e-01
      outer loop
         vertex 1.855407e+00 3.591454e+01 1.953209e+01
         vertex 1.579102e+00 3.570711e+01 1.941421e+01
         vertex 1.690507e+00 3.564279e+01 1.953209e+01
      endloop
   endfacet
   facet normal -5.923843e-01 3.249926e-01 7.371978e-01
      outer loop
         vertex 1.690507e+00 3.564279e+01 1.953209e+01
         vertex 1.579102e+00 3.570711e+01 1.941421e+01
         vertex 1.423512e+00 3.542350e+01 1.941421e+01
      endloop
   endfacet
   facet normal -5.923872e-01 3.249988e-01 7.371928e-01
      outer loop
         vertex 1.690507e+00 3.564279e+01 1.953209e+01
         vertex 1.423512e+00 3.542350e+01 1.941421e+01
         vertex 1.537614e+00 3.536410e+01 1.953209e+01
      endloop
   endfacet
   facet normal -6.059999e-01 2.988496e-01 7.371927e-01
      outer loop
         vertex 1.537614e+00 3.536410e+01 1.953209e+01
         vertex 1.423512e+00 3.542350e+01 1.941421e+01
         vertex 1.280438e+00 3.513338e+01 1.941421e+01
      endloop
   endfacet
   facet normal -6.059964e-01 2.988429e-01 7.371983e-01
      outer loop
         vertex 1.537614e+00 3.536410e+01 1.953209e+01
         vertex 1.280438e+00 3.513338e+01 1.941421e+01
         vertex 1.397025e+00 3.507902e+01 1.953209e+01
      endloop
   endfacet
   facet normal -6.184542e-01 2.721269e-01 7.371983e-01
      outer loop
         vertex 1.397025e+00 3.507902e+01 1.953209e+01
         vertex 1.280438e+00 3.513338e+01 1.941421e+01
         vertex 1.150157e+00 3.483730e+01 1.941421e+01
      endloop
   endfacet
   facet normal -6.184529e-01 2.721246e-01 7.372003e-01
      outer loop
         vertex 1.397025e+00 3.507902e+01 1.953209e+01
         vertex 1.150157e+00 3.483730e+01 1.941421e+01
         vertex 1.269005e+00 3.478807e+01 1.953209e+01
      endloop
   endfacet
   facet normal -6.297358e-01 2.448849e-01 7.372003e-01
      outer loop
         vertex 1.269005e+00 3.478807e+01 1.953209e+01
         vertex 1.150157e+00 3.483730e+01 1.941421e+01
         vertex 1.032919e+00 3.453581e+01 1.941421e+01
      endloop
   endfacet
   facet normal -6.297422e-01 2.448951e-01 7.371914e-01
      outer loop
         vertex 1.269005e+00 3.478807e+01 1.953209e+01
         vertex 1.032919e+00 3.453581e+01 1.941421e+01
         vertex 1.153797e+00 3.449181e+01 1.953209e+01
      endloop
   endfacet
   facet normal -6.398252e-01 2.171930e-01 7.371912e-01
      outer loop
         vertex 1.153797e+00 3.449181e+01 1.953209e+01
         vertex 1.032919e+00 3.453581e+01 1.941421e+01
         vertex 9.289384e-01 3.422950e+01 1.941421e+01
      endloop
   endfacet
   facet normal -6.398203e-01 2.171859e-01 7.371976e-01
      outer loop
         vertex 1.153797e+00 3.449181e+01 1.953209e+01
         vertex 9.289384e-01 3.422950e+01 1.941421e+01
         vertex 1.051623e+00 3.419081e+01 1.953209e+01
      endloop
   endfacet
   facet normal -6.486829e-01 1.890774e-01 7.371976e-01
      outer loop
         vertex 1.051623e+00 3.419081e+01 1.953209e+01
         vertex 9.289384e-01 3.422950e+01 1.941421e+01
         vertex 8.384176e-01 3.391894e+01 1.941421e+01
      endloop
   endfacet
   facet normal -6.486794e-01 1.890729e-01 7.372018e-01
      outer loop
         vertex 1.051623e+00 3.419081e+01 1.953209e+01
         vertex 8.384176e-01 3.391894e+01 1.941421e+01
         vertex 9.626746e-01 3.388564e+01 1.953209e+01
      endloop
   endfacet
   facet normal -6.563096e-01 1.605967e-01 7.372018e-01
      outer loop
         vertex 9.626746e-01 3.388564e+01 1.953209e+01
         vertex 8.384176e-01 3.391894e+01 1.941421e+01
         vertex 7.615313e-01 3.360473e+01 1.941421e+01
      endloop
   endfacet
   facet normal -6.563110e-01 1.605985e-01 7.372001e-01
      outer loop
         vertex 9.626746e-01 3.388564e+01 1.953209e+01
         vertex 7.615313e-01 3.360473e+01 1.941421e+01
         vertex 8.871220e-01 3.357689e+01 1.953209e+01
      endloop
   endfacet
   facet normal -6.626921e-01 1.318148e-01 7.372002e-01
      outer loop
         vertex 8.871220e-01 3.357689e+01 1.953209e+01
         vertex 7.615313e-01 3.360473e+01 1.941421e+01
         vertex 6.984249e-01 3.328746e+01 1.941421e+01
      endloop
   endfacet
   facet normal -6.626999e-01 1.318233e-01 7.371916e-01
      outer loop
         vertex 8.871220e-01 3.357689e+01 1.953209e+01
         vertex 6.984249e-01 3.328746e+01 1.941421e+01
         vertex 8.251071e-01 3.326513e+01 1.953209e+01
      endloop
   endfacet
   facet normal -6.678191e-01 1.027917e-01 7.371917e-01
      outer loop
         vertex 8.251071e-01 3.326513e+01 1.953209e+01
         vertex 6.984249e-01 3.328746e+01 1.941421e+01
         vertex 6.492138e-01 3.296775e+01 1.941421e+01
      endloop
   endfacet
   facet normal -6.678115e-01 1.027841e-01 7.371996e-01
      outer loop
         vertex 8.251071e-01 3.326513e+01 1.953209e+01
         vertex 6.492138e-01 3.296775e+01 1.941421e+01
         vertex 7.767528e-01 3.295096e+01 1.953209e+01
      endloop
   endfacet
   facet normal -6.716594e-01 7.355630e-02 7.371995e-01
      outer loop
         vertex 7.767528e-01 3.295096e+01 1.953209e+01
         vertex 6.492138e-01 3.296775e+01 1.941421e+01
         vertex 6.139986e-01 3.264619e+01 1.941421e+01
      endloop
   endfacet
   facet normal -6.716594e-01 7.355628e-02 7.371995e-01
      outer loop
         vertex 7.767528e-01 3.295096e+01 1.953209e+01
         vertex 6.139986e-01 3.264619e+01 1.941421e+01
         vertex 7.421486e-01 3.263498e+01 1.953209e+01
      endloop
   endfacet
   facet normal -6.742286e-01 4.418977e-02 7.371994e-01
      outer loop
         vertex 7.421486e-01 3.263498e+01 1.953209e+01
         vertex 6.139986e-01 3.264619e+01 1.941421e+01
         vertex 5.928427e-01 3.232340e+01 1.941421e+01
      endloop
   endfacet
   facet normal -6.742341e-01 4.419442e-02 7.371941e-01
      outer loop
         vertex 7.421486e-01 3.263498e+01 1.953209e+01
         vertex 5.928427e-01 3.232340e+01 1.941421e+01
         vertex 7.213578e-01 3.231779e+01 1.953209e+01
      endloop
   endfacet
   facet normal -1.328166e-02 6.087014e-01 7.932882e-01
      outer loop
         vertex 7.999998e+00 3.914715e+01 1.963830e+01
         vertex 7.682208e+00 3.927864e+01 1.953209e+01
         vertex 7.688243e+00 3.914035e+01 1.963830e+01
      endloop
   endfacet
   facet normal -3.982262e-02 6.075430e-01 7.932879e-01
      outer loop
         vertex 7.688243e+00 3.914035e+01 1.963830e+01
         vertex 7.682208e+00 3.927864e+01 1.953209e+01
         vertex 7.365018e+00 3.925785e+01 1.953209e+01
      endloop
   endfacet
   facet normal -3.982013e-02 6.075471e-01 7.932849e-01
      outer loop
         vertex 7.688243e+00 3.914035e+01 1.963830e+01
         vertex 7.365018e+00 3.925785e+01 1.953209e+01
         vertex 7.377084e+00 3.911996e+01 1.963830e+01
      endloop
   endfacet
   facet normal -6.628152e-02 6.052318e-01 7.932851e-01
      outer loop
         vertex 7.377084e+00 3.911996e+01 1.963830e+01
         vertex 7.365018e+00 3.925785e+01 1.953209e+01
         vertex 7.049039e+00 3.922325e+01 1.953209e+01
      endloop
   endfacet
   facet normal -6.628108e-02 6.052326e-01 7.932845e-01
      outer loop
         vertex 7.377084e+00 3.911996e+01 1.963830e+01
         vertex 7.049039e+00 3.922325e+01 1.953209e+01
         vertex 7.067107e+00 3.908601e+01 1.963830e+01
      endloop
   endfacet
   facet normal -9.262228e-02 6.017647e-01 7.932845e-01
      outer loop
         vertex 7.067107e+00 3.908601e+01 1.963830e+01
         vertex 7.049039e+00 3.922325e+01 1.953209e+01
         vertex 6.734870e+00 3.917489e+01 1.953209e+01
      endloop
   endfacet
   facet normal -9.262355e-02 6.017621e-01 7.932863e-01
      outer loop
         vertex 7.067107e+00 3.908601e+01 1.963830e+01
         vertex 6.734870e+00 3.917489e+01 1.953209e+01
         vertex 6.758910e+00 3.903857e+01 1.963830e+01
      endloop
   endfacet
   facet normal -1.187813e-01 5.971495e-01 7.932865e-01
      outer loop
         vertex 6.758910e+00 3.903857e+01 1.963830e+01
         vertex 6.734870e+00 3.917489e+01 1.953209e+01
         vertex 6.423112e+00 3.911288e+01 1.953209e+01
      endloop
   endfacet
   facet normal -1.187791e-01 5.971543e-01 7.932832e-01
      outer loop
         vertex 6.758910e+00 3.903857e+01 1.963830e+01
         vertex 6.423112e+00 3.911288e+01 1.953209e+01
         vertex 6.453071e+00 3.897774e+01 1.963830e+01
      endloop
   endfacet
   facet normal -1.447151e-01 5.914046e-01 7.932831e-01
      outer loop
         vertex 6.453071e+00 3.897774e+01 1.963830e+01
         vertex 6.423112e+00 3.911288e+01 1.953209e+01
         vertex 6.114352e+00 3.903732e+01 1.953209e+01
      endloop
   endfacet
   facet normal -1.447169e-01 5.914001e-01 7.932862e-01
      outer loop
         vertex 6.453071e+00 3.897774e+01 1.963830e+01
         vertex 6.114352e+00 3.903732e+01 1.953209e+01
         vertex 6.150179e+00 3.890362e+01 1.963830e+01
      endloop
   endfacet
   facet normal -1.703741e-01 5.845252e-01 7.932861e-01
      outer loop
         vertex 6.150179e+00 3.890362e+01 1.963830e+01
         vertex 6.114352e+00 3.903732e+01 1.953209e+01
         vertex 5.809184e+00 3.894838e+01 1.953209e+01
      endloop
   endfacet
   facet normal -1.703723e-01 5.845306e-01 7.932826e-01
      outer loop
         vertex 6.150179e+00 3.890362e+01 1.963830e+01
         vertex 5.809184e+00 3.894838e+01 1.953209e+01
         vertex 5.850807e+00 3.881636e+01 1.963830e+01
      endloop
   endfacet
   facet normal -1.957092e-01 5.765421e-01 7.932825e-01
      outer loop
         vertex 5.850807e+00 3.881636e+01 1.963830e+01
         vertex 5.809184e+00 3.894838e+01 1.953209e+01
         vertex 5.508184e+00 3.884620e+01 1.953209e+01
      endloop
   endfacet
   facet normal -1.957106e-01 5.765375e-01 7.932855e-01
      outer loop
         vertex 5.850807e+00 3.881636e+01 1.963830e+01
         vertex 5.508184e+00 3.884620e+01 1.953209e+01
         vertex 5.555529e+00 3.871613e+01 1.963830e+01
      endloop
   endfacet
   facet normal -2.206698e-01 5.674529e-01 7.932856e-01
      outer loop
         vertex 5.555529e+00 3.871613e+01 1.963830e+01
         vertex 5.508184e+00 3.884620e+01 1.953209e+01
         vertex 5.211931e+00 3.873099e+01 1.953209e+01
      endloop
   endfacet
   facet normal -2.206690e-01 5.674563e-01 7.932834e-01
      outer loop
         vertex 5.555529e+00 3.871613e+01 1.963830e+01
         vertex 5.211931e+00 3.873099e+01 1.953209e+01
         vertex 5.264901e+00 3.860311e+01 1.963830e+01
      endloop
   endfacet
   facet normal -2.452149e-01 5.572893e-01 7.932833e-01
      outer loop
         vertex 5.264901e+00 3.860311e+01 1.963830e+01
         vertex 5.211931e+00 3.873099e+01 1.953209e+01
         vertex 4.920982e+00 3.860297e+01 1.953209e+01
      endloop
   endfacet
   facet normal -2.452148e-01 5.572895e-01 7.932831e-01
      outer loop
         vertex 5.264901e+00 3.860311e+01 1.963830e+01
         vertex 4.920982e+00 3.860297e+01 1.953209e+01
         vertex 4.979480e+00 3.847752e+01 1.963830e+01
      endloop
   endfacet
   facet normal -2.692863e-01 5.460650e-01 7.932830e-01
      outer loop
         vertex 4.979480e+00 3.847752e+01 1.963830e+01
         vertex 4.920982e+00 3.860297e+01 1.953209e+01
         vertex 4.635893e+00 3.846238e+01 1.953209e+01
      endloop
   endfacet
   facet normal -2.692872e-01 5.460591e-01 7.932867e-01
      outer loop
         vertex 4.979480e+00 3.847752e+01 1.963830e+01
         vertex 4.635893e+00 3.846238e+01 1.953209e+01
         vertex 4.699811e+00 3.833960e+01 1.963830e+01
      endloop
   endfacet
   facet normal -2.928514e-01 5.337921e-01 7.932869e-01
      outer loop
         vertex 4.699811e+00 3.833960e+01 1.963830e+01
         vertex 4.635893e+00 3.846238e+01 1.953209e+01
         vertex 4.357211e+00 3.830949e+01 1.953209e+01
      endloop
   endfacet
   facet normal -2.928509e-01 5.337966e-01 7.932840e-01
      outer loop
         vertex 4.699811e+00 3.833960e+01 1.963830e+01
         vertex 4.357211e+00 3.830949e+01 1.953209e+01
         vertex 4.426423e+00 3.818962e+01 1.963830e+01
      endloop
   endfacet
   facet normal -3.158542e-01 5.205154e-01 7.932842e-01
      outer loop
         vertex 4.426423e+00 3.818962e+01 1.963830e+01
         vertex 4.357211e+00 3.830949e+01 1.953209e+01
         vertex 4.085463e+00 3.814459e+01 1.953209e+01
      endloop
   endfacet
   facet normal -3.158546e-01 5.205096e-01 7.932879e-01
      outer loop
         vertex 4.426423e+00 3.818962e+01 1.963830e+01
         vertex 4.085463e+00 3.814459e+01 1.953209e+01
         vertex 4.159838e+00 3.802785e+01 1.963830e+01
      endloop
   endfacet
   facet normal -3.382582e-01 5.062368e-01 7.932879e-01
      outer loop
         vertex 4.159838e+00 3.802785e+01 1.963830e+01
         vertex 4.085463e+00 3.814459e+01 1.953209e+01
         vertex 3.821164e+00 3.796799e+01 1.953209e+01
      endloop
   endfacet
   facet normal -3.382582e-01 5.062398e-01 7.932860e-01
      outer loop
         vertex 4.159838e+00 3.802785e+01 1.963830e+01
         vertex 3.821164e+00 3.796799e+01 1.953209e+01
         vertex 3.900561e+00 3.785460e+01 1.963830e+01
      endloop
   endfacet
   facet normal -3.600158e-01 4.910049e-01 7.932861e-01
      outer loop
         vertex 3.900561e+00 3.785460e+01 1.963830e+01
         vertex 3.821164e+00 3.796799e+01 1.953209e+01
         vertex 3.564820e+00 3.778004e+01 1.953209e+01
      endloop
   endfacet
   facet normal -3.600156e-01 4.909992e-01 7.932897e-01
      outer loop
         vertex 3.900561e+00 3.785460e+01 1.963830e+01
         vertex 3.564820e+00 3.778004e+01 1.953209e+01
         vertex 3.649089e+00 3.767022e+01 1.963830e+01
      endloop
   endfacet
   facet normal -3.810919e-01 4.748263e-01 7.932899e-01
      outer loop
         vertex 3.649089e+00 3.767022e+01 1.963830e+01
         vertex 3.564820e+00 3.778004e+01 1.953209e+01
         vertex 3.316920e+00 3.758107e+01 1.953209e+01
      endloop
   endfacet
   facet normal -3.810922e-01 4.748315e-01 7.932867e-01
      outer loop
         vertex 3.649089e+00 3.767022e+01 1.963830e+01
         vertex 3.316920e+00 3.758107e+01 1.953209e+01
         vertex 3.405899e+00 3.747504e+01 1.963830e+01
      endloop
   endfacet
   facet normal -4.014422e-01 4.577554e-01 7.932869e-01
      outer loop
         vertex 3.405899e+00 3.747504e+01 1.963830e+01
         vertex 3.316920e+00 3.758107e+01 1.953209e+01
         vertex 3.077935e+00 3.737149e+01 1.953209e+01
      endloop
   endfacet
   facet normal -4.014431e-01 4.577634e-01 7.932819e-01
      outer loop
         vertex 3.405899e+00 3.747504e+01 1.963830e+01
         vertex 3.077935e+00 3.737149e+01 1.953209e+01
         vertex 3.171451e+00 3.726943e+01 1.963830e+01
      endloop
   endfacet
   facet normal -4.210305e-01 4.398149e-01 7.932819e-01
      outer loop
         vertex 3.171451e+00 3.726943e+01 1.963830e+01
         vertex 3.077935e+00 3.737149e+01 1.953209e+01
         vertex 2.848320e+00 3.715168e+01 1.953209e+01
      endloop
   endfacet
   facet normal -4.210298e-01 4.398104e-01 7.932847e-01
      outer loop
         vertex 3.171451e+00 3.726943e+01 1.963830e+01
         vertex 2.848320e+00 3.715168e+01 1.953209e+01
         vertex 2.946198e+00 3.705380e+01 1.963830e+01
      endloop
   endfacet
   facet normal -4.398105e-01 4.210299e-01 7.932846e-01
      outer loop
         vertex 2.946198e+00 3.705380e+01 1.963830e+01
         vertex 2.848320e+00 3.715168e+01 1.953209e+01
         vertex 2.628509e+00 3.692206e+01 1.953209e+01
      endloop
   endfacet
   facet normal -4.398105e-01 4.210299e-01 7.932846e-01
      outer loop
         vertex 2.946198e+00 3.705380e+01 1.963830e+01
         vertex 2.628509e+00 3.692206e+01 1.953209e+01
         vertex 2.730563e+00 3.682855e+01 1.963830e+01
      endloop
   endfacet
   facet normal -4.577593e-01 4.014425e-01 7.932845e-01
      outer loop
         vertex 2.730563e+00 3.682855e+01 1.963830e+01
         vertex 2.628509e+00 3.692206e+01 1.953209e+01
         vertex 2.418924e+00 3.668308e+01 1.953209e+01
      endloop
   endfacet
   facet normal -4.577594e-01 4.014428e-01 7.932843e-01
      outer loop
         vertex 2.730563e+00 3.682855e+01 1.963830e+01
         vertex 2.418924e+00 3.668308e+01 1.953209e+01
         vertex 2.524961e+00 3.659410e+01 1.963830e+01
      endloop
   endfacet
   facet normal -4.748339e-01 3.810944e-01 7.932842e-01
      outer loop
         vertex 2.524961e+00 3.659410e+01 1.963830e+01
         vertex 2.418924e+00 3.668308e+01 1.953209e+01
         vertex 2.219964e+00 3.643518e+01 1.953209e+01
      endloop
   endfacet
   facet normal -4.748324e-01 3.810893e-01 7.932875e-01
      outer loop
         vertex 2.524961e+00 3.659410e+01 1.963830e+01
         vertex 2.219964e+00 3.643518e+01 1.953209e+01
         vertex 2.329782e+00 3.635091e+01 1.963830e+01
      endloop
   endfacet
   facet normal -4.910006e-01 3.600188e-01 7.932874e-01
      outer loop
         vertex 2.329782e+00 3.635091e+01 1.963830e+01
         vertex 2.219964e+00 3.643518e+01 1.953209e+01
         vertex 2.032004e+00 3.617883e+01 1.953209e+01
      endloop
   endfacet
   facet normal -4.909996e-01 3.600159e-01 7.932893e-01
      outer loop
         vertex 2.329782e+00 3.635091e+01 1.963830e+01
         vertex 2.032004e+00 3.617883e+01 1.953209e+01
         vertex 2.145395e+00 3.609944e+01 1.963830e+01
      endloop
   endfacet
   facet normal -5.062370e-01 3.382548e-01 7.932893e-01
      outer loop
         vertex 2.145395e+00 3.609944e+01 1.963830e+01
         vertex 2.032004e+00 3.617883e+01 1.953209e+01
         vertex 1.855407e+00 3.591454e+01 1.953209e+01
      endloop
   endfacet
   facet normal -5.062396e-01 3.382617e-01 7.932846e-01
      outer loop
         vertex 2.145395e+00 3.609944e+01 1.963830e+01
         vertex 1.855407e+00 3.591454e+01 1.953209e+01
         vertex 1.972150e+00 3.584016e+01 1.963830e+01
      endloop
   endfacet
   facet normal -5.205151e-01 3.158540e-01 7.932845e-01
      outer loop
         vertex 1.972150e+00 3.584016e+01 1.963830e+01
         vertex 1.855407e+00 3.591454e+01 1.953209e+01
         vertex 1.690507e+00 3.564279e+01 1.953209e+01
      endloop
   endfacet
   facet normal -5.205153e-01 3.158544e-01 7.932842e-01
      outer loop
         vertex 1.972150e+00 3.584016e+01 1.963830e+01
         vertex 1.690507e+00 3.564279e+01 1.953209e+01
         vertex 1.810383e+00 3.557358e+01 1.963830e+01
      endloop
   endfacet
   facet normal -5.337950e-01 2.928536e-01 7.932841e-01
      outer loop
         vertex 1.810383e+00 3.557358e+01 1.963830e+01
         vertex 1.690507e+00 3.564279e+01 1.953209e+01
         vertex 1.537614e+00 3.536410e+01 1.953209e+01
      endloop
   endfacet
   facet normal -5.337951e-01 2.928537e-01 7.932840e-01
      outer loop
         vertex 1.810383e+00 3.557358e+01 1.963830e+01
         vertex 1.537614e+00 3.536410e+01 1.953209e+01
         vertex 1.660395e+00 3.530019e+01 1.963830e+01
      endloop
   endfacet
   facet normal -5.460630e-01 2.692871e-01 7.932841e-01
      outer loop
         vertex 1.660395e+00 3.530019e+01 1.963830e+01
         vertex 1.537614e+00 3.536410e+01 1.953209e+01
         vertex 1.397025e+00 3.507902e+01 1.953209e+01
      endloop
   endfacet
   facet normal -5.460632e-01 2.692874e-01 7.932839e-01
      outer loop
         vertex 1.660395e+00 3.530019e+01 1.963830e+01
         vertex 1.397025e+00 3.507902e+01 1.953209e+01
         vertex 1.522478e+00 3.502052e+01 1.963830e+01
      endloop
   endfacet
   facet normal -5.572896e-01 2.452122e-01 7.932839e-01
      outer loop
         vertex 1.522478e+00 3.502052e+01 1.963830e+01
         vertex 1.397025e+00 3.507902e+01 1.953209e+01
         vertex 1.269005e+00 3.478807e+01 1.953209e+01
      endloop
   endfacet
   facet normal -5.572887e-01 2.452108e-01 7.932849e-01
      outer loop
         vertex 1.522478e+00 3.502052e+01 1.963830e+01
         vertex 1.269005e+00 3.478807e+01 1.953209e+01
         vertex 1.396891e+00 3.473510e+01 1.963830e+01
      endloop
   endfacet
   facet normal -5.674530e-01 2.206720e-01 7.932849e-01
      outer loop
         vertex 1.396891e+00 3.473510e+01 1.963830e+01
         vertex 1.269005e+00 3.478807e+01 1.953209e+01
         vertex 1.153797e+00 3.449181e+01 1.953209e+01
      endloop
   endfacet
   facet normal -5.674504e-01 2.206681e-01 7.932879e-01
      outer loop
         vertex 1.396891e+00 3.473510e+01 1.963830e+01
         vertex 1.153797e+00 3.449181e+01 1.953209e+01
         vertex 1.283873e+00 3.444447e+01 1.963830e+01
      endloop
   endfacet
   facet normal -5.765363e-01 1.957043e-01 7.932879e-01
      outer loop
         vertex 1.283873e+00 3.444447e+01 1.963830e+01
         vertex 1.153797e+00 3.449181e+01 1.953209e+01
         vertex 1.051623e+00 3.419081e+01 1.953209e+01
      endloop
   endfacet
   facet normal -5.765438e-01 1.957145e-01 7.932799e-01
      outer loop
         vertex 1.283873e+00 3.444447e+01 1.963830e+01
         vertex 1.051623e+00 3.419081e+01 1.953209e+01
         vertex 1.183636e+00 3.414919e+01 1.963830e+01
      endloop
   endfacet
   facet normal -5.845332e-01 1.703759e-01 7.932799e-01
      outer loop
         vertex 1.183636e+00 3.414919e+01 1.963830e+01
         vertex 1.051623e+00 3.419081e+01 1.953209e+01
         vertex 9.626746e-01 3.388564e+01 1.953209e+01
      endloop
   endfacet
   facet normal -5.845307e-01 1.703729e-01 7.932824e-01
      outer loop
         vertex 1.183636e+00 3.414919e+01 1.963830e+01
         vertex 9.626746e-01 3.388564e+01 1.953209e+01
         vertex 1.096379e+00 3.384982e+01 1.963830e+01
      endloop
   endfacet
   facet normal -5.914054e-01 1.447162e-01 7.932823e-01
      outer loop
         vertex 1.096379e+00 3.384982e+01 1.963830e+01
         vertex 9.626746e-01 3.388564e+01 1.953209e+01
         vertex 8.871220e-01 3.357689e+01 1.953209e+01
      endloop
   endfacet
   facet normal -5.914077e-01 1.447187e-01 7.932802e-01
      outer loop
         vertex 1.096379e+00 3.384982e+01 1.963830e+01
         vertex 8.871220e-01 3.357689e+01 1.953209e+01
         vertex 1.022261e+00 3.354693e+01 1.963830e+01
      endloop
   endfacet
   facet normal -5.971571e-01 1.187857e-01 7.932801e-01
      outer loop
         vertex 1.022261e+00 3.354693e+01 1.963830e+01
         vertex 8.871220e-01 3.357689e+01 1.953209e+01
         vertex 8.251071e-01 3.326513e+01 1.953209e+01
      endloop
   endfacet
   facet normal -5.971509e-01 1.187792e-01 7.932858e-01
      outer loop
         vertex 1.022261e+00 3.354693e+01 1.963830e+01
         vertex 8.251071e-01 3.326513e+01 1.953209e+01
         vertex 9.614266e-01 3.324109e+01 1.963830e+01
      endloop
   endfacet
   facet normal -6.017638e-01 9.261856e-02 7.932857e-01
      outer loop
         vertex 9.614266e-01 3.324109e+01 1.963830e+01
         vertex 8.251071e-01 3.326513e+01 1.953209e+01
         vertex 7.767528e-01 3.295096e+01 1.953209e+01
      endloop
   endfacet
   facet normal -6.017605e-01 9.261547e-02 7.932885e-01
      outer loop
         vertex 9.614266e-01 3.324109e+01 1.963830e+01
         vertex 7.767528e-01 3.295096e+01 1.953209e+01
         vertex 9.139925e-01 3.293289e+01 1.963830e+01
      endloop
   endfacet
   facet normal -6.052274e-01 6.628104e-02 7.932885e-01
      outer loop
         vertex 9.139925e-01 3.293289e+01 1.963830e+01
         vertex 7.767528e-01 3.295096e+01 1.953209e+01
         vertex 7.421486e-01 3.263498e+01 1.953209e+01
      endloop
   endfacet
   facet normal -6.052320e-01 6.628505e-02 7.932846e-01
      outer loop
         vertex 9.139925e-01 3.293289e+01 1.963830e+01
         vertex 7.421486e-01 3.263498e+01 1.953209e+01
         vertex 8.800440e-01 3.262291e+01 1.963830e+01
      endloop
   endfacet
   facet normal -6.075472e-01 3.982325e-02 7.932847e-01
      outer loop
         vertex 8.800440e-01 3.262291e+01 1.963830e+01
         vertex 7.421486e-01 3.263498e+01 1.953209e+01
         vertex 7.213578e-01 3.231779e+01 1.953209e+01
      endloop
   endfacet
   facet normal -6.075476e-01 3.982356e-02 7.932843e-01
      outer loop
         vertex 8.800440e-01 3.262291e+01 1.963830e+01
         vertex 7.213578e-01 3.231779e+01 1.953209e+01
         vertex 8.596480e-01 3.231175e+01 1.963830e+01
      endloop
   endfacet
   facet normal -1.052713e-02 4.824352e-01 8.758684e-01
      outer loop
         vertex 7.999998e+00 3.892945e+01 1.977091e+01
         vertex 7.999998e+00 3.900000e+01 1.973205e+01
         vertex 7.694662e+00 3.899334e+01 1.973205e+01
      endloop
   endfacet
   facet normal -1.166169e-02 5.344293e-01 8.451327e-01
      outer loop
         vertex 7.694662e+00 3.899334e+01 1.973205e+01
         vertex 7.999998e+00 3.900000e+01 1.973205e+01
         vertex 7.999998e+00 3.913613e+01 1.964597e+01
      endloop
   endfacet
   facet normal -7.280573e-01 1.589242e-02 6.853320e-01
      outer loop
         vertex 5.029775e-01 3.200000e+01 1.932625e+01
         vertex 5.857833e-01 3.200000e+01 1.941421e+01
         vertex 5.928427e-01 3.232340e+01 1.941421e+01
      endloop
   endfacet
   facet normal -6.853462e-01 1.496010e-02 7.280637e-01
      outer loop
         vertex 5.928427e-01 3.232340e+01 1.941421e+01
         vertex 5.857833e-01 3.200000e+01 1.941421e+01
         vertex 6.737523e-01 3.200000e+01 1.949702e+01
      endloop
   endfacet
   facet normal -6.753406e-01 1.981285e-02 7.372398e-01
      outer loop
         vertex 5.928427e-01 3.232340e+01 1.941421e+01
         vertex 6.737523e-01 3.200000e+01 1.949702e+01
         vertex 7.213578e-01 3.231779e+01 1.953209e+01
      endloop
   endfacet
   facet normal -6.529303e-01 1.424393e-02 7.572840e-01
      outer loop
         vertex 7.213578e-01 3.231779e+01 1.953209e+01
         vertex 6.737523e-01 3.200000e+01 1.949702e+01
         vertex 7.144250e-01 3.200000e+01 1.953209e+01
      endloop
   endfacet
   facet normal -6.087065e-01 1.327917e-02 7.932843e-01
      outer loop
         vertex 7.213578e-01 3.231779e+01 1.953209e+01
         vertex 7.144250e-01 3.200000e+01 1.953209e+01
         vertex 8.596480e-01 3.231175e+01 1.963830e+01
      endloop
   endfacet
   facet normal -6.087102e-01 1.328185e-02 7.932815e-01
      outer loop
         vertex 8.596480e-01 3.231175e+01 1.963830e+01
         vertex 7.144250e-01 3.200000e+01 1.953209e+01
         vertex 8.528456e-01 3.200000e+01 1.963830e+01
      endloop
   endfacet
   facet normal -5.707987e-01 1.245463e-02 8.209956e-01
      outer loop
         vertex 8.596480e-01 3.231175e+01 1.963830e+01
         vertex 8.528456e-01 3.200000e+01 1.963830e+01
         vertex 8.638687e-01 3.200000e+01 1.964597e+01
      endloop
   endfacet
   facet normal -5.371926e-01 1.345921e-02 8.433522e-01
      outer loop
         vertex 8.638687e-01 3.200000e+01 1.964597e+01
         vertex 1.006663e+00 3.230534e+01 1.973205e+01
         vertex 8.596480e-01 3.231175e+01 1.963830e+01
      endloop
   endfacet
   facet normal -5.362359e-01 3.514087e-02 8.433364e-01
      outer loop
         vertex 8.596480e-01 3.231175e+01 1.963830e+01
         vertex 1.006663e+00 3.230534e+01 1.973205e+01
         vertex 1.026634e+00 3.261009e+01 1.973205e+01
      endloop
   endfacet
   facet normal -5.362477e-01 3.515000e-02 8.433284e-01
      outer loop
         vertex 8.596480e-01 3.231175e+01 1.963830e+01
         vertex 1.026634e+00 3.261009e+01 1.973205e+01
         vertex 8.800440e-01 3.262291e+01 1.963830e+01
      endloop
   endfacet
   facet normal -5.342039e-01 5.851021e-02 8.433284e-01
      outer loop
         vertex 8.800440e-01 3.262291e+01 1.963830e+01
         vertex 1.026634e+00 3.261009e+01 1.973205e+01
         vertex 1.059886e+00 3.291368e+01 1.973205e+01
      endloop
   endfacet
   facet normal -5.341982e-01 5.850542e-02 8.433323e-01
      outer loop
         vertex 8.800440e-01 3.262291e+01 1.963830e+01
         vertex 1.059886e+00 3.291368e+01 1.973205e+01
         vertex 9.139925e-01 3.293289e+01 1.963830e+01
      endloop
   endfacet
   facet normal -5.311383e-01 8.174712e-02 8.433324e-01
      outer loop
         vertex 9.139925e-01 3.293289e+01 1.963830e+01
         vertex 1.059886e+00 3.291368e+01 1.973205e+01
         vertex 1.106344e+00 3.321554e+01 1.973205e+01
      endloop
   endfacet
   facet normal -5.311371e-01 8.174600e-02 8.433332e-01
      outer loop
         vertex 9.139925e-01 3.293289e+01 1.963830e+01
         vertex 1.106344e+00 3.321554e+01 1.973205e+01
         vertex 9.614266e-01 3.324109e+01 1.963830e+01
      endloop
   endfacet
   facet normal -5.270651e-01 1.048398e-01 8.433333e-01
      outer loop
         vertex 9.614266e-01 3.324109e+01 1.963830e+01
         vertex 1.106344e+00 3.321554e+01 1.973205e+01
         vertex 1.165926e+00 3.351508e+01 1.973205e+01
      endloop
   endfacet
   facet normal -5.270634e-01 1.048381e-01 8.433345e-01
      outer loop
         vertex 9.614266e-01 3.324109e+01 1.963830e+01
         vertex 1.165926e+00 3.351508e+01 1.973205e+01
         vertex 1.022261e+00 3.354693e+01 1.963830e+01
      endloop
   endfacet
   facet normal -5.219886e-01 1.277293e-01 8.433345e-01
      outer loop
         vertex 1.022261e+00 3.354693e+01 1.963830e+01
         vertex 1.165926e+00 3.351508e+01 1.973205e+01
         vertex 1.238517e+00 3.381173e+01 1.973205e+01
      endloop
   endfacet
   facet normal -5.219915e-01 1.277324e-01 8.433323e-01
      outer loop
         vertex 1.022261e+00 3.354693e+01 1.963830e+01
         vertex 1.238517e+00 3.381173e+01 1.973205e+01
         vertex 1.096379e+00 3.384982e+01 1.963830e+01
      endloop
   endfacet
   facet normal -5.159237e-01 1.503776e-01 8.433322e-01
      outer loop
         vertex 1.096379e+00 3.384982e+01 1.963830e+01
         vertex 1.238517e+00 3.381173e+01 1.973205e+01
         vertex 1.323979e+00 3.410494e+01 1.973205e+01
      endloop
   endfacet
   facet normal -5.159220e-01 1.503755e-01 8.433337e-01
      outer loop
         vertex 1.096379e+00 3.384982e+01 1.963830e+01
         vertex 1.323979e+00 3.410494e+01 1.973205e+01
         vertex 1.183636e+00 3.414919e+01 1.963830e+01
      endloop
   endfacet
   facet normal -5.088699e-01 1.727424e-01 8.433336e-01
      outer loop
         vertex 1.183636e+00 3.414919e+01 1.963830e+01
         vertex 1.323979e+00 3.410494e+01 1.973205e+01
         vertex 1.422152e+00 3.439414e+01 1.973205e+01
      endloop
   endfacet
   facet normal -5.088693e-01 1.727416e-01 8.433341e-01
      outer loop
         vertex 1.183636e+00 3.414919e+01 1.963830e+01
         vertex 1.422152e+00 3.439414e+01 1.973205e+01
         vertex 1.283873e+00 3.444447e+01 1.963830e+01
      endloop
   endfacet
   facet normal -5.008526e-01 1.947674e-01 8.433341e-01
      outer loop
         vertex 1.283873e+00 3.444447e+01 1.963830e+01
         vertex 1.422152e+00 3.439414e+01 1.973205e+01
         vertex 1.532841e+00 3.467878e+01 1.973205e+01
      endloop
   endfacet
   facet normal -5.008549e-01 1.947707e-01 8.433320e-01
      outer loop
         vertex 1.283873e+00 3.444447e+01 1.963830e+01
         vertex 1.532841e+00 3.467878e+01 1.973205e+01
         vertex 1.396891e+00 3.473510e+01 1.963830e+01
      endloop
   endfacet
   facet normal -4.918823e-01 2.164323e-01 8.433320e-01
      outer loop
         vertex 1.396891e+00 3.473510e+01 1.963830e+01
         vertex 1.532841e+00 3.467878e+01 1.973205e+01
         vertex 1.655843e+00 3.495833e+01 1.973205e+01
      endloop
   endfacet
   facet normal -4.918816e-01 2.164313e-01 8.433327e-01
      outer loop
         vertex 1.396891e+00 3.473510e+01 1.963830e+01
         vertex 1.655843e+00 3.495833e+01 1.973205e+01
         vertex 1.522478e+00 3.502052e+01 1.963830e+01
      endloop
   endfacet
   facet normal -4.819717e-01 2.376830e-01 8.433327e-01
      outer loop
         vertex 1.522478e+00 3.502052e+01 1.963830e+01
         vertex 1.655843e+00 3.495833e+01 1.973205e+01
         vertex 1.790922e+00 3.523224e+01 1.973205e+01
      endloop
   endfacet
   facet normal -4.819703e-01 2.376805e-01 8.433343e-01
      outer loop
         vertex 1.522478e+00 3.502052e+01 1.963830e+01
         vertex 1.790922e+00 3.523224e+01 1.973205e+01
         vertex 1.660395e+00 3.530019e+01 1.963830e+01
      endloop
   endfacet
   facet normal -4.711427e-01 2.584799e-01 8.433343e-01
      outer loop
         vertex 1.660395e+00 3.530019e+01 1.963830e+01
         vertex 1.790922e+00 3.523224e+01 1.973205e+01
         vertex 1.937822e+00 3.550000e+01 1.973205e+01
      endloop
   endfacet
   facet normal -4.711435e-01 2.584814e-01 8.433334e-01
      outer loop
         vertex 1.660395e+00 3.530019e+01 1.963830e+01
         vertex 1.937822e+00 3.550000e+01 1.973205e+01
         vertex 1.810383e+00 3.557358e+01 1.963830e+01
      endloop
   endfacet
   facet normal -4.594230e-01 2.787818e-01 8.433334e-01
      outer loop
         vertex 1.810383e+00 3.557358e+01 1.963830e+01
         vertex 1.937822e+00 3.550000e+01 1.973205e+01
         vertex 2.096258e+00 3.576110e+01 1.973205e+01
      endloop
   endfacet
   facet normal -4.594238e-01 2.787834e-01 8.433325e-01
      outer loop
         vertex 1.810383e+00 3.557358e+01 1.963830e+01
         vertex 2.096258e+00 3.576110e+01 1.973205e+01
         vertex 1.972150e+00 3.584016e+01 1.963830e+01
      endloop
   endfacet
   facet normal -4.468246e-01 2.985604e-01 8.433324e-01
      outer loop
         vertex 1.972150e+00 3.584016e+01 1.963830e+01
         vertex 2.096258e+00 3.576110e+01 1.973205e+01
         vertex 2.265934e+00 3.601503e+01 1.973205e+01
      endloop
   endfacet
   facet normal -4.468252e-01 2.985618e-01 8.433315e-01
      outer loop
         vertex 1.972150e+00 3.584016e+01 1.963830e+01
         vertex 2.265934e+00 3.601503e+01 1.973205e+01
         vertex 2.145395e+00 3.609944e+01 1.963830e+01
      endloop
   endfacet
   facet normal -4.333786e-01 3.177653e-01 8.433316e-01
      outer loop
         vertex 2.145395e+00 3.609944e+01 1.963830e+01
         vertex 2.265934e+00 3.601503e+01 1.973205e+01
         vertex 2.446525e+00 3.626133e+01 1.973205e+01
      endloop
   endfacet
   facet normal -4.333792e-01 3.177669e-01 8.433307e-01
      outer loop
         vertex 2.145395e+00 3.609944e+01 1.963830e+01
         vertex 2.446525e+00 3.626133e+01 1.973205e+01
         vertex 2.329782e+00 3.635091e+01 1.963830e+01
      endloop
   endfacet
   facet normal -4.191055e-01 3.363686e-01 8.433307e-01
      outer loop
         vertex 2.329782e+00 3.635091e+01 1.963830e+01
         vertex 2.446525e+00 3.626133e+01 1.973205e+01
         vertex 2.637688e+00 3.649951e+01 1.973205e+01
      endloop
   endfacet
   facet normal -4.191037e-01 3.363628e-01 8.433339e-01
      outer loop
         vertex 2.329782e+00 3.635091e+01 1.963830e+01
         vertex 2.637688e+00 3.649951e+01 1.973205e+01
         vertex 2.524961e+00 3.659410e+01 1.963830e+01
      endloop
   endfacet
   facet normal -4.040301e-01 3.543272e-01 8.433338e-01
      outer loop
         vertex 2.524961e+00 3.659410e+01 1.963830e+01
         vertex 2.637688e+00 3.649951e+01 1.973205e+01
         vertex 2.839059e+00 3.672913e+01 1.973205e+01
      endloop
   endfacet
   facet normal -4.040288e-01 3.543225e-01 8.433364e-01
      outer loop
         vertex 2.524961e+00 3.659410e+01 1.963830e+01
         vertex 2.839059e+00 3.672913e+01 1.973205e+01
         vertex 2.730563e+00 3.682855e+01 1.963830e+01
      endloop
   endfacet
   facet normal -3.881877e-01 3.716103e-01 8.433363e-01
      outer loop
         vertex 2.730563e+00 3.682855e+01 1.963830e+01
         vertex 2.839059e+00 3.672913e+01 1.973205e+01
         vertex 3.050253e+00 3.694975e+01 1.973205e+01
      endloop
   endfacet
   facet normal -3.881880e-01 3.716117e-01 8.433355e-01
      outer loop
         vertex 2.730563e+00 3.682855e+01 1.963830e+01
         vertex 3.050253e+00 3.694975e+01 1.973205e+01
         vertex 2.946198e+00 3.705380e+01 1.963830e+01
      endloop
   endfacet
   facet normal -3.716113e-01 3.881886e-01 8.433354e-01
      outer loop
         vertex 2.946198e+00 3.705380e+01 1.963830e+01
         vertex 3.050253e+00 3.694975e+01 1.973205e+01
         vertex 3.270868e+00 3.716094e+01 1.973205e+01
      endloop
   endfacet
   facet normal -3.716110e-01 3.881873e-01 8.433362e-01
      outer loop
         vertex 2.946198e+00 3.705380e+01 1.963830e+01
         vertex 3.270868e+00 3.716094e+01 1.973205e+01
         vertex 3.171451e+00 3.726943e+01 1.963830e+01
      endloop
   endfacet
   facet normal -3.543264e-01 4.040258e-01 8.433362e-01
      outer loop
         vertex 3.171451e+00 3.726943e+01 1.963830e+01
         vertex 3.270868e+00 3.716094e+01 1.973205e+01
         vertex 3.500484e+00 3.736231e+01 1.973205e+01
      endloop
   endfacet
   facet normal -3.543280e-01 4.040383e-01 8.433295e-01
      outer loop
         vertex 3.171451e+00 3.726943e+01 1.963830e+01
         vertex 3.500484e+00 3.736231e+01 1.973205e+01
         vertex 3.405899e+00 3.747504e+01 1.963830e+01
      endloop
   endfacet
   facet normal -3.363677e-01 4.191085e-01 8.433296e-01
      outer loop
         vertex 3.405899e+00 3.747504e+01 1.963830e+01
         vertex 3.500484e+00 3.736231e+01 1.973205e+01
         vertex 3.738668e+00 3.755347e+01 1.973205e+01
      endloop
   endfacet
   facet normal -3.363675e-01 4.191055e-01 8.433312e-01
      outer loop
         vertex 3.405899e+00 3.747504e+01 1.963830e+01
         vertex 3.738668e+00 3.755347e+01 1.973205e+01
         vertex 3.649089e+00 3.767022e+01 1.963830e+01
      endloop
   endfacet
   facet normal -3.177640e-01 4.333801e-01 8.433314e-01
      outer loop
         vertex 3.649089e+00 3.767022e+01 1.963830e+01
         vertex 3.738668e+00 3.755347e+01 1.973205e+01
         vertex 3.984965e+00 3.773406e+01 1.973205e+01
      endloop
   endfacet
   facet normal -3.177638e-01 4.333749e-01 8.433341e-01
      outer loop
         vertex 3.649089e+00 3.767022e+01 1.963830e+01
         vertex 3.984965e+00 3.773406e+01 1.973205e+01
         vertex 3.900561e+00 3.785460e+01 1.963830e+01
      endloop
   endfacet
   facet normal -2.985604e-01 4.468213e-01 8.433341e-01
      outer loop
         vertex 3.900561e+00 3.785460e+01 1.963830e+01
         vertex 3.984965e+00 3.773406e+01 1.973205e+01
         vertex 4.238900e+00 3.790374e+01 1.973205e+01
      endloop
   endfacet
   facet normal -2.985604e-01 4.468278e-01 8.433307e-01
      outer loop
         vertex 3.900561e+00 3.785460e+01 1.963830e+01
         vertex 4.238900e+00 3.790374e+01 1.973205e+01
         vertex 4.159838e+00 3.802785e+01 1.963830e+01
      endloop
   endfacet
   facet normal -2.787863e-01 4.594249e-01 8.433309e-01
      outer loop
         vertex 4.159838e+00 3.802785e+01 1.963830e+01
         vertex 4.238900e+00 3.790374e+01 1.973205e+01
         vertex 4.499998e+00 3.806218e+01 1.973205e+01
      endloop
   endfacet
   facet normal -2.787863e-01 4.594233e-01 8.433317e-01
      outer loop
         vertex 4.159838e+00 3.802785e+01 1.963830e+01
         vertex 4.499998e+00 3.806218e+01 1.973205e+01
         vertex 4.426423e+00 3.818962e+01 1.963830e+01
      endloop
   endfacet
   facet normal -2.584799e-01 4.711470e-01 8.433319e-01
      outer loop
         vertex 4.426423e+00 3.818962e+01 1.963830e+01
         vertex 4.499998e+00 3.806218e+01 1.973205e+01
         vertex 4.767757e+00 3.820908e+01 1.973205e+01
      endloop
   endfacet
   facet normal -2.584800e-01 4.711466e-01 8.433321e-01
      outer loop
         vertex 4.426423e+00 3.818962e+01 1.963830e+01
         vertex 4.767757e+00 3.820908e+01 1.973205e+01
         vertex 4.699811e+00 3.833960e+01 1.963830e+01
      endloop
   endfacet
   facet normal -2.376827e-01 4.819727e-01 8.433322e-01
      outer loop
         vertex 4.699811e+00 3.833960e+01 1.963830e+01
         vertex 4.767757e+00 3.820908e+01 1.973205e+01
         vertex 5.041670e+00 3.834415e+01 1.973205e+01
      endloop
   endfacet
   facet normal -2.376828e-01 4.819718e-01 8.433327e-01
      outer loop
         vertex 4.699811e+00 3.833960e+01 1.963830e+01
         vertex 5.041670e+00 3.834415e+01 1.973205e+01
         vertex 4.979480e+00 3.847752e+01 1.963830e+01
      endloop
   endfacet
   facet normal -2.164307e-01 4.918819e-01 8.433326e-01
      outer loop
         vertex 4.979480e+00 3.847752e+01 1.963830e+01
         vertex 5.041670e+00 3.834415e+01 1.973205e+01
         vertex 5.321216e+00 3.846716e+01 1.973205e+01
      endloop
   endfacet
   facet normal -2.164318e-01 4.918756e-01 8.433361e-01
      outer loop
         vertex 4.979480e+00 3.847752e+01 1.963830e+01
         vertex 5.321216e+00 3.846716e+01 1.973205e+01
         vertex 5.264901e+00 3.860311e+01 1.963830e+01
      endloop
   endfacet
   facet normal -1.947697e-01 5.008485e-01 8.433360e-01
      outer loop
         vertex 5.264901e+00 3.860311e+01 1.963830e+01
         vertex 5.321216e+00 3.846716e+01 1.973205e+01
         vertex 5.605858e+00 3.857785e+01 1.973205e+01
      endloop
   endfacet
   facet normal -1.947687e-01 5.008530e-01 8.433335e-01
      outer loop
         vertex 5.264901e+00 3.860311e+01 1.963830e+01
         vertex 5.605858e+00 3.857785e+01 1.973205e+01
         vertex 5.555529e+00 3.871613e+01 1.963830e+01
      endloop
   endfacet
   facet normal -1.727384e-01 5.088713e-01 8.433335e-01
      outer loop
         vertex 5.555529e+00 3.871613e+01 1.963830e+01
         vertex 5.605858e+00 3.857785e+01 1.973205e+01
         vertex 5.895060e+00 3.867602e+01 1.973205e+01
      endloop
   endfacet
   facet normal -1.727394e-01 5.088676e-01 8.433356e-01
      outer loop
         vertex 5.555529e+00 3.871613e+01 1.963830e+01
         vertex 5.895060e+00 3.867602e+01 1.973205e+01
         vertex 5.850807e+00 3.881636e+01 1.963830e+01
      endloop
   endfacet
   facet normal -1.503766e-01 5.159189e-01 8.433354e-01
      outer loop
         vertex 5.850807e+00 3.881636e+01 1.963830e+01
         vertex 5.895060e+00 3.867602e+01 1.973205e+01
         vertex 6.188266e+00 3.876148e+01 1.973205e+01
      endloop
   endfacet
   facet normal -1.503753e-01 5.159230e-01 8.433331e-01
      outer loop
         vertex 5.850807e+00 3.881636e+01 1.963830e+01
         vertex 6.188266e+00 3.876148e+01 1.973205e+01
         vertex 6.150179e+00 3.890362e+01 1.963830e+01
      endloop
   endfacet
   facet normal -1.277299e-01 5.219909e-01 8.433330e-01
      outer loop
         vertex 6.150179e+00 3.890362e+01 1.963830e+01
         vertex 6.188266e+00 3.876148e+01 1.973205e+01
         vertex 6.484922e+00 3.883407e+01 1.973205e+01
      endloop
   endfacet
   facet normal -1.277314e-01 5.219870e-01 8.433352e-01
      outer loop
         vertex 6.150179e+00 3.890362e+01 1.963830e+01
         vertex 6.484922e+00 3.883407e+01 1.973205e+01
         vertex 6.453071e+00 3.897774e+01 1.963830e+01
      endloop
   endfacet
   facet normal -1.048395e-01 5.270621e-01 8.433352e-01
      outer loop
         vertex 6.453071e+00 3.897774e+01 1.963830e+01
         vertex 6.484922e+00 3.883407e+01 1.973205e+01
         vertex 6.784461e+00 3.889365e+01 1.973205e+01
      endloop
   endfacet
   facet normal -1.048380e-01 5.270659e-01 8.433330e-01
      outer loop
         vertex 6.453071e+00 3.897774e+01 1.963830e+01
         vertex 6.784461e+00 3.889365e+01 1.973205e+01
         vertex 6.758910e+00 3.903857e+01 1.963830e+01
      endloop
   endfacet
   facet normal -8.175041e-02 5.311367e-01 8.433331e-01
      outer loop
         vertex 6.758910e+00 3.903857e+01 1.963830e+01
         vertex 6.784461e+00 3.889365e+01 1.973205e+01
         vertex 7.086314e+00 3.894011e+01 1.973205e+01
      endloop
   endfacet
   facet normal -8.175225e-02 5.311328e-01 8.433354e-01
      outer loop
         vertex 6.758910e+00 3.903857e+01 1.963830e+01
         vertex 7.086314e+00 3.894011e+01 1.973205e+01
         vertex 7.067107e+00 3.908601e+01 1.963830e+01
      endloop
   endfacet
   facet normal -5.850595e-02 5.341933e-01 8.433354e-01
      outer loop
         vertex 7.067107e+00 3.908601e+01 1.963830e+01
         vertex 7.086314e+00 3.894011e+01 1.973205e+01
         vertex 7.389907e+00 3.897336e+01 1.973205e+01
      endloop
   endfacet
   facet normal -5.850212e-02 5.342006e-01 8.433310e-01
      outer loop
         vertex 7.067107e+00 3.908601e+01 1.963830e+01
         vertex 7.389907e+00 3.897336e+01 1.973205e+01
         vertex 7.377084e+00 3.911996e+01 1.963830e+01
      endloop
   endfacet
   facet normal -3.514456e-02 5.362438e-01 8.433312e-01
      outer loop
         vertex 7.377084e+00 3.911996e+01 1.963830e+01
         vertex 7.389907e+00 3.897336e+01 1.973205e+01
         vertex 7.694662e+00 3.899334e+01 1.973205e+01
      endloop
   endfacet
   facet normal -3.514652e-02 5.362404e-01 8.433332e-01
      outer loop
         vertex 7.377084e+00 3.911996e+01 1.963830e+01
         vertex 7.694662e+00 3.899334e+01 1.973205e+01
         vertex 7.688243e+00 3.914035e+01 1.963830e+01
      endloop
   endfacet
   facet normal -1.345907e-02 5.371974e-01 8.433491e-01
      outer loop
         vertex 7.688243e+00 3.914035e+01 1.963830e+01
         vertex 7.694662e+00 3.899334e+01 1.973205e+01
         vertex 7.999998e+00 3.913613e+01 1.964597e+01
      endloop
   endfacet
   facet normal -1.245463e-02 5.707987e-01 8.209956e-01
      outer loop
         vertex 7.688243e+00 3.914035e+01 1.963830e+01
         vertex 7.999998e+00 3.913613e+01 1.964597e+01
         vertex 7.999998e+00 3.914715e+01 1.963830e+01
      endloop
   endfacet
   facet normal -8.483153e-03 3.888666e-01 9.212550e-01
      outer loop
         vertex 7.999998e+00 3.870921e+01 1.987003e+01
         vertex 7.999998e+00 3.884524e+01 1.981262e+01
         vertex 7.701412e+00 3.883872e+01 1.981262e+01
      endloop
   endfacet
   facet normal -9.680926e-03 4.437723e-01 8.960873e-01
      outer loop
         vertex 7.701412e+00 3.883872e+01 1.981262e+01
         vertex 7.999998e+00 3.884524e+01 1.981262e+01
         vertex 7.999998e+00 3.892945e+01 1.977091e+01
      endloop
   endfacet
   facet normal -1.632949e-02 4.614773e-01 8.870017e-01
      outer loop
         vertex 7.999998e+00 3.892945e+01 1.977091e+01
         vertex 7.694662e+00 3.899334e+01 1.973205e+01
         vertex 7.701412e+00 3.883872e+01 1.981262e+01
      endloop
   endfacet
   facet normal -3.020347e-02 4.608515e-01 8.869632e-01
      outer loop
         vertex 7.701412e+00 3.883872e+01 1.981262e+01
         vertex 7.694662e+00 3.899334e+01 1.973205e+01
         vertex 7.389907e+00 3.897336e+01 1.973205e+01
      endloop
   endfacet
   facet normal -3.020635e-02 4.608464e-01 8.869657e-01
      outer loop
         vertex 7.701412e+00 3.883872e+01 1.981262e+01
         vertex 7.389907e+00 3.897336e+01 1.973205e+01
         vertex 7.403396e+00 3.881919e+01 1.981262e+01
      endloop
   endfacet
   facet normal -5.028048e-02 4.590900e-01 8.869657e-01
      outer loop
         vertex 7.403396e+00 3.881919e+01 1.981262e+01
         vertex 7.389907e+00 3.897336e+01 1.973205e+01
         vertex 7.086314e+00 3.894011e+01 1.973205e+01
      endloop
   endfacet
   facet normal -5.027981e-02 4.590913e-01 8.869651e-01
      outer loop
         vertex 7.403396e+00 3.881919e+01 1.981262e+01
         vertex 7.086314e+00 3.894011e+01 1.973205e+01
         vertex 7.106517e+00 3.878667e+01 1.981262e+01
      endloop
   endfacet
   facet normal -7.025664e-02 4.564612e-01 8.869652e-01
      outer loop
         vertex 7.106517e+00 3.878667e+01 1.981262e+01
         vertex 7.086314e+00 3.894011e+01 1.973205e+01
         vertex 6.784461e+00 3.889365e+01 1.973205e+01
      endloop
   endfacet
   facet normal -7.025520e-02 4.564644e-01 8.869636e-01
      outer loop
         vertex 7.106517e+00 3.878667e+01 1.981262e+01
         vertex 6.784461e+00 3.889365e+01 1.973205e+01
         vertex 6.811336e+00 3.874124e+01 1.981262e+01
      endloop
   endfacet
   facet normal -9.010065e-02 4.529651e-01 8.869637e-01
      outer loop
         vertex 6.811336e+00 3.874124e+01 1.981262e+01
         vertex 6.784461e+00 3.889365e+01 1.973205e+01
         vertex 6.484922e+00 3.883407e+01 1.973205e+01
      endloop
   endfacet
   facet normal -9.010130e-02 4.529635e-01 8.869644e-01
      outer loop
         vertex 6.811336e+00 3.874124e+01 1.981262e+01
         vertex 6.484922e+00 3.883407e+01 1.973205e+01
         vertex 6.518420e+00 3.868298e+01 1.981262e+01
      endloop
   endfacet
   facet normal -1.097719e-01 4.486025e-01 8.869645e-01
      outer loop
         vertex 6.518420e+00 3.868298e+01 1.981262e+01
         vertex 6.484922e+00 3.883407e+01 1.973205e+01
         vertex 6.188266e+00 3.876148e+01 1.973205e+01
      endloop
   endfacet
   facet normal -1.097725e-01 4.486008e-01 8.869652e-01
      outer loop
         vertex 6.518420e+00 3.868298e+01 1.981262e+01
         vertex 6.188266e+00 3.876148e+01 1.973205e+01
         vertex 6.228320e+00 3.861199e+01 1.981262e+01
      endloop
   endfacet
   facet normal -1.292352e-01 4.433860e-01 8.869651e-01
      outer loop
         vertex 6.228320e+00 3.861199e+01 1.981262e+01
         vertex 6.188266e+00 3.876148e+01 1.973205e+01
         vertex 5.895060e+00 3.867602e+01 1.973205e+01
      endloop
   endfacet
   facet normal -1.292342e-01 4.433892e-01 8.869636e-01
      outer loop
         vertex 6.228320e+00 3.861199e+01 1.981262e+01
         vertex 5.895060e+00 3.867602e+01 1.973205e+01
         vertex 5.941596e+00 3.852842e+01 1.981262e+01
      endloop
   endfacet
   facet normal -1.484533e-01 4.373297e-01 8.869636e-01
      outer loop
         vertex 5.941596e+00 3.852842e+01 1.981262e+01
         vertex 5.895060e+00 3.867602e+01 1.973205e+01
         vertex 5.605858e+00 3.857785e+01 1.973205e+01
      endloop
   endfacet
   facet normal -1.484542e-01 4.373263e-01 8.869651e-01
      outer loop
         vertex 5.941596e+00 3.852842e+01 1.981262e+01
         vertex 5.605858e+00 3.857785e+01 1.973205e+01
         vertex 5.658790e+00 3.843242e+01 1.981262e+01
      endloop
   endfacet
   facet normal -1.673874e-01 4.304352e-01 8.869651e-01
      outer loop
         vertex 5.658790e+00 3.843242e+01 1.981262e+01
         vertex 5.605858e+00 3.857785e+01 1.973205e+01
         vertex 5.321216e+00 3.846716e+01 1.973205e+01
      endloop
   endfacet
   facet normal -1.673870e-01 4.304369e-01 8.869643e-01
      outer loop
         vertex 5.658790e+00 3.843242e+01 1.981262e+01
         vertex 5.321216e+00 3.846716e+01 1.973205e+01
         vertex 5.380441e+00 3.832417e+01 1.981262e+01
      endloop
   endfacet
   facet normal -1.860019e-01 4.227264e-01 8.869643e-01
      outer loop
         vertex 5.380441e+00 3.832417e+01 1.981262e+01
         vertex 5.321216e+00 3.846716e+01 1.973205e+01
         vertex 5.041670e+00 3.834415e+01 1.973205e+01
      endloop
   endfacet
   facet normal -1.860018e-01 4.227267e-01 8.869642e-01
      outer loop
         vertex 5.380441e+00 3.832417e+01 1.981262e+01
         vertex 5.041670e+00 3.834415e+01 1.973205e+01
         vertex 5.107075e+00 3.820389e+01 1.981262e+01
      endloop
   endfacet
   facet normal -2.042659e-01 4.142102e-01 8.869641e-01
      outer loop
         vertex 5.107075e+00 3.820389e+01 1.981262e+01
         vertex 5.041670e+00 3.834415e+01 1.973205e+01
         vertex 4.767757e+00 3.820908e+01 1.973205e+01
      endloop
   endfacet
   facet normal -2.042663e-01 4.142068e-01 8.869656e-01
      outer loop
         vertex 5.107075e+00 3.820389e+01 1.981262e+01
         vertex 4.767757e+00 3.820908e+01 1.973205e+01
         vertex 4.839219e+00 3.807180e+01 1.981262e+01
      endloop
   endfacet
   facet normal -2.221376e-01 4.049036e-01 8.869656e-01
      outer loop
         vertex 4.839219e+00 3.807180e+01 1.981262e+01
         vertex 4.767757e+00 3.820908e+01 1.973205e+01
         vertex 4.499998e+00 3.806218e+01 1.973205e+01
      endloop
   endfacet
   facet normal -2.221374e-01 4.049058e-01 8.869646e-01
      outer loop
         vertex 4.839219e+00 3.807180e+01 1.981262e+01
         vertex 4.499998e+00 3.806218e+01 1.973205e+01
         vertex 4.577380e+00 3.792815e+01 1.981262e+01
      endloop
   endfacet
   facet normal -2.395891e-01 3.948301e-01 8.869646e-01
      outer loop
         vertex 4.577380e+00 3.792815e+01 1.981262e+01
         vertex 4.499998e+00 3.806218e+01 1.973205e+01
         vertex 4.238900e+00 3.790374e+01 1.973205e+01
      endloop
   endfacet
   facet normal -2.395891e-01 3.948295e-01 8.869649e-01
      outer loop
         vertex 4.577380e+00 3.792815e+01 1.981262e+01
         vertex 4.238900e+00 3.790374e+01 1.973205e+01
         vertex 4.322056e+00 3.777321e+01 1.981262e+01
      endloop
   endfacet
   facet normal -2.565851e-01 3.840016e-01 8.869650e-01
      outer loop
         vertex 4.322056e+00 3.777321e+01 1.981262e+01
         vertex 4.238900e+00 3.790374e+01 1.973205e+01
         vertex 3.984965e+00 3.773406e+01 1.973205e+01
      endloop
   endfacet
   facet normal -2.565851e-01 3.840078e-01 8.869623e-01
      outer loop
         vertex 4.322056e+00 3.777321e+01 1.981262e+01
         vertex 3.984965e+00 3.773406e+01 1.973205e+01
         vertex 4.073732e+00 3.760729e+01 1.981262e+01
      endloop
   endfacet
   facet normal -2.730897e-01 3.724514e-01 8.869622e-01
      outer loop
         vertex 4.073732e+00 3.760729e+01 1.981262e+01
         vertex 3.984965e+00 3.773406e+01 1.973205e+01
         vertex 3.738668e+00 3.755347e+01 1.973205e+01
      endloop
   endfacet
   facet normal -2.730891e-01 3.724411e-01 8.869667e-01
      outer loop
         vertex 4.073732e+00 3.760729e+01 1.981262e+01
         vertex 3.738668e+00 3.755347e+01 1.973205e+01
         vertex 3.832884e+00 3.743069e+01 1.981262e+01
      endloop
   endfacet
   facet normal -2.890710e-01 3.601776e-01 8.869668e-01
      outer loop
         vertex 3.832884e+00 3.743069e+01 1.981262e+01
         vertex 3.738668e+00 3.755347e+01 1.973205e+01
         vertex 3.500484e+00 3.736231e+01 1.973205e+01
      endloop
   endfacet
   facet normal -2.890714e-01 3.601813e-01 8.869651e-01
      outer loop
         vertex 3.832884e+00 3.743069e+01 1.981262e+01
         vertex 3.500484e+00 3.736231e+01 1.973205e+01
         vertex 3.599964e+00 3.724376e+01 1.981262e+01
      endloop
   endfacet
   facet normal -3.045124e-01 3.472247e-01 8.869652e-01
      outer loop
         vertex 3.599964e+00 3.724376e+01 1.981262e+01
         vertex 3.500484e+00 3.736231e+01 1.973205e+01
         vertex 3.270868e+00 3.716094e+01 1.973205e+01
      endloop
   endfacet
   facet normal -3.045130e-01 3.472290e-01 8.869633e-01
      outer loop
         vertex 3.599964e+00 3.724376e+01 1.981262e+01
         vertex 3.270868e+00 3.716094e+01 1.973205e+01
         vertex 3.375422e+00 3.704684e+01 1.981262e+01
      endloop
   endfacet
   facet normal -3.193692e-01 3.336161e-01 8.869632e-01
      outer loop
         vertex 3.375422e+00 3.704684e+01 1.981262e+01
         vertex 3.270868e+00 3.716094e+01 1.973205e+01
         vertex 3.050253e+00 3.694975e+01 1.973205e+01
      endloop
   endfacet
   facet normal -3.193684e-01 3.336119e-01 8.869650e-01
      outer loop
         vertex 3.375422e+00 3.704684e+01 1.981262e+01
         vertex 3.050253e+00 3.694975e+01 1.973205e+01
         vertex 3.159687e+00 3.684031e+01 1.981262e+01
      endloop
   endfacet
   facet normal -3.336135e-01 3.193667e-01 8.869650e-01
      outer loop
         vertex 3.159687e+00 3.684031e+01 1.981262e+01
         vertex 3.050253e+00 3.694975e+01 1.973205e+01
         vertex 2.839059e+00 3.672913e+01 1.973205e+01
      endloop
   endfacet
   facet normal -3.336145e-01 3.193710e-01 8.869631e-01
      outer loop
         vertex 3.159687e+00 3.684031e+01 1.981262e+01
         vertex 2.839059e+00 3.672913e+01 1.973205e+01
         vertex 2.953161e+00 3.662458e+01 1.981262e+01
      endloop
   endfacet
   facet normal -3.472289e-01 3.045136e-01 8.869631e-01
      outer loop
         vertex 2.953161e+00 3.662458e+01 1.981262e+01
         vertex 2.839059e+00 3.672913e+01 1.973205e+01
         vertex 2.637688e+00 3.649951e+01 1.973205e+01
      endloop
   endfacet
   facet normal -3.472287e-01 3.045128e-01 8.869635e-01
      outer loop
         vertex 2.953161e+00 3.662458e+01 1.981262e+01
         vertex 2.637688e+00 3.649951e+01 1.973205e+01
         vertex 2.756242e+00 3.640003e+01 1.981262e+01
      endloop
   endfacet
   facet normal -3.601813e-01 2.890768e-01 8.869634e-01
      outer loop
         vertex 2.756242e+00 3.640003e+01 1.981262e+01
         vertex 2.637688e+00 3.649951e+01 1.973205e+01
         vertex 2.446525e+00 3.626133e+01 1.973205e+01
      endloop
   endfacet
   facet normal -3.601799e-01 2.890725e-01 8.869654e-01
      outer loop
         vertex 2.756242e+00 3.640003e+01 1.981262e+01
         vertex 2.446525e+00 3.626133e+01 1.973205e+01
         vertex 2.569307e+00 3.616711e+01 1.981262e+01
      endloop
   endfacet
   facet normal -3.724456e-01 2.730875e-01 8.869653e-01
      outer loop
         vertex 2.569307e+00 3.616711e+01 1.981262e+01
         vertex 2.446525e+00 3.626133e+01 1.973205e+01
         vertex 2.265934e+00 3.601503e+01 1.973205e+01
      endloop
   endfacet
   facet normal -3.724456e-01 2.730874e-01 8.869654e-01
      outer loop
         vertex 2.569307e+00 3.616711e+01 1.981262e+01
         vertex 2.265934e+00 3.601503e+01 1.973205e+01
         vertex 2.392709e+00 3.592627e+01 1.981262e+01
      endloop
   endfacet
   facet normal -3.840017e-01 2.565833e-01 8.869654e-01
      outer loop
         vertex 2.392709e+00 3.592627e+01 1.981262e+01
         vertex 2.265934e+00 3.601503e+01 1.973205e+01
         vertex 2.096258e+00 3.576110e+01 1.973205e+01
      endloop
   endfacet
   facet normal -3.840016e-01 2.565829e-01 8.869656e-01
      outer loop
         vertex 2.392709e+00 3.592627e+01 1.981262e+01
         vertex 2.096258e+00 3.576110e+01 1.973205e+01
         vertex 2.226785e+00 3.567794e+01 1.981262e+01
      endloop
   endfacet
   facet normal -3.948297e-01 2.395860e-01 8.869656e-01
      outer loop
         vertex 2.226785e+00 3.567794e+01 1.981262e+01
         vertex 2.096258e+00 3.576110e+01 1.973205e+01
         vertex 1.937822e+00 3.550000e+01 1.973205e+01
      endloop
   endfacet
   facet normal -3.948307e-01 2.395881e-01 8.869647e-01
      outer loop
         vertex 2.226785e+00 3.567794e+01 1.981262e+01
         vertex 1.937822e+00 3.550000e+01 1.973205e+01
         vertex 2.071850e+00 3.542262e+01 1.981262e+01
      endloop
   endfacet
   facet normal -4.049043e-01 2.221400e-01 8.869646e-01
      outer loop
         vertex 2.071850e+00 3.542262e+01 1.981262e+01
         vertex 1.937822e+00 3.550000e+01 1.973205e+01
         vertex 1.790922e+00 3.523224e+01 1.973205e+01
      endloop
   endfacet
   facet normal -4.049039e-01 2.221392e-01 8.869651e-01
      outer loop
         vertex 2.071850e+00 3.542262e+01 1.981262e+01
         vertex 1.790922e+00 3.523224e+01 1.973205e+01
         vertex 1.928199e+00 3.516078e+01 1.981262e+01
      endloop
   endfacet
   facet normal -4.142083e-01 2.042656e-01 8.869651e-01
      outer loop
         vertex 1.928199e+00 3.516078e+01 1.981262e+01
         vertex 1.790922e+00 3.523224e+01 1.973205e+01
         vertex 1.655843e+00 3.495833e+01 1.973205e+01
      endloop
   endfacet
   facet normal -4.142064e-01 2.042624e-01 8.869667e-01
      outer loop
         vertex 1.928199e+00 3.516078e+01 1.981262e+01
         vertex 1.655843e+00 3.495833e+01 1.973205e+01
         vertex 1.796108e+00 3.489292e+01 1.981262e+01
      endloop
   endfacet
   facet normal -4.227217e-01 1.860011e-01 8.869667e-01
      outer loop
         vertex 1.796108e+00 3.489292e+01 1.981262e+01
         vertex 1.655843e+00 3.495833e+01 1.973205e+01
         vertex 1.532841e+00 3.467878e+01 1.973205e+01
      endloop
   endfacet
   facet normal -4.227222e-01 1.860017e-01 8.869664e-01
      outer loop
         vertex 1.796108e+00 3.489292e+01 1.981262e+01
         vertex 1.532841e+00 3.467878e+01 1.973205e+01
         vertex 1.675826e+00 3.461956e+01 1.981262e+01
      endloop
   endfacet
   facet normal -4.304339e-01 1.673835e-01 8.869664e-01
      outer loop
         vertex 1.675826e+00 3.461956e+01 1.981262e+01
         vertex 1.532841e+00 3.467878e+01 1.973205e+01
         vertex 1.422152e+00 3.439414e+01 1.973205e+01
      endloop
   endfacet
   facet normal -4.304391e-01 1.673907e-01 8.869625e-01
      outer loop
         vertex 1.675826e+00 3.461956e+01 1.981262e+01
         vertex 1.422152e+00 3.439414e+01 1.973205e+01
         vertex 1.567580e+00 3.434121e+01 1.981262e+01
      endloop
   endfacet
   facet normal -4.373304e-01 1.484574e-01 8.869626e-01
      outer loop
         vertex 1.567580e+00 3.434121e+01 1.981262e+01
         vertex 1.422152e+00 3.439414e+01 1.973205e+01
         vertex 1.323979e+00 3.410494e+01 1.973205e+01
      endloop
   endfacet
   facet normal -4.373279e-01 1.484542e-01 8.869643e-01
      outer loop
         vertex 1.567580e+00 3.434121e+01 1.981262e+01
         vertex 1.323979e+00 3.410494e+01 1.973205e+01
         vertex 1.471579e+00 3.405840e+01 1.981262e+01
      endloop
   endfacet
   facet normal -4.433876e-01 1.292353e-01 8.869643e-01
      outer loop
         vertex 1.471579e+00 3.405840e+01 1.981262e+01
         vertex 1.323979e+00 3.410494e+01 1.973205e+01
         vertex 1.238517e+00 3.381173e+01 1.973205e+01
      endloop
   endfacet
   facet normal -4.433821e-01 1.292289e-01 8.869680e-01
      outer loop
         vertex 1.471579e+00 3.405840e+01 1.981262e+01
         vertex 1.238517e+00 3.381173e+01 1.973205e+01
         vertex 1.388010e+00 3.377168e+01 1.981262e+01
      endloop
   endfacet
   facet normal -4.485960e-01 1.097703e-01 8.869680e-01
      outer loop
         vertex 1.388010e+00 3.377168e+01 1.981262e+01
         vertex 1.238517e+00 3.381173e+01 1.973205e+01
         vertex 1.165926e+00 3.351508e+01 1.973205e+01
      endloop
   endfacet
   facet normal -4.486019e-01 1.097767e-01 8.869641e-01
      outer loop
         vertex 1.388010e+00 3.377168e+01 1.981262e+01
         vertex 1.165926e+00 3.351508e+01 1.973205e+01
         vertex 1.317021e+00 3.348158e+01 1.981262e+01
      endloop
   endfacet
   facet normal -4.529641e-01 9.010019e-02 8.869642e-01
      outer loop
         vertex 1.317021e+00 3.348158e+01 1.981262e+01
         vertex 1.165926e+00 3.351508e+01 1.973205e+01
         vertex 1.106344e+00 3.321554e+01 1.973205e+01
      endloop
   endfacet
   facet normal -4.529613e-01 9.009741e-02 8.869659e-01
      outer loop
         vertex 1.317021e+00 3.348158e+01 1.981262e+01
         vertex 1.106344e+00 3.321554e+01 1.973205e+01
         vertex 1.258757e+00 3.318866e+01 1.981262e+01
      endloop
   endfacet
   facet normal -4.564603e-01 7.025347e-02 8.869659e-01
      outer loop
         vertex 1.258757e+00 3.318866e+01 1.981262e+01
         vertex 1.106344e+00 3.321554e+01 1.973205e+01
         vertex 1.059886e+00 3.291368e+01 1.973205e+01
      endloop
   endfacet
   facet normal -4.564659e-01 7.025854e-02 8.869626e-01
      outer loop
         vertex 1.258757e+00 3.318866e+01 1.981262e+01
         vertex 1.059886e+00 3.291368e+01 1.973205e+01
         vertex 1.213323e+00 3.289348e+01 1.981262e+01
      endloop
   endfacet
   facet normal -4.590957e-01 5.028377e-02 8.869626e-01
      outer loop
         vertex 1.213323e+00 3.289348e+01 1.981262e+01
         vertex 1.059886e+00 3.291368e+01 1.973205e+01
         vertex 1.026634e+00 3.261009e+01 1.973205e+01
      endloop
   endfacet
   facet normal -4.590903e-01 5.027939e-02 8.869656e-01
      outer loop
         vertex 1.213323e+00 3.289348e+01 1.981262e+01
         vertex 1.026634e+00 3.261009e+01 1.973205e+01
         vertex 1.180809e+00 3.259660e+01 1.981262e+01
      endloop
   endfacet
   facet normal -4.608470e-01 3.020045e-02 8.869656e-01
      outer loop
         vertex 1.180809e+00 3.259660e+01 1.981262e+01
         vertex 1.026634e+00 3.261009e+01 1.973205e+01
         vertex 1.006663e+00 3.230534e+01 1.973205e+01
      endloop
   endfacet
   facet normal -4.608513e-01 3.020371e-02 8.869632e-01
      outer loop
         vertex 1.180809e+00 3.259660e+01 1.981262e+01
         vertex 1.006663e+00 3.230534e+01 1.973205e+01
         vertex 1.161277e+00 3.229858e+01 1.981262e+01
      endloop
   endfacet
   facet normal -7.601060e-03 3.482914e-01 9.373555e-01
      outer loop
         vertex 7.708445e+00 3.867768e+01 1.987938e+01
         vertex 7.999998e+00 3.868404e+01 1.987938e+01
         vertex 7.999998e+00 3.870921e+01 1.987003e+01
      endloop
   endfacet
   facet normal -5.344293e-01 1.166495e-02 8.451327e-01
      outer loop
         vertex 8.638687e-01 3.200000e+01 1.964597e+01
         vertex 9.999983e-01 3.200000e+01 1.973205e+01
         vertex 1.006663e+00 3.230534e+01 1.973205e+01
      endloop
   endfacet
   facet normal -4.824352e-01 1.053008e-02 8.758684e-01
      outer loop
         vertex 1.006663e+00 3.230534e+01 1.973205e+01
         vertex 9.999983e-01 3.200000e+01 1.973205e+01
         vertex 1.070552e+00 3.200000e+01 1.977091e+01
      endloop
   endfacet
   facet normal -4.614771e-01 1.633235e-02 8.870018e-01
      outer loop
         vertex 1.006663e+00 3.230534e+01 1.973205e+01
         vertex 1.070552e+00 3.200000e+01 1.977091e+01
         vertex 1.161277e+00 3.229858e+01 1.981262e+01
      endloop
   endfacet
   facet normal -4.437723e-01 9.683724e-03 8.960873e-01
      outer loop
         vertex 1.161277e+00 3.229858e+01 1.981262e+01
         vertex 1.070552e+00 3.200000e+01 1.977091e+01
         vertex 1.154762e+00 3.200000e+01 1.981262e+01
      endloop
   endfacet
   facet normal -3.888575e-01 8.485408e-03 9.212588e-01
      outer loop
         vertex 1.161277e+00 3.229858e+01 1.981262e+01
         vertex 1.154762e+00 3.200000e+01 1.981262e+01
         vertex 1.290791e+00 3.200000e+01 1.987003e+01
      endloop
   endfacet
   facet normal -1.173626e-02 3.825260e-01 9.238702e-01
      outer loop
         vertex 7.999998e+00 3.870921e+01 1.987003e+01
         vertex 7.701412e+00 3.883872e+01 1.981262e+01
         vertex 7.708445e+00 3.867768e+01 1.987938e+01
      endloop
   endfacet
   facet normal -2.503418e-02 3.819366e-01 9.238494e-01
      outer loop
         vertex 7.708445e+00 3.867768e+01 1.987938e+01
         vertex 7.701412e+00 3.883872e+01 1.981262e+01
         vertex 7.403396e+00 3.881919e+01 1.981262e+01
      endloop
   endfacet
   facet normal -2.503194e-02 3.819407e-01 9.238478e-01
      outer loop
         vertex 7.708445e+00 3.867768e+01 1.987938e+01
         vertex 7.403396e+00 3.881919e+01 1.981262e+01
         vertex 7.417448e+00 3.865861e+01 1.987938e+01
      endloop
   endfacet
   facet normal -4.167079e-02 3.804847e-01 9.238479e-01
      outer loop
         vertex 7.417448e+00 3.865861e+01 1.987938e+01
         vertex 7.403396e+00 3.881919e+01 1.981262e+01
         vertex 7.106517e+00 3.878667e+01 1.981262e+01
      endloop
   endfacet
   facet normal -4.167063e-02 3.804850e-01 9.238478e-01
      outer loop
         vertex 7.417448e+00 3.865861e+01 1.987938e+01
         vertex 7.106517e+00 3.878667e+01 1.981262e+01
         vertex 7.127557e+00 3.862686e+01 1.987938e+01
      endloop
   endfacet
   facet normal -5.822564e-02 3.783055e-01 9.238478e-01
      outer loop
         vertex 7.127557e+00 3.862686e+01 1.987938e+01
         vertex 7.106517e+00 3.878667e+01 1.981262e+01
         vertex 6.811336e+00 3.874124e+01 1.981262e+01
      endloop
   endfacet
   facet normal -5.822636e-02 3.783039e-01 9.238484e-01
      outer loop
         vertex 7.127557e+00 3.862686e+01 1.987938e+01
         vertex 6.811336e+00 3.874124e+01 1.981262e+01
         vertex 6.839328e+00 3.858249e+01 1.987938e+01
      endloop
   endfacet
   facet normal -7.467350e-02 3.754038e-01 9.238484e-01
      outer loop
         vertex 6.839328e+00 3.858249e+01 1.987938e+01
         vertex 6.811336e+00 3.874124e+01 1.981262e+01
         vertex 6.518420e+00 3.868298e+01 1.981262e+01
      endloop
   endfacet
   facet normal -7.467250e-02 3.754063e-01 9.238474e-01
      outer loop
         vertex 6.839328e+00 3.858249e+01 1.987938e+01
         vertex 6.518420e+00 3.868298e+01 1.981262e+01
         vertex 6.553307e+00 3.852560e+01 1.987938e+01
      endloop
   endfacet
   facet normal -9.097734e-02 3.717918e-01 9.238474e-01
      outer loop
         vertex 6.553307e+00 3.852560e+01 1.987938e+01
         vertex 6.518420e+00 3.868298e+01 1.981262e+01
         vertex 6.228320e+00 3.861199e+01 1.981262e+01
      endloop
   endfacet
   facet normal -9.097741e-02 3.717916e-01 9.238475e-01
      outer loop
         vertex 6.553307e+00 3.852560e+01 1.987938e+01
         vertex 6.228320e+00 3.861199e+01 1.981262e+01
         vertex 6.270044e+00 3.845629e+01 1.987938e+01
      endloop
   endfacet
   facet normal -1.071060e-01 3.674697e-01 9.238476e-01
      outer loop
         vertex 6.270044e+00 3.845629e+01 1.987938e+01
         vertex 6.228320e+00 3.861199e+01 1.981262e+01
         vertex 5.941596e+00 3.852842e+01 1.981262e+01
      endloop
   endfacet
   facet normal -1.071064e-01 3.674685e-01 9.238480e-01
      outer loop
         vertex 6.270044e+00 3.845629e+01 1.987938e+01
         vertex 5.941596e+00 3.852842e+01 1.981262e+01
         vertex 5.990069e+00 3.837468e+01 1.987938e+01
      endloop
   endfacet
   facet normal -1.230354e-01 3.624460e-01 9.238480e-01
      outer loop
         vertex 5.990069e+00 3.837468e+01 1.987938e+01
         vertex 5.941596e+00 3.852842e+01 1.981262e+01
         vertex 5.658790e+00 3.843242e+01 1.981262e+01
      endloop
   endfacet
   facet normal -1.230346e-01 3.624492e-01 9.238469e-01
      outer loop
         vertex 5.990069e+00 3.837468e+01 1.987938e+01
         vertex 5.658790e+00 3.843242e+01 1.981262e+01
         vertex 5.713921e+00 3.828094e+01 1.987938e+01
      endloop
   endfacet
   facet normal -1.387271e-01 3.567378e-01 9.238468e-01
      outer loop
         vertex 5.713921e+00 3.828094e+01 1.987938e+01
         vertex 5.658790e+00 3.843242e+01 1.981262e+01
         vertex 5.380441e+00 3.832417e+01 1.981262e+01
      endloop
   endfacet
   facet normal -1.387278e-01 3.567343e-01 9.238481e-01
      outer loop
         vertex 5.713921e+00 3.828094e+01 1.987938e+01
         vertex 5.380441e+00 3.832417e+01 1.981262e+01
         vertex 5.442128e+00 3.817525e+01 1.987938e+01
      endloop
   endfacet
   facet normal -1.541534e-01 3.503448e-01 9.238481e-01
      outer loop
         vertex 5.442128e+00 3.817525e+01 1.987938e+01
         vertex 5.380441e+00 3.832417e+01 1.981262e+01
         vertex 5.107075e+00 3.820389e+01 1.981262e+01
      endloop
   endfacet
   facet normal -1.541538e-01 3.503421e-01 9.238490e-01
      outer loop
         vertex 5.442128e+00 3.817525e+01 1.987938e+01
         vertex 5.107075e+00 3.820389e+01 1.981262e+01
         vertex 5.175199e+00 3.805780e+01 1.987938e+01
      endloop
   endfacet
   facet normal -1.692905e-01 3.432838e-01 9.238490e-01
      outer loop
         vertex 5.175199e+00 3.805780e+01 1.987938e+01
         vertex 5.107075e+00 3.820389e+01 1.981262e+01
         vertex 4.839219e+00 3.807180e+01 1.981262e+01
      endloop
   endfacet
   facet normal -1.692904e-01 3.432846e-01 9.238487e-01
      outer loop
         vertex 5.175199e+00 3.805780e+01 1.987938e+01
         vertex 4.839219e+00 3.807180e+01 1.981262e+01
         vertex 4.913654e+00 3.792882e+01 1.987938e+01
      endloop
   endfacet
   facet normal -1.841011e-01 3.355744e-01 9.238488e-01
      outer loop
         vertex 4.913654e+00 3.792882e+01 1.987938e+01
         vertex 4.839219e+00 3.807180e+01 1.981262e+01
         vertex 4.577380e+00 3.792815e+01 1.981262e+01
      endloop
   endfacet
   facet normal -1.841014e-01 3.355708e-01 9.238501e-01
      outer loop
         vertex 4.913654e+00 3.792882e+01 1.987938e+01
         vertex 4.577380e+00 3.792815e+01 1.981262e+01
         vertex 4.657980e+00 3.778855e+01 1.987938e+01
      endloop
   endfacet
   facet normal -1.985632e-01 3.272211e-01 9.238501e-01
      outer loop
         vertex 4.657980e+00 3.778855e+01 1.987938e+01
         vertex 4.577380e+00 3.792815e+01 1.981262e+01
         vertex 4.322056e+00 3.777321e+01 1.981262e+01
      endloop
   endfacet
   facet normal -1.985631e-01 3.272265e-01 9.238482e-01
      outer loop
         vertex 4.657980e+00 3.778855e+01 1.987938e+01
         vertex 4.322056e+00 3.777321e+01 1.981262e+01
         vertex 4.408665e+00 3.763726e+01 1.987938e+01
      endloop
   endfacet
   facet normal -2.126492e-01 3.182529e-01 9.238482e-01
      outer loop
         vertex 4.408665e+00 3.763726e+01 1.987938e+01
         vertex 4.322056e+00 3.777321e+01 1.981262e+01
         vertex 4.073732e+00 3.760729e+01 1.981262e+01
      endloop
   endfacet
   facet normal -2.126492e-01 3.182526e-01 9.238483e-01
      outer loop
         vertex 4.408665e+00 3.763726e+01 1.987938e+01
         vertex 4.073732e+00 3.760729e+01 1.981262e+01
         vertex 4.166190e+00 3.747525e+01 1.987938e+01
      endloop
   endfacet
   facet normal -2.263313e-01 3.086724e-01 9.238482e-01
      outer loop
         vertex 4.166190e+00 3.747525e+01 1.987938e+01
         vertex 4.073732e+00 3.760729e+01 1.981262e+01
         vertex 3.832884e+00 3.743069e+01 1.981262e+01
      endloop
   endfacet
   facet normal -2.263315e-01 3.086761e-01 9.238469e-01
      outer loop
         vertex 4.166190e+00 3.747525e+01 1.987938e+01
         vertex 3.832884e+00 3.743069e+01 1.981262e+01
         vertex 3.931012e+00 3.730281e+01 1.987938e+01
      endloop
   endfacet
   facet normal -2.395775e-01 2.985123e-01 9.238469e-01
      outer loop
         vertex 3.931012e+00 3.730281e+01 1.987938e+01
         vertex 3.832884e+00 3.743069e+01 1.981262e+01
         vertex 3.599964e+00 3.724376e+01 1.981262e+01
      endloop
   endfacet
   facet normal -2.395770e-01 2.985074e-01 9.238486e-01
      outer loop
         vertex 3.931012e+00 3.730281e+01 1.987938e+01
         vertex 3.599964e+00 3.724376e+01 1.981262e+01
         vertex 3.703579e+00 3.712027e+01 1.987938e+01
      endloop
   endfacet
   facet normal -2.523707e-01 2.877723e-01 9.238486e-01
      outer loop
         vertex 3.703579e+00 3.712027e+01 1.987938e+01
         vertex 3.599964e+00 3.724376e+01 1.981262e+01
         vertex 3.375422e+00 3.704684e+01 1.981262e+01
      endloop
   endfacet
   facet normal -2.523703e-01 2.877702e-01 9.238493e-01
      outer loop
         vertex 3.703579e+00 3.712027e+01 1.987938e+01
         vertex 3.375422e+00 3.704684e+01 1.981262e+01
         vertex 3.484327e+00 3.692799e+01 1.987938e+01
      endloop
   endfacet
   facet normal -2.646829e-01 2.764875e-01 9.238493e-01
      outer loop
         vertex 3.484327e+00 3.692799e+01 1.987938e+01
         vertex 3.375422e+00 3.704684e+01 1.981262e+01
         vertex 3.159687e+00 3.684031e+01 1.981262e+01
      endloop
   endfacet
   facet normal -2.646838e-01 2.764920e-01 9.238478e-01
      outer loop
         vertex 3.484327e+00 3.692799e+01 1.987938e+01
         vertex 3.159687e+00 3.684031e+01 1.981262e+01
         vertex 3.273670e+00 3.672633e+01 1.987938e+01
      endloop
   endfacet
   facet normal -2.764902e-01 2.646856e-01 9.238478e-01
      outer loop
         vertex 3.273670e+00 3.672633e+01 1.987938e+01
         vertex 3.159687e+00 3.684031e+01 1.981262e+01
         vertex 2.953161e+00 3.662458e+01 1.981262e+01
      endloop
   endfacet
   facet normal -2.764891e-01 2.646810e-01 9.238494e-01
      outer loop
         vertex 3.273670e+00 3.672633e+01 1.987938e+01
         vertex 2.953161e+00 3.662458e+01 1.981262e+01
         vertex 3.072008e+00 3.651567e+01 1.987938e+01
      endloop
   endfacet
   facet normal -2.877707e-01 2.523693e-01 9.238494e-01
      outer loop
         vertex 3.072008e+00 3.651567e+01 1.987938e+01
         vertex 2.953161e+00 3.662458e+01 1.981262e+01
         vertex 2.756242e+00 3.640003e+01 1.981262e+01
      endloop
   endfacet
   facet normal -2.877704e-01 2.523684e-01 9.238497e-01
      outer loop
         vertex 3.072008e+00 3.651567e+01 1.987938e+01
         vertex 2.756242e+00 3.640003e+01 1.981262e+01
         vertex 2.879728e+00 3.629642e+01 1.987938e+01
      endloop
   endfacet
   facet normal -2.985058e-01 2.395743e-01 9.238498e-01
      outer loop
         vertex 2.879728e+00 3.629642e+01 1.987938e+01
         vertex 2.756242e+00 3.640003e+01 1.981262e+01
         vertex 2.569307e+00 3.616711e+01 1.981262e+01
      endloop
   endfacet
   facet normal -2.985076e-01 2.395796e-01 9.238478e-01
      outer loop
         vertex 2.879728e+00 3.629642e+01 1.987938e+01
         vertex 2.569307e+00 3.616711e+01 1.981262e+01
         vertex 2.697192e+00 3.606899e+01 1.987938e+01
      endloop
   endfacet
   facet normal -3.086751e-01 2.263291e-01 9.238478e-01
      outer loop
         vertex 2.697192e+00 3.606899e+01 1.987938e+01
         vertex 2.569307e+00 3.616711e+01 1.981262e+01
         vertex 2.392709e+00 3.592627e+01 1.981262e+01
      endloop
   endfacet
   facet normal -3.086760e-01 2.263314e-01 9.238470e-01
      outer loop
         vertex 2.697192e+00 3.606899e+01 1.987938e+01
         vertex 2.392709e+00 3.592627e+01 1.981262e+01
         vertex 2.524752e+00 3.583381e+01 1.987938e+01
      endloop
   endfacet
   facet normal -3.182545e-01 2.126519e-01 9.238470e-01
      outer loop
         vertex 2.524752e+00 3.583381e+01 1.987938e+01
         vertex 2.392709e+00 3.592627e+01 1.981262e+01
         vertex 2.226785e+00 3.567794e+01 1.981262e+01
      endloop
   endfacet
   facet normal -3.182537e-01 2.126499e-01 9.238477e-01
      outer loop
         vertex 2.524752e+00 3.583381e+01 1.987938e+01
         vertex 2.226785e+00 3.567794e+01 1.981262e+01
         vertex 2.362736e+00 3.559133e+01 1.987938e+01
      endloop
   endfacet
   facet normal -3.272267e-01 1.985652e-01 9.238477e-01
      outer loop
         vertex 2.362736e+00 3.559133e+01 1.987938e+01
         vertex 2.226785e+00 3.567794e+01 1.981262e+01
         vertex 2.071850e+00 3.542262e+01 1.981262e+01
      endloop
   endfacet
   facet normal -3.272252e-01 1.985620e-01 9.238489e-01
      outer loop
         vertex 2.362736e+00 3.559133e+01 1.987938e+01
         vertex 2.071850e+00 3.542262e+01 1.981262e+01
         vertex 2.211452e+00 3.534202e+01 1.987938e+01
      endloop
   endfacet
   facet normal -3.355731e-01 1.841028e-01 9.238489e-01
      outer loop
         vertex 2.211452e+00 3.534202e+01 1.987938e+01
         vertex 2.071850e+00 3.542262e+01 1.981262e+01
         vertex 1.928199e+00 3.516078e+01 1.981262e+01
      endloop
   endfacet
   facet normal -3.355730e-01 1.841026e-01 9.238490e-01
      outer loop
         vertex 2.211452e+00 3.534202e+01 1.987938e+01
         vertex 1.928199e+00 3.516078e+01 1.981262e+01
         vertex 2.071183e+00 3.508635e+01 1.987938e+01
      endloop
   endfacet
   facet normal -3.432849e-01 1.692881e-01 9.238490e-01
      outer loop
         vertex 2.071183e+00 3.508635e+01 1.987938e+01
         vertex 1.928199e+00 3.516078e+01 1.981262e+01
         vertex 1.796108e+00 3.489292e+01 1.981262e+01
      endloop
   endfacet
   facet normal -3.432849e-01 1.692882e-01 9.238490e-01
      outer loop
         vertex 2.071183e+00 3.508635e+01 1.987938e+01
         vertex 1.796108e+00 3.489292e+01 1.981262e+01
         vertex 1.942202e+00 3.482480e+01 1.987938e+01
      endloop
   endfacet
   facet normal -3.503421e-01 1.541538e-01 9.238490e-01
      outer loop
         vertex 1.942202e+00 3.482480e+01 1.987938e+01
         vertex 1.796108e+00 3.489292e+01 1.981262e+01
         vertex 1.675826e+00 3.461956e+01 1.981262e+01
      endloop
   endfacet
   facet normal -3.503431e-01 1.541554e-01 9.238484e-01
      outer loop
         vertex 1.942202e+00 3.482480e+01 1.987938e+01
         vertex 1.675826e+00 3.461956e+01 1.981262e+01
         vertex 1.824751e+00 3.455787e+01 1.987938e+01
      endloop
   endfacet
   facet normal -3.567335e-01 1.387278e-01 9.238484e-01
      outer loop
         vertex 1.824751e+00 3.455787e+01 1.987938e+01
         vertex 1.675826e+00 3.461956e+01 1.981262e+01
         vertex 1.567580e+00 3.434121e+01 1.981262e+01
      endloop
   endfacet
   facet normal -3.567352e-01 1.387302e-01 9.238474e-01
      outer loop
         vertex 1.824751e+00 3.455787e+01 1.987938e+01
         vertex 1.567580e+00 3.434121e+01 1.981262e+01
         vertex 1.719054e+00 3.428608e+01 1.987938e+01
      endloop
   endfacet
   facet normal -3.624476e-01 1.230356e-01 9.238474e-01
      outer loop
         vertex 1.719054e+00 3.428608e+01 1.987938e+01
         vertex 1.567580e+00 3.434121e+01 1.981262e+01
         vertex 1.471579e+00 3.405840e+01 1.981262e+01
      endloop
   endfacet
   facet normal -3.624464e-01 1.230341e-01 9.238480e-01
      outer loop
         vertex 1.719054e+00 3.428608e+01 1.987938e+01
         vertex 1.471579e+00 3.405840e+01 1.981262e+01
         vertex 1.625314e+00 3.400993e+01 1.987938e+01
      endloop
   endfacet
   facet normal -3.674695e-01 1.071033e-01 9.238480e-01
      outer loop
         vertex 1.625314e+00 3.400993e+01 1.987938e+01
         vertex 1.471579e+00 3.405840e+01 1.981262e+01
         vertex 1.388010e+00 3.377168e+01 1.981262e+01
      endloop
   endfacet
   facet normal -3.674715e-01 1.071055e-01 9.238469e-01
      outer loop
         vertex 1.625314e+00 3.400993e+01 1.987938e+01
         vertex 1.388010e+00 3.377168e+01 1.981262e+01
         vertex 1.543712e+00 3.372996e+01 1.987938e+01
      endloop
   endfacet
   facet normal -3.717921e-01 9.098069e-02 9.238469e-01
      outer loop
         vertex 1.543712e+00 3.372996e+01 1.987938e+01
         vertex 1.388010e+00 3.377168e+01 1.981262e+01
         vertex 1.317021e+00 3.348158e+01 1.981262e+01
      endloop
   endfacet
   facet normal -3.717905e-01 9.097899e-02 9.238477e-01
      outer loop
         vertex 1.543712e+00 3.372996e+01 1.987938e+01
         vertex 1.317021e+00 3.348158e+01 1.981262e+01
         vertex 1.474395e+00 3.344669e+01 1.987938e+01
      endloop
   endfacet
   facet normal -3.754059e-01 7.467106e-02 9.238477e-01
      outer loop
         vertex 1.474395e+00 3.344669e+01 1.987938e+01
         vertex 1.317021e+00 3.348158e+01 1.981262e+01
         vertex 1.258757e+00 3.318866e+01 1.981262e+01
      endloop
   endfacet
   facet normal -3.754077e-01 7.467277e-02 9.238469e-01
      outer loop
         vertex 1.474395e+00 3.344669e+01 1.987938e+01
         vertex 1.258757e+00 3.318866e+01 1.981262e+01
         vertex 1.417503e+00 3.316067e+01 1.987938e+01
      endloop
   endfacet
   facet normal -3.783073e-01 5.822849e-02 9.238469e-01
      outer loop
         vertex 1.417503e+00 3.316067e+01 1.987938e+01
         vertex 1.258757e+00 3.318866e+01 1.981262e+01
         vertex 1.213323e+00 3.289348e+01 1.981262e+01
      endloop
   endfacet
   facet normal -3.783020e-01 5.822382e-02 9.238493e-01
      outer loop
         vertex 1.417503e+00 3.316067e+01 1.987938e+01
         vertex 1.213323e+00 3.289348e+01 1.981262e+01
         vertex 1.373142e+00 3.287244e+01 1.987938e+01
      endloop
   endfacet
   facet normal -3.804813e-01 4.167016e-02 9.238493e-01
      outer loop
         vertex 1.373142e+00 3.287244e+01 1.987938e+01
         vertex 1.213323e+00 3.289348e+01 1.981262e+01
         vertex 1.180809e+00 3.259660e+01 1.981262e+01
      endloop
   endfacet
   facet normal -3.804851e-01 4.167322e-02 9.238476e-01
      outer loop
         vertex 1.373142e+00 3.287244e+01 1.987938e+01
         vertex 1.180809e+00 3.259660e+01 1.981262e+01
         vertex 1.341391e+00 3.258255e+01 1.987938e+01
      endloop
   endfacet
   facet normal -3.819410e-01 2.503201e-02 9.238476e-01
      outer loop
         vertex 1.341391e+00 3.258255e+01 1.987938e+01
         vertex 1.180809e+00 3.259660e+01 1.981262e+01
         vertex 1.161277e+00 3.229858e+01 1.981262e+01
      endloop
   endfacet
   facet normal -3.819371e-01 2.502910e-02 9.238493e-01
      outer loop
         vertex 1.341391e+00 3.258255e+01 1.987938e+01
         vertex 1.161277e+00 3.229858e+01 1.981262e+01
         vertex 1.322322e+00 3.229155e+01 1.987938e+01
      endloop
   endfacet
   facet normal -3.825262e-01 1.173381e-02 9.238701e-01
      outer loop
         vertex 1.322322e+00 3.229155e+01 1.987938e+01
         vertex 1.161277e+00 3.229858e+01 1.981262e+01
         vertex 1.290791e+00 3.200000e+01 1.987003e+01
      endloop
   endfacet
   facet normal -3.483141e-01 7.601530e-03 9.373471e-01
      outer loop
         vertex 1.322322e+00 3.229155e+01 1.987938e+01
         vertex 1.290791e+00 3.200000e+01 1.987003e+01
         vertex 1.315959e+00 3.200000e+01 1.987938e+01
      endloop
   endfacet
   facet normal -3.007068e-01 6.562560e-03 9.536941e-01
      outer loop
         vertex 1.315959e+00 3.200000e+01 1.987938e+01
         vertex 1.488563e+00 3.228430e+01 1.993185e+01
         vertex 1.322322e+00 3.229155e+01 1.987938e+01
      endloop
   endfacet
   facet normal -3.001344e-01 1.967416e-02 9.536940e-01
      outer loop
         vertex 1.322322e+00 3.229155e+01 1.987938e+01
         vertex 1.488563e+00 3.228430e+01 1.993185e+01
         vertex 1.507163e+00 3.256805e+01 1.993185e+01
      endloop
   endfacet
   facet normal -3.001257e-01 1.966784e-02 9.536969e-01
      outer loop
         vertex 1.322322e+00 3.229155e+01 1.987938e+01
         vertex 1.507163e+00 3.256805e+01 1.993185e+01
         vertex 1.341391e+00 3.258255e+01 1.987938e+01
      endloop
   endfacet
   facet normal -2.989818e-01 3.274321e-02 9.536969e-01
      outer loop
         vertex 1.341391e+00 3.258255e+01 1.987938e+01
         vertex 1.507163e+00 3.256805e+01 1.993185e+01
         vertex 1.538120e+00 3.285072e+01 1.993185e+01
      endloop
   endfacet
   facet normal -2.989864e-01 3.274695e-02 9.536953e-01
      outer loop
         vertex 1.341391e+00 3.258255e+01 1.987938e+01
         vertex 1.538120e+00 3.285072e+01 1.993185e+01
         vertex 1.373142e+00 3.287244e+01 1.987938e+01
      endloop
   endfacet
   facet normal -2.972739e-01 4.575460e-02 9.536953e-01
      outer loop
         vertex 1.373142e+00 3.287244e+01 1.987938e+01
         vertex 1.538120e+00 3.285072e+01 1.993185e+01
         vertex 1.581378e+00 3.313178e+01 1.993185e+01
      endloop
   endfacet
   facet normal -2.972716e-01 4.575256e-02 9.536961e-01
      outer loop
         vertex 1.373142e+00 3.287244e+01 1.987938e+01
         vertex 1.581378e+00 3.313178e+01 1.993185e+01
         vertex 1.417503e+00 3.316067e+01 1.987938e+01
      endloop
   endfacet
   facet normal -2.949925e-01 5.867815e-02 9.536961e-01
      outer loop
         vertex 1.417503e+00 3.316067e+01 1.987938e+01
         vertex 1.581378e+00 3.313178e+01 1.993185e+01
         vertex 1.636855e+00 3.341067e+01 1.993185e+01
      endloop
   endfacet
   facet normal -2.949913e-01 5.867707e-02 9.536966e-01
      outer loop
         vertex 1.417503e+00 3.316067e+01 1.987938e+01
         vertex 1.636855e+00 3.341067e+01 1.993185e+01
         vertex 1.474395e+00 3.344669e+01 1.987938e+01
      endloop
   endfacet
   facet normal -2.921513e-01 7.148783e-02 9.536966e-01
      outer loop
         vertex 1.474395e+00 3.344669e+01 1.987938e+01
         vertex 1.636855e+00 3.341067e+01 1.993185e+01
         vertex 1.704443e+00 3.368689e+01 1.993185e+01
      endloop
   endfacet
   facet normal -2.921551e-01 7.149181e-02 9.536951e-01
      outer loop
         vertex 1.474395e+00 3.344669e+01 1.987938e+01
         vertex 1.704443e+00 3.368689e+01 1.993185e+01
         vertex 1.543712e+00 3.372996e+01 1.987938e+01
      endloop
   endfacet
   facet normal -2.887593e-01 8.416492e-02 9.536951e-01
      outer loop
         vertex 1.543712e+00 3.372996e+01 1.987938e+01
         vertex 1.704443e+00 3.368689e+01 1.993185e+01
         vertex 1.784015e+00 3.395989e+01 1.993185e+01
      endloop
   endfacet
   facet normal -2.887578e-01 8.416315e-02 9.536957e-01
      outer loop
         vertex 1.543712e+00 3.372996e+01 1.987938e+01
         vertex 1.784015e+00 3.395989e+01 1.993185e+01
         vertex 1.625314e+00 3.400993e+01 1.987938e+01
      endloop
   endfacet
   facet normal -2.848106e-01 9.668207e-02 9.536957e-01
      outer loop
         vertex 1.625314e+00 3.400993e+01 1.987938e+01
         vertex 1.784015e+00 3.395989e+01 1.993185e+01
         vertex 1.875423e+00 3.422916e+01 1.993185e+01
      endloop
   endfacet
   facet normal -2.848086e-01 9.667956e-02 9.536966e-01
      outer loop
         vertex 1.625314e+00 3.400993e+01 1.987938e+01
         vertex 1.875423e+00 3.422916e+01 1.993185e+01
         vertex 1.719054e+00 3.428608e+01 1.987938e+01
      endloop
   endfacet
   facet normal -2.803205e-01 1.090107e-01 9.536965e-01
      outer loop
         vertex 1.719054e+00 3.428608e+01 1.987938e+01
         vertex 1.875423e+00 3.422916e+01 1.993185e+01
         vertex 1.978487e+00 3.449419e+01 1.993185e+01
      endloop
   endfacet
   facet normal -2.803232e-01 1.090144e-01 9.536953e-01
      outer loop
         vertex 1.719054e+00 3.428608e+01 1.987938e+01
         vertex 1.978487e+00 3.449419e+01 1.993185e+01
         vertex 1.824751e+00 3.455787e+01 1.987938e+01
      endloop
   endfacet
   facet normal -2.753023e-01 1.211360e-01 9.536953e-01
      outer loop
         vertex 1.824751e+00 3.455787e+01 1.987938e+01
         vertex 1.978487e+00 3.449419e+01 1.993185e+01
         vertex 2.093013e+00 3.475447e+01 1.993185e+01
      endloop
   endfacet
   facet normal -2.753028e-01 1.211367e-01 9.536951e-01
      outer loop
         vertex 1.824751e+00 3.455787e+01 1.987938e+01
         vertex 2.093013e+00 3.475447e+01 1.993185e+01
         vertex 1.942202e+00 3.482480e+01 1.987938e+01
      endloop
   endfacet
   facet normal -2.697575e-01 1.330288e-01 9.536951e-01
      outer loop
         vertex 1.942202e+00 3.482480e+01 1.987938e+01
         vertex 2.093013e+00 3.475447e+01 1.993185e+01
         vertex 2.218783e+00 3.500951e+01 1.993185e+01
      endloop
   endfacet
   facet normal -2.697574e-01 1.330287e-01 9.536951e-01
      outer loop
         vertex 1.942202e+00 3.482480e+01 1.987938e+01
         vertex 2.218783e+00 3.500951e+01 1.993185e+01
         vertex 2.071183e+00 3.508635e+01 1.987938e+01
      endloop
   endfacet
   facet normal -2.636981e-01 1.446684e-01 9.536951e-01
      outer loop
         vertex 2.071183e+00 3.508635e+01 1.987938e+01
         vertex 2.218783e+00 3.500951e+01 1.993185e+01
         vertex 2.355557e+00 3.525882e+01 1.993185e+01
      endloop
   endfacet
   facet normal -2.636998e-01 1.446714e-01 9.536942e-01
      outer loop
         vertex 2.071183e+00 3.508635e+01 1.987938e+01
         vertex 2.355557e+00 3.525882e+01 1.993185e+01
         vertex 2.211452e+00 3.534202e+01 1.987938e+01
      endloop
   endfacet
   facet normal -2.571381e-01 1.560365e-01 9.536942e-01
      outer loop
         vertex 2.211452e+00 3.534202e+01 1.987938e+01
         vertex 2.355557e+00 3.525882e+01 1.993185e+01
         vertex 2.503078e+00 3.550192e+01 1.993185e+01
      endloop
   endfacet
   facet normal -2.571354e-01 1.560312e-01 9.536958e-01
      outer loop
         vertex 2.211452e+00 3.534202e+01 1.987938e+01
         vertex 2.503078e+00 3.550192e+01 1.993185e+01
         vertex 2.362736e+00 3.559133e+01 1.987938e+01
      endloop
   endfacet
   facet normal -2.500844e-01 1.670992e-01 9.536958e-01
      outer loop
         vertex 2.362736e+00 3.559133e+01 1.987938e+01
         vertex 2.503078e+00 3.550192e+01 1.993185e+01
         vertex 2.661061e+00 3.573836e+01 1.993185e+01
      endloop
   endfacet
   facet normal -2.500853e-01 1.671014e-01 9.536952e-01
      outer loop
         vertex 2.362736e+00 3.559133e+01 1.987938e+01
         vertex 2.661061e+00 3.573836e+01 1.993185e+01
         vertex 2.524752e+00 3.583381e+01 1.987938e+01
      endloop
   endfacet
   facet normal -2.425575e-01 1.778523e-01 9.536951e-01
      outer loop
         vertex 2.524752e+00 3.583381e+01 1.987938e+01
         vertex 2.661061e+00 3.573836e+01 1.993185e+01
         vertex 2.829209e+00 3.596769e+01 1.993185e+01
      endloop
   endfacet
   facet normal -2.425569e-01 1.778507e-01 9.536956e-01
      outer loop
         vertex 2.524752e+00 3.583381e+01 1.987938e+01
         vertex 2.829209e+00 3.596769e+01 1.993185e+01
         vertex 2.697192e+00 3.606899e+01 1.987938e+01
      endloop
   endfacet
   facet normal -2.345681e-01 1.882621e-01 9.536955e-01
      outer loop
         vertex 2.697192e+00 3.606899e+01 1.987938e+01
         vertex 2.829209e+00 3.596769e+01 1.993185e+01
         vertex 3.007200e+00 3.618946e+01 1.993185e+01
      endloop
   endfacet
   facet normal -2.345682e-01 1.882624e-01 9.536954e-01
      outer loop
         vertex 2.697192e+00 3.606899e+01 1.987938e+01
         vertex 3.007200e+00 3.618946e+01 1.993185e+01
         vertex 2.879728e+00 3.629642e+01 1.987938e+01
      endloop
   endfacet
   facet normal -2.261333e-01 1.983149e-01 9.536954e-01
      outer loop
         vertex 2.879728e+00 3.629642e+01 1.987938e+01
         vertex 3.007200e+00 3.618946e+01 1.993185e+01
         vertex 3.194693e+00 3.640325e+01 1.993185e+01
      endloop
   endfacet
   facet normal -2.261330e-01 1.983137e-01 9.536957e-01
      outer loop
         vertex 2.879728e+00 3.629642e+01 1.987938e+01
         vertex 3.194693e+00 3.640325e+01 1.993185e+01
         vertex 3.072008e+00 3.651567e+01 1.987938e+01
      endloop
   endfacet
   facet normal -2.172687e-01 2.079874e-01 9.536957e-01
      outer loop
         vertex 3.072008e+00 3.651567e+01 1.987938e+01
         vertex 3.194693e+00 3.640325e+01 1.993185e+01
         vertex 3.391333e+00 3.660867e+01 1.993185e+01
      endloop
   endfacet
   facet normal -2.172695e-01 2.079905e-01 9.536949e-01
      outer loop
         vertex 3.072008e+00 3.651567e+01 1.987938e+01
         vertex 3.391333e+00 3.660867e+01 1.993185e+01
         vertex 3.273670e+00 3.672633e+01 1.987938e+01
      endloop
   endfacet
   facet normal -2.079903e-01 2.172698e-01 9.536949e-01
      outer loop
         vertex 3.273670e+00 3.672633e+01 1.987938e+01
         vertex 3.391333e+00 3.660867e+01 1.993185e+01
         vertex 3.596745e+00 3.680531e+01 1.993185e+01
      endloop
   endfacet
   facet normal -2.079901e-01 2.172691e-01 9.536950e-01
      outer loop
         vertex 3.273670e+00 3.672633e+01 1.987938e+01
         vertex 3.596745e+00 3.680531e+01 1.993185e+01
         vertex 3.484327e+00 3.692799e+01 1.987938e+01
      endloop
   endfacet
   facet normal -1.983155e-01 2.261341e-01 9.536951e-01
      outer loop
         vertex 3.484327e+00 3.692799e+01 1.987938e+01
         vertex 3.596745e+00 3.680531e+01 1.993185e+01
         vertex 3.810540e+00 3.699280e+01 1.993185e+01
      endloop
   endfacet
   facet normal -1.983154e-01 2.261329e-01 9.536954e-01
      outer loop
         vertex 3.484327e+00 3.692799e+01 1.987938e+01
         vertex 3.810540e+00 3.699280e+01 1.993185e+01
         vertex 3.703579e+00 3.712027e+01 1.987938e+01
      endloop
   endfacet
   facet normal -1.882604e-01 2.345699e-01 9.536954e-01
      outer loop
         vertex 3.703579e+00 3.712027e+01 1.987938e+01
         vertex 3.810540e+00 3.699280e+01 1.993185e+01
         vertex 4.032314e+00 3.717079e+01 1.993185e+01
      endloop
   endfacet
   facet normal -1.882601e-01 2.345678e-01 9.536960e-01
      outer loop
         vertex 3.703579e+00 3.712027e+01 1.987938e+01
         vertex 4.032314e+00 3.717079e+01 1.993185e+01
         vertex 3.931012e+00 3.730281e+01 1.987938e+01
      endloop
   endfacet
   facet normal -1.778504e-01 2.425557e-01 9.536959e-01
      outer loop
         vertex 3.931012e+00 3.730281e+01 1.987938e+01
         vertex 4.032314e+00 3.717079e+01 1.993185e+01
         vertex 4.261635e+00 3.733894e+01 1.993185e+01
      endloop
   endfacet
   facet normal -1.778505e-01 2.425565e-01 9.536957e-01
      outer loop
         vertex 3.931012e+00 3.730281e+01 1.987938e+01
         vertex 4.261635e+00 3.733894e+01 1.993185e+01
         vertex 4.166190e+00 3.747525e+01 1.987938e+01
      endloop
   endfacet
   facet normal -1.671003e-01 2.500840e-01 9.536957e-01
      outer loop
         vertex 4.166190e+00 3.747525e+01 1.987938e+01
         vertex 4.261635e+00 3.733894e+01 1.993185e+01
         vertex 4.498076e+00 3.749692e+01 1.993185e+01
      endloop
   endfacet
   facet normal -1.671003e-01 2.500837e-01 9.536958e-01
      outer loop
         vertex 4.166190e+00 3.747525e+01 1.987938e+01
         vertex 4.498076e+00 3.749692e+01 1.993185e+01
         vertex 4.408665e+00 3.763726e+01 1.987938e+01
      endloop
   endfacet
   facet normal -1.560330e-01 2.571346e-01 9.536957e-01
      outer loop
         vertex 4.408665e+00 3.763726e+01 1.987938e+01
         vertex 4.498076e+00 3.749692e+01 1.993185e+01
         vertex 4.741181e+00 3.764444e+01 1.993185e+01
      endloop
   endfacet
   facet normal -1.560329e-01 2.571380e-01 9.536948e-01
      outer loop
         vertex 4.408665e+00 3.763726e+01 1.987938e+01
         vertex 4.741181e+00 3.764444e+01 1.993185e+01
         vertex 4.657980e+00 3.778855e+01 1.987938e+01
      endloop
   endfacet
   facet normal -1.446693e-01 2.636988e-01 9.536948e-01
      outer loop
         vertex 4.657980e+00 3.778855e+01 1.987938e+01
         vertex 4.741181e+00 3.764444e+01 1.993185e+01
         vertex 4.990488e+00 3.778121e+01 1.993185e+01
      endloop
   endfacet
   facet normal -1.446694e-01 2.636962e-01 9.536955e-01
      outer loop
         vertex 4.657980e+00 3.778855e+01 1.987938e+01
         vertex 4.990488e+00 3.778121e+01 1.993185e+01
         vertex 4.913654e+00 3.792882e+01 1.987938e+01
      endloop
   endfacet
   facet normal -1.330297e-01 2.697553e-01 9.536955e-01
      outer loop
         vertex 4.913654e+00 3.792882e+01 1.987938e+01
         vertex 4.990488e+00 3.778121e+01 1.993185e+01
         vertex 5.245525e+00 3.790699e+01 1.993185e+01
      endloop
   endfacet
   facet normal -1.330297e-01 2.697555e-01 9.536955e-01
      outer loop
         vertex 4.913654e+00 3.792882e+01 1.987938e+01
         vertex 5.245525e+00 3.790699e+01 1.993185e+01
         vertex 5.175199e+00 3.805780e+01 1.987938e+01
      endloop
   endfacet
   facet normal -1.211354e-01 2.753020e-01 9.536954e-01
      outer loop
         vertex 5.175199e+00 3.805780e+01 1.987938e+01
         vertex 5.245525e+00 3.790699e+01 1.993185e+01
         vertex 5.505808e+00 3.802151e+01 1.993185e+01
      endloop
   endfacet
   facet normal -1.211354e-01 2.753019e-01 9.536955e-01
      outer loop
         vertex 5.175199e+00 3.805780e+01 1.987938e+01
         vertex 5.505808e+00 3.802151e+01 1.993185e+01
         vertex 5.442128e+00 3.817525e+01 1.987938e+01
      endloop
   endfacet
   facet normal -1.090119e-01 2.803237e-01 9.536955e-01
      outer loop
         vertex 5.442128e+00 3.817525e+01 1.987938e+01
         vertex 5.505808e+00 3.802151e+01 1.993185e+01
         vertex 5.770836e+00 3.812458e+01 1.993185e+01
      endloop
   endfacet
   facet normal -1.090123e-01 2.803217e-01 9.536960e-01
      outer loop
         vertex 5.442128e+00 3.817525e+01 1.987938e+01
         vertex 5.770836e+00 3.812458e+01 1.993185e+01
         vertex 5.713921e+00 3.828094e+01 1.987938e+01
      endloop
   endfacet
   facet normal -9.668035e-02 2.848103e-01 9.536960e-01
      outer loop
         vertex 5.713921e+00 3.828094e+01 1.987938e+01
         vertex 5.770836e+00 3.812458e+01 1.993185e+01
         vertex 6.040107e+00 3.821598e+01 1.993185e+01
      endloop
   endfacet
   facet normal -9.668013e-02 2.848112e-01 9.536957e-01
      outer loop
         vertex 5.713921e+00 3.828094e+01 1.987938e+01
         vertex 6.040107e+00 3.821598e+01 1.993185e+01
         vertex 5.990069e+00 3.837468e+01 1.987938e+01
      endloop
   endfacet
   facet normal -8.416383e-02 2.887576e-01 9.536957e-01
      outer loop
         vertex 5.990069e+00 3.837468e+01 1.987938e+01
         vertex 6.040107e+00 3.821598e+01 1.993185e+01
         vertex 6.313112e+00 3.829555e+01 1.993185e+01
      endloop
   endfacet
   facet normal -8.416414e-02 2.887565e-01 9.536960e-01
      outer loop
         vertex 5.990069e+00 3.837468e+01 1.987938e+01
         vertex 6.313112e+00 3.829555e+01 1.993185e+01
         vertex 6.270044e+00 3.845629e+01 1.987938e+01
      endloop
   endfacet
   facet normal -7.149055e-02 2.921524e-01 9.536960e-01
      outer loop
         vertex 6.270044e+00 3.845629e+01 1.987938e+01
         vertex 6.313112e+00 3.829555e+01 1.993185e+01
         vertex 6.589323e+00 3.836314e+01 1.993185e+01
      endloop
   endfacet
   facet normal -7.149005e-02 2.921538e-01 9.536956e-01
      outer loop
         vertex 6.270044e+00 3.845629e+01 1.987938e+01
         vertex 6.589323e+00 3.836314e+01 1.993185e+01
         vertex 6.553307e+00 3.852560e+01 1.987938e+01
      endloop
   endfacet
   facet normal -5.867885e-02 2.949940e-01 9.536956e-01
      outer loop
         vertex 6.553307e+00 3.852560e+01 1.987938e+01
         vertex 6.589323e+00 3.836314e+01 1.993185e+01
         vertex 6.868221e+00 3.841862e+01 1.993185e+01
      endloop
   endfacet
   facet normal -5.867802e-02 2.949962e-01 9.536950e-01
      outer loop
         vertex 6.553307e+00 3.852560e+01 1.987938e+01
         vertex 6.868221e+00 3.841862e+01 1.993185e+01
         vertex 6.839328e+00 3.858249e+01 1.987938e+01
      endloop
   endfacet
   facet normal -4.575458e-02 2.972748e-01 9.536950e-01
      outer loop
         vertex 6.839328e+00 3.858249e+01 1.987938e+01
         vertex 6.868221e+00 3.841862e+01 1.993185e+01
         vertex 7.149275e+00 3.846188e+01 1.993185e+01
      endloop
   endfacet
   facet normal -4.575476e-02 2.972744e-01 9.536952e-01
      outer loop
         vertex 6.839328e+00 3.858249e+01 1.987938e+01
         vertex 7.149275e+00 3.846188e+01 1.993185e+01
         vertex 7.127557e+00 3.862686e+01 1.987938e+01
      endloop
   endfacet
   facet normal -3.274359e-02 2.989872e-01 9.536952e-01
      outer loop
         vertex 7.127557e+00 3.862686e+01 1.987938e+01
         vertex 7.149275e+00 3.846188e+01 1.993185e+01
         vertex 7.431950e+00 3.849284e+01 1.993185e+01
      endloop
   endfacet
   facet normal -3.274475e-02 2.989849e-01 9.536959e-01
      outer loop
         vertex 7.127557e+00 3.862686e+01 1.987938e+01
         vertex 7.431950e+00 3.849284e+01 1.993185e+01
         vertex 7.417448e+00 3.865861e+01 1.987938e+01
      endloop
   endfacet
   facet normal -1.967194e-02 3.001285e-01 9.536959e-01
      outer loop
         vertex 7.417448e+00 3.865861e+01 1.987938e+01
         vertex 7.431950e+00 3.849284e+01 1.993185e+01
         vertex 7.715702e+00 3.851143e+01 1.993185e+01
      endloop
   endfacet
   facet normal -1.967027e-02 3.001316e-01 9.536950e-01
      outer loop
         vertex 7.417448e+00 3.865861e+01 1.987938e+01
         vertex 7.715702e+00 3.851143e+01 1.993185e+01
         vertex 7.708445e+00 3.867768e+01 1.987938e+01
      endloop
   endfacet
   facet normal -6.560597e-03 3.007039e-01 9.536950e-01
      outer loop
         vertex 7.708445e+00 3.867768e+01 1.987938e+01
         vertex 7.715702e+00 3.851143e+01 1.993185e+01
         vertex 7.999998e+00 3.851764e+01 1.993185e+01
      endloop
   endfacet
   facet normal -6.562449e-03 3.007008e-01 9.536959e-01
      outer loop
         vertex 7.708445e+00 3.867768e+01 1.987938e+01
         vertex 7.999998e+00 3.851764e+01 1.993185e+01
         vertex 7.999998e+00 3.868404e+01 1.987938e+01
      endloop
   endfacet
   facet normal -3.211455e-03 1.471488e-01 9.891092e-01
      outer loop
         vertex 7.999998e+00 3.824107e+01 1.998542e+01
         vertex 7.999998e+00 3.834730e+01 1.996962e+01
         vertex 7.723134e+00 3.834125e+01 1.996962e+01
      endloop
   endfacet
   facet normal -4.508882e-03 2.065968e-01 9.784158e-01
      outer loop
         vertex 7.723134e+00 3.834125e+01 1.996962e+01
         vertex 7.999998e+00 3.834730e+01 1.996962e+01
         vertex 7.999998e+00 3.847863e+01 1.994188e+01
      endloop
   endfacet
   facet normal -9.499318e-03 2.162266e-01 9.762970e-01
      outer loop
         vertex 7.999998e+00 3.847863e+01 1.994188e+01
         vertex 7.715702e+00 3.851143e+01 1.993185e+01
         vertex 7.723134e+00 3.834125e+01 1.996962e+01
      endloop
   endfacet
   facet normal -1.415908e-02 2.160207e-01 9.762861e-01
      outer loop
         vertex 7.723134e+00 3.834125e+01 1.996962e+01
         vertex 7.715702e+00 3.851143e+01 1.993185e+01
         vertex 7.431950e+00 3.849284e+01 1.993185e+01
      endloop
   endfacet
   facet normal -1.415891e-02 2.160210e-01 9.762861e-01
      outer loop
         vertex 7.723134e+00 3.834125e+01 1.996962e+01
         vertex 7.431950e+00 3.849284e+01 1.993185e+01
         vertex 7.446796e+00 3.832314e+01 1.996962e+01
      endloop
   endfacet
   facet normal -2.356740e-02 2.151979e-01 9.762860e-01
      outer loop
         vertex 7.446796e+00 3.832314e+01 1.996962e+01
         vertex 7.431950e+00 3.849284e+01 1.993185e+01
         vertex 7.149275e+00 3.846188e+01 1.993185e+01
      endloop
   endfacet
   facet normal -2.356688e-02 2.151990e-01 9.762858e-01
      outer loop
         vertex 7.446796e+00 3.832314e+01 1.996962e+01
         vertex 7.149275e+00 3.846188e+01 1.993185e+01
         vertex 7.171512e+00 3.829299e+01 1.996962e+01
      endloop
   endfacet
   facet normal -3.293223e-02 2.139659e-01 9.762859e-01
      outer loop
         vertex 7.171512e+00 3.829299e+01 1.996962e+01
         vertex 7.149275e+00 3.846188e+01 1.993185e+01
         vertex 6.868221e+00 3.841862e+01 1.993185e+01
      endloop
   endfacet
   facet normal -3.293335e-02 2.139634e-01 9.762864e-01
      outer loop
         vertex 7.171512e+00 3.829299e+01 1.996962e+01
         vertex 6.868221e+00 3.841862e+01 1.993185e+01
         vertex 6.897803e+00 3.825087e+01 1.996962e+01
      endloop
   endfacet
   facet normal -4.223435e-02 2.123232e-01 9.762864e-01
      outer loop
         vertex 6.897803e+00 3.825087e+01 1.996962e+01
         vertex 6.868221e+00 3.841862e+01 1.993185e+01
         vertex 6.589323e+00 3.836314e+01 1.993185e+01
      endloop
   endfacet
   facet normal -4.223354e-02 2.123253e-01 9.762860e-01
      outer loop
         vertex 6.897803e+00 3.825087e+01 1.996962e+01
         vertex 6.589323e+00 3.836314e+01 1.993185e+01
         vertex 6.626192e+00 3.819684e+01 1.996962e+01
      endloop
   endfacet
   facet normal -5.145629e-02 2.102806e-01 9.762860e-01
      outer loop
         vertex 6.626192e+00 3.819684e+01 1.996962e+01
         vertex 6.589323e+00 3.836314e+01 1.993185e+01
         vertex 6.313112e+00 3.829555e+01 1.993185e+01
      endloop
   endfacet
   facet normal -5.145543e-02 2.102832e-01 9.762855e-01
      outer loop
         vertex 6.626192e+00 3.819684e+01 1.996962e+01
         vertex 6.313112e+00 3.829555e+01 1.993185e+01
         vertex 6.357197e+00 3.813102e+01 1.996962e+01
      endloop
   endfacet
   facet normal -6.057852e-02 2.078388e-01 9.762855e-01
      outer loop
         vertex 6.357197e+00 3.813102e+01 1.996962e+01
         vertex 6.313112e+00 3.829555e+01 1.993185e+01
         vertex 6.040107e+00 3.821598e+01 1.993185e+01
      endloop
   endfacet
   facet normal -6.057918e-02 2.078365e-01 9.762859e-01
      outer loop
         vertex 6.357197e+00 3.813102e+01 1.996962e+01
         vertex 6.040107e+00 3.821598e+01 1.993185e+01
         vertex 6.091330e+00 3.805352e+01 1.996962e+01
      endloop
   endfacet
   facet normal -6.958707e-02 2.049963e-01 9.762859e-01
      outer loop
         vertex 6.091330e+00 3.805352e+01 1.996962e+01
         vertex 6.040107e+00 3.821598e+01 1.993185e+01
         vertex 5.770836e+00 3.812458e+01 1.993185e+01
      endloop
   endfacet
   facet normal -6.958674e-02 2.049977e-01 9.762856e-01
      outer loop
         vertex 6.091330e+00 3.805352e+01 1.996962e+01
         vertex 5.770836e+00 3.812458e+01 1.993185e+01
         vertex 5.829096e+00 3.796451e+01 1.996962e+01
      endloop
   endfacet
   facet normal -7.846291e-02 2.017670e-01 9.762856e-01
      outer loop
         vertex 5.829096e+00 3.796451e+01 1.996962e+01
         vertex 5.770836e+00 3.812458e+01 1.993185e+01
         vertex 5.505808e+00 3.802151e+01 1.993185e+01
      endloop
   endfacet
   facet normal -7.846284e-02 2.017674e-01 9.762856e-01
      outer loop
         vertex 5.829096e+00 3.796451e+01 1.996962e+01
         vertex 5.505808e+00 3.802151e+01 1.993185e+01
         vertex 5.570993e+00 3.786414e+01 1.996962e+01
      endloop
   endfacet
   facet normal -8.718911e-02 1.981530e-01 9.762855e-01
      outer loop
         vertex 5.570993e+00 3.786414e+01 1.996962e+01
         vertex 5.505808e+00 3.802151e+01 1.993185e+01
         vertex 5.245525e+00 3.790699e+01 1.993185e+01
      endloop
   endfacet
   facet normal -8.718941e-02 1.981510e-01 9.762859e-01
      outer loop
         vertex 5.570993e+00 3.786414e+01 1.996962e+01
         vertex 5.245525e+00 3.790699e+01 1.993185e+01
         vertex 5.317517e+00 3.775260e+01 1.996962e+01
      endloop
   endfacet
   facet normal -9.574952e-02 1.941593e-01 9.762859e-01
      outer loop
         vertex 5.317517e+00 3.775260e+01 1.996962e+01
         vertex 5.245525e+00 3.790699e+01 1.993185e+01
         vertex 4.990488e+00 3.778121e+01 1.993185e+01
      endloop
   endfacet
   facet normal -9.574938e-02 1.941605e-01 9.762857e-01
      outer loop
         vertex 5.317517e+00 3.775260e+01 1.996962e+01
         vertex 4.990488e+00 3.778121e+01 1.993185e+01
         vertex 5.069144e+00 3.763012e+01 1.996962e+01
      endloop
   endfacet
   facet normal -1.041269e-01 1.897994e-01 9.762857e-01
      outer loop
         vertex 5.069144e+00 3.763012e+01 1.996962e+01
         vertex 4.990488e+00 3.778121e+01 1.993185e+01
         vertex 4.741181e+00 3.764444e+01 1.993185e+01
      endloop
   endfacet
   facet normal -1.041271e-01 1.897969e-01 9.762862e-01
      outer loop
         vertex 5.069144e+00 3.763012e+01 1.996962e+01
         vertex 4.741181e+00 3.764444e+01 1.993185e+01
         vertex 4.826352e+00 3.749692e+01 1.996962e+01
      endloop
   endfacet
   facet normal -1.123060e-01 1.850747e-01 9.762862e-01
      outer loop
         vertex 4.826352e+00 3.749692e+01 1.996962e+01
         vertex 4.741181e+00 3.764444e+01 1.993185e+01
         vertex 4.498076e+00 3.749692e+01 1.993185e+01
      endloop
   endfacet
   facet normal -1.123060e-01 1.850765e-01 9.762858e-01
      outer loop
         vertex 4.826352e+00 3.749692e+01 1.996962e+01
         vertex 4.498076e+00 3.749692e+01 1.993185e+01
         vertex 4.589599e+00 3.735325e+01 1.996962e+01
      endloop
   endfacet
   facet normal -1.202727e-01 1.800013e-01 9.762858e-01
      outer loop
         vertex 4.589599e+00 3.735325e+01 1.996962e+01
         vertex 4.498076e+00 3.749692e+01 1.993185e+01
         vertex 4.261635e+00 3.733894e+01 1.993185e+01
      endloop
   endfacet
   facet normal -1.202727e-01 1.800013e-01 9.762858e-01
      outer loop
         vertex 4.589599e+00 3.735325e+01 1.996962e+01
         vertex 4.261635e+00 3.733894e+01 1.993185e+01
         vertex 4.359338e+00 3.719940e+01 1.996962e+01
      endloop
   endfacet
   facet normal -1.280106e-01 1.745832e-01 9.762858e-01
      outer loop
         vertex 4.359338e+00 3.719940e+01 1.996962e+01
         vertex 4.261635e+00 3.733894e+01 1.993185e+01
         vertex 4.032314e+00 3.717079e+01 1.993185e+01
      endloop
   endfacet
   facet normal -1.280105e-01 1.745820e-01 9.762860e-01
      outer loop
         vertex 4.359338e+00 3.719940e+01 1.996962e+01
         vertex 4.032314e+00 3.717079e+01 1.993185e+01
         vertex 4.136011e+00 3.703565e+01 1.996962e+01
      endloop
   endfacet
   facet normal -1.355020e-01 1.688337e-01 9.762860e-01
      outer loop
         vertex 4.136011e+00 3.703565e+01 1.996962e+01
         vertex 4.032314e+00 3.717079e+01 1.993185e+01
         vertex 3.810540e+00 3.699280e+01 1.993185e+01
      endloop
   endfacet
   facet normal -1.355021e-01 1.688345e-01 9.762859e-01
      outer loop
         vertex 4.136011e+00 3.703565e+01 1.996962e+01
         vertex 3.810540e+00 3.699280e+01 1.993185e+01
         vertex 3.920034e+00 3.686231e+01 1.996962e+01
      endloop
   endfacet
   facet normal -1.427392e-01 1.627618e-01 9.762859e-01
      outer loop
         vertex 3.920034e+00 3.686231e+01 1.996962e+01
         vertex 3.810540e+00 3.699280e+01 1.993185e+01
         vertex 3.596745e+00 3.680531e+01 1.993185e+01
      endloop
   endfacet
   facet normal -1.427392e-01 1.627619e-01 9.762859e-01
      outer loop
         vertex 3.920034e+00 3.686231e+01 1.996962e+01
         vertex 3.596745e+00 3.680531e+01 1.993185e+01
         vertex 3.711827e+00 3.667972e+01 1.996962e+01
      endloop
   endfacet
   facet normal -1.497023e-01 1.563813e-01 9.762859e-01
      outer loop
         vertex 3.711827e+00 3.667972e+01 1.996962e+01
         vertex 3.596745e+00 3.680531e+01 1.993185e+01
         vertex 3.391333e+00 3.660867e+01 1.993185e+01
      endloop
   endfacet
   facet normal -1.497024e-01 1.563815e-01 9.762858e-01
      outer loop
         vertex 3.711827e+00 3.667972e+01 1.996962e+01
         vertex 3.391333e+00 3.660867e+01 1.993185e+01
         vertex 3.511783e+00 3.648822e+01 1.996962e+01
      endloop
   endfacet
   facet normal -1.563821e-01 1.497018e-01 9.762858e-01
      outer loop
         vertex 3.511783e+00 3.648822e+01 1.996962e+01
         vertex 3.391333e+00 3.660867e+01 1.993185e+01
         vertex 3.194693e+00 3.640325e+01 1.993185e+01
      endloop
   endfacet
   facet normal -1.563825e-01 1.497034e-01 9.762855e-01
      outer loop
         vertex 3.511783e+00 3.648822e+01 1.996962e+01
         vertex 3.194693e+00 3.640325e+01 1.993185e+01
         vertex 3.320280e+00 3.628817e+01 1.996962e+01
      endloop
   endfacet
   facet normal -1.627631e-01 1.427404e-01 9.762855e-01
      outer loop
         vertex 3.320280e+00 3.628817e+01 1.996962e+01
         vertex 3.194693e+00 3.640325e+01 1.993185e+01
         vertex 3.007200e+00 3.618946e+01 1.993185e+01
      endloop
   endfacet
   facet normal -1.627625e-01 1.427383e-01 9.762859e-01
      outer loop
         vertex 3.320280e+00 3.628817e+01 1.996962e+01
         vertex 3.007200e+00 3.618946e+01 1.993185e+01
         vertex 3.137689e+00 3.607996e+01 1.996962e+01
      endloop
   endfacet
   facet normal -1.688330e-01 1.355038e-01 9.762859e-01
      outer loop
         vertex 3.137689e+00 3.607996e+01 1.996962e+01
         vertex 3.007200e+00 3.618946e+01 1.993185e+01
         vertex 2.829209e+00 3.596769e+01 1.993185e+01
      endloop
   endfacet
   facet normal -1.688323e-01 1.355015e-01 9.762863e-01
      outer loop
         vertex 3.137689e+00 3.607996e+01 1.996962e+01
         vertex 2.829209e+00 3.596769e+01 1.993185e+01
         vertex 2.964351e+00 3.586399e+01 1.996962e+01
      endloop
   endfacet
   facet normal -1.745811e-01 1.280094e-01 9.762863e-01
      outer loop
         vertex 2.964351e+00 3.586399e+01 1.996962e+01
         vertex 2.829209e+00 3.596769e+01 1.993185e+01
         vertex 2.661061e+00 3.573836e+01 1.993185e+01
      endloop
   endfacet
   facet normal -1.745808e-01 1.280085e-01 9.762865e-01
      outer loop
         vertex 2.964351e+00 3.586399e+01 1.996962e+01
         vertex 2.661061e+00 3.573836e+01 1.993185e+01
         vertex 2.800599e+00 3.564066e+01 1.996962e+01
      endloop
   endfacet
   facet normal -1.799991e-01 1.202703e-01 9.762865e-01
      outer loop
         vertex 2.800599e+00 3.564066e+01 1.996962e+01
         vertex 2.661061e+00 3.573836e+01 1.993185e+01
         vertex 2.503078e+00 3.550192e+01 1.993185e+01
      endloop
   endfacet
   facet normal -1.800000e-01 1.202723e-01 9.762861e-01
      outer loop
         vertex 2.800599e+00 3.564066e+01 1.996962e+01
         vertex 2.503078e+00 3.550192e+01 1.993185e+01
         vertex 2.646744e+00 3.541040e+01 1.996962e+01
      endloop
   endfacet
   facet normal -1.850746e-01 1.123069e-01 9.762861e-01
      outer loop
         vertex 2.646744e+00 3.541040e+01 1.996962e+01
         vertex 2.503078e+00 3.550192e+01 1.993185e+01
         vertex 2.355557e+00 3.525882e+01 1.993185e+01
      endloop
   endfacet
   facet normal -1.850747e-01 1.123073e-01 9.762860e-01
      outer loop
         vertex 2.646744e+00 3.541040e+01 1.996962e+01
         vertex 2.355557e+00 3.525882e+01 1.993185e+01
         vertex 2.503078e+00 3.517365e+01 1.996962e+01
      endloop
   endfacet
   facet normal -1.897982e-01 1.041259e-01 9.762861e-01
      outer loop
         vertex 2.503078e+00 3.517365e+01 1.996962e+01
         vertex 2.355557e+00 3.525882e+01 1.993185e+01
         vertex 2.218783e+00 3.500951e+01 1.993185e+01
      endloop
   endfacet
   facet normal -1.897994e-01 1.041280e-01 9.762856e-01
      outer loop
         vertex 2.503078e+00 3.517365e+01 1.996962e+01
         vertex 2.218783e+00 3.500951e+01 1.993185e+01
         vertex 2.369877e+00 3.493086e+01 1.996962e+01
      endloop
   endfacet
   facet normal -1.941612e-01 9.574907e-02 9.762856e-01
      outer loop
         vertex 2.369877e+00 3.493086e+01 1.996962e+01
         vertex 2.218783e+00 3.500951e+01 1.993185e+01
         vertex 2.093013e+00 3.475447e+01 1.993185e+01
      endloop
   endfacet
   facet normal -1.941618e-01 9.575003e-02 9.762854e-01
      outer loop
         vertex 2.369877e+00 3.493086e+01 1.996962e+01
         vertex 2.093013e+00 3.475447e+01 1.993185e+01
         vertex 2.247393e+00 3.468248e+01 1.996962e+01
      endloop
   endfacet
   facet normal -1.981536e-01 8.718973e-02 9.762854e-01
      outer loop
         vertex 2.247393e+00 3.468248e+01 1.996962e+01
         vertex 2.093013e+00 3.475447e+01 1.993185e+01
         vertex 1.978487e+00 3.449419e+01 1.993185e+01
      endloop
   endfacet
   facet normal -1.981525e-01 8.718795e-02 9.762858e-01
      outer loop
         vertex 2.247393e+00 3.468248e+01 1.996962e+01
         vertex 1.978487e+00 3.449419e+01 1.993185e+01
         vertex 2.135862e+00 3.442900e+01 1.996962e+01
      endloop
   endfacet
   facet normal -2.017666e-01 7.846273e-02 9.762857e-01
      outer loop
         vertex 2.135862e+00 3.442900e+01 1.996962e+01
         vertex 1.978487e+00 3.449419e+01 1.993185e+01
         vertex 1.875423e+00 3.422916e+01 1.993185e+01
      endloop
   endfacet
   facet normal -2.017666e-01 7.846282e-02 9.762857e-01
      outer loop
         vertex 2.135862e+00 3.442900e+01 1.996962e+01
         vertex 1.875423e+00 3.422916e+01 1.993185e+01
         vertex 2.035491e+00 3.417090e+01 1.996962e+01
      endloop
   endfacet
   facet normal -2.049967e-01 6.958837e-02 9.762857e-01
      outer loop
         vertex 2.035491e+00 3.417090e+01 1.996962e+01
         vertex 1.875423e+00 3.422916e+01 1.993185e+01
         vertex 1.784015e+00 3.395989e+01 1.993185e+01
      endloop
   endfacet
   facet normal -2.049945e-01 6.958568e-02 9.762864e-01
      outer loop
         vertex 2.035491e+00 3.417090e+01 1.996962e+01
         vertex 1.784015e+00 3.395989e+01 1.993185e+01
         vertex 1.946475e+00 3.390867e+01 1.996962e+01
      endloop
   endfacet
   facet normal -2.078347e-01 6.057774e-02 9.762864e-01
      outer loop
         vertex 1.946475e+00 3.390867e+01 1.996962e+01
         vertex 1.784015e+00 3.395989e+01 1.993185e+01
         vertex 1.704443e+00 3.368689e+01 1.993185e+01
      endloop
   endfacet
   facet normal -2.078355e-01 6.057868e-02 9.762861e-01
      outer loop
         vertex 1.946475e+00 3.390867e+01 1.996962e+01
         vertex 1.704443e+00 3.368689e+01 1.993185e+01
         vertex 1.868982e+00 3.364280e+01 1.996962e+01
      endloop
   endfacet
   facet normal -2.102803e-01 5.145445e-02 9.762861e-01
      outer loop
         vertex 1.868982e+00 3.364280e+01 1.996962e+01
         vertex 1.704443e+00 3.368689e+01 1.993185e+01
         vertex 1.636855e+00 3.341067e+01 1.993185e+01
      endloop
   endfacet
   facet normal -2.102809e-01 5.145505e-02 9.762860e-01
      outer loop
         vertex 1.868982e+00 3.364280e+01 1.996962e+01
         vertex 1.636855e+00 3.341067e+01 1.993185e+01
         vertex 1.803160e+00 3.337381e+01 1.996962e+01
      endloop
   endfacet
   facet normal -2.123251e-01 4.223445e-02 9.762860e-01
      outer loop
         vertex 1.803160e+00 3.337381e+01 1.996962e+01
         vertex 1.636855e+00 3.341067e+01 1.993185e+01
         vertex 1.581378e+00 3.313178e+01 1.993185e+01
      endloop
   endfacet
   facet normal -2.123260e-01 4.223527e-02 9.762858e-01
      outer loop
         vertex 1.803160e+00 3.337381e+01 1.996962e+01
         vertex 1.581378e+00 3.313178e+01 1.993185e+01
         vertex 1.749132e+00 3.310220e+01 1.996962e+01
      endloop
   endfacet
   facet normal -2.139663e-01 3.293240e-02 9.762858e-01
      outer loop
         vertex 1.749132e+00 3.310220e+01 1.996962e+01
         vertex 1.581378e+00 3.313178e+01 1.993185e+01
         vertex 1.538120e+00 3.285072e+01 1.993185e+01
      endloop
   endfacet
   facet normal -2.139684e-01 3.293423e-02 9.762852e-01
      outer loop
         vertex 1.749132e+00 3.310220e+01 1.996962e+01
         vertex 1.538120e+00 3.285072e+01 1.993185e+01
         vertex 1.707003e+00 3.282849e+01 1.996962e+01
      endloop
   endfacet
   facet normal -2.152015e-01 2.356795e-02 9.762852e-01
      outer loop
         vertex 1.707003e+00 3.282849e+01 1.996962e+01
         vertex 1.538120e+00 3.285072e+01 1.993185e+01
         vertex 1.507163e+00 3.256805e+01 1.993185e+01
      endloop
   endfacet
   facet normal -2.151980e-01 2.356515e-02 9.762861e-01
      outer loop
         vertex 1.707003e+00 3.282849e+01 1.996962e+01
         vertex 1.507163e+00 3.256805e+01 1.993185e+01
         vertex 1.676857e+00 3.255320e+01 1.996962e+01
      endloop
   endfacet
   facet normal -2.160208e-01 1.416042e-02 9.762861e-01
      outer loop
         vertex 1.676857e+00 3.255320e+01 1.996962e+01
         vertex 1.507163e+00 3.256805e+01 1.993185e+01
         vertex 1.488563e+00 3.228430e+01 1.993185e+01
      endloop
   endfacet
   facet normal -2.160186e-01 1.415880e-02 9.762866e-01
      outer loop
         vertex 1.676857e+00 3.255320e+01 1.996962e+01
         vertex 1.488563e+00 3.228430e+01 1.993185e+01
         vertex 1.658745e+00 3.227687e+01 1.996962e+01
      endloop
   endfacet
   facet normal -9.518067e-04 4.362020e-02 9.990477e-01
      outer loop
         vertex 7.999998e+00 3.800000e+01 2.000000e+01
         vertex 7.999998e+00 3.817431e+01 1.999239e+01
         vertex 7.730678e+00 3.816843e+01 1.999239e+01
      endloop
   endfacet
   facet normal -2.266015e-03 1.038489e-01 9.945905e-01
      outer loop
         vertex 7.730678e+00 3.816843e+01 1.999239e+01
         vertex 7.999998e+00 3.817431e+01 1.999239e+01
         vertex 7.999998e+00 3.824107e+01 1.998542e+01
      endloop
   endfacet
   facet normal -3.007039e-01 6.560597e-03 9.536950e-01
      outer loop
         vertex 1.315959e+00 3.200000e+01 1.987938e+01
         vertex 1.482360e+00 3.200000e+01 1.993185e+01
         vertex 1.488563e+00 3.228430e+01 1.993185e+01
      endloop
   endfacet
   facet normal -2.490553e-01 5.433757e-03 9.684740e-01
      outer loop
         vertex 1.488563e+00 3.228430e+01 1.993185e+01
         vertex 1.482360e+00 3.200000e+01 1.993185e+01
         vertex 1.521368e+00 3.200000e+01 1.994188e+01
      endloop
   endfacet
   facet normal -2.162245e-01 9.498161e-03 9.762975e-01
      outer loop
         vertex 1.488563e+00 3.228430e+01 1.993185e+01
         vertex 1.521368e+00 3.200000e+01 1.994188e+01
         vertex 1.658745e+00 3.227687e+01 1.996962e+01
      endloop
   endfacet
   facet normal -2.065968e-01 4.508851e-03 9.784158e-01
      outer loop
         vertex 1.658745e+00 3.227687e+01 1.996962e+01
         vertex 1.521368e+00 3.200000e+01 1.994188e+01
         vertex 1.652703e+00 3.200000e+01 1.996962e+01
      endloop
   endfacet
   facet normal -1.471488e-01 3.211434e-03 9.891092e-01
      outer loop
         vertex 1.658745e+00 3.227687e+01 1.996962e+01
         vertex 1.652703e+00 3.200000e+01 1.996962e+01
         vertex 1.758926e+00 3.200000e+01 1.998542e+01
      endloop
   endfacet
   facet normal -9.464396e-03 1.302352e-01 9.914380e-01
      outer loop
         vertex 7.999998e+00 3.824107e+01 1.998542e+01
         vertex 7.723134e+00 3.834125e+01 1.996962e+01
         vertex 7.730678e+00 3.816843e+01 1.999239e+01
      endloop
   endfacet
   facet normal -8.538833e-03 1.302760e-01 9.914410e-01
      outer loop
         vertex 7.730678e+00 3.816843e+01 1.999239e+01
         vertex 7.723134e+00 3.834125e+01 1.996962e+01
         vertex 7.446796e+00 3.832314e+01 1.996962e+01
      endloop
   endfacet
   facet normal -8.538882e-03 1.302759e-01 9.914410e-01
      outer loop
         vertex 7.730678e+00 3.816843e+01 1.999239e+01
         vertex 7.446796e+00 3.832314e+01 1.996962e+01
         vertex 7.461872e+00 3.815082e+01 1.999239e+01
      endloop
   endfacet
   facet normal -1.421242e-02 1.297796e-01 9.914410e-01
      outer loop
         vertex 7.461872e+00 3.815082e+01 1.999239e+01
         vertex 7.446796e+00 3.832314e+01 1.996962e+01
         vertex 7.171512e+00 3.829299e+01 1.996962e+01
      endloop
   endfacet
   facet normal -1.421251e-02 1.297794e-01 9.914410e-01
      outer loop
         vertex 7.461872e+00 3.815082e+01 1.999239e+01
         vertex 7.171512e+00 3.829299e+01 1.996962e+01
         vertex 7.194091e+00 3.812149e+01 1.999239e+01
      endloop
   endfacet
   facet normal -1.986125e-02 1.290357e-01 9.914410e-01
      outer loop
         vertex 7.194091e+00 3.812149e+01 1.999239e+01
         vertex 7.171512e+00 3.829299e+01 1.996962e+01
         vertex 6.897803e+00 3.825087e+01 1.996962e+01
      endloop
   endfacet
   facet normal -1.986077e-02 1.290368e-01 9.914409e-01
      outer loop
         vertex 7.194091e+00 3.812149e+01 1.999239e+01
         vertex 6.897803e+00 3.825087e+01 1.996962e+01
         vertex 6.927840e+00 3.808051e+01 1.999239e+01
      endloop
   endfacet
   facet normal -2.546994e-02 1.280478e-01 9.914409e-01
      outer loop
         vertex 6.927840e+00 3.808051e+01 1.999239e+01
         vertex 6.897803e+00 3.825087e+01 1.996962e+01
         vertex 6.626192e+00 3.819684e+01 1.996962e+01
      endloop
   endfacet
   facet normal -2.547022e-02 1.280471e-01 9.914410e-01
      outer loop
         vertex 6.927840e+00 3.808051e+01 1.999239e+01
         vertex 6.626192e+00 3.819684e+01 1.996962e+01
         vertex 6.663632e+00 3.802796e+01 1.999239e+01
      endloop
   endfacet
   facet normal -3.103095e-02 1.268144e-01 9.914410e-01
      outer loop
         vertex 6.663632e+00 3.802796e+01 1.999239e+01
         vertex 6.626192e+00 3.819684e+01 1.996962e+01
         vertex 6.357197e+00 3.813102e+01 1.996962e+01
      endloop
   endfacet
   facet normal -3.103127e-02 1.268134e-01 9.914411e-01
      outer loop
         vertex 6.663632e+00 3.802796e+01 1.999239e+01
         vertex 6.357197e+00 3.813102e+01 1.996962e+01
         vertex 6.401971e+00 3.796393e+01 1.999239e+01
      endloop
   endfacet
   facet normal -3.653323e-02 1.253391e-01 9.914411e-01
      outer loop
         vertex 6.401971e+00 3.796393e+01 1.999239e+01
         vertex 6.357197e+00 3.813102e+01 1.996962e+01
         vertex 6.091330e+00 3.805352e+01 1.996962e+01
      endloop
   endfacet
   facet normal -3.653289e-02 1.253402e-01 9.914410e-01
      outer loop
         vertex 6.401971e+00 3.796393e+01 1.999239e+01
         vertex 6.091330e+00 3.805352e+01 1.996962e+01
         vertex 6.143346e+00 3.788855e+01 1.999239e+01
      endloop
   endfacet
   facet normal -4.196548e-02 1.236274e-01 9.914410e-01
      outer loop
         vertex 6.143346e+00 3.788855e+01 1.999239e+01
         vertex 6.091330e+00 3.805352e+01 1.996962e+01
         vertex 5.829096e+00 3.796451e+01 1.996962e+01
      endloop
   endfacet
   facet normal -4.196580e-02 1.236261e-01 9.914411e-01
      outer loop
         vertex 6.143346e+00 3.788855e+01 1.999239e+01
         vertex 5.829096e+00 3.796451e+01 1.996962e+01
         vertex 5.888261e+00 3.780195e+01 1.999239e+01
      endloop
   endfacet
   facet normal -4.731790e-02 1.216781e-01 9.914411e-01
      outer loop
         vertex 5.888261e+00 3.780195e+01 1.999239e+01
         vertex 5.829096e+00 3.796451e+01 1.996962e+01
         vertex 5.570993e+00 3.786414e+01 1.996962e+01
      endloop
   endfacet
   facet normal -4.731802e-02 1.216775e-01 9.914412e-01
      outer loop
         vertex 5.888261e+00 3.780195e+01 1.999239e+01
         vertex 5.570993e+00 3.786414e+01 1.996962e+01
         vertex 5.637191e+00 3.770432e+01 1.999239e+01
      endloop
   endfacet
   facet normal -5.258075e-02 1.194976e-01 9.914412e-01
      outer loop
         vertex 5.637191e+00 3.770432e+01 1.999239e+01
         vertex 5.570993e+00 3.786414e+01 1.996962e+01
         vertex 5.317517e+00 3.775260e+01 1.996962e+01
      endloop
   endfacet
   facet normal -5.258065e-02 1.194983e-01 9.914411e-01
      outer loop
         vertex 5.637191e+00 3.770432e+01 1.999239e+01
         vertex 5.317517e+00 3.775260e+01 1.996962e+01
         vertex 5.390622e+00 3.759583e+01 1.999239e+01
      endloop
   endfacet
   facet normal -5.774296e-02 1.170911e-01 9.914411e-01
      outer loop
         vertex 5.390622e+00 3.759583e+01 1.999239e+01
         vertex 5.317517e+00 3.775260e+01 1.996962e+01
         vertex 5.069144e+00 3.763012e+01 1.996962e+01
      endloop
   endfacet
   facet normal -5.774280e-02 1.170925e-01 9.914409e-01
      outer loop
         vertex 5.390622e+00 3.759583e+01 1.999239e+01
         vertex 5.069144e+00 3.763012e+01 1.996962e+01
         vertex 5.149018e+00 3.747668e+01 1.999239e+01
      endloop
   endfacet
   facet normal -6.279643e-02 1.144618e-01 9.914409e-01
      outer loop
         vertex 5.149018e+00 3.747668e+01 1.999239e+01
         vertex 5.069144e+00 3.763012e+01 1.996962e+01
         vertex 4.826352e+00 3.749692e+01 1.996962e+01
      endloop
   endfacet
   facet normal -6.279640e-02 1.144622e-01 9.914409e-01
      outer loop
         vertex 5.149018e+00 3.747668e+01 1.999239e+01
         vertex 4.826352e+00 3.749692e+01 1.996962e+01
         vertex 4.912842e+00 3.734711e+01 1.999239e+01
      endloop
   endfacet
   facet normal -6.772868e-02 1.116146e-01 9.914409e-01
      outer loop
         vertex 4.912842e+00 3.734711e+01 1.999239e+01
         vertex 4.826352e+00 3.749692e+01 1.996962e+01
         vertex 4.589599e+00 3.735325e+01 1.996962e+01
      endloop
   endfacet
   facet normal -6.772873e-02 1.116129e-01 9.914411e-01
      outer loop
         vertex 4.912842e+00 3.734711e+01 1.999239e+01
         vertex 4.589599e+00 3.735325e+01 1.996962e+01
         vertex 4.682545e+00 3.720736e+01 1.999239e+01
      endloop
   endfacet
   facet normal -7.253232e-02 1.085526e-01 9.914411e-01
      outer loop
         vertex 4.682545e+00 3.720736e+01 1.999239e+01
         vertex 4.589599e+00 3.735325e+01 1.996962e+01
         vertex 4.359338e+00 3.719940e+01 1.996962e+01
      endloop
   endfacet
   facet normal -7.253233e-02 1.085534e-01 9.914410e-01
      outer loop
         vertex 4.682545e+00 3.720736e+01 1.999239e+01
         vertex 4.359338e+00 3.719940e+01 1.996962e+01
         vertex 4.458558e+00 3.705770e+01 1.999239e+01
      endloop
   endfacet
   facet normal -7.719949e-02 1.052854e-01 9.914410e-01
      outer loop
         vertex 4.458558e+00 3.705770e+01 1.999239e+01
         vertex 4.359338e+00 3.719940e+01 1.996962e+01
         vertex 4.136011e+00 3.703565e+01 1.996962e+01
      endloop
   endfacet
   facet normal -7.719948e-02 1.052851e-01 9.914410e-01
      outer loop
         vertex 4.458558e+00 3.705770e+01 1.999239e+01
         vertex 4.136011e+00 3.703565e+01 1.996962e+01
         vertex 4.241318e+00 3.689841e+01 1.999239e+01
      endloop
   endfacet
   facet normal -8.171700e-02 1.018187e-01 9.914410e-01
      outer loop
         vertex 4.241318e+00 3.689841e+01 1.999239e+01
         vertex 4.136011e+00 3.703565e+01 1.996962e+01
         vertex 3.920034e+00 3.686231e+01 1.996962e+01
      endloop
   endfacet
   facet normal -8.171698e-02 1.018185e-01 9.914410e-01
      outer loop
         vertex 4.241318e+00 3.689841e+01 1.999239e+01
         vertex 3.920034e+00 3.686231e+01 1.996962e+01
         vertex 4.031226e+00 3.672980e+01 1.999239e+01
      endloop
   endfacet
   facet normal -8.608136e-02 9.815640e-02 9.914410e-01
      outer loop
         vertex 4.031226e+00 3.672980e+01 1.999239e+01
         vertex 3.920034e+00 3.686231e+01 1.996962e+01
         vertex 3.711827e+00 3.667972e+01 1.996962e+01
      endloop
   endfacet
   facet normal -8.608149e-02 9.815729e-02 9.914409e-01
      outer loop
         vertex 4.031226e+00 3.672980e+01 1.999239e+01
         vertex 3.711827e+00 3.667972e+01 1.996962e+01
         vertex 3.828693e+00 3.655218e+01 1.999239e+01
      endloop
   endfacet
   facet normal -9.028110e-02 9.430906e-02 9.914409e-01
      outer loop
         vertex 3.828693e+00 3.655218e+01 1.999239e+01
         vertex 3.711827e+00 3.667972e+01 1.996962e+01
         vertex 3.511783e+00 3.648822e+01 1.996962e+01
      endloop
   endfacet
   facet normal -9.028065e-02 9.430677e-02 9.914412e-01
      outer loop
         vertex 3.828693e+00 3.655218e+01 1.999239e+01
         vertex 3.511783e+00 3.648822e+01 1.996962e+01
         vertex 3.634103e+00 3.636590e+01 1.999239e+01
      endloop
   endfacet
   facet normal -9.430764e-02 9.027977e-02 9.914412e-01
      outer loop
         vertex 3.634103e+00 3.636590e+01 1.999239e+01
         vertex 3.511783e+00 3.648822e+01 1.996962e+01
         vertex 3.320280e+00 3.628817e+01 1.996962e+01
      endloop
   endfacet
   facet normal -9.430791e-02 9.028088e-02 9.914411e-01
      outer loop
         vertex 3.634103e+00 3.636590e+01 1.999239e+01
         vertex 3.320280e+00 3.628817e+01 1.996962e+01
         vertex 3.447820e+00 3.617130e+01 1.999239e+01
      endloop
   endfacet
   facet normal -9.815663e-02 8.608067e-02 9.914411e-01
      outer loop
         vertex 3.447820e+00 3.617130e+01 1.999239e+01
         vertex 3.320280e+00 3.628817e+01 1.996962e+01
         vertex 3.137689e+00 3.607996e+01 1.996962e+01
      endloop
   endfacet
   facet normal -9.815706e-02 8.608219e-02 9.914409e-01
      outer loop
         vertex 3.447820e+00 3.617130e+01 1.999239e+01
         vertex 3.137689e+00 3.607996e+01 1.996962e+01
         vertex 3.270201e+00 3.596877e+01 1.999239e+01
      endloop
   endfacet
   facet normal -1.018191e-01 8.171801e-02 9.914409e-01
      outer loop
         vertex 3.270201e+00 3.596877e+01 1.999239e+01
         vertex 3.137689e+00 3.607996e+01 1.996962e+01
         vertex 2.964351e+00 3.586399e+01 1.996962e+01
      endloop
   endfacet
   facet normal -1.018192e-01 8.171820e-02 9.914409e-01
      outer loop
         vertex 3.270201e+00 3.596877e+01 1.999239e+01
         vertex 2.964351e+00 3.586399e+01 1.996962e+01
         vertex 3.101587e+00 3.575868e+01 1.999239e+01
      endloop
   endfacet
   facet normal -1.052865e-01 7.719959e-02 9.914409e-01
      outer loop
         vertex 3.101587e+00 3.575868e+01 1.999239e+01
         vertex 2.964351e+00 3.586399e+01 1.996962e+01
         vertex 2.800599e+00 3.564066e+01 1.996962e+01
      endloop
   endfacet
   facet normal -1.052866e-01 7.719985e-02 9.914408e-01
      outer loop
         vertex 3.101587e+00 3.575868e+01 1.999239e+01
         vertex 2.800599e+00 3.564066e+01 1.996962e+01
         vertex 2.942298e+00 3.554144e+01 1.999239e+01
      endloop
   endfacet
   facet normal -1.085540e-01 7.253353e-02 9.914408e-01
      outer loop
         vertex 2.942298e+00 3.554144e+01 1.999239e+01
         vertex 2.800599e+00 3.564066e+01 1.996962e+01
         vertex 2.646744e+00 3.541040e+01 1.996962e+01
      endloop
   endfacet
   facet normal -1.085533e-01 7.253195e-02 9.914410e-01
      outer loop
         vertex 2.942298e+00 3.554144e+01 1.999239e+01
         vertex 2.646744e+00 3.541040e+01 1.996962e+01
         vertex 2.792638e+00 3.531745e+01 1.999239e+01
      endloop
   endfacet
   facet normal -1.116130e-01 6.772915e-02 9.914410e-01
      outer loop
         vertex 2.792638e+00 3.531745e+01 1.999239e+01
         vertex 2.646744e+00 3.541040e+01 1.996962e+01
         vertex 2.503078e+00 3.517365e+01 1.996962e+01
      endloop
   endfacet
   facet normal -1.116131e-01 6.772919e-02 9.914410e-01
      outer loop
         vertex 2.792638e+00 3.531745e+01 1.999239e+01
         vertex 2.503078e+00 3.517365e+01 1.996962e+01
         vertex 2.652887e+00 3.508716e+01 1.999239e+01
      endloop
   endfacet
   facet normal -1.144613e-01 6.279594e-02 9.914410e-01
      outer loop
         vertex 2.652887e+00 3.508716e+01 1.999239e+01
         vertex 2.503078e+00 3.517365e+01 1.996962e+01
         vertex 2.369877e+00 3.493086e+01 1.996962e+01
      endloop
   endfacet
   facet normal -1.144606e-01 6.279462e-02 9.914412e-01
      outer loop
         vertex 2.652887e+00 3.508716e+01 1.999239e+01
         vertex 2.369877e+00 3.493086e+01 1.996962e+01
         vertex 2.523318e+00 3.485098e+01 1.999239e+01
      endloop
   endfacet
   facet normal -1.170905e-01 5.774264e-02 9.914412e-01
      outer loop
         vertex 2.523318e+00 3.485098e+01 1.999239e+01
         vertex 2.369877e+00 3.493086e+01 1.996962e+01
         vertex 2.247393e+00 3.468248e+01 1.996962e+01
      endloop
   endfacet
   facet normal -1.170907e-01 5.774307e-02 9.914411e-01
      outer loop
         vertex 2.523318e+00 3.485098e+01 1.999239e+01
         vertex 2.247393e+00 3.468248e+01 1.996962e+01
         vertex 2.404172e+00 3.460938e+01 1.999239e+01
      endloop
   endfacet
   facet normal -1.194984e-01 5.257980e-02 9.914411e-01
      outer loop
         vertex 2.404172e+00 3.460938e+01 1.999239e+01
         vertex 2.247393e+00 3.468248e+01 1.996962e+01
         vertex 2.135862e+00 3.442900e+01 1.996962e+01
      endloop
   endfacet
   facet normal -1.194981e-01 5.257949e-02 9.914412e-01
      outer loop
         vertex 2.404172e+00 3.460938e+01 1.999239e+01
         vertex 2.135862e+00 3.442900e+01 1.996962e+01
         vertex 2.295680e+00 3.436281e+01 1.999239e+01
      endloop
   endfacet
   facet normal -1.216776e-01 4.731786e-02 9.914412e-01
      outer loop
         vertex 2.295680e+00 3.436281e+01 1.999239e+01
         vertex 2.135862e+00 3.442900e+01 1.996962e+01
         vertex 2.035491e+00 3.417090e+01 1.996962e+01
      endloop
   endfacet
   facet normal -1.216781e-01 4.731862e-02 9.914411e-01
      outer loop
         vertex 2.295680e+00 3.436281e+01 1.999239e+01
         vertex 2.035491e+00 3.417090e+01 1.996962e+01
         vertex 2.198044e+00 3.411174e+01 1.999239e+01
      endloop
   endfacet
   facet normal -1.236266e-01 4.196521e-02 9.914411e-01
      outer loop
         vertex 2.198044e+00 3.411174e+01 1.999239e+01
         vertex 2.035491e+00 3.417090e+01 1.996962e+01
         vertex 1.946475e+00 3.390867e+01 1.996962e+01
      endloop
   endfacet
   facet normal -1.236271e-01 4.196580e-02 9.914410e-01
      outer loop
         vertex 2.198044e+00 3.411174e+01 1.999239e+01
         vertex 1.946475e+00 3.390867e+01 1.996962e+01
         vertex 2.111454e+00 3.385665e+01 1.999239e+01
      endloop
   endfacet
   facet normal -1.253399e-01 3.653334e-02 9.914410e-01
      outer loop
         vertex 2.111454e+00 3.385665e+01 1.999239e+01
         vertex 1.946475e+00 3.390867e+01 1.996962e+01
         vertex 1.868982e+00 3.364280e+01 1.996962e+01
      endloop
   endfacet
   facet normal -1.253397e-01 3.653314e-02 9.914410e-01
      outer loop
         vertex 2.111454e+00 3.385665e+01 1.999239e+01
         vertex 1.868982e+00 3.364280e+01 1.996962e+01
         vertex 2.036072e+00 3.359803e+01 1.999239e+01
      endloop
   endfacet
   facet normal -1.268140e-01 3.103097e-02 9.914410e-01
      outer loop
         vertex 2.036072e+00 3.359803e+01 1.999239e+01
         vertex 1.868982e+00 3.364280e+01 1.996962e+01
         vertex 1.803160e+00 3.337381e+01 1.996962e+01
      endloop
   endfacet
   facet normal -1.268153e-01 3.103230e-02 9.914408e-01
      outer loop
         vertex 2.036072e+00 3.359803e+01 1.999239e+01
         vertex 1.803160e+00 3.337381e+01 1.996962e+01
         vertex 1.972042e+00 3.333637e+01 1.999239e+01
      endloop
   endfacet
   facet normal -1.280482e-01 2.547098e-02 9.914408e-01
      outer loop
         vertex 1.972042e+00 3.333637e+01 1.999239e+01
         vertex 1.803160e+00 3.337381e+01 1.996962e+01
         vertex 1.749132e+00 3.310220e+01 1.996962e+01
      endloop
   endfacet
   facet normal -1.280464e-01 2.546927e-02 9.914411e-01
      outer loop
         vertex 1.972042e+00 3.333637e+01 1.999239e+01
         vertex 1.749132e+00 3.310220e+01 1.996962e+01
         vertex 1.919489e+00 3.307216e+01 1.999239e+01
      endloop
   endfacet
   facet normal -1.290352e-01 1.986123e-02 9.914411e-01
      outer loop
         vertex 1.919489e+00 3.307216e+01 1.999239e+01
         vertex 1.749132e+00 3.310220e+01 1.996962e+01
         vertex 1.707003e+00 3.282849e+01 1.996962e+01
      endloop
   endfacet
   facet normal -1.290356e-01 1.986156e-02 9.914410e-01
      outer loop
         vertex 1.919489e+00 3.307216e+01 1.999239e+01
         vertex 1.707003e+00 3.282849e+01 1.996962e+01
         vertex 1.878507e+00 3.280591e+01 1.999239e+01
      endloop
   endfacet
   facet normal -1.297795e-01 1.421144e-02 9.914410e-01
      outer loop
         vertex 1.878507e+00 3.280591e+01 1.999239e+01
         vertex 1.707003e+00 3.282849e+01 1.996962e+01
         vertex 1.676857e+00 3.255320e+01 1.996962e+01
      endloop
   endfacet
   facet normal -1.297809e-01 1.421263e-02 9.914408e-01
      outer loop
         vertex 1.878507e+00 3.280591e+01 1.999239e+01
         vertex 1.676857e+00 3.255320e+01 1.996962e+01
         vertex 1.849182e+00 3.253813e+01 1.999239e+01
      endloop
   endfacet
   facet normal -1.302773e-01 8.538946e-03 9.914408e-01
      outer loop
         vertex 1.849182e+00 3.253813e+01 1.999239e+01
         vertex 1.676857e+00 3.255320e+01 1.996962e+01
         vertex 1.658745e+00 3.227687e+01 1.996962e+01
      endloop
   endfacet
   facet normal -1.302760e-01 8.537952e-03 9.914410e-01
      outer loop
         vertex 1.849182e+00 3.253813e+01 1.999239e+01
         vertex 1.658745e+00 3.227687e+01 1.996962e+01
         vertex 1.831565e+00 3.226932e+01 1.999239e+01
      endloop
   endfacet
   facet normal -1.302351e-01 9.464369e-03 9.914380e-01
      outer loop
         vertex 1.831565e+00 3.226932e+01 1.999239e+01
         vertex 1.658745e+00 3.227687e+01 1.996962e+01
         vertex 1.758926e+00 3.200000e+01 1.998542e+01
      endloop
   endfacet
   facet normal -1.038517e-01 2.266796e-03 9.945902e-01
      outer loop
         vertex 1.831565e+00 3.226932e+01 1.999239e+01
         vertex 1.758926e+00 3.200000e+01 1.998542e+01
         vertex 1.825687e+00 3.200000e+01 1.999239e+01
      endloop
   endfacet
   facet normal -9.515278e-04 4.362064e-02 9.990477e-01
      outer loop
         vertex 7.999998e+00 3.800000e+01 2.000000e+01
         vertex 7.730678e+00 3.816843e+01 1.999239e+01
         vertex 7.738281e+00 3.799429e+01 2.000000e+01
      endloop
   endfacet
   facet normal -2.853653e-03 4.353759e-02 9.990477e-01
      outer loop
         vertex 7.738281e+00 3.799429e+01 2.000000e+01
         vertex 7.730678e+00 3.816843e+01 1.999239e+01
         vertex 7.461872e+00 3.815082e+01 1.999239e+01
      endloop
   endfacet
   facet normal -2.853661e-03 4.353758e-02 9.990477e-01
      outer loop
         vertex 7.738281e+00 3.799429e+01 2.000000e+01
         vertex 7.461872e+00 3.815082e+01 1.999239e+01
         vertex 7.477064e+00 3.797717e+01 2.000000e+01
      endloop
   endfacet
   facet normal -4.749757e-03 4.337170e-02 9.990477e-01
      outer loop
         vertex 7.477064e+00 3.797717e+01 2.000000e+01
         vertex 7.461872e+00 3.815082e+01 1.999239e+01
         vertex 7.194091e+00 3.812149e+01 1.999239e+01
      endloop
   endfacet
   facet normal -4.750115e-03 4.337100e-02 9.990477e-01
      outer loop
         vertex 7.477064e+00 3.797717e+01 2.000000e+01
         vertex 7.194091e+00 3.812149e+01 1.999239e+01
         vertex 7.216841e+00 3.794867e+01 2.000000e+01
      endloop
   endfacet
   facet normal -6.637236e-03 4.312257e-02 9.990477e-01
      outer loop
         vertex 7.216841e+00 3.794867e+01 2.000000e+01
         vertex 7.194091e+00 3.812149e+01 1.999239e+01
         vertex 6.927840e+00 3.808051e+01 1.999239e+01
      endloop
   endfacet
   facet normal -6.637051e-03 4.312298e-02 9.990477e-01
      outer loop
         vertex 7.216841e+00 3.794867e+01 2.000000e+01
         vertex 6.927840e+00 3.808051e+01 1.999239e+01
         vertex 6.958108e+00 3.790885e+01 2.000000e+01
      endloop
   endfacet
   facet normal -8.511959e-03 4.279239e-02 9.990477e-01
      outer loop
         vertex 6.958108e+00 3.790885e+01 2.000000e+01
         vertex 6.927840e+00 3.808051e+01 1.999239e+01
         vertex 6.663632e+00 3.802796e+01 1.999239e+01
      endloop
   endfacet
   facet normal -8.511927e-03 4.279247e-02 9.990477e-01
      outer loop
         vertex 6.958108e+00 3.790885e+01 2.000000e+01
         vertex 6.663632e+00 3.802796e+01 1.999239e+01
         vertex 6.701361e+00 3.785778e+01 2.000000e+01
      endloop
   endfacet
   facet normal -1.037050e-02 4.238041e-02 9.990477e-01
      outer loop
         vertex 6.701361e+00 3.785778e+01 2.000000e+01
         vertex 6.663632e+00 3.802796e+01 1.999239e+01
         vertex 6.401971e+00 3.796393e+01 1.999239e+01
      endloop
   endfacet
   facet normal -1.037050e-02 4.238042e-02 9.990477e-01
      outer loop
         vertex 6.701361e+00 3.785778e+01 2.000000e+01
         vertex 6.401971e+00 3.796393e+01 1.999239e+01
         vertex 6.447084e+00 3.779555e+01 2.000000e+01
      endloop
   endfacet
   facet normal -1.220903e-02 4.188781e-02 9.990477e-01
      outer loop
         vertex 6.447084e+00 3.779555e+01 2.000000e+01
         vertex 6.401971e+00 3.796393e+01 1.999239e+01
         vertex 6.143346e+00 3.788855e+01 1.999239e+01
      endloop
   endfacet
   facet normal -1.220921e-02 4.188721e-02 9.990477e-01
      outer loop
         vertex 6.447084e+00 3.779555e+01 2.000000e+01
         vertex 6.143346e+00 3.788855e+01 1.999239e+01
         vertex 6.195765e+00 3.772230e+01 2.000000e+01
      endloop
   endfacet
   facet normal -1.402461e-02 4.131480e-02 9.990477e-01
      outer loop
         vertex 6.195765e+00 3.772230e+01 2.000000e+01
         vertex 6.143346e+00 3.788855e+01 1.999239e+01
         vertex 5.888261e+00 3.780195e+01 1.999239e+01
      endloop
   endfacet
   facet normal -1.402443e-02 4.131549e-02 9.990477e-01
      outer loop
         vertex 6.195765e+00 3.772230e+01 2.000000e+01
         vertex 5.888261e+00 3.780195e+01 1.999239e+01
         vertex 5.947877e+00 3.763816e+01 2.000000e+01
      endloop
   endfacet
   facet normal -1.581357e-02 4.066432e-02 9.990477e-01
      outer loop
         vertex 5.947877e+00 3.763816e+01 2.000000e+01
         vertex 5.888261e+00 3.780195e+01 1.999239e+01
         vertex 5.637191e+00 3.770432e+01 1.999239e+01
      endloop
   endfacet
   facet normal -1.581358e-02 4.066428e-02 9.990477e-01
      outer loop
         vertex 5.947877e+00 3.763816e+01 2.000000e+01
         vertex 5.637191e+00 3.770432e+01 1.999239e+01
         vertex 5.703896e+00 3.754328e+01 2.000000e+01
      endloop
   endfacet
   facet normal -1.757224e-02 3.993583e-02 9.990477e-01
      outer loop
         vertex 5.703896e+00 3.754328e+01 2.000000e+01
         vertex 5.637191e+00 3.770432e+01 1.999239e+01
         vertex 5.390622e+00 3.759583e+01 1.999239e+01
      endloop
   endfacet
   facet normal -1.757222e-02 3.993595e-02 9.990477e-01
      outer loop
         vertex 5.703896e+00 3.754328e+01 2.000000e+01
         vertex 5.390622e+00 3.759583e+01 1.999239e+01
         vertex 5.464289e+00 3.743785e+01 2.000000e+01
      endloop
   endfacet
   facet normal -1.929727e-02 3.913154e-02 9.990477e-01
      outer loop
         vertex 5.464289e+00 3.743785e+01 2.000000e+01
         vertex 5.390622e+00 3.759583e+01 1.999239e+01
         vertex 5.149018e+00 3.747668e+01 1.999239e+01
      endloop
   endfacet
   facet normal -1.929732e-02 3.913110e-02 9.990477e-01
      outer loop
         vertex 5.464289e+00 3.743785e+01 2.000000e+01
         vertex 5.149018e+00 3.747668e+01 1.999239e+01
         vertex 5.229507e+00 3.732206e+01 2.000000e+01
      endloop
   endfacet
   facet normal -2.098590e-02 3.825207e-02 9.990477e-01
      outer loop
         vertex 5.229507e+00 3.732206e+01 2.000000e+01
         vertex 5.149018e+00 3.747668e+01 1.999239e+01
         vertex 4.912842e+00 3.734711e+01 1.999239e+01
      endloop
   endfacet
   facet normal -2.098591e-02 3.825204e-02 9.990477e-01
      outer loop
         vertex 5.229507e+00 3.732206e+01 2.000000e+01
         vertex 4.912842e+00 3.734711e+01 1.999239e+01
         vertex 4.999999e+00 3.719615e+01 2.000000e+01
      endloop
   endfacet
   facet normal -2.263446e-02 3.730023e-02 9.990477e-01
      outer loop
         vertex 4.999999e+00 3.719615e+01 2.000000e+01
         vertex 4.912842e+00 3.734711e+01 1.999239e+01
         vertex 4.682545e+00 3.720736e+01 1.999239e+01
      endloop
   endfacet
   facet normal -2.263446e-02 3.730033e-02 9.990477e-01
      outer loop
         vertex 4.999999e+00 3.719615e+01 2.000000e+01
         vertex 4.682545e+00 3.720736e+01 1.999239e+01
         vertex 4.776202e+00 3.706035e+01 2.000000e+01
      endloop
   endfacet
   facet normal -2.423972e-02 3.627767e-02 9.990477e-01
      outer loop
         vertex 4.776202e+00 3.706035e+01 2.000000e+01
         vertex 4.682545e+00 3.720736e+01 1.999239e+01
         vertex 4.458558e+00 3.705770e+01 1.999239e+01
      endloop
   endfacet
   facet normal -2.423971e-02 3.627715e-02 9.990477e-01
      outer loop
         vertex 4.776202e+00 3.706035e+01 2.000000e+01
         vertex 4.458558e+00 3.705770e+01 1.999239e+01
         vertex 4.558541e+00 3.691491e+01 2.000000e+01
      endloop
   endfacet
   facet normal -2.579922e-02 3.518515e-02 9.990477e-01
      outer loop
         vertex 4.558541e+00 3.691491e+01 2.000000e+01
         vertex 4.458558e+00 3.705770e+01 1.999239e+01
         vertex 4.241318e+00 3.689841e+01 1.999239e+01
      endloop
   endfacet
   facet normal -2.579929e-02 3.518635e-02 9.990477e-01
      outer loop
         vertex 4.558541e+00 3.691491e+01 2.000000e+01
         vertex 4.241318e+00 3.689841e+01 1.999239e+01
         vertex 4.347429e+00 3.676012e+01 2.000000e+01
      endloop
   endfacet
   facet normal -2.730959e-02 3.402748e-02 9.990477e-01
      outer loop
         vertex 4.347429e+00 3.676012e+01 2.000000e+01
         vertex 4.241318e+00 3.689841e+01 1.999239e+01
         vertex 4.031226e+00 3.672980e+01 1.999239e+01
      endloop
   endfacet
   facet normal -2.730955e-02 3.402704e-02 9.990477e-01
      outer loop
         vertex 4.347429e+00 3.676012e+01 2.000000e+01
         vertex 4.031226e+00 3.672980e+01 1.999239e+01
         vertex 4.143272e+00 3.659627e+01 2.000000e+01
      endloop
   endfacet
   facet normal -2.876778e-02 3.280342e-02 9.990477e-01
      outer loop
         vertex 4.143272e+00 3.659627e+01 2.000000e+01
         vertex 4.031226e+00 3.672980e+01 1.999239e+01
         vertex 3.828693e+00 3.655218e+01 1.999239e+01
      endloop
   endfacet
   facet normal -2.876771e-02 3.280287e-02 9.990477e-01
      outer loop
         vertex 4.143272e+00 3.659627e+01 2.000000e+01
         vertex 3.828693e+00 3.655218e+01 1.999239e+01
         vertex 3.946457e+00 3.642366e+01 2.000000e+01
      endloop
   endfacet
   facet normal -3.017125e-02 3.151676e-02 9.990477e-01
      outer loop
         vertex 3.946457e+00 3.642366e+01 2.000000e+01
         vertex 3.828693e+00 3.655218e+01 1.999239e+01
         vertex 3.634103e+00 3.636590e+01 1.999239e+01
      endloop
   endfacet
   facet normal -3.017139e-02 3.151750e-02 9.990477e-01
      outer loop
         vertex 3.946457e+00 3.642366e+01 2.000000e+01
         vertex 3.634103e+00 3.636590e+01 1.999239e+01
         vertex 3.757358e+00 3.624264e+01 2.000000e+01
      endloop
   endfacet
   facet normal -3.151737e-02 3.017155e-02 9.990477e-01
      outer loop
         vertex 3.757358e+00 3.624264e+01 2.000000e+01
         vertex 3.634103e+00 3.636590e+01 1.999239e+01
         vertex 3.447820e+00 3.617130e+01 1.999239e+01
      endloop
   endfacet
   facet normal -3.151728e-02 3.017118e-02 9.990477e-01
      outer loop
         vertex 3.757358e+00 3.624264e+01 2.000000e+01
         vertex 3.447820e+00 3.617130e+01 1.999239e+01
         vertex 3.576335e+00 3.605354e+01 2.000000e+01
      endloop
   endfacet
   facet normal -3.280319e-02 2.876788e-02 9.990477e-01
      outer loop
         vertex 3.576335e+00 3.605354e+01 2.000000e+01
         vertex 3.447820e+00 3.617130e+01 1.999239e+01
         vertex 3.270201e+00 3.596877e+01 1.999239e+01
      endloop
   endfacet
   facet normal -3.280323e-02 2.876802e-02 9.990477e-01
      outer loop
         vertex 3.576335e+00 3.605354e+01 2.000000e+01
         vertex 3.270201e+00 3.596877e+01 1.999239e+01
         vertex 3.403731e+00 3.585673e+01 2.000000e+01
      endloop
   endfacet
   facet normal -3.402707e-02 2.730951e-02 9.990477e-01
      outer loop
         vertex 3.403731e+00 3.585673e+01 2.000000e+01
         vertex 3.270201e+00 3.596877e+01 1.999239e+01
         vertex 3.101587e+00 3.575868e+01 1.999239e+01
      endloop
   endfacet
   facet normal -3.402710e-02 2.730960e-02 9.990477e-01
      outer loop
         vertex 3.403731e+00 3.585673e+01 2.000000e+01
         vertex 3.101587e+00 3.575868e+01 1.999239e+01
         vertex 3.239878e+00 3.565257e+01 2.000000e+01
      endloop
   endfacet
   facet normal -3.518583e-02 2.579950e-02 9.990477e-01
      outer loop
         vertex 3.239878e+00 3.565257e+01 2.000000e+01
         vertex 3.101587e+00 3.575868e+01 1.999239e+01
         vertex 2.942298e+00 3.554144e+01 1.999239e+01
      endloop
   endfacet
   facet normal -3.518548e-02 2.579857e-02 9.990478e-01
      outer loop
         vertex 3.239878e+00 3.565257e+01 2.000000e+01
         vertex 2.942298e+00 3.554144e+01 1.999239e+01
         vertex 3.085088e+00 3.544146e+01 2.000000e+01
      endloop
   endfacet
   facet normal -3.627725e-02 2.423934e-02 9.990478e-01
      outer loop
         vertex 3.085088e+00 3.544146e+01 2.000000e+01
         vertex 2.942298e+00 3.554144e+01 1.999239e+01
         vertex 2.792638e+00 3.531745e+01 1.999239e+01
      endloop
   endfacet
   facet normal -3.627770e-02 2.424039e-02 9.990477e-01
      outer loop
         vertex 3.085088e+00 3.544146e+01 2.000000e+01
         vertex 2.792638e+00 3.531745e+01 1.999239e+01
         vertex 2.939649e+00 3.522380e+01 2.000000e+01
      endloop
   endfacet
   facet normal -3.730059e-02 2.263479e-02 9.990477e-01
      outer loop
         vertex 2.939649e+00 3.522380e+01 2.000000e+01
         vertex 2.792638e+00 3.531745e+01 1.999239e+01
         vertex 2.652887e+00 3.508716e+01 1.999239e+01
      endloop
   endfacet
   facet normal -3.730020e-02 2.263397e-02 9.990477e-01
      outer loop
         vertex 2.939649e+00 3.522380e+01 2.000000e+01
         vertex 2.652887e+00 3.508716e+01 1.999239e+01
         vertex 2.803847e+00 3.500000e+01 2.000000e+01
      endloop
   endfacet
   facet normal -3.825192e-02 2.098552e-02 9.990477e-01
      outer loop
         vertex 2.803847e+00 3.500000e+01 2.000000e+01
         vertex 2.652887e+00 3.508716e+01 1.999239e+01
         vertex 2.523318e+00 3.485098e+01 1.999239e+01
      endloop
   endfacet
   facet normal -3.825239e-02 2.098641e-02 9.990477e-01
      outer loop
         vertex 2.803847e+00 3.500000e+01 2.000000e+01
         vertex 2.523318e+00 3.485098e+01 1.999239e+01
         vertex 2.677932e+00 3.477049e+01 2.000000e+01
      endloop
   endfacet
   facet normal -3.913152e-02 1.929764e-02 9.990477e-01
      outer loop
         vertex 2.677932e+00 3.477049e+01 2.000000e+01
         vertex 2.523318e+00 3.485098e+01 1.999239e+01
         vertex 2.404172e+00 3.460938e+01 1.999239e+01
      endloop
   endfacet
   facet normal -3.913143e-02 1.929749e-02 9.990477e-01
      outer loop
         vertex 2.677932e+00 3.477049e+01 2.000000e+01
         vertex 2.404172e+00 3.460938e+01 1.999239e+01
         vertex 2.562150e+00 3.453571e+01 2.000000e+01
      endloop
   endfacet
   facet normal -3.993607e-02 1.757197e-02 9.990477e-01
      outer loop
         vertex 2.562150e+00 3.453571e+01 2.000000e+01
         vertex 2.404172e+00 3.460938e+01 1.999239e+01
         vertex 2.295680e+00 3.436281e+01 1.999239e+01
      endloop
   endfacet
   facet normal -3.993621e-02 1.757219e-02 9.990477e-01
      outer loop
         vertex 2.562150e+00 3.453571e+01 2.000000e+01
         vertex 2.295680e+00 3.436281e+01 1.999239e+01
         vertex 2.456721e+00 3.429610e+01 2.000000e+01
      endloop
   endfacet
   facet normal -4.066457e-02 1.581378e-02 9.990477e-01
      outer loop
         vertex 2.456721e+00 3.429610e+01 2.000000e+01
         vertex 2.295680e+00 3.436281e+01 1.999239e+01
         vertex 2.198044e+00 3.411174e+01 1.999239e+01
      endloop
   endfacet
   facet normal -4.066454e-02 1.581374e-02 9.990477e-01
      outer loop
         vertex 2.456721e+00 3.429610e+01 2.000000e+01
         vertex 2.198044e+00 3.411174e+01 1.999239e+01
         vertex 2.361841e+00 3.405212e+01 2.000000e+01
      endloop
   endfacet
   facet normal -4.131567e-02 1.402480e-02 9.990477e-01
      outer loop
         vertex 2.361841e+00 3.405212e+01 2.000000e+01
         vertex 2.198044e+00 3.411174e+01 1.999239e+01
         vertex 2.111454e+00 3.385665e+01 1.999239e+01
      endloop
   endfacet
   facet normal -4.131512e-02 1.402410e-02 9.990477e-01
      outer loop
         vertex 2.361841e+00 3.405212e+01 2.000000e+01
         vertex 2.111454e+00 3.385665e+01 1.999239e+01
         vertex 2.277698e+00 3.380423e+01 2.000000e+01
      endloop
   endfacet
   facet normal -4.188740e-02 1.220904e-02 9.990477e-01
      outer loop
         vertex 2.277698e+00 3.380423e+01 2.000000e+01
         vertex 2.111454e+00 3.385665e+01 1.999239e+01
         vertex 2.036072e+00 3.359803e+01 1.999239e+01
      endloop
   endfacet
   facet normal -4.188760e-02 1.220928e-02 9.990477e-01
      outer loop
         vertex 2.277698e+00 3.380423e+01 2.000000e+01
         vertex 2.036072e+00 3.359803e+01 1.999239e+01
         vertex 2.204444e+00 3.355291e+01 2.000000e+01
      endloop
   endfacet
   facet normal -4.238026e-02 1.037065e-02 9.990477e-01
      outer loop
         vertex 2.204444e+00 3.355291e+01 2.000000e+01
         vertex 2.036072e+00 3.359803e+01 1.999239e+01
         vertex 1.972042e+00 3.333637e+01 1.999239e+01
      endloop
   endfacet
   facet normal -4.237966e-02 1.037000e-02 9.990478e-01
      outer loop
         vertex 2.204444e+00 3.355291e+01 2.000000e+01
         vertex 1.972042e+00 3.333637e+01 1.999239e+01
         vertex 2.142224e+00 3.329864e+01 2.000000e+01
      endloop
   endfacet
   facet normal -4.279167e-02 8.511543e-03 9.990478e-01
      outer loop
         vertex 2.142224e+00 3.329864e+01 2.000000e+01
         vertex 1.972042e+00 3.333637e+01 1.999239e+01
         vertex 1.919489e+00 3.307216e+01 1.999239e+01
      endloop
   endfacet
   facet normal -4.279270e-02 8.512563e-03 9.990477e-01
      outer loop
         vertex 2.142224e+00 3.329864e+01 2.000000e+01
         vertex 1.919489e+00 3.307216e+01 1.999239e+01
         vertex 2.091151e+00 3.304189e+01 2.000000e+01
      endloop
   endfacet
   facet normal -4.312330e-02 6.637673e-03 9.990477e-01
      outer loop
         vertex 2.091151e+00 3.304189e+01 2.000000e+01
         vertex 1.919489e+00 3.307216e+01 1.999239e+01
         vertex 1.878507e+00 3.280591e+01 1.999239e+01
      endloop
   endfacet
   facet normal -4.312212e-02 6.636608e-03 9.990478e-01
      outer loop
         vertex 2.091151e+00 3.304189e+01 2.000000e+01
         vertex 1.878507e+00 3.280591e+01 1.999239e+01
         vertex 2.051331e+00 3.278316e+01 2.000000e+01
      endloop
   endfacet
   facet normal -4.337054e-02 4.749614e-03 9.990478e-01
      outer loop
         vertex 2.051331e+00 3.278316e+01 2.000000e+01
         vertex 1.878507e+00 3.280591e+01 1.999239e+01
         vertex 1.849182e+00 3.253813e+01 1.999239e+01
      endloop
   endfacet
   facet normal -4.337161e-02 4.750493e-03 9.990477e-01
      outer loop
         vertex 2.051331e+00 3.278316e+01 2.000000e+01
         vertex 1.849182e+00 3.253813e+01 1.999239e+01
         vertex 2.022829e+00 3.252293e+01 2.000000e+01
      endloop
   endfacet
   facet normal -4.353759e-02 2.853342e-03 9.990477e-01
      outer loop
         vertex 2.022829e+00 3.252293e+01 2.000000e+01
         vertex 1.849182e+00 3.253813e+01 1.999239e+01
         vertex 1.831565e+00 3.226932e+01 1.999239e+01
      endloop
   endfacet
   facet normal -4.353806e-02 2.853692e-03 9.990477e-01
      outer loop
         vertex 2.022829e+00 3.252293e+01 2.000000e+01
         vertex 1.831565e+00 3.226932e+01 1.999239e+01
         vertex 2.005707e+00 3.226172e+01 2.000000e+01
      endloop
   endfacet
   facet normal -4.362108e-02 9.521277e-04 9.990477e-01
      outer loop
         vertex 2.005707e+00 3.226172e+01 2.000000e+01
         vertex 1.831565e+00 3.226932e+01 1.999239e+01
         vertex 1.825687e+00 3.200000e+01 1.999239e+01
      endloop
   endfacet
   facet normal -4.361973e-02 9.511975e-04 9.990478e-01
      outer loop
         vertex 2.005707e+00 3.226172e+01 2.000000e+01
         vertex 1.825687e+00 3.200000e+01 1.999239e+01
         vertex 2.000000e+00 3.200000e+01 2.000000e+01
      endloop
   endfacet
   facet normal -0.000000e+00 1.000000e+00 0.000000e+00
      outer loop
         vertex 7.999998e+00 1.399999e+00 1.850000e+01
         vertex 6.480000e+01 1.399999e+00 1.850000e+01
         vertex 7.999998e+00 1.399999e+00 1.560000e+01
      endloop
   endfacet
   facet normal 0.000000e+00 1.000000e+00 0.000000e+00
      outer loop
         vertex 7.999998e+00 1.399999e+00 1.560000e+01
         vertex 6.480000e+01 1.399999e+00 1.850000e+01
         vertex 6.480000e+01 1.399999e+00 1.560000e+01
      endloop
   endfacet
   facet normal 9.994171e-01 3.413963e-02 -0.000000e+00
      outer loop
         vertex 1.399998e+00 7.999999e+00 1.560000e+01
         vertex 1.399998e+00 7.999999e+00 1.850000e+01
         vertex 1.415383e+00 7.549600e+00 1.560000e+01
      endloop
   endfacet
   facet normal 9.994171e-01 3.413963e-02 -0.000000e+00
      outer loop
         vertex 1.415383e+00 7.549600e+00 1.560000e+01
         vertex 1.399998e+00 7.999999e+00 1.850000e+01
         vertex 1.415383e+00 7.549600e+00 1.850000e+01
      endloop
   endfacet
   facet normal 9.947567e-01 1.022699e-01 -0.000000e+00
      outer loop
         vertex 1.415383e+00 7.549600e+00 1.560000e+01
         vertex 1.415383e+00 7.549600e+00 1.850000e+01
         vertex 1.461472e+00 7.101299e+00 1.560000e+01
      endloop
   endfacet
   facet normal 9.947567e-01 1.022699e-01 -0.000000e+00
      outer loop
         vertex 1.461472e+00 7.101299e+00 1.560000e+01
         vertex 1.415383e+00 7.549600e+00 1.850000e+01
         vertex 1.461472e+00 7.101299e+00 1.850000e+01
      endloop
   endfacet
   facet normal 9.854605e-01 1.699048e-01 -0.000000e+00
      outer loop
         vertex 1.461472e+00 7.101299e+00 1.560000e+01
         vertex 1.461472e+00 7.101299e+00 1.850000e+01
         vertex 1.538042e+00 6.657190e+00 1.560000e+01
      endloop
   endfacet
   facet normal 9.854605e-01 1.699048e-01 -0.000000e+00
      outer loop
         vertex 1.538042e+00 6.657190e+00 1.560000e+01
         vertex 1.461472e+00 7.101299e+00 1.850000e+01
         vertex 1.538042e+00 6.657190e+00 1.850000e+01
      endloop
   endfacet
   facet normal 9.715658e-01 2.367698e-01 -0.000000e+00
      outer loop
         vertex 1.538042e+00 6.657190e+00 1.560000e+01
         vertex 1.538042e+00 6.657190e+00 1.850000e+01
         vertex 1.644745e+00 6.219340e+00 1.560000e+01
      endloop
   endfacet
   facet normal 9.715658e-01 2.367698e-01 -0.000000e+00
      outer loop
         vertex 1.644745e+00 6.219340e+00 1.560000e+01
         vertex 1.538042e+00 6.657190e+00 1.850000e+01
         vertex 1.644745e+00 6.219340e+00 1.850000e+01
      endloop
   endfacet
   facet normal 9.531455e-01 3.025121e-01 -0.000000e+00
      outer loop
         vertex 1.644745e+00 6.219340e+00 1.560000e+01
         vertex 1.644745e+00 6.219340e+00 1.850000e+01
         vertex 1.781076e+00 5.789794e+00 1.560000e+01
      endloop
   endfacet
   facet normal 9.531455e-01 3.025121e-01 -0.000000e+00
      outer loop
         vertex 1.781076e+00 5.789794e+00 1.560000e+01
         vertex 1.644745e+00 6.219340e+00 1.850000e+01
         vertex 1.781076e+00 5.789794e+00 1.850000e+01
      endloop
   endfacet
   facet normal 9.302777e-01 3.668562e-01 -0.000000e+00
      outer loop
         vertex 1.781076e+00 5.789794e+00 1.560000e+01
         vertex 1.781076e+00 5.789794e+00 1.850000e+01
         vertex 1.946405e+00 5.370553e+00 1.560000e+01
      endloop
   endfacet
   facet normal 9.302777e-01 3.668562e-01 -0.000000e+00
      outer loop
         vertex 1.946405e+00 5.370553e+00 1.560000e+01
         vertex 1.781076e+00 5.789794e+00 1.850000e+01
         vertex 1.946405e+00 5.370553e+00 1.850000e+01
      endloop
   endfacet
   facet normal 9.030757e-01 4.294814e-01 -0.000000e+00
      outer loop
         vertex 1.946405e+00 5.370553e+00 1.560000e+01
         vertex 1.946405e+00 5.370553e+00 1.850000e+01
         vertex 2.139956e+00 4.963570e+00 1.560000e+01
      endloop
   endfacet
   facet normal 9.030757e-01 4.294814e-01 -0.000000e+00
      outer loop
         vertex 2.139956e+00 4.963570e+00 1.560000e+01
         vertex 1.946405e+00 5.370553e+00 1.850000e+01
         vertex 2.139956e+00 4.963570e+00 1.850000e+01
      endloop
   endfacet
   facet normal 8.716585e-01 4.901137e-01 -0.000000e+00
      outer loop
         vertex 2.139956e+00 4.963570e+00 1.560000e+01
         vertex 2.139956e+00 4.963570e+00 1.850000e+01
         vertex 2.360832e+00 4.570746e+00 1.560000e+01
      endloop
   endfacet
   facet normal 8.716585e-01 4.901137e-01 -0.000000e+00
      outer loop
         vertex 2.360832e+00 4.570746e+00 1.560000e+01
         vertex 2.139956e+00 4.963570e+00 1.850000e+01
         vertex 2.360832e+00 4.570746e+00 1.850000e+01
      endloop
   endfacet
   facet normal 8.361836e-01 5.484496e-01 -0.000000e+00
      outer loop
         vertex 2.360832e+00 4.570746e+00 1.560000e+01
         vertex 2.360832e+00 4.570746e+00 1.850000e+01
         vertex 2.607998e+00 4.193909e+00 1.560000e+01
      endloop
   endfacet
   facet normal 8.361836e-01 5.484496e-01 -0.000000e+00
      outer loop
         vertex 2.607998e+00 4.193909e+00 1.560000e+01
         vertex 2.360832e+00 4.570746e+00 1.850000e+01
         vertex 2.607998e+00 4.193909e+00 1.850000e+01
      endloop
   endfacet
   facet normal 7.968041e-01 6.042378e-01 -0.000000e+00
      outer loop
         vertex 2.607998e+00 4.193909e+00 1.560000e+01
         vertex 2.607998e+00 4.193909e+00 1.850000e+01
         vertex 2.880305e+00 3.834819e+00 1.560000e+01
      endloop
   endfacet
   facet normal 7.968041e-01 6.042378e-01 -0.000000e+00
      outer loop
         vertex 2.880305e+00 3.834819e+00 1.560000e+01
         vertex 2.607998e+00 4.193909e+00 1.850000e+01
         vertex 2.880305e+00 3.834819e+00 1.850000e+01
      endloop
   endfacet
   facet normal 7.537147e-01 6.572018e-01 -0.000000e+00
      outer loop
         vertex 2.880305e+00 3.834819e+00 1.560000e+01
         vertex 2.880305e+00 3.834819e+00 1.850000e+01
         vertex 3.176481e+00 3.495149e+00 1.560000e+01
      endloop
   endfacet
   facet normal 7.537147e-01 6.572018e-01 -0.000000e+00
      outer loop
         vertex 3.176481e+00 3.495149e+00 1.560000e+01
         vertex 2.880305e+00 3.834819e+00 1.850000e+01
         vertex 3.176481e+00 3.495149e+00 1.850000e+01
      endloop
   endfacet
   facet normal 7.071047e-01 7.071088e-01 -0.000000e+00
      outer loop
         vertex 3.176481e+00 3.495149e+00 1.560000e+01
         vertex 3.176481e+00 3.495149e+00 1.850000e+01
         vertex 3.495149e+00 3.176482e+00 1.560000e+01
      endloop
   endfacet
   facet normal 7.071047e-01 7.071088e-01 -0.000000e+00
      outer loop
         vertex 3.495149e+00 3.176482e+00 1.560000e+01
         vertex 3.176481e+00 3.495149e+00 1.850000e+01
         vertex 3.495149e+00 3.176482e+00 1.850000e+01
      endloop
   endfacet
   facet normal 6.572062e-01 7.537108e-01 -0.000000e+00
      outer loop
         vertex 3.495149e+00 3.176482e+00 1.560000e+01
         vertex 3.495149e+00 3.176482e+00 1.850000e+01
         vertex 3.834818e+00 2.880305e+00 1.560000e+01
      endloop
   endfacet
   facet normal 6.572062e-01 7.537108e-01 -0.000000e+00
      outer loop
         vertex 3.834818e+00 2.880305e+00 1.560000e+01
         vertex 3.495149e+00 3.176482e+00 1.850000e+01
         vertex 3.834818e+00 2.880305e+00 1.850000e+01
      endloop
   endfacet
   facet normal 6.042358e-01 7.968056e-01 -0.000000e+00
      outer loop
         vertex 3.834818e+00 2.880305e+00 1.560000e+01
         vertex 3.834818e+00 2.880305e+00 1.850000e+01
         vertex 4.193909e+00 2.607998e+00 1.560000e+01
      endloop
   endfacet
   facet normal 6.042358e-01 7.968056e-01 -0.000000e+00
      outer loop
         vertex 4.193909e+00 2.607998e+00 1.560000e+01
         vertex 3.834818e+00 2.880305e+00 1.850000e+01
         vertex 4.193909e+00 2.607998e+00 1.850000e+01
      endloop
   endfacet
   facet normal 5.484506e-01 8.361830e-01 -0.000000e+00
      outer loop
         vertex 4.193909e+00 2.607998e+00 1.560000e+01
         vertex 4.193909e+00 2.607998e+00 1.850000e+01
         vertex 4.570745e+00 2.360832e+00 1.560000e+01
      endloop
   endfacet
   facet normal 5.484506e-01 8.361830e-01 -0.000000e+00
      outer loop
         vertex 4.570745e+00 2.360832e+00 1.560000e+01
         vertex 4.193909e+00 2.607998e+00 1.850000e+01
         vertex 4.570745e+00 2.360832e+00 1.850000e+01
      endloop
   endfacet
   facet normal 4.901105e-01 8.716603e-01 -0.000000e+00
      outer loop
         vertex 4.570745e+00 2.360832e+00 1.560000e+01
         vertex 4.570745e+00 2.360832e+00 1.850000e+01
         vertex 4.963569e+00 2.139958e+00 1.560000e+01
      endloop
   endfacet
   facet normal 4.901105e-01 8.716603e-01 -0.000000e+00
      outer loop
         vertex 4.963569e+00 2.139958e+00 1.560000e+01
         vertex 4.570745e+00 2.360832e+00 1.850000e+01
         vertex 4.963569e+00 2.139958e+00 1.850000e+01
      endloop
   endfacet
   facet normal 4.294864e-01 9.030733e-01 -0.000000e+00
      outer loop
         vertex 4.963569e+00 2.139958e+00 1.560000e+01
         vertex 4.963569e+00 2.139958e+00 1.850000e+01
         vertex 5.370550e+00 1.946405e+00 1.560000e+01
      endloop
   endfacet
   facet normal 4.294864e-01 9.030733e-01 -0.000000e+00
      outer loop
         vertex 5.370550e+00 1.946405e+00 1.560000e+01
         vertex 4.963569e+00 2.139958e+00 1.850000e+01
         vertex 5.370550e+00 1.946405e+00 1.850000e+01
      endloop
   endfacet
   facet normal 3.668505e-01 9.302799e-01 -0.000000e+00
      outer loop
         vertex 5.370550e+00 1.946405e+00 1.560000e+01
         vertex 5.370550e+00 1.946405e+00 1.850000e+01
         vertex 5.789794e+00 1.781078e+00 1.560000e+01
      endloop
   endfacet
   facet normal 3.668505e-01 9.302799e-01 -0.000000e+00
      outer loop
         vertex 5.789794e+00 1.781078e+00 1.560000e+01
         vertex 5.370550e+00 1.946405e+00 1.850000e+01
         vertex 5.789794e+00 1.781078e+00 1.850000e+01
      endloop
   endfacet
   facet normal 3.025171e-01 9.531440e-01 -0.000000e+00
      outer loop
         vertex 5.789794e+00 1.781078e+00 1.560000e+01
         vertex 5.789794e+00 1.781078e+00 1.850000e+01
         vertex 6.219339e+00 1.644745e+00 1.560000e+01
      endloop
   endfacet
   facet normal 3.025171e-01 9.531440e-01 -0.000000e+00
      outer loop
         vertex 6.219339e+00 1.644745e+00 1.560000e+01
         vertex 5.789794e+00 1.781078e+00 1.850000e+01
         vertex 6.219339e+00 1.644745e+00 1.850000e+01
      endloop
   endfacet
   facet normal 2.367645e-01 9.715671e-01 -0.000000e+00
      outer loop
         vertex 6.219339e+00 1.644745e+00 1.560000e+01
         vertex 6.219339e+00 1.644745e+00 1.850000e+01
         vertex 6.657191e+00 1.538044e+00 1.560000e+01
      endloop
   endfacet
   facet normal 2.367645e-01 9.715671e-01 -0.000000e+00
      outer loop
         vertex 6.657191e+00 1.538044e+00 1.560000e+01
         vertex 6.219339e+00 1.644745e+00 1.850000e+01
         vertex 6.657191e+00 1.538044e+00 1.850000e+01
      endloop
   endfacet
   facet normal 1.699098e-01 9.854596e-01 -0.000000e+00
      outer loop
         vertex 6.657191e+00 1.538044e+00 1.560000e+01
         vertex 6.657191e+00 1.538044e+00 1.850000e+01
         vertex 7.101297e+00 1.461472e+00 1.560000e+01
      endloop
   endfacet
   facet normal 1.699098e-01 9.854596e-01 -0.000000e+00
      outer loop
         vertex 7.101297e+00 1.461472e+00 1.560000e+01
         vertex 6.657191e+00 1.538044e+00 1.850000e+01
         vertex 7.101297e+00 1.461472e+00 1.850000e+01
      endloop
   endfacet
   facet normal 1.022656e-01 9.947571e-01 -0.000000e+00
      outer loop
         vertex 7.101297e+00 1.461472e+00 1.560000e+01
         vertex 7.101297e+00 1.461472e+00 1.850000e+01
         vertex 7.549599e+00 1.415385e+00 1.560000e+01
      endloop
   endfacet
   facet normal 1.022656e-01 9.947571e-01 -0.000000e+00
      outer loop
         vertex 7.549599e+00 1.415385e+00 1.560000e+01
         vertex 7.101297e+00 1.461472e+00 1.850000e+01
         vertex 7.549599e+00 1.415385e+00 1.850000e+01
      endloop
   endfacet
   facet normal 3.413970e-02 9.994171e-01 -0.000000e+00
      outer loop
         vertex 7.549599e+00 1.415385e+00 1.560000e+01
         vertex 7.549599e+00 1.415385e+00 1.850000e+01
         vertex 7.999998e+00 1.399999e+00 1.560000e+01
      endloop
   endfacet
   facet normal 3.413970e-02 9.994171e-01 -0.000000e+00
      outer loop
         vertex 7.999998e+00 1.399999e+00 1.560000e+01
         vertex 7.549599e+00 1.415385e+00 1.850000e+01
         vertex 7.999998e+00 1.399999e+00 1.850000e+01
      endloop
   endfacet
   facet normal 3.413970e-02 -9.994171e-01 0.000000e+00
      outer loop
         vertex 7.999998e+00 3.860000e+01 1.560000e+01
         vertex 7.999998e+00 3.860000e+01 1.850000e+01
         vertex 7.549599e+00 3.858461e+01 1.560000e+01
      endloop
   endfacet
   facet normal 3.413970e-02 -9.994171e-01 0.000000e+00
      outer loop
         vertex 7.549599e+00 3.858461e+01 1.560000e+01
         vertex 7.999998e+00 3.860000e+01 1.850000e+01
         vertex 7.549599e+00 3.858461e+01 1.850000e+01
      endloop
   endfacet
   facet normal 1.022656e-01 -9.947571e-01 0.000000e+00
      outer loop
         vertex 7.549599e+00 3.858461e+01 1.560000e+01
         vertex 7.549599e+00 3.858461e+01 1.850000e+01
         vertex 7.101297e+00 3.853853e+01 1.560000e+01
      endloop
   endfacet
   facet normal 1.022656e-01 -9.947571e-01 0.000000e+00
      outer loop
         vertex 7.101297e+00 3.853853e+01 1.560000e+01
         vertex 7.549599e+00 3.858461e+01 1.850000e+01
         vertex 7.101297e+00 3.853853e+01 1.850000e+01
      endloop
   endfacet
   facet normal 1.699098e-01 -9.854596e-01 0.000000e+00
      outer loop
         vertex 7.101297e+00 3.853853e+01 1.560000e+01
         vertex 7.101297e+00 3.853853e+01 1.850000e+01
         vertex 6.657191e+00 3.846196e+01 1.560000e+01
      endloop
   endfacet
   facet normal 1.699098e-01 -9.854596e-01 0.000000e+00
      outer loop
         vertex 6.657191e+00 3.846196e+01 1.560000e+01
         vertex 7.101297e+00 3.853853e+01 1.850000e+01
         vertex 6.657191e+00 3.846196e+01 1.850000e+01
      endloop
   endfacet
   facet normal 2.367645e-01 -9.715671e-01 0.000000e+00
      outer loop
         vertex 6.657191e+00 3.846196e+01 1.560000e+01
         vertex 6.657191e+00 3.846196e+01 1.850000e+01
         vertex 6.219339e+00 3.835525e+01 1.560000e+01
      endloop
   endfacet
   facet normal 2.367645e-01 -9.715671e-01 0.000000e+00
      outer loop
         vertex 6.219339e+00 3.835525e+01 1.560000e+01
         vertex 6.657191e+00 3.846196e+01 1.850000e+01
         vertex 6.219339e+00 3.835525e+01 1.850000e+01
      endloop
   endfacet
   facet normal 3.025171e-01 -9.531440e-01 0.000000e+00
      outer loop
         vertex 6.219339e+00 3.835525e+01 1.560000e+01
         vertex 6.219339e+00 3.835525e+01 1.850000e+01
         vertex 5.789794e+00 3.821892e+01 1.560000e+01
      endloop
   endfacet
   facet normal 3.025171e-01 -9.531440e-01 0.000000e+00
      outer loop
         vertex 5.789794e+00 3.821892e+01 1.560000e+01
         vertex 6.219339e+00 3.835525e+01 1.850000e+01
         vertex 5.789794e+00 3.821892e+01 1.850000e+01
      endloop
   endfacet
   facet normal 3.668505e-01 -9.302799e-01 0.000000e+00
      outer loop
         vertex 5.789794e+00 3.821892e+01 1.560000e+01
         vertex 5.789794e+00 3.821892e+01 1.850000e+01
         vertex 5.370550e+00 3.805359e+01 1.560000e+01
      endloop
   endfacet
   facet normal 3.668505e-01 -9.302799e-01 0.000000e+00
      outer loop
         vertex 5.370550e+00 3.805359e+01 1.560000e+01
         vertex 5.789794e+00 3.821892e+01 1.850000e+01
         vertex 5.370550e+00 3.805359e+01 1.850000e+01
      endloop
   endfacet
   facet normal 4.294864e-01 -9.030733e-01 0.000000e+00
      outer loop
         vertex 5.370550e+00 3.805359e+01 1.560000e+01
         vertex 5.370550e+00 3.805359e+01 1.850000e+01
         vertex 4.963569e+00 3.786004e+01 1.560000e+01
      endloop
   endfacet
   facet normal 4.294864e-01 -9.030733e-01 0.000000e+00
      outer loop
         vertex 4.963569e+00 3.786004e+01 1.560000e+01
         vertex 5.370550e+00 3.805359e+01 1.850000e+01
         vertex 4.963569e+00 3.786004e+01 1.850000e+01
      endloop
   endfacet
   facet normal 4.901105e-01 -8.716603e-01 0.000000e+00
      outer loop
         vertex 4.963569e+00 3.786004e+01 1.560000e+01
         vertex 4.963569e+00 3.786004e+01 1.850000e+01
         vertex 4.570745e+00 3.763917e+01 1.560000e+01
      endloop
   endfacet
   facet normal 4.901105e-01 -8.716603e-01 0.000000e+00
      outer loop
         vertex 4.570745e+00 3.763917e+01 1.560000e+01
         vertex 4.963569e+00 3.786004e+01 1.850000e+01
         vertex 4.570745e+00 3.763917e+01 1.850000e+01
      endloop
   endfacet
   facet normal 5.484506e-01 -8.361830e-01 0.000000e+00
      outer loop
         vertex 4.570745e+00 3.763917e+01 1.560000e+01
         vertex 4.570745e+00 3.763917e+01 1.850000e+01
         vertex 4.193909e+00 3.739200e+01 1.560000e+01
      endloop
   endfacet
   facet normal 5.484506e-01 -8.361830e-01 0.000000e+00
      outer loop
         vertex 4.193909e+00 3.739200e+01 1.560000e+01
         vertex 4.570745e+00 3.763917e+01 1.850000e+01
         vertex 4.193909e+00 3.739200e+01 1.850000e+01
      endloop
   endfacet
   facet normal 6.042358e-01 -7.968056e-01 0.000000e+00
      outer loop
         vertex 4.193909e+00 3.739200e+01 1.560000e+01
         vertex 4.193909e+00 3.739200e+01 1.850000e+01
         vertex 3.834818e+00 3.711969e+01 1.560000e+01
      endloop
   endfacet
   facet normal 6.042358e-01 -7.968056e-01 0.000000e+00
      outer loop
         vertex 3.834818e+00 3.711969e+01 1.560000e+01
         vertex 4.193909e+00 3.739200e+01 1.850000e+01
         vertex 3.834818e+00 3.711969e+01 1.850000e+01
      endloop
   endfacet
   facet normal 6.572062e-01 -7.537108e-01 0.000000e+00
      outer loop
         vertex 3.834818e+00 3.711969e+01 1.560000e+01
         vertex 3.834818e+00 3.711969e+01 1.850000e+01
         vertex 3.495149e+00 3.682352e+01 1.560000e+01
      endloop
   endfacet
   facet normal 6.572062e-01 -7.537108e-01 0.000000e+00
      outer loop
         vertex 3.495149e+00 3.682352e+01 1.560000e+01
         vertex 3.834818e+00 3.711969e+01 1.850000e+01
         vertex 3.495149e+00 3.682352e+01 1.850000e+01
      endloop
   endfacet
   facet normal 7.071047e-01 -7.071088e-01 0.000000e+00
      outer loop
         vertex 3.495149e+00 3.682352e+01 1.560000e+01
         vertex 3.495149e+00 3.682352e+01 1.850000e+01
         vertex 3.176481e+00 3.650485e+01 1.560000e+01
      endloop
   endfacet
   facet normal 7.071047e-01 -7.071088e-01 0.000000e+00
      outer loop
         vertex 3.176481e+00 3.650485e+01 1.560000e+01
         vertex 3.495149e+00 3.682352e+01 1.850000e+01
         vertex 3.176481e+00 3.650485e+01 1.850000e+01
      endloop
   endfacet
   facet normal 7.537147e-01 -6.572018e-01 0.000000e+00
      outer loop
         vertex 3.176481e+00 3.650485e+01 1.560000e+01
         vertex 3.176481e+00 3.650485e+01 1.850000e+01
         vertex 2.880305e+00 3.616518e+01 1.560000e+01
      endloop
   endfacet
   facet normal 7.537147e-01 -6.572018e-01 0.000000e+00
      outer loop
         vertex 2.880305e+00 3.616518e+01 1.560000e+01
         vertex 3.176481e+00 3.650485e+01 1.850000e+01
         vertex 2.880305e+00 3.616518e+01 1.850000e+01
      endloop
   endfacet
   facet normal 7.968041e-01 -6.042378e-01 0.000000e+00
      outer loop
         vertex 2.880305e+00 3.616518e+01 1.560000e+01
         vertex 2.880305e+00 3.616518e+01 1.850000e+01
         vertex 2.607998e+00 3.580609e+01 1.560000e+01
      endloop
   endfacet
   facet normal 7.968041e-01 -6.042378e-01 0.000000e+00
      outer loop
         vertex 2.607998e+00 3.580609e+01 1.560000e+01
         vertex 2.880305e+00 3.616518e+01 1.850000e+01
         vertex 2.607998e+00 3.580609e+01 1.850000e+01
      endloop
   endfacet
   facet normal 8.361836e-01 -5.484496e-01 0.000000e+00
      outer loop
         vertex 2.607998e+00 3.580609e+01 1.560000e+01
         vertex 2.607998e+00 3.580609e+01 1.850000e+01
         vertex 2.360832e+00 3.542925e+01 1.560000e+01
      endloop
   endfacet
   facet normal 8.361836e-01 -5.484496e-01 0.000000e+00
      outer loop
         vertex 2.360832e+00 3.542925e+01 1.560000e+01
         vertex 2.607998e+00 3.580609e+01 1.850000e+01
         vertex 2.360832e+00 3.542925e+01 1.850000e+01
      endloop
   endfacet
   facet normal 8.716585e-01 -4.901137e-01 0.000000e+00
      outer loop
         vertex 2.360832e+00 3.542925e+01 1.560000e+01
         vertex 2.360832e+00 3.542925e+01 1.850000e+01
         vertex 2.139956e+00 3.503643e+01 1.560000e+01
      endloop
   endfacet
   facet normal 8.716585e-01 -4.901137e-01 0.000000e+00
      outer loop
         vertex 2.139956e+00 3.503643e+01 1.560000e+01
         vertex 2.360832e+00 3.542925e+01 1.850000e+01
         vertex 2.139956e+00 3.503643e+01 1.850000e+01
      endloop
   endfacet
   facet normal 9.030757e-01 -4.294814e-01 0.000000e+00
      outer loop
         vertex 2.139956e+00 3.503643e+01 1.560000e+01
         vertex 2.139956e+00 3.503643e+01 1.850000e+01
         vertex 1.946405e+00 3.462945e+01 1.560000e+01
      endloop
   endfacet
   facet normal 9.030757e-01 -4.294814e-01 0.000000e+00
      outer loop
         vertex 1.946405e+00 3.462945e+01 1.560000e+01
         vertex 2.139956e+00 3.503643e+01 1.850000e+01
         vertex 1.946405e+00 3.462945e+01 1.850000e+01
      endloop
   endfacet
   facet normal 9.302777e-01 -3.668562e-01 0.000000e+00
      outer loop
         vertex 1.946405e+00 3.462945e+01 1.560000e+01
         vertex 1.946405e+00 3.462945e+01 1.850000e+01
         vertex 1.781076e+00 3.421021e+01 1.560000e+01
      endloop
   endfacet
   facet normal 9.302777e-01 -3.668562e-01 0.000000e+00
      outer loop
         vertex 1.781076e+00 3.421021e+01 1.560000e+01
         vertex 1.946405e+00 3.462945e+01 1.850000e+01
         vertex 1.781076e+00 3.421021e+01 1.850000e+01
      endloop
   endfacet
   facet normal 9.531455e-01 -3.025121e-01 0.000000e+00
      outer loop
         vertex 1.781076e+00 3.421021e+01 1.560000e+01
         vertex 1.781076e+00 3.421021e+01 1.850000e+01
         vertex 1.644745e+00 3.378066e+01 1.560000e+01
      endloop
   endfacet
   facet normal 9.531455e-01 -3.025121e-01 0.000000e+00
      outer loop
         vertex 1.644745e+00 3.378066e+01 1.560000e+01
         vertex 1.781076e+00 3.421021e+01 1.850000e+01
         vertex 1.644745e+00 3.378066e+01 1.850000e+01
      endloop
   endfacet
   facet normal 9.715658e-01 -2.367698e-01 0.000000e+00
      outer loop
         vertex 1.644745e+00 3.378066e+01 1.560000e+01
         vertex 1.644745e+00 3.378066e+01 1.850000e+01
         vertex 1.538042e+00 3.334281e+01 1.560000e+01
      endloop
   endfacet
   facet normal 9.715658e-01 -2.367698e-01 0.000000e+00
      outer loop
         vertex 1.538042e+00 3.334281e+01 1.560000e+01
         vertex 1.644745e+00 3.378066e+01 1.850000e+01
         vertex 1.538042e+00 3.334281e+01 1.850000e+01
      endloop
   endfacet
   facet normal 9.854605e-01 -1.699048e-01 0.000000e+00
      outer loop
         vertex 1.538042e+00 3.334281e+01 1.560000e+01
         vertex 1.538042e+00 3.334281e+01 1.850000e+01
         vertex 1.461472e+00 3.289870e+01 1.560000e+01
      endloop
   endfacet
   facet normal 9.854605e-01 -1.699048e-01 0.000000e+00
      outer loop
         vertex 1.461472e+00 3.289870e+01 1.560000e+01
         vertex 1.538042e+00 3.334281e+01 1.850000e+01
         vertex 1.461472e+00 3.289870e+01 1.850000e+01
      endloop
   endfacet
   facet normal 9.947567e-01 -1.022699e-01 0.000000e+00
      outer loop
         vertex 1.461472e+00 3.289870e+01 1.560000e+01
         vertex 1.461472e+00 3.289870e+01 1.850000e+01
         vertex 1.415383e+00 3.245040e+01 1.560000e+01
      endloop
   endfacet
   facet normal 9.947567e-01 -1.022699e-01 0.000000e+00
      outer loop
         vertex 1.415383e+00 3.245040e+01 1.560000e+01
         vertex 1.461472e+00 3.289870e+01 1.850000e+01
         vertex 1.415383e+00 3.245040e+01 1.850000e+01
      endloop
   endfacet
   facet normal 9.994171e-01 -3.413963e-02 0.000000e+00
      outer loop
         vertex 1.415383e+00 3.245040e+01 1.560000e+01
         vertex 1.415383e+00 3.245040e+01 1.850000e+01
         vertex 1.399998e+00 3.200000e+01 1.560000e+01
      endloop
   endfacet
   facet normal 9.994171e-01 -3.413963e-02 0.000000e+00
      outer loop
         vertex 1.399998e+00 3.200000e+01 1.560000e+01
         vertex 1.415383e+00 3.245040e+01 1.850000e+01
         vertex 1.399998e+00 3.200000e+01 1.850000e+01
      endloop
   endfacet
   facet normal -0.000000e+00 -1.000000e+00 -0.000000e+00
      outer loop
         vertex 6.480000e+01 3.860000e+01 1.850000e+01
         vertex 7.999998e+00 3.860000e+01 1.850000e+01
         vertex 6.480000e+01 3.860000e+01 1.560000e+01
      endloop
   endfacet
   facet normal 0.000000e+00 -1.000000e+00 0.000000e+00
      outer loop
         vertex 6.480000e+01 3.860000e+01 1.560000e+01
         vertex 7.999998e+00 3.860000e+01 1.850000e+01
         vertex 7.999998e+00 3.860000e+01 1.560000e+01
      endloop
   endfacet
   facet normal 0.000000e+00 0.000000e+00 -1.000000e+00
      outer loop
         vertex 6.346351e+01 1.700000e+01 1.610582e+01
         vertex 6.346351e+01 2.300000e+01 1.610582e+01
         vertex 6.780000e+01 1.700000e+01 1.610582e+01
      endloop
   endfacet
   facet normal 0.000000e+00 0.000000e+00 -1.000000e+00
      outer loop
         vertex 6.780000e+01 1.700000e+01 1.610582e+01
         vertex 6.346351e+01 2.300000e+01 1.610582e+01
         vertex 6.780000e+01 2.300000e+01 1.610582e+01
      endloop
   endfacet
   facet normal 0.000000e+00 0.000000e+00 1.000000e+00
      outer loop
         vertex 6.780000e+01 2.300000e+01 1.850000e+01
         vertex 6.480000e+01 2.300000e+01 1.850000e+01
         vertex 6.780000e+01 1.700000e+01 1.850000e+01
      endloop
   endfacet
   facet normal 0.000000e+00 0.000000e+00 1.000000e+00
      outer loop
         vertex 6.780000e+01 1.700000e+01 1.850000e+01
         vertex 6.480000e+01 2.300000e+01 1.850000e+01
         vertex 6.480000e+01 1.700000e+01 1.850000e+01
      endloop
   endfacet
   facet normal 1.000000e+00 0.000000e+00 -0.000000e+00
      outer loop
         vertex 6.780000e+01 2.300000e+01 1.610582e+01
         vertex 6.780000e+01 2.300000e+01 1.850000e+01
         vertex 6.780000e+01 1.700000e+01 1.610582e+01
      endloop
   endfacet
   facet normal 1.000000e+00 0.000000e+00 0.000000e+00
      outer loop
         vertex 6.780000e+01 1.700000e+01 1.610582e+01
         vertex 6.780000e+01 2.300000e+01 1.850000e+01
         vertex 6.780000e+01 1.700000e+01 1.850000e+01
      endloop
   endfacet
   facet normal -1.000000e+00 -0.000000e+00 -0.000000e+00
      outer loop
         vertex 6.180000e+01 2.300000e+01 1.850000e+01
         vertex 6.180000e+01 2.300000e+01 1.699554e+01
         vertex 6.180000e+01 1.700000e+01 1.850000e+01
      endloop
   endfacet
   facet normal -1.000000e+00 0.000000e+00 0.000000e+00
      outer loop
         vertex 6.180000e+01 1.700000e+01 1.850000e+01
         vertex 6.180000e+01 2.300000e+01 1.699554e+01
         vertex 6.180000e+01 1.700000e+01 1.699554e+01
      endloop
   endfacet
   facet normal 0.000000e+00 1.000000e+00 0.000000e+00
      outer loop
         vertex 4.400000e+00 3.042191e+01 1.760000e+01
         vertex 4.400000e+00 3.042191e+01 1.560000e+01
         vertex 1.399998e+00 3.042191e+01 1.760000e+01
      endloop
   endfacet
   facet normal 0.000000e+00 1.000000e+00 0.000000e+00
      outer loop
         vertex 1.399998e+00 3.042191e+01 1.760000e+01
         vertex 4.400000e+00 3.042191e+01 1.560000e+01
         vertex 1.399998e+00 3.042191e+01 1.560000e+01
      endloop
   endfacet
   facet normal 0.000000e+00 -0.000000e+00 1.000000e+00
      outer loop
         vertex 4.400000e+00 2.617328e+01 1.760000e+01
         vertex 4.400000e+00 3.042191e+01 1.760000e+01
         vertex 1.399998e+00 2.617328e+01 1.760000e+01
      endloop
   endfacet
   facet normal 0.000000e+00 0.000000e+00 1.000000e+00
      outer loop
         vertex 1.399998e+00 2.617328e+01 1.760000e+01
         vertex 4.400000e+00 3.042191e+01 1.760000e+01
         vertex 1.399998e+00 3.042191e+01 1.760000e+01
      endloop
   endfacet
   facet normal 0.000000e+00 -1.000000e+00 0.000000e+00
      outer loop
         vertex 4.400000e+00 2.617328e+01 1.560000e+01
         vertex 4.400000e+00 2.617328e+01 1.760000e+01
         vertex 1.399998e+00 2.617328e+01 1.560000e+01
      endloop
   endfacet
   facet normal 0.000000e+00 -1.000000e+00 0.000000e+00
      outer loop
         vertex 1.399998e+00 2.617328e+01 1.560000e+01
         vertex 4.400000e+00 2.617328e+01 1.760000e+01
         vertex 1.399998e+00 2.617328e+01 1.760000e+01
      endloop
   endfacet
   facet normal 1.000000e+00 0.000000e+00 0.000000e+00
      outer loop
         vertex 4.400000e+00 3.042191e+01 1.760000e+01
         vertex 4.400000e+00 2.617328e+01 1.760000e+01
         vertex 4.400000e+00 3.042191e+01 1.560000e+01
      endloop
   endfacet
   facet normal 1.000000e+00 0.000000e+00 0.000000e+00
      outer loop
         vertex 4.400000e+00 3.042191e+01 1.560000e+01
         vertex 4.400000e+00 2.617328e+01 1.760000e+01
         vertex 4.400000e+00 2.617328e+01 1.560000e+01
      endloop
   endfacet
   facet normal 0.000000e+00 -0.000000e+00 1.000000e+00
      outer loop
         vertex 4.400000e+00 9.578087e+00 1.760000e+01
         vertex 4.400000e+00 1.382672e+01 1.760000e+01
         vertex 1.399998e+00 9.578087e+00 1.760000e+01
      endloop
   endfacet
   facet normal 0.000000e+00 0.000000e+00 1.000000e+00
      outer loop
         vertex 1.399998e+00 9.578087e+00 1.760000e+01
         vertex 4.400000e+00 1.382672e+01 1.760000e+01
         vertex 1.399998e+00 1.382672e+01 1.760000e+01
      endloop
   endfacet
   facet normal 0.000000e+00 -1.000000e+00 0.000000e+00
      outer loop
         vertex 4.400000e+00 9.578087e+00 1.560000e+01
         vertex 4.400000e+00 9.578087e+00 1.760000e+01
         vertex 1.399998e+00 9.578087e+00 1.560000e+01
      endloop
   endfacet
   facet normal 0.000000e+00 -1.000000e+00 0.000000e+00
      outer loop
         vertex 1.399998e+00 9.578087e+00 1.560000e+01
         vertex 4.400000e+00 9.578087e+00 1.760000e+01
         vertex 1.399998e+00 9.578087e+00 1.760000e+01
      endloop
   endfacet
   facet normal 0.000000e+00 1.000000e+00 0.000000e+00
      outer loop
         vertex 4.400000e+00 1.382672e+01 1.760000e+01
         vertex 4.400000e+00 1.382672e+01 1.560000e+01
         vertex 1.399998e+00 1.382672e+01 1.760000e+01
      endloop
   endfacet
   facet normal 0.000000e+00 1.000000e+00 0.000000e+00
      outer loop
         vertex 1.399998e+00 1.382672e+01 1.760000e+01
         vertex 4.400000e+00 1.382672e+01 1.560000e+01
         vertex 1.399998e+00 1.382672e+01 1.560000e+01
      endloop
   endfacet
   facet normal 1.000000e+00 0.000000e+00 0.000000e+00
      outer loop
         vertex 4.400000e+00 9.578087e+00 1.560000e+01
         vertex 4.400000e+00 1.382672e+01 1.560000e+01
         vertex 4.400000e+00 9.578087e+00 1.760000e+01
      endloop
   endfacet
   facet normal 1.000000e+00 -0.000000e+00 0.000000e+00
      outer loop
         vertex 4.400000e+00 9.578087e+00 1.760000e+01
         vertex 4.400000e+00 1.382672e+01 1.560000e+01
         vertex 4.400000e+00 1.382672e+01 1.760000e+01
      endloop
   endfacet
endsolid