solid ROGI
   facet normal 0.000000e+00 0.000000e+00 1.000000e+00
      outer loop
         vertex 8.904880e+01 7.473839e+00 2.800000e+00
         vertex 9.990560e+01 7.473839e+00 2.800000e+00
         vertex 8.904880e+01 1.772555e+01 2.800000e+00
      endloop
   endfacet
   facet normal 0.000000e+00 0.000000e+00 1.000000e+00
      outer loop
         vertex 8.904880e+01 1.772555e+01 2.800000e+00
         vertex 9.990560e+01 7.473839e+00 2.800000e+00
         vertex 9.902170e+01 9.798710e+00 2.800000e+00
      endloop
   endfacet
   facet normal 0.000000e+00 0.000000e+00 1.000000e+00
      outer loop
         vertex 8.904880e+01 1.772555e+01 2.800000e+00
         vertex 9.902170e+01 9.798710e+00 2.800000e+00
         vertex 1.004238e+02 1.033178e+01 2.800000e+00
      endloop
   endfacet
   facet normal 0.000000e+00 -0.000000e+00 1.000000e+00
      outer loop
         vertex 1.007792e+02 9.397055e+00 2.800000e+00
         vertex 1.085237e+02 1.234152e+01 2.800000e+00
         vertex 1.004238e+02 1.033178e+01 2.800000e+00
      endloop
   endfacet
   facet normal 0.000000e+00 0.000000e+00 1.000000e+00
      outer loop
         vertex 1.004238e+02 1.033178e+01 2.800000e+00
         vertex 1.085237e+02 1.234152e+01 2.800000e+00
         vertex 1.085965e+02 1.296458e+01 2.800000e+00
      endloop
   endfacet
   facet normal 0.000000e+00 0.000000e+00 1.000000e+00
      outer loop
         vertex 1.004238e+02 1.033178e+01 2.800000e+00
         vertex 1.085965e+02 1.296458e+01 2.800000e+00
         vertex 1.087179e+02 1.358001e+01 2.800000e+00
      endloop
   endfacet
   facet normal 0.000000e+00 -0.000000e+00 1.000000e+00
      outer loop
         vertex 1.087179e+02 1.358001e+01 2.800000e+00
         vertex 1.088871e+02 1.418404e+01 2.800000e+00
         vertex 1.004238e+02 1.033178e+01 2.800000e+00
      endloop
   endfacet
   facet normal 0.000000e+00 0.000000e+00 1.000000e+00
      outer loop
         vertex 1.004238e+02 1.033178e+01 2.800000e+00
         vertex 1.088871e+02 1.418404e+01 2.800000e+00
         vertex 1.091032e+02 1.477296e+01 2.800000e+00
      endloop
   endfacet
   facet normal 0.000000e+00 0.000000e+00 1.000000e+00
      outer loop
         vertex 1.004238e+02 1.033178e+01 2.800000e+00
         vertex 1.091032e+02 1.477296e+01 2.800000e+00
         vertex 1.093647e+02 1.534314e+01 2.800000e+00
      endloop
   endfacet
   facet normal 0.000000e+00 -0.000000e+00 1.000000e+00
      outer loop
         vertex 1.093647e+02 1.534314e+01 2.800000e+00
         vertex 1.096700e+02 1.589108e+01 2.800000e+00
         vertex 1.004238e+02 1.033178e+01 2.800000e+00
      endloop
   endfacet
   facet normal 0.000000e+00 0.000000e+00 1.000000e+00
      outer loop
         vertex 1.004238e+02 1.033178e+01 2.800000e+00
         vertex 1.096700e+02 1.589108e+01 2.800000e+00
         vertex 1.100174e+02 1.641341e+01 2.800000e+00
      endloop
   endfacet
   facet normal 0.000000e+00 0.000000e+00 1.000000e+00
      outer loop
         vertex 1.004238e+02 1.033178e+01 2.800000e+00
         vertex 1.100174e+02 1.641341e+01 2.800000e+00
         vertex 1.104046e+02 1.690691e+01 2.800000e+00
      endloop
   endfacet
   facet normal 0.000000e+00 -0.000000e+00 1.000000e+00
      outer loop
         vertex 1.104046e+02 1.690691e+01 2.800000e+00
         vertex 1.108293e+02 1.736856e+01 2.800000e+00
         vertex 1.004238e+02 1.033178e+01 2.800000e+00
      endloop
   endfacet
   facet normal 0.000000e+00 0.000000e+00 1.000000e+00
      outer loop
         vertex 1.004238e+02 1.033178e+01 2.800000e+00
         vertex 1.108293e+02 1.736856e+01 2.800000e+00
         vertex 1.112085e+02 1.772555e+01 2.800000e+00
      endloop
   endfacet
   facet normal 0.000000e+00 -0.000000e+00 1.000000e+00
      outer loop
         vertex 1.004238e+02 1.033178e+01 2.800000e+00
         vertex 1.112085e+02 1.772555e+01 2.800000e+00
         vertex 8.904880e+01 1.772555e+01 2.800000e+00
      endloop
   endfacet
   facet normal -3.553746e-01 9.347240e-01 -1.645820e-06
      outer loop
         vertex 1.066922e+02 1.164516e+01 1.160959e+01
         vertex 1.065786e+02 1.160200e+01 1.189459e+01
         vertex 1.085237e+02 1.234152e+01 1.700000e+01
      endloop
   endfacet
   facet normal -3.553769e-01 9.347231e-01 7.134020e-07
      outer loop
         vertex 1.060075e+02 1.138487e+01 9.415756e+00
         vertex 1.062319e+02 1.147015e+01 9.611685e+00
         vertex 1.085237e+02 1.234152e+01 2.800000e+00
      endloop
   endfacet
   facet normal -3.553814e-01 9.347214e-01 -1.047295e-06
      outer loop
         vertex 1.062319e+02 1.147015e+01 9.611685e+00
         vertex 1.064239e+02 1.154316e+01 9.843571e+00
         vertex 1.085237e+02 1.234152e+01 2.800000e+00
      endloop
   endfacet
   facet normal -3.553781e-01 9.347226e-01 8.915545e-08
      outer loop
         vertex 1.085237e+02 1.234152e+01 2.800000e+00
         vertex 1.064239e+02 1.154316e+01 9.843571e+00
         vertex 1.065786e+02 1.160200e+01 1.010541e+01
      endloop
   endfacet
   facet normal -3.553740e-01 9.347242e-01 1.348776e-06
      outer loop
         vertex 1.085237e+02 1.234152e+01 2.800000e+00
         vertex 1.065786e+02 1.160200e+01 1.010541e+01
         vertex 1.066922e+02 1.164516e+01 1.039041e+01
      endloop
   endfacet
   facet normal -3.553817e-01 9.347213e-01 -7.888576e-07
      outer loop
         vertex 1.066922e+02 1.164516e+01 1.039041e+01
         vertex 1.067614e+02 1.167150e+01 1.069121e+01
         vertex 1.085237e+02 1.234152e+01 2.800000e+00
      endloop
   endfacet
   facet normal -3.553763e-01 9.347233e-01 5.862502e-07
      outer loop
         vertex 1.085237e+02 1.234152e+01 2.800000e+00
         vertex 1.067614e+02 1.167150e+01 1.069121e+01
         vertex 1.067847e+02 1.168036e+01 1.100000e+01
      endloop
   endfacet
   facet normal -3.553788e-01 9.347224e-01 0.000000e+00
      outer loop
         vertex 1.085237e+02 1.234152e+01 2.800000e+00
         vertex 1.067847e+02 1.168036e+01 1.100000e+01
         vertex 1.085237e+02 1.234152e+01 1.700000e+01
      endloop
   endfacet
   facet normal -3.553769e-01 9.347231e-01 -6.306552e-07
      outer loop
         vertex 1.085237e+02 1.234152e+01 1.700000e+01
         vertex 1.067847e+02 1.168036e+01 1.100000e+01
         vertex 1.067614e+02 1.167150e+01 1.130879e+01
      endloop
   endfacet
   facet normal -3.553812e-01 9.347214e-01 9.189479e-07
      outer loop
         vertex 1.085237e+02 1.234152e+01 1.700000e+01
         vertex 1.067614e+02 1.167150e+01 1.130879e+01
         vertex 1.066922e+02 1.164516e+01 1.160959e+01
      endloop
   endfacet
   facet normal -3.553782e-01 9.347226e-01 -1.125164e-07
      outer loop
         vertex 1.065786e+02 1.160200e+01 1.189459e+01
         vertex 1.064239e+02 1.154316e+01 1.215643e+01
         vertex 1.085237e+02 1.234152e+01 1.700000e+01
      endloop
   endfacet
   facet normal -3.553811e-01 9.347215e-01 1.359522e-06
      outer loop
         vertex 1.085237e+02 1.234152e+01 1.700000e+01
         vertex 1.064239e+02 1.154316e+01 1.215643e+01
         vertex 1.062319e+02 1.147015e+01 1.238832e+01
      endloop
   endfacet
   facet normal -3.553771e-01 9.347230e-01 -9.507128e-07
      outer loop
         vertex 1.085237e+02 1.234152e+01 1.700000e+01
         vertex 1.062319e+02 1.147015e+01 1.238832e+01
         vertex 1.060075e+02 1.138487e+01 1.258424e+01
      endloop
   endfacet
   facet normal -3.553795e-01 9.347221e-01 -2.931584e-06
      outer loop
         vertex 1.034646e+02 1.041806e+01 1.202885e+01
         vertex 1.033301e+02 1.036690e+01 1.175454e+01
         vertex 9.990253e+01 9.063765e+00 1.353571e+01
      endloop
   endfacet
   facet normal -3.553786e-01 9.347224e-01 0.000000e+00
      outer loop
         vertex 1.007792e+02 9.397055e+00 1.100000e+01
         vertex 1.031919e+02 1.031437e+01 1.115490e+01
         vertex 1.031919e+02 1.031437e+01 1.084510e+01
      endloop
   endfacet
   facet normal -3.553771e-01 9.347230e-01 -8.900045e-07
      outer loop
         vertex 1.060075e+02 1.138487e+01 1.258424e+01
         vertex 1.057568e+02 1.128953e+01 1.273914e+01
         vertex 1.085237e+02 1.234152e+01 1.700000e+01
      endloop
   endfacet
   facet normal -3.553800e-01 9.347219e-01 1.222539e-06
      outer loop
         vertex 1.085237e+02 1.234152e+01 1.700000e+01
         vertex 1.057568e+02 1.128953e+01 1.273914e+01
         vertex 1.054860e+02 1.118659e+01 1.284900e+01
      endloop
   endfacet
   facet normal -3.553785e-01 9.347225e-01 1.301297e-08
      outer loop
         vertex 1.085237e+02 1.234152e+01 1.700000e+01
         vertex 1.054860e+02 1.118659e+01 1.284900e+01
         vertex 1.049854e+02 1.099626e+01 1.700000e+01
      endloop
   endfacet
   facet normal -3.553781e-01 9.347227e-01 2.813518e-07
      outer loop
         vertex 9.990253e+01 9.063765e+00 1.353571e+01
         vertex 1.033301e+02 1.036690e+01 1.175454e+01
         vertex 9.971530e+01 8.992580e+00 1.305212e+01
      endloop
   endfacet
   facet normal -3.553772e-01 9.347230e-01 3.077680e-06
      outer loop
         vertex 9.971530e+01 8.992580e+00 1.305212e+01
         vertex 1.033301e+02 1.036690e+01 1.175454e+01
         vertex 1.032384e+02 1.033203e+01 1.146068e+01
      endloop
   endfacet
   facet normal -3.553790e-01 9.347223e-01 -1.648146e-06
      outer loop
         vertex 9.971530e+01 8.992580e+00 1.305212e+01
         vertex 1.032384e+02 1.033203e+01 1.146068e+01
         vertex 9.956817e+01 8.936643e+00 1.255291e+01
      endloop
   endfacet
   facet normal -3.553787e-01 9.347224e-01 -1.386940e-07
      outer loop
         vertex 9.956817e+01 8.936643e+00 1.255291e+01
         vertex 1.032384e+02 1.033203e+01 1.146068e+01
         vertex 9.946228e+01 8.896382e+00 1.204189e+01
      endloop
   endfacet
   facet normal -3.553787e-01 9.347224e-01 -1.281088e-07
      outer loop
         vertex 9.946228e+01 8.896382e+00 1.204189e+01
         vertex 1.032384e+02 1.033203e+01 1.146068e+01
         vertex 1.031919e+02 1.031437e+01 1.115490e+01
      endloop
   endfacet
   facet normal -3.553785e-01 9.347225e-01 5.959454e-07
      outer loop
         vertex 9.946228e+01 8.896382e+00 1.204189e+01
         vertex 1.031919e+02 1.031437e+01 1.115490e+01
         vertex 9.939842e+01 8.872102e+00 1.152293e+01
      endloop
   endfacet
   facet normal -3.553786e-01 9.347225e-01 -3.712954e-07
      outer loop
         vertex 9.939842e+01 8.872102e+00 1.152293e+01
         vertex 1.031919e+02 1.031437e+01 1.115490e+01
         vertex 1.007792e+02 9.397055e+00 1.100000e+01
      endloop
   endfacet
   facet normal -3.553784e-01 9.347225e-01 1.456089e-07
      outer loop
         vertex 9.939842e+01 8.872102e+00 1.152293e+01
         vertex 1.007792e+02 9.397055e+00 1.100000e+01
         vertex 9.937707e+01 8.863988e+00 1.100000e+01
      endloop
   endfacet
   facet normal -3.553821e-01 9.347211e-01 1.496141e-06
      outer loop
         vertex 1.034646e+02 1.041806e+01 9.971153e+00
         vertex 1.007792e+02 9.397055e+00 2.800000e+00
         vertex 1.033301e+02 1.036690e+01 1.024546e+01
      endloop
   endfacet
   facet normal -3.553783e-01 9.347226e-01 0.000000e+00
      outer loop
         vertex 1.033301e+02 1.036690e+01 1.024546e+01
         vertex 1.007792e+02 9.397055e+00 2.800000e+00
         vertex 1.007792e+02 9.397055e+00 1.100000e+01
      endloop
   endfacet
   facet normal -3.553792e-01 9.347222e-01 -3.814439e-06
      outer loop
         vertex 1.033301e+02 1.036690e+01 1.024546e+01
         vertex 1.007792e+02 9.397055e+00 1.100000e+01
         vertex 1.032384e+02 1.033203e+01 1.053932e+01
      endloop
   endfacet
   facet normal -3.553786e-01 9.347224e-01 1.377340e-07
      outer loop
         vertex 1.032384e+02 1.033203e+01 1.053932e+01
         vertex 1.007792e+02 9.397055e+00 1.100000e+01
         vertex 1.031919e+02 1.031437e+01 1.084510e+01
      endloop
   endfacet
   facet normal -3.553780e-01 9.347227e-01 -2.679079e-07
      outer loop
         vertex 1.034646e+02 1.041806e+01 9.971153e+00
         vertex 1.036386e+02 1.048420e+01 9.723489e+00
         vertex 1.007792e+02 9.397055e+00 2.800000e+00
      endloop
   endfacet
   facet normal -3.553757e-01 9.347236e-01 -1.339603e-06
      outer loop
         vertex 1.007792e+02 9.397055e+00 2.800000e+00
         vertex 1.036386e+02 1.048420e+01 9.723489e+00
         vertex 1.038474e+02 1.056360e+01 9.508885e+00
      endloop
   endfacet
   facet normal -3.553783e-01 9.347226e-01 3.640851e-08
      outer loop
         vertex 1.007792e+02 9.397055e+00 2.800000e+00
         vertex 1.038474e+02 1.056360e+01 9.508885e+00
         vertex 1.040857e+02 1.065421e+01 9.332901e+00
      endloop
   endfacet
   facet normal -3.553785e-01 9.347225e-01 -2.695646e-08
      outer loop
         vertex 1.007792e+02 9.397055e+00 2.800000e+00
         vertex 1.049130e+02 1.096871e+01 9.076561e+00
         vertex 1.085237e+02 1.234152e+01 2.800000e+00
      endloop
   endfacet
   facet normal -3.553778e-01 9.347227e-01 4.164334e-07
      outer loop
         vertex 1.085237e+02 1.234152e+01 2.800000e+00
         vertex 1.049130e+02 1.096871e+01 9.076561e+00
         vertex 1.052023e+02 1.107872e+01 9.089035e+00
      endloop
   endfacet
   facet normal -3.553781e-01 9.347226e-01 2.484435e-07
      outer loop
         vertex 1.052023e+02 1.107872e+01 9.089035e+00
         vertex 1.054860e+02 1.118659e+01 9.151002e+00
         vertex 1.085237e+02 1.234152e+01 2.800000e+00
      endloop
   endfacet
   facet normal -3.553801e-01 9.347219e-01 -8.678772e-07
      outer loop
         vertex 1.085237e+02 1.234152e+01 2.800000e+00
         vertex 1.054860e+02 1.118659e+01 9.151002e+00
         vertex 1.057568e+02 1.128953e+01 9.260857e+00
      endloop
   endfacet
   facet normal -3.553770e-01 9.347230e-01 6.503442e-07
      outer loop
         vertex 1.085237e+02 1.234152e+01 2.800000e+00
         vertex 1.057568e+02 1.128953e+01 9.260857e+00
         vertex 1.060075e+02 1.138487e+01 9.415756e+00
      endloop
   endfacet
   facet normal -3.553780e-01 9.347227e-01 8.662513e-08
      outer loop
         vertex 1.054860e+02 1.118659e+01 1.284900e+01
         vertex 1.052023e+02 1.107872e+01 1.291096e+01
         vertex 1.049854e+02 1.099626e+01 1.700000e+01
      endloop
   endfacet
   facet normal -3.553778e-01 9.347228e-01 1.007976e-07
      outer loop
         vertex 1.049854e+02 1.099626e+01 1.700000e+01
         vertex 1.052023e+02 1.107872e+01 1.291096e+01
         vertex 1.049130e+02 1.096871e+01 1.292344e+01
      endloop
   endfacet
   facet normal -3.553781e-01 9.347226e-01 1.072496e-07
      outer loop
         vertex 1.049854e+02 1.099626e+01 1.700000e+01
         vertex 1.049130e+02 1.096871e+01 1.292344e+01
         vertex 1.044966e+02 1.081042e+01 1.697717e+01
      endloop
   endfacet
   facet normal -3.553784e-01 9.347225e-01 7.313322e-08
      outer loop
         vertex 1.044966e+02 1.081042e+01 1.697717e+01
         vertex 1.049130e+02 1.096871e+01 1.292344e+01
         vertex 1.046255e+02 1.085942e+01 1.288610e+01
      endloop
   endfacet
   facet normal -3.553818e-01 9.347212e-01 2.051853e-06
      outer loop
         vertex 1.040857e+02 1.065421e+01 9.332901e+00
         vertex 1.043474e+02 1.075367e+01 9.200093e+00
         vertex 1.007792e+02 9.397055e+00 2.800000e+00
      endloop
   endfacet
   facet normal -3.553778e-01 9.347227e-01 -4.695749e-07
      outer loop
         vertex 1.007792e+02 9.397055e+00 2.800000e+00
         vertex 1.043474e+02 1.075367e+01 9.200093e+00
         vertex 1.046255e+02 1.085942e+01 9.113903e+00
      endloop
   endfacet
   facet normal -3.553784e-01 9.347225e-01 -8.995853e-08
      outer loop
         vertex 1.007792e+02 9.397055e+00 2.800000e+00
         vertex 1.046255e+02 1.085942e+01 9.113903e+00
         vertex 1.049130e+02 1.096871e+01 9.076561e+00
      endloop
   endfacet
   facet normal -3.553778e-01 9.347228e-01 2.669611e-07
      outer loop
         vertex 1.043474e+02 1.075367e+01 1.279991e+01
         vertex 1.035339e+02 1.044439e+01 1.679556e+01
         vertex 1.046255e+02 1.085942e+01 1.288610e+01
      endloop
   endfacet
   facet normal -3.553779e-01 9.347227e-01 2.282260e-07
      outer loop
         vertex 1.046255e+02 1.085942e+01 1.288610e+01
         vertex 1.035339e+02 1.044439e+01 1.679556e+01
         vertex 1.040115e+02 1.062599e+01 1.690885e+01
      endloop
   endfacet
   facet normal -3.553789e-01 9.347223e-01 5.442931e-08
      outer loop
         vertex 1.046255e+02 1.085942e+01 1.288610e+01
         vertex 1.040115e+02 1.062599e+01 1.690885e+01
         vertex 1.044966e+02 1.081042e+01 1.697717e+01
      endloop
   endfacet
   facet normal -3.553765e-01 9.347233e-01 2.191340e-06
      outer loop
         vertex 1.038474e+02 1.056360e+01 1.249111e+01
         vertex 1.036386e+02 1.048420e+01 1.227651e+01
         vertex 1.010197e+02 9.488516e+00 1.524264e+01
      endloop
   endfacet
   facet normal -3.553778e-01 9.347228e-01 1.742173e-06
      outer loop
         vertex 9.990253e+01 9.063765e+00 1.353571e+01
         vertex 1.001284e+02 9.149658e+00 1.400000e+01
         vertex 1.034646e+02 1.041806e+01 1.202885e+01
      endloop
   endfacet
   facet normal -3.553795e-01 9.347221e-01 -1.552972e-06
      outer loop
         vertex 1.034646e+02 1.041806e+01 1.202885e+01
         vertex 1.001284e+02 9.149658e+00 1.400000e+01
         vertex 1.003913e+02 9.249605e+00 1.444146e+01
      endloop
   endfacet
   facet normal -3.553781e-01 9.347226e-01 4.150194e-07
      outer loop
         vertex 1.034646e+02 1.041806e+01 1.202885e+01
         vertex 1.003913e+02 9.249605e+00 1.444146e+01
         vertex 1.036386e+02 1.048420e+01 1.227651e+01
      endloop
   endfacet
   facet normal -3.553784e-01 9.347225e-01 -9.527351e-08
      outer loop
         vertex 1.036386e+02 1.048420e+01 1.227651e+01
         vertex 1.003913e+02 9.249605e+00 1.444146e+01
         vertex 1.006892e+02 9.362844e+00 1.485673e+01
      endloop
   endfacet
   facet normal -3.553775e-01 9.347229e-01 1.148114e-06
      outer loop
         vertex 1.036386e+02 1.048420e+01 1.227651e+01
         vertex 1.006892e+02 9.362844e+00 1.485673e+01
         vertex 1.010197e+02 9.488516e+00 1.524264e+01
      endloop
   endfacet
   facet normal -3.553819e-01 9.347212e-01 -1.861254e-06
      outer loop
         vertex 1.040857e+02 1.065421e+01 1.266710e+01
         vertex 1.026152e+02 1.009512e+01 1.643785e+01
         vertex 1.043474e+02 1.075367e+01 1.279991e+01
      endloop
   endfacet
   facet normal -3.553774e-01 9.347229e-01 5.903651e-07
      outer loop
         vertex 1.043474e+02 1.075367e+01 1.279991e+01
         vertex 1.026152e+02 1.009512e+01 1.643785e+01
         vertex 1.030672e+02 1.026698e+01 1.663816e+01
      endloop
   endfacet
   facet normal -3.553789e-01 9.347223e-01 4.215075e-09
      outer loop
         vertex 1.043474e+02 1.075367e+01 1.279991e+01
         vertex 1.030672e+02 1.026698e+01 1.663816e+01
         vertex 1.035339e+02 1.044439e+01 1.679556e+01
      endloop
   endfacet
   facet normal -3.553780e-01 9.347227e-01 3.211336e-07
      outer loop
         vertex 1.010197e+02 9.488516e+00 1.524264e+01
         vertex 1.013804e+02 9.625661e+00 1.559627e+01
         vertex 1.038474e+02 1.056360e+01 1.249111e+01
      endloop
   endfacet
   facet normal -3.553797e-01 9.347220e-01 -1.217258e-06
      outer loop
         vertex 1.038474e+02 1.056360e+01 1.249111e+01
         vertex 1.013804e+02 9.625661e+00 1.559627e+01
         vertex 1.017686e+02 9.773238e+00 1.591491e+01
      endloop
   endfacet
   facet normal -3.553782e-01 9.347226e-01 -1.714544e-07
      outer loop
         vertex 1.038474e+02 1.056360e+01 1.249111e+01
         vertex 1.017686e+02 9.773238e+00 1.591491e+01
         vertex 1.040857e+02 1.065421e+01 1.266710e+01
      endloop
   endfacet
   facet normal -3.553777e-01 9.347228e-01 3.019982e-07
      outer loop
         vertex 1.040857e+02 1.065421e+01 1.266710e+01
         vertex 1.017686e+02 9.773238e+00 1.591491e+01
         vertex 1.021812e+02 9.930123e+00 1.619615e+01
      endloop
   endfacet
   facet normal -3.553793e-01 9.347222e-01 -6.892780e-07
      outer loop
         vertex 1.040857e+02 1.065421e+01 1.266710e+01
         vertex 1.021812e+02 9.930123e+00 1.619615e+01
         vertex 1.026152e+02 1.009512e+01 1.643785e+01
      endloop
   endfacet
   facet normal 3.553784e-01 -9.347225e-01 0.000000e+00
      outer loop
         vertex 1.017769e+02 2.551940e+00 2.800000e+00
         vertex 1.017769e+02 2.551940e+00 0.000000e+00
         vertex 1.031790e+02 3.085008e+00 2.800000e+00
      endloop
   endfacet
   facet normal 3.553785e-01 -9.347225e-01 -5.345426e-08
      outer loop
         vertex 1.031790e+02 3.085008e+00 2.800000e+00
         vertex 1.017769e+02 2.551940e+00 0.000000e+00
         vertex 1.108940e+02 6.018253e+00 0.000000e+00
      endloop
   endfacet
   facet normal 3.553815e-01 -9.347213e-01 6.157724e-07
      outer loop
         vertex 1.090920e+02 5.333108e+00 1.039041e+01
         vertex 1.089785e+02 5.289954e+00 1.010541e+01
         vertex 1.108940e+02 6.018253e+00 0.000000e+00
      endloop
   endfacet
   facet normal 3.553769e-01 -9.347231e-01 1.231841e-06
      outer loop
         vertex 1.073852e+02 4.684211e+00 1.700000e+01
         vertex 1.068964e+02 4.498372e+00 1.697717e+01
         vertex 1.031790e+02 3.085008e+00 1.100000e+01
      endloop
   endfacet
   facet normal 3.553806e-01 -9.347217e-01 -1.452234e-06
      outer loop
         vertex 1.031790e+02 3.085008e+00 1.100000e+01
         vertex 1.068964e+02 4.498372e+00 1.697717e+01
         vertex 1.064114e+02 4.313946e+00 1.690885e+01
      endloop
   endfacet
   facet normal 3.553769e-01 -9.347231e-01 9.057293e-07
      outer loop
         vertex 1.031790e+02 3.085008e+00 1.100000e+01
         vertex 1.064114e+02 4.313946e+00 1.690885e+01
         vertex 1.059337e+02 4.132339e+00 1.679556e+01
      endloop
   endfacet
   facet normal 3.553800e-01 -9.347219e-01 -7.686362e-07
      outer loop
         vertex 1.059337e+02 4.132339e+00 1.679556e+01
         vertex 1.054671e+02 3.954931e+00 1.663816e+01
         vertex 1.031790e+02 3.085008e+00 1.100000e+01
      endloop
   endfacet
   facet normal 3.553769e-01 -9.347231e-01 6.510405e-07
      outer loop
         vertex 1.031790e+02 3.085008e+00 1.100000e+01
         vertex 1.054671e+02 3.954931e+00 1.663816e+01
         vertex 1.050150e+02 3.783074e+00 1.643785e+01
      endloop
   endfacet
   facet normal 3.553793e-01 -9.347222e-01 -2.695404e-07
      outer loop
         vertex 1.031790e+02 3.085008e+00 1.100000e+01
         vertex 1.050150e+02 3.783074e+00 1.643785e+01
         vertex 1.045811e+02 3.618076e+00 1.619615e+01
      endloop
   endfacet
   facet normal 3.553775e-01 -9.347228e-01 3.406662e-07
      outer loop
         vertex 1.090920e+02 5.333108e+00 1.160959e+01
         vertex 1.091613e+02 5.359456e+00 1.130879e+01
         vertex 1.108940e+02 6.018253e+00 1.700000e+01
      endloop
   endfacet
   facet normal 3.553751e-01 -9.347238e-01 1.185581e-06
      outer loop
         vertex 1.108940e+02 6.018253e+00 1.700000e+01
         vertex 1.091613e+02 5.359456e+00 1.130879e+01
         vertex 1.091846e+02 5.368315e+00 1.100000e+01
      endloop
   endfacet
   facet normal 3.553788e-01 -9.347224e-01 0.000000e+00
      outer loop
         vertex 1.108940e+02 6.018253e+00 1.700000e+01
         vertex 1.091846e+02 5.368315e+00 1.100000e+01
         vertex 1.108940e+02 6.018253e+00 0.000000e+00
      endloop
   endfacet
   facet normal 3.553731e-01 -9.347245e-01 -1.009438e-06
      outer loop
         vertex 1.108940e+02 6.018253e+00 0.000000e+00
         vertex 1.091846e+02 5.368315e+00 1.100000e+01
         vertex 1.091613e+02 5.359456e+00 1.069121e+01
      endloop
   endfacet
   facet normal 3.553772e-01 -9.347230e-01 -2.471387e-07
      outer loop
         vertex 1.108940e+02 6.018253e+00 0.000000e+00
         vertex 1.091613e+02 5.359456e+00 1.069121e+01
         vertex 1.090920e+02 5.333108e+00 1.039041e+01
      endloop
   endfacet
   facet normal 3.553765e-01 -9.347233e-01 -1.929724e-06
      outer loop
         vertex 1.019680e+02 2.624596e+00 1.255291e+01
         vertex 1.018621e+02 2.584334e+00 1.204189e+01
         vertex 1.031790e+02 3.085008e+00 1.100000e+01
      endloop
   endfacet
   facet normal 3.553769e-01 -9.347231e-01 -1.215486e-06
      outer loop
         vertex 1.031790e+02 3.085008e+00 1.100000e+01
         vertex 1.018621e+02 2.584334e+00 1.204189e+01
         vertex 1.017982e+02 2.560055e+00 1.152293e+01
      endloop
   endfacet
   facet normal 3.553784e-01 -9.347225e-01 3.218389e-06
      outer loop
         vertex 1.031790e+02 3.085008e+00 1.100000e+01
         vertex 1.017982e+02 2.560055e+00 1.152293e+01
         vertex 1.017769e+02 2.551940e+00 1.100000e+01
      endloop
   endfacet
   facet normal 3.553782e-01 -9.347226e-01 1.458609e-07
      outer loop
         vertex 1.084074e+02 5.072827e+00 1.258424e+01
         vertex 1.086317e+02 5.158106e+00 1.238832e+01
         vertex 1.108940e+02 6.018253e+00 1.700000e+01
      endloop
   endfacet
   facet normal 3.553773e-01 -9.347230e-01 3.558529e-07
      outer loop
         vertex 1.045811e+02 3.618076e+00 1.619615e+01
         vertex 1.041684e+02 3.461190e+00 1.591491e+01
         vertex 1.031790e+02 3.085008e+00 1.100000e+01
      endloop
   endfacet
   facet normal 3.553762e-01 -9.347233e-01 5.947320e-07
      outer loop
         vertex 1.031790e+02 3.085008e+00 1.100000e+01
         vertex 1.041684e+02 3.461190e+00 1.591491e+01
         vertex 1.037803e+02 3.313614e+00 1.559627e+01
      endloop
   endfacet
   facet normal 3.553774e-01 -9.347229e-01 4.166345e-07
      outer loop
         vertex 1.031790e+02 3.085008e+00 1.100000e+01
         vertex 1.037803e+02 3.313614e+00 1.559627e+01
         vertex 1.034195e+02 3.176468e+00 1.524264e+01
      endloop
   endfacet
   facet normal 3.553808e-01 -9.347216e-01 1.992510e-07
      outer loop
         vertex 1.034195e+02 3.176468e+00 1.524264e+01
         vertex 1.030890e+02 3.050797e+00 1.485673e+01
         vertex 1.031790e+02 3.085008e+00 1.100000e+01
      endloop
   endfacet
   facet normal 3.553784e-01 -9.347225e-01 1.358410e-07
      outer loop
         vertex 1.031790e+02 3.085008e+00 1.100000e+01
         vertex 1.030890e+02 3.050797e+00 1.485673e+01
         vertex 1.027911e+02 2.937557e+00 1.444146e+01
      endloop
   endfacet
   facet normal 3.553774e-01 -9.347229e-01 3.650157e-09
      outer loop
         vertex 1.031790e+02 3.085008e+00 1.100000e+01
         vertex 1.027911e+02 2.937557e+00 1.444146e+01
         vertex 1.025283e+02 2.837610e+00 1.400000e+01
      endloop
   endfacet
   facet normal 3.553777e-01 -9.347228e-01 4.815281e-07
      outer loop
         vertex 1.084074e+02 5.072827e+00 1.258424e+01
         vertex 1.108940e+02 6.018253e+00 1.700000e+01
         vertex 1.081566e+02 4.977481e+00 1.273914e+01
      endloop
   endfacet
   facet normal 3.553773e-01 -9.347230e-01 6.837791e-07
      outer loop
         vertex 1.086317e+02 5.158106e+00 1.238832e+01
         vertex 1.088237e+02 5.231112e+00 1.215643e+01
         vertex 1.108940e+02 6.018253e+00 1.700000e+01
      endloop
   endfacet
   facet normal 3.553783e-01 -9.347226e-01 1.881495e-07
      outer loop
         vertex 1.108940e+02 6.018253e+00 1.700000e+01
         vertex 1.088237e+02 5.231112e+00 1.215643e+01
         vertex 1.089785e+02 5.289954e+00 1.189459e+01
      endloop
   endfacet
   facet normal 3.553809e-01 -9.347216e-01 -9.262834e-07
      outer loop
         vertex 1.108940e+02 6.018253e+00 1.700000e+01
         vertex 1.089785e+02 5.289954e+00 1.189459e+01
         vertex 1.090920e+02 5.333108e+00 1.160959e+01
      endloop
   endfacet
   facet normal 3.553790e-01 -9.347223e-01 4.176509e-07
      outer loop
         vertex 1.025283e+02 2.837610e+00 1.400000e+01
         vertex 1.023024e+02 2.751717e+00 1.353571e+01
         vertex 1.031790e+02 3.085008e+00 1.100000e+01
      endloop
   endfacet
   facet normal 3.553788e-01 -9.347224e-01 3.090705e-07
      outer loop
         vertex 1.031790e+02 3.085008e+00 1.100000e+01
         vertex 1.023024e+02 2.751717e+00 1.353571e+01
         vertex 1.021151e+02 2.680532e+00 1.305212e+01
      endloop
   endfacet
   facet normal 3.553794e-01 -9.347222e-01 6.691453e-07
      outer loop
         vertex 1.031790e+02 3.085008e+00 1.100000e+01
         vertex 1.021151e+02 2.680532e+00 1.305212e+01
         vertex 1.019680e+02 2.624596e+00 1.255291e+01
      endloop
   endfacet
   facet normal 3.553815e-01 -9.347214e-01 1.053566e-06
      outer loop
         vertex 1.078858e+02 4.874540e+00 9.151002e+00
         vertex 1.108940e+02 6.018253e+00 0.000000e+00
         vertex 1.081566e+02 4.977481e+00 9.260857e+00
      endloop
   endfacet
   facet normal 3.553776e-01 -9.347228e-01 -2.616864e-07
      outer loop
         vertex 1.081566e+02 4.977481e+00 9.260857e+00
         vertex 1.108940e+02 6.018253e+00 0.000000e+00
         vertex 1.084074e+02 5.072827e+00 9.415756e+00
      endloop
   endfacet
   facet normal 3.553782e-01 -9.347226e-01 -1.176615e-07
      outer loop
         vertex 1.089785e+02 5.289954e+00 1.010541e+01
         vertex 1.088237e+02 5.231112e+00 9.843571e+00
         vertex 1.108940e+02 6.018253e+00 0.000000e+00
      endloop
   endfacet
   facet normal 3.553770e-01 -9.347231e-01 -4.068044e-07
      outer loop
         vertex 1.108940e+02 6.018253e+00 0.000000e+00
         vertex 1.088237e+02 5.231112e+00 9.843571e+00
         vertex 1.086317e+02 5.158106e+00 9.611685e+00
      endloop
   endfacet
   facet normal 3.553782e-01 -9.347226e-01 -8.292401e-08
      outer loop
         vertex 1.108940e+02 6.018253e+00 0.000000e+00
         vertex 1.086317e+02 5.158106e+00 9.611685e+00
         vertex 1.084074e+02 5.072827e+00 9.415756e+00
      endloop
   endfacet
   facet normal 3.553789e-01 -9.347223e-01 2.046123e-06
      outer loop
         vertex 1.056382e+02 4.019986e+00 1.053932e+01
         vertex 1.055917e+02 4.002326e+00 1.084510e+01
         vertex 1.031790e+02 3.085008e+00 1.100000e+01
      endloop
   endfacet
   facet normal 3.553776e-01 -9.347228e-01 -1.846826e-08
      outer loop
         vertex 1.064856e+02 4.342159e+00 1.266710e+01
         vertex 1.067472e+02 4.441625e+00 1.279991e+01
         vertex 1.073852e+02 4.684211e+00 1.700000e+01
      endloop
   endfacet
   facet normal 3.553770e-01 -9.347230e-01 7.773107e-08
      outer loop
         vertex 1.073852e+02 4.684211e+00 1.700000e+01
         vertex 1.067472e+02 4.441625e+00 1.279991e+01
         vertex 1.070253e+02 4.547372e+00 1.288610e+01
      endloop
   endfacet
   facet normal 3.553778e-01 -9.347228e-01 5.085982e-07
      outer loop
         vertex 1.067472e+02 4.441625e+00 9.200093e+00
         vertex 1.064856e+02 4.342159e+00 9.332901e+00
         vertex 1.031790e+02 3.085008e+00 2.800000e+00
      endloop
   endfacet
   facet normal 3.553790e-01 -9.347223e-01 -2.011050e-07
      outer loop
         vertex 1.031790e+02 3.085008e+00 2.800000e+00
         vertex 1.064856e+02 4.342159e+00 9.332901e+00
         vertex 1.062472e+02 4.251553e+00 9.508885e+00
      endloop
   endfacet
   facet normal 3.553788e-01 -9.347224e-01 0.000000e+00
      outer loop
         vertex 1.055917e+02 4.002326e+00 1.084510e+01
         vertex 1.055917e+02 4.002326e+00 1.115490e+01
         vertex 1.031790e+02 3.085008e+00 1.100000e+01
      endloop
   endfacet
   facet normal 3.553789e-01 -9.347223e-01 -2.046123e-06
      outer loop
         vertex 1.031790e+02 3.085008e+00 1.100000e+01
         vertex 1.055917e+02 4.002326e+00 1.115490e+01
         vertex 1.056382e+02 4.019986e+00 1.146068e+01
      endloop
   endfacet
   facet normal 3.553781e-01 -9.347226e-01 2.573072e-06
      outer loop
         vertex 1.031790e+02 3.085008e+00 1.100000e+01
         vertex 1.056382e+02 4.019986e+00 1.146068e+01
         vertex 1.057299e+02 4.054850e+00 1.175454e+01
      endloop
   endfacet
   facet normal 3.553797e-01 -9.347220e-01 -3.592325e-06
      outer loop
         vertex 1.057299e+02 4.054850e+00 1.175454e+01
         vertex 1.058644e+02 4.106013e+00 1.202885e+01
         vertex 1.031790e+02 3.085008e+00 1.100000e+01
      endloop
   endfacet
   facet normal 3.553788e-01 -9.347224e-01 -9.761843e-07
      outer loop
         vertex 1.031790e+02 3.085008e+00 1.100000e+01
         vertex 1.058644e+02 4.106013e+00 1.202885e+01
         vertex 1.060384e+02 4.172152e+00 1.227651e+01
      endloop
   endfacet
   facet normal 3.553785e-01 -9.347225e-01 -5.270943e-08
      outer loop
         vertex 1.031790e+02 3.085008e+00 1.100000e+01
         vertex 1.060384e+02 4.172152e+00 1.227651e+01
         vertex 1.073852e+02 4.684211e+00 1.700000e+01
      endloop
   endfacet
   facet normal 3.553820e-01 -9.347211e-01 -1.209342e-06
      outer loop
         vertex 1.073852e+02 4.684211e+00 1.700000e+01
         vertex 1.060384e+02 4.172152e+00 1.227651e+01
         vertex 1.062472e+02 4.251553e+00 1.249111e+01
      endloop
   endfacet
   facet normal 3.553794e-01 -9.347221e-01 -4.631224e-07
      outer loop
         vertex 1.073852e+02 4.684211e+00 1.700000e+01
         vertex 1.062472e+02 4.251553e+00 1.249111e+01
         vertex 1.064856e+02 4.342159e+00 1.266710e+01
      endloop
   endfacet
   facet normal 3.553797e-01 -9.347220e-01 -1.937291e-07
      outer loop
         vertex 1.070253e+02 4.547372e+00 1.288610e+01
         vertex 1.073128e+02 4.656665e+00 1.292344e+01
         vertex 1.073852e+02 4.684211e+00 1.700000e+01
      endloop
   endfacet
   facet normal 3.553784e-01 -9.347225e-01 -1.675010e-07
      outer loop
         vertex 1.073852e+02 4.684211e+00 1.700000e+01
         vertex 1.073128e+02 4.656665e+00 1.292344e+01
         vertex 1.076021e+02 4.766671e+00 1.291096e+01
      endloop
   endfacet
   facet normal 3.553787e-01 -9.347224e-01 -1.542414e-07
      outer loop
         vertex 1.073852e+02 4.684211e+00 1.700000e+01
         vertex 1.076021e+02 4.766671e+00 1.291096e+01
         vertex 1.108940e+02 6.018253e+00 1.700000e+01
      endloop
   endfacet
   facet normal 3.553770e-01 -9.347231e-01 1.407484e-06
      outer loop
         vertex 1.108940e+02 6.018253e+00 1.700000e+01
         vertex 1.076021e+02 4.766671e+00 1.291096e+01
         vertex 1.078858e+02 4.874540e+00 1.284900e+01
      endloop
   endfacet
   facet normal 3.553811e-01 -9.347215e-01 -2.034257e-06
      outer loop
         vertex 1.108940e+02 6.018253e+00 1.700000e+01
         vertex 1.078858e+02 4.874540e+00 1.284900e+01
         vertex 1.081566e+02 4.977481e+00 1.273914e+01
      endloop
   endfacet
   facet normal 3.553768e-01 -9.347231e-01 -6.899673e-07
      outer loop
         vertex 1.078858e+02 4.874540e+00 9.151002e+00
         vertex 1.076021e+02 4.766671e+00 9.089035e+00
         vertex 1.108940e+02 6.018253e+00 0.000000e+00
      endloop
   endfacet
   facet normal 3.553784e-01 -9.347225e-01 -1.825117e-08
      outer loop
         vertex 1.108940e+02 6.018253e+00 0.000000e+00
         vertex 1.076021e+02 4.766671e+00 9.089035e+00
         vertex 1.073128e+02 4.656665e+00 9.076561e+00
      endloop
   endfacet
   facet normal 3.553785e-01 -9.347225e-01 2.049260e-08
      outer loop
         vertex 1.108940e+02 6.018253e+00 0.000000e+00
         vertex 1.073128e+02 4.656665e+00 9.076561e+00
         vertex 1.031790e+02 3.085008e+00 2.800000e+00
      endloop
   endfacet
   facet normal 3.553796e-01 -9.347221e-01 -7.967453e-07
      outer loop
         vertex 1.031790e+02 3.085008e+00 2.800000e+00
         vertex 1.073128e+02 4.656665e+00 9.076561e+00
         vertex 1.070253e+02 4.547372e+00 9.113903e+00
      endloop
   endfacet
   facet normal 3.553773e-01 -9.347230e-01 8.415459e-07
      outer loop
         vertex 1.031790e+02 3.085008e+00 2.800000e+00
         vertex 1.070253e+02 4.547372e+00 9.113903e+00
         vertex 1.067472e+02 4.441625e+00 9.200093e+00
      endloop
   endfacet
   facet normal 3.553802e-01 -9.347218e-01 -8.226621e-07
      outer loop
         vertex 1.062472e+02 4.251553e+00 9.508885e+00
         vertex 1.060384e+02 4.172152e+00 9.723489e+00
         vertex 1.031790e+02 3.085008e+00 2.800000e+00
      endloop
   endfacet
   facet normal 3.553779e-01 -9.347227e-01 2.481131e-07
      outer loop
         vertex 1.031790e+02 3.085008e+00 2.800000e+00
         vertex 1.060384e+02 4.172152e+00 9.723489e+00
         vertex 1.058644e+02 4.106013e+00 9.971153e+00
      endloop
   endfacet
   facet normal 3.553785e-01 -9.347225e-01 0.000000e+00
      outer loop
         vertex 1.031790e+02 3.085008e+00 2.800000e+00
         vertex 1.058644e+02 4.106013e+00 9.971153e+00
         vertex 1.031790e+02 3.085008e+00 1.100000e+01
      endloop
   endfacet
   facet normal 3.553797e-01 -9.347220e-01 3.592325e-06
      outer loop
         vertex 1.031790e+02 3.085008e+00 1.100000e+01
         vertex 1.058644e+02 4.106013e+00 9.971153e+00
         vertex 1.057299e+02 4.054850e+00 1.024546e+01
      endloop
   endfacet
   facet normal 3.553781e-01 -9.347226e-01 -2.573072e-06
      outer loop
         vertex 1.031790e+02 3.085008e+00 1.100000e+01
         vertex 1.057299e+02 4.054850e+00 1.024546e+01
         vertex 1.056382e+02 4.019986e+00 1.053932e+01
      endloop
   endfacet
   facet normal 0.000000e+00 0.000000e+00 1.000000e+00
      outer loop
         vertex 8.554880e+01 1.772555e+01 2.800000e+00
         vertex 7.004880e+01 1.772555e+01 2.800000e+00
         vertex 8.554880e+01 7.473839e+00 2.800000e+00
      endloop
   endfacet
   facet normal 0.000000e+00 0.000000e+00 1.000000e+00
      outer loop
         vertex 8.554880e+01 7.473839e+00 2.800000e+00
         vertex 7.004880e+01 1.772555e+01 2.800000e+00
         vertex 7.004880e+01 7.473839e+00 2.800000e+00
      endloop
   endfacet
   facet normal 0.000000e+00 -1.000000e+00 0.000000e+00
      outer loop
         vertex 1.074239e+02 1.772555e+01 6.092019e+00
         vertex 1.112085e+02 1.772555e+01 2.800000e+00
         vertex 1.075440e+02 1.772555e+01 6.381966e+00
      endloop
   endfacet
   facet normal 0.000000e+00 -1.000000e+00 0.000000e+00
      outer loop
         vertex 1.075440e+02 1.772555e+01 6.381966e+00
         vertex 1.112085e+02 1.772555e+01 2.800000e+00
         vertex 1.076173e+02 1.772555e+01 6.687131e+00
      endloop
   endfacet
   facet normal -0.000000e+00 -1.000000e+00 -0.000000e+00
      outer loop
         vertex 1.112085e+02 1.772555e+01 1.500000e+01
         vertex 1.076419e+02 1.772555e+01 1.500000e+01
         vertex 1.112085e+02 1.772555e+01 2.800000e+00
      endloop
   endfacet
   facet normal 0.000000e+00 -1.000000e+00 0.000000e+00
      outer loop
         vertex 1.112085e+02 1.772555e+01 2.800000e+00
         vertex 1.076419e+02 1.772555e+01 1.500000e+01
         vertex 1.076419e+02 1.772555e+01 7.000000e+00
      endloop
   endfacet
   facet normal 0.000000e+00 -1.000000e+00 0.000000e+00
      outer loop
         vertex 1.112085e+02 1.772555e+01 2.800000e+00
         vertex 1.076419e+02 1.772555e+01 7.000000e+00
         vertex 1.076173e+02 1.772555e+01 6.687131e+00
      endloop
   endfacet
   facet normal -0.000000e+00 -1.000000e+00 0.000000e+00
      outer loop
         vertex 9.671788e+01 1.772555e+01 5.097887e+00
         vertex 9.642793e+01 1.772555e+01 5.217987e+00
         vertex 8.904880e+01 1.772555e+01 2.800000e+00
      endloop
   endfacet
   facet normal 0.000000e+00 -1.000000e+00 0.000000e+00
      outer loop
         vertex 8.904880e+01 1.772555e+01 2.800000e+00
         vertex 9.642793e+01 1.772555e+01 5.217987e+00
         vertex 9.616034e+01 1.772555e+01 5.381966e+00
      endloop
   endfacet
   facet normal 0.000000e+00 -1.000000e+00 0.000000e+00
      outer loop
         vertex 8.904880e+01 1.772555e+01 2.800000e+00
         vertex 9.616034e+01 1.772555e+01 5.381966e+00
         vertex 9.592170e+01 1.772555e+01 5.585786e+00
      endloop
   endfacet
   facet normal -0.000000e+00 -1.000000e+00 0.000000e+00
      outer loop
         vertex 9.592170e+01 1.772555e+01 5.585786e+00
         vertex 9.571788e+01 1.772555e+01 5.824429e+00
         vertex 8.904880e+01 1.772555e+01 2.800000e+00
      endloop
   endfacet
   facet normal 0.000000e+00 -1.000000e+00 0.000000e+00
      outer loop
         vertex 8.904880e+01 1.772555e+01 2.800000e+00
         vertex 9.571788e+01 1.772555e+01 5.824429e+00
         vertex 9.555390e+01 1.772555e+01 6.092019e+00
      endloop
   endfacet
   facet normal 0.000000e+00 -1.000000e+00 0.000000e+00
      outer loop
         vertex 8.904880e+01 1.772555e+01 2.800000e+00
         vertex 9.555390e+01 1.772555e+01 6.092019e+00
         vertex 9.543380e+01 1.772555e+01 6.381966e+00
      endloop
   endfacet
   facet normal -0.000000e+00 -1.000000e+00 -0.000000e+00
      outer loop
         vertex 9.533592e+01 1.772555e+01 1.500000e+01
         vertex 8.904880e+01 1.772555e+01 1.500000e+01
         vertex 9.533592e+01 1.772555e+01 7.000000e+00
      endloop
   endfacet
   facet normal -0.000000e+00 -1.000000e+00 0.000000e+00
      outer loop
         vertex 9.533592e+01 1.772555e+01 7.000000e+00
         vertex 8.904880e+01 1.772555e+01 1.500000e+01
         vertex 8.904880e+01 1.772555e+01 2.800000e+00
      endloop
   endfacet
   facet normal 0.000000e+00 -1.000000e+00 -0.000000e+00
      outer loop
         vertex 9.533592e+01 1.772555e+01 7.000000e+00
         vertex 8.904880e+01 1.772555e+01 2.800000e+00
         vertex 9.536054e+01 1.772555e+01 6.687131e+00
      endloop
   endfacet
   facet normal 0.000000e+00 -1.000000e+00 -0.000000e+00
      outer loop
         vertex 9.536054e+01 1.772555e+01 6.687131e+00
         vertex 8.904880e+01 1.772555e+01 2.800000e+00
         vertex 9.543380e+01 1.772555e+01 6.381966e+00
      endloop
   endfacet
   facet normal 0.000000e+00 -1.000000e+00 -0.000000e+00
      outer loop
         vertex 1.074239e+02 1.772555e+01 6.092019e+00
         vertex 1.072599e+02 1.772555e+01 5.824429e+00
         vertex 1.112085e+02 1.772555e+01 2.800000e+00
      endloop
   endfacet
   facet normal 0.000000e+00 -1.000000e+00 0.000000e+00
      outer loop
         vertex 1.112085e+02 1.772555e+01 2.800000e+00
         vertex 1.072599e+02 1.772555e+01 5.824429e+00
         vertex 1.070561e+02 1.772555e+01 5.585786e+00
      endloop
   endfacet
   facet normal 0.000000e+00 -1.000000e+00 0.000000e+00
      outer loop
         vertex 1.112085e+02 1.772555e+01 2.800000e+00
         vertex 1.070561e+02 1.772555e+01 5.585786e+00
         vertex 1.068175e+02 1.772555e+01 5.381966e+00
      endloop
   endfacet
   facet normal 0.000000e+00 -1.000000e+00 -0.000000e+00
      outer loop
         vertex 1.068175e+02 1.772555e+01 5.381966e+00
         vertex 1.065499e+02 1.772555e+01 5.217987e+00
         vertex 1.112085e+02 1.772555e+01 2.800000e+00
      endloop
   endfacet
   facet normal 0.000000e+00 -1.000000e+00 0.000000e+00
      outer loop
         vertex 1.112085e+02 1.772555e+01 2.800000e+00
         vertex 1.065499e+02 1.772555e+01 5.217987e+00
         vertex 1.062599e+02 1.772555e+01 5.097887e+00
      endloop
   endfacet
   facet normal 0.000000e+00 -1.000000e+00 0.000000e+00
      outer loop
         vertex 1.112085e+02 1.772555e+01 2.800000e+00
         vertex 1.062599e+02 1.772555e+01 5.097887e+00
         vertex 1.059548e+02 1.772555e+01 5.024623e+00
      endloop
   endfacet
   facet normal 0.000000e+00 -1.000000e+00 -0.000000e+00
      outer loop
         vertex 1.059548e+02 1.772555e+01 5.024623e+00
         vertex 1.056419e+02 1.772555e+01 5.000000e+00
         vertex 1.112085e+02 1.772555e+01 2.800000e+00
      endloop
   endfacet
   facet normal 0.000000e+00 -1.000000e+00 0.000000e+00
      outer loop
         vertex 1.112085e+02 1.772555e+01 2.800000e+00
         vertex 1.056419e+02 1.772555e+01 5.000000e+00
         vertex 9.733592e+01 1.772555e+01 5.000000e+00
      endloop
   endfacet
   facet normal 0.000000e+00 -1.000000e+00 0.000000e+00
      outer loop
         vertex 1.112085e+02 1.772555e+01 2.800000e+00
         vertex 9.733592e+01 1.772555e+01 5.000000e+00
         vertex 8.904880e+01 1.772555e+01 2.800000e+00
      endloop
   endfacet
   facet normal 0.000000e+00 -1.000000e+00 0.000000e+00
      outer loop
         vertex 8.904880e+01 1.772555e+01 2.800000e+00
         vertex 9.733592e+01 1.772555e+01 5.000000e+00
         vertex 9.702304e+01 1.772555e+01 5.024623e+00
      endloop
   endfacet
   facet normal 0.000000e+00 -1.000000e+00 0.000000e+00
      outer loop
         vertex 8.904880e+01 1.772555e+01 2.800000e+00
         vertex 9.702304e+01 1.772555e+01 5.024623e+00
         vertex 9.671788e+01 1.772555e+01 5.097887e+00
      endloop
   endfacet
   facet normal 0.000000e+00 -1.000000e+00 0.000000e+00
      outer loop
         vertex 7.004880e+01 1.772555e+01 1.500000e+01
         vertex 7.004880e+01 1.772555e+01 2.800000e+00
         vertex 8.554880e+01 1.772555e+01 1.500000e+01
      endloop
   endfacet
   facet normal 0.000000e+00 -1.000000e+00 -0.000000e+00
      outer loop
         vertex 8.554880e+01 1.772555e+01 1.500000e+01
         vertex 7.004880e+01 1.772555e+01 2.800000e+00
         vertex 8.554880e+01 1.772555e+01 2.800000e+00
      endloop
   endfacet
   facet normal 0.000000e+00 0.000000e+00 1.000000e+00
      outer loop
         vertex 5.104880e+01 7.473839e+00 2.800000e+00
         vertex 6.654880e+01 7.473839e+00 2.800000e+00
         vertex 5.104880e+01 1.772555e+01 2.800000e+00
      endloop
   endfacet
   facet normal -0.000000e+00 0.000000e+00 1.000000e+00
      outer loop
         vertex 5.104880e+01 1.772555e+01 2.800000e+00
         vertex 6.654880e+01 7.473839e+00 2.800000e+00
         vertex 6.654880e+01 1.772555e+01 2.800000e+00
      endloop
   endfacet
   facet normal 0.000000e+00 0.000000e+00 1.000000e+00
      outer loop
         vertex 4.754880e+01 1.772555e+01 2.800000e+00
         vertex 2.547116e+01 1.772555e+01 2.800000e+00
         vertex 4.754880e+01 7.473839e+00 2.800000e+00
      endloop
   endfacet
   facet normal 0.000000e+00 0.000000e+00 1.000000e+00
      outer loop
         vertex 4.754880e+01 7.473839e+00 2.800000e+00
         vertex 2.547116e+01 1.772555e+01 2.800000e+00
         vertex 2.788625e+01 7.473839e+00 2.800000e+00
      endloop
   endfacet
   facet normal 0.000000e+00 -1.000000e+00 0.000000e+00
      outer loop
         vertex 6.654880e+01 1.772555e+01 2.800000e+00
         vertex 6.654880e+01 1.772555e+01 1.500000e+01
         vertex 5.104880e+01 1.772555e+01 2.800000e+00
      endloop
   endfacet
   facet normal 0.000000e+00 -1.000000e+00 0.000000e+00
      outer loop
         vertex 5.104880e+01 1.772555e+01 2.800000e+00
         vertex 6.654880e+01 1.772555e+01 1.500000e+01
         vertex 5.104880e+01 1.772555e+01 1.500000e+01
      endloop
   endfacet
   facet normal 0.000000e+00 -1.000000e+00 0.000000e+00
      outer loop
         vertex 2.547116e+01 1.772555e+01 1.500000e+01
         vertex 2.547116e+01 1.772555e+01 2.800000e+00
         vertex 4.754880e+01 1.772555e+01 1.500000e+01
      endloop
   endfacet
   facet normal 0.000000e+00 -1.000000e+00 -0.000000e+00
      outer loop
         vertex 4.754880e+01 1.772555e+01 1.500000e+01
         vertex 2.547116e+01 1.772555e+01 2.800000e+00
         vertex 4.754880e+01 1.772555e+01 2.800000e+00
      endloop
   endfacet
   facet normal 0.000000e+00 0.000000e+00 1.000000e+00
      outer loop
         vertex 2.553197e+01 8.745307e+00 2.800000e+00
         vertex 2.356932e+01 1.707647e+01 2.800000e+00
         vertex 7.703587e+00 2.256307e+00 2.800000e+00
      endloop
   endfacet
   facet normal 0.000000e+00 -0.000000e+00 1.000000e+00
      outer loop
         vertex 7.703587e+00 2.256307e+00 2.800000e+00
         vertex 2.356932e+01 1.707647e+01 2.800000e+00
         vertex 4.796416e+00 1.024369e+01 2.800000e+00
      endloop
   endfacet
   facet normal 0.000000e+00 0.000000e+00 1.000000e+00
      outer loop
         vertex 7.703587e+00 2.256307e+00 2.800000e+00
         vertex 4.796416e+00 1.024369e+01 2.800000e+00
         vertex 7.263273e+00 2.122558e+00 2.800000e+00
      endloop
   endfacet
   facet normal 0.000000e+00 0.000000e+00 1.000000e+00
      outer loop
         vertex 2.675932e+00 8.549680e+00 2.800000e+00
         vertex 2.013002e+00 5.917824e+00 2.800000e+00
         vertex 2.073754e+00 5.461671e+00 2.800000e+00
      endloop
   endfacet
   facet normal -0.000000e+00 0.000000e+00 1.000000e+00
      outer loop
         vertex 4.373141e+00 1.006312e+01 2.800000e+00
         vertex 2.340861e+00 4.582332e+00 2.800000e+00
         vertex 4.796416e+00 1.024369e+01 2.800000e+00
      endloop
   endfacet
   facet normal 0.000000e+00 0.000000e+00 1.000000e+00
      outer loop
         vertex 4.796416e+00 1.024369e+01 2.800000e+00
         vertex 2.340861e+00 4.582332e+00 2.800000e+00
         vertex 2.544083e+00 4.169456e+00 2.800000e+00
      endloop
   endfacet
   facet normal 0.000000e+00 0.000000e+00 1.000000e+00
      outer loop
         vertex 4.373141e+00 1.006312e+01 2.800000e+00
         vertex 3.971875e+00 9.837845e+00 2.800000e+00
         vertex 2.340861e+00 4.582332e+00 2.800000e+00
      endloop
   endfacet
   facet normal 0.000000e+00 0.000000e+00 1.000000e+00
      outer loop
         vertex 2.340861e+00 4.582332e+00 2.800000e+00
         vertex 3.971875e+00 9.837845e+00 2.800000e+00
         vertex 3.597312e+00 9.570505e+00 2.800000e+00
      endloop
   endfacet
   facet normal 0.000000e+00 0.000000e+00 1.000000e+00
      outer loop
         vertex 2.340861e+00 4.582332e+00 2.800000e+00
         vertex 3.597312e+00 9.570505e+00 2.800000e+00
         vertex 3.253855e+00 9.264234e+00 2.800000e+00
      endloop
   endfacet
   facet normal 0.000000e+00 0.000000e+00 1.000000e+00
      outer loop
         vertex 2.265129e+00 7.727595e+00 2.800000e+00
         vertex 2.128731e+00 7.288092e+00 2.800000e+00
         vertex 2.040654e+00 6.836419e+00 2.800000e+00
      endloop
   endfacet
   facet normal 0.000000e+00 0.000000e+00 1.000000e+00
      outer loop
         vertex 3.253855e+00 9.264234e+00 2.800000e+00
         vertex 2.945520e+00 8.922623e+00 2.800000e+00
         vertex 2.340861e+00 4.582332e+00 2.800000e+00
      endloop
   endfacet
   facet normal 0.000000e+00 0.000000e+00 1.000000e+00
      outer loop
         vertex 2.340861e+00 4.582332e+00 2.800000e+00
         vertex 2.945520e+00 8.922623e+00 2.800000e+00
         vertex 2.675932e+00 8.549680e+00 2.800000e+00
      endloop
   endfacet
   facet normal 0.000000e+00 -0.000000e+00 1.000000e+00
      outer loop
         vertex 2.340861e+00 4.582332e+00 2.800000e+00
         vertex 2.675932e+00 8.549680e+00 2.800000e+00
         vertex 2.183467e+00 5.014760e+00 2.800000e+00
      endloop
   endfacet
   facet normal 0.000000e+00 -0.000000e+00 1.000000e+00
      outer loop
         vertex 2.183467e+00 5.014760e+00 2.800000e+00
         vertex 2.675932e+00 8.549680e+00 2.800000e+00
         vertex 2.073754e+00 5.461671e+00 2.800000e+00
      endloop
   endfacet
   facet normal -0.000000e+00 0.000000e+00 1.000000e+00
      outer loop
         vertex 2.544083e+00 4.169456e+00 2.800000e+00
         vertex 2.790753e+00 3.780971e+00 2.800000e+00
         vertex 4.796416e+00 1.024369e+01 2.800000e+00
      endloop
   endfacet
   facet normal 0.000000e+00 0.000000e+00 1.000000e+00
      outer loop
         vertex 4.796416e+00 1.024369e+01 2.800000e+00
         vertex 2.790753e+00 3.780971e+00 2.800000e+00
         vertex 3.077980e+00 3.421434e+00 2.800000e+00
      endloop
   endfacet
   facet normal 0.000000e+00 0.000000e+00 1.000000e+00
      outer loop
         vertex 4.796416e+00 1.024369e+01 2.800000e+00
         vertex 3.077980e+00 3.421434e+00 2.800000e+00
         vertex 3.402397e+00 3.095060e+00 2.800000e+00
      endloop
   endfacet
   facet normal -0.000000e+00 0.000000e+00 1.000000e+00
      outer loop
         vertex 3.402397e+00 3.095060e+00 2.800000e+00
         vertex 3.760196e+00 2.805674e+00 2.800000e+00
         vertex 4.796416e+00 1.024369e+01 2.800000e+00
      endloop
   endfacet
   facet normal 0.000000e+00 0.000000e+00 1.000000e+00
      outer loop
         vertex 4.796416e+00 1.024369e+01 2.800000e+00
         vertex 3.760196e+00 2.805674e+00 2.800000e+00
         vertex 4.147191e+00 2.556670e+00 2.800000e+00
      endloop
   endfacet
   facet normal 0.000000e+00 0.000000e+00 1.000000e+00
      outer loop
         vertex 4.796416e+00 1.024369e+01 2.800000e+00
         vertex 4.147191e+00 2.556670e+00 2.800000e+00
         vertex 4.558835e+00 2.350966e+00 2.800000e+00
      endloop
   endfacet
   facet normal 0.000000e+00 0.000000e+00 1.000000e+00
      outer loop
         vertex 2.675932e+00 8.549680e+00 2.800000e+00
         vertex 2.448242e+00 8.149774e+00 2.800000e+00
         vertex 2.013002e+00 5.917824e+00 2.800000e+00
      endloop
   endfacet
   facet normal 0.000000e+00 0.000000e+00 1.000000e+00
      outer loop
         vertex 2.013002e+00 5.917824e+00 2.800000e+00
         vertex 2.448242e+00 8.149774e+00 2.800000e+00
         vertex 2.265129e+00 7.727595e+00 2.800000e+00
      endloop
   endfacet
   facet normal 0.000000e+00 -0.000000e+00 1.000000e+00
      outer loop
         vertex 2.013002e+00 5.917824e+00 2.800000e+00
         vertex 2.265129e+00 7.727595e+00 2.800000e+00
         vertex 2.001926e+00 6.377871e+00 2.800000e+00
      endloop
   endfacet
   facet normal 0.000000e+00 0.000000e+00 1.000000e+00
      outer loop
         vertex 2.001926e+00 6.377871e+00 2.800000e+00
         vertex 2.265129e+00 7.727595e+00 2.800000e+00
         vertex 2.040654e+00 6.836419e+00 2.800000e+00
      endloop
   endfacet
   facet normal -0.000000e+00 0.000000e+00 1.000000e+00
      outer loop
         vertex 4.558835e+00 2.350966e+00 2.800000e+00
         vertex 4.990309e+00 2.190975e+00 2.800000e+00
         vertex 4.796416e+00 1.024369e+01 2.800000e+00
      endloop
   endfacet
   facet normal 0.000000e+00 0.000000e+00 1.000000e+00
      outer loop
         vertex 4.796416e+00 1.024369e+01 2.800000e+00
         vertex 4.990309e+00 2.190975e+00 2.800000e+00
         vertex 5.436551e+00 2.078573e+00 2.800000e+00
      endloop
   endfacet
   facet normal 0.000000e+00 0.000000e+00 1.000000e+00
      outer loop
         vertex 4.796416e+00 1.024369e+01 2.800000e+00
         vertex 5.436551e+00 2.078573e+00 2.800000e+00
         vertex 5.892333e+00 2.015078e+00 2.800000e+00
      endloop
   endfacet
   facet normal -0.000000e+00 -0.000000e+00 1.000000e+00
      outer loop
         vertex 5.892333e+00 2.015078e+00 2.800000e+00
         vertex 6.352302e+00 2.001232e+00 2.800000e+00
         vertex 4.796416e+00 1.024369e+01 2.800000e+00
      endloop
   endfacet
   facet normal 0.000000e+00 0.000000e+00 1.000000e+00
      outer loop
         vertex 4.796416e+00 1.024369e+01 2.800000e+00
         vertex 6.352302e+00 2.001232e+00 2.800000e+00
         vertex 6.811075e+00 2.037199e+00 2.800000e+00
      endloop
   endfacet
   facet normal 0.000000e+00 0.000000e+00 1.000000e+00
      outer loop
         vertex 4.796416e+00 1.024369e+01 2.800000e+00
         vertex 6.811075e+00 2.037199e+00 2.800000e+00
         vertex 7.263273e+00 2.122558e+00 2.800000e+00
      endloop
   endfacet
   facet normal -9.932457e-01 1.160305e-01 0.000000e+00
      outer loop
         vertex 1.085237e+02 1.234152e+01 2.800000e+00
         vertex 1.085237e+02 1.234152e+01 1.700000e+01
         vertex 1.085965e+02 1.296458e+01 1.700000e+01
      endloop
   endfacet
   facet normal -6.563918e-01 7.543511e-01 1.020872e-02
      outer loop
         vertex 1.112889e+02 1.779552e+01 1.500000e+01
         vertex 1.112085e+02 1.772555e+01 1.500000e+01
         vertex 1.108293e+02 1.736856e+01 1.700000e+01
      endloop
   endfacet
   facet normal -9.932457e-01 1.160305e-01 0.000000e+00
      outer loop
         vertex 1.085237e+02 1.234152e+01 2.800000e+00
         vertex 1.085965e+02 1.296458e+01 1.700000e+01
         vertex 1.085965e+02 1.296458e+01 2.800000e+00
      endloop
   endfacet
   facet normal -9.811024e-01 1.934893e-01 0.000000e+00
      outer loop
         vertex 1.085965e+02 1.296458e+01 2.800000e+00
         vertex 1.085965e+02 1.296458e+01 1.700000e+01
         vertex 1.087179e+02 1.358001e+01 1.700000e+01
      endloop
   endfacet
   facet normal -9.811024e-01 1.934893e-01 0.000000e+00
      outer loop
         vertex 1.085965e+02 1.296458e+01 2.800000e+00
         vertex 1.087179e+02 1.358001e+01 1.700000e+01
         vertex 1.087179e+02 1.358001e+01 2.800000e+00
      endloop
   endfacet
   facet normal -9.629259e-01 2.697661e-01 0.000000e+00
      outer loop
         vertex 1.087179e+02 1.358001e+01 2.800000e+00
         vertex 1.087179e+02 1.358001e+01 1.700000e+01
         vertex 1.088871e+02 1.418404e+01 1.700000e+01
      endloop
   endfacet
   facet normal -9.629259e-01 2.697661e-01 0.000000e+00
      outer loop
         vertex 1.087179e+02 1.358001e+01 2.800000e+00
         vertex 1.088871e+02 1.418404e+01 1.700000e+01
         vertex 1.088871e+02 1.418404e+01 2.800000e+00
      endloop
   endfacet
   facet normal -9.388283e-01 3.443857e-01 0.000000e+00
      outer loop
         vertex 1.088871e+02 1.418404e+01 2.800000e+00
         vertex 1.088871e+02 1.418404e+01 1.700000e+01
         vertex 1.091032e+02 1.477296e+01 1.700000e+01
      endloop
   endfacet
   facet normal -9.388283e-01 3.443857e-01 0.000000e+00
      outer loop
         vertex 1.088871e+02 1.418404e+01 2.800000e+00
         vertex 1.091032e+02 1.477296e+01 1.700000e+01
         vertex 1.091032e+02 1.477296e+01 2.800000e+00
      endloop
   endfacet
   facet normal -9.089614e-01 4.168803e-01 0.000000e+00
      outer loop
         vertex 1.091032e+02 1.477296e+01 2.800000e+00
         vertex 1.091032e+02 1.477296e+01 1.700000e+01
         vertex 1.093647e+02 1.534314e+01 1.700000e+01
      endloop
   endfacet
   facet normal -9.089614e-01 4.168803e-01 0.000000e+00
      outer loop
         vertex 1.091032e+02 1.477296e+01 2.800000e+00
         vertex 1.093647e+02 1.534314e+01 1.700000e+01
         vertex 1.093647e+02 1.534314e+01 2.800000e+00
      endloop
   endfacet
   facet normal -8.735025e-01 4.868197e-01 0.000000e+00
      outer loop
         vertex 1.093647e+02 1.534314e+01 2.800000e+00
         vertex 1.093647e+02 1.534314e+01 1.700000e+01
         vertex 1.096700e+02 1.589108e+01 1.700000e+01
      endloop
   endfacet
   facet normal -8.735025e-01 4.868197e-01 0.000000e+00
      outer loop
         vertex 1.093647e+02 1.534314e+01 2.800000e+00
         vertex 1.096700e+02 1.589108e+01 1.700000e+01
         vertex 1.096700e+02 1.589108e+01 2.800000e+00
      endloop
   endfacet
   facet normal -8.326753e-01 5.537616e-01 0.000000e+00
      outer loop
         vertex 1.096700e+02 1.589108e+01 2.800000e+00
         vertex 1.096700e+02 1.589108e+01 1.700000e+01
         vertex 1.100174e+02 1.641341e+01 1.700000e+01
      endloop
   endfacet
   facet normal -8.326753e-01 5.537616e-01 0.000000e+00
      outer loop
         vertex 1.096700e+02 1.589108e+01 2.800000e+00
         vertex 1.100174e+02 1.641341e+01 1.700000e+01
         vertex 1.100174e+02 1.641341e+01 2.800000e+00
      endloop
   endfacet
   facet normal -7.867279e-01 6.173000e-01 0.000000e+00
      outer loop
         vertex 1.100174e+02 1.641341e+01 2.800000e+00
         vertex 1.100174e+02 1.641341e+01 1.700000e+01
         vertex 1.104046e+02 1.690691e+01 1.700000e+01
      endloop
   endfacet
   facet normal -7.867279e-01 6.173000e-01 0.000000e+00
      outer loop
         vertex 1.100174e+02 1.641341e+01 2.800000e+00
         vertex 1.104046e+02 1.690691e+01 1.700000e+01
         vertex 1.104046e+02 1.690691e+01 2.800000e+00
      endloop
   endfacet
   facet normal -7.359402e-01 6.770466e-01 0.000000e+00
      outer loop
         vertex 1.104046e+02 1.690691e+01 2.800000e+00
         vertex 1.104046e+02 1.690691e+01 1.700000e+01
         vertex 1.108293e+02 1.736856e+01 1.700000e+01
      endloop
   endfacet
   facet normal -7.359402e-01 6.770466e-01 0.000000e+00
      outer loop
         vertex 1.104046e+02 1.690691e+01 2.800000e+00
         vertex 1.108293e+02 1.736856e+01 1.700000e+01
         vertex 1.108293e+02 1.736856e+01 2.800000e+00
      endloop
   endfacet
   facet normal -6.854996e-01 7.280730e-01 0.000000e+00
      outer loop
         vertex 1.108293e+02 1.736856e+01 2.800000e+00
         vertex 1.108293e+02 1.736856e+01 1.700000e+01
         vertex 1.112085e+02 1.772555e+01 1.500000e+01
      endloop
   endfacet
   facet normal -6.854996e-01 7.280730e-01 0.000000e+00
      outer loop
         vertex 1.108293e+02 1.736856e+01 2.800000e+00
         vertex 1.112085e+02 1.772555e+01 1.500000e+01
         vertex 1.112085e+02 1.772555e+01 2.800000e+00
      endloop
   endfacet
   facet normal -6.806339e-01 7.326237e-01 0.000000e+00
      outer loop
         vertex 1.108293e+02 1.736856e+01 1.700000e+01
         vertex 1.112889e+02 1.779552e+01 1.700000e+01
         vertex 1.112889e+02 1.779552e+01 1.500000e+01
      endloop
   endfacet
   facet normal -6.211409e-01 7.836989e-01 0.000000e+00
      outer loop
         vertex 1.112889e+02 1.779552e+01 1.500000e+01
         vertex 1.112889e+02 1.779552e+01 1.700000e+01
         vertex 1.117805e+02 1.818515e+01 1.700000e+01
      endloop
   endfacet
   facet normal -6.211409e-01 7.836989e-01 0.000000e+00
      outer loop
         vertex 1.112889e+02 1.779552e+01 1.500000e+01
         vertex 1.117805e+02 1.818515e+01 1.700000e+01
         vertex 1.117805e+02 1.818515e+01 1.500000e+01
      endloop
   endfacet
   facet normal -5.578257e-01 8.299581e-01 0.000000e+00
      outer loop
         vertex 1.117805e+02 1.818515e+01 1.500000e+01
         vertex 1.117805e+02 1.818515e+01 1.700000e+01
         vertex 1.123011e+02 1.853507e+01 1.700000e+01
      endloop
   endfacet
   facet normal -5.578257e-01 8.299581e-01 0.000000e+00
      outer loop
         vertex 1.117805e+02 1.818515e+01 1.500000e+01
         vertex 1.123011e+02 1.853507e+01 1.700000e+01
         vertex 1.123011e+02 1.853507e+01 1.500000e+01
      endloop
   endfacet
   facet normal -4.910826e-01 8.711130e-01 0.000000e+00
      outer loop
         vertex 1.123011e+02 1.853507e+01 1.500000e+01
         vertex 1.123011e+02 1.853507e+01 1.700000e+01
         vertex 1.128476e+02 1.884312e+01 1.700000e+01
      endloop
   endfacet
   facet normal -4.910826e-01 8.711130e-01 0.000000e+00
      outer loop
         vertex 1.123011e+02 1.853507e+01 1.500000e+01
         vertex 1.128476e+02 1.884312e+01 1.700000e+01
         vertex 1.128476e+02 1.884312e+01 1.500000e+01
      endloop
   endfacet
   facet normal -4.213208e-01 9.069117e-01 0.000000e+00
      outer loop
         vertex 1.128476e+02 1.884312e+01 1.500000e+01
         vertex 1.128476e+02 1.884312e+01 1.700000e+01
         vertex 1.134165e+02 1.910741e+01 1.700000e+01
      endloop
   endfacet
   facet normal -4.213208e-01 9.069117e-01 0.000000e+00
      outer loop
         vertex 1.128476e+02 1.884312e+01 1.500000e+01
         vertex 1.134165e+02 1.910741e+01 1.700000e+01
         vertex 1.134165e+02 1.910741e+01 1.500000e+01
      endloop
   endfacet
   facet normal -3.489690e-01 9.371343e-01 0.000000e+00
      outer loop
         vertex 1.134165e+02 1.910741e+01 1.500000e+01
         vertex 1.134165e+02 1.910741e+01 1.700000e+01
         vertex 1.140043e+02 1.932632e+01 1.700000e+01
      endloop
   endfacet
   facet normal -3.489690e-01 9.371343e-01 0.000000e+00
      outer loop
         vertex 1.134165e+02 1.910741e+01 1.500000e+01
         vertex 1.140043e+02 1.932632e+01 1.700000e+01
         vertex 1.140043e+02 1.932632e+01 1.500000e+01
      endloop
   endfacet
   facet normal -2.744700e-01 9.615957e-01 0.000000e+00
      outer loop
         vertex 1.140043e+02 1.932632e+01 1.500000e+01
         vertex 1.140043e+02 1.932632e+01 1.700000e+01
         vertex 1.146075e+02 1.949849e+01 1.700000e+01
      endloop
   endfacet
   facet normal -2.744700e-01 9.615957e-01 0.000000e+00
      outer loop
         vertex 1.140043e+02 1.932632e+01 1.500000e+01
         vertex 1.146075e+02 1.949849e+01 1.700000e+01
         vertex 1.146075e+02 1.949849e+01 1.500000e+01
      endloop
   endfacet
   facet normal -1.982857e-01 9.801443e-01 0.000000e+00
      outer loop
         vertex 1.146075e+02 1.949849e+01 1.500000e+01
         vertex 1.146075e+02 1.949849e+01 1.700000e+01
         vertex 1.152224e+02 1.962287e+01 1.700000e+01
      endloop
   endfacet
   facet normal -1.982857e-01 9.801443e-01 0.000000e+00
      outer loop
         vertex 1.146075e+02 1.949849e+01 1.500000e+01
         vertex 1.152224e+02 1.962287e+01 1.700000e+01
         vertex 1.152224e+02 1.962287e+01 1.500000e+01
      endloop
   endfacet
   facet normal -1.208802e-01 9.926671e-01 0.000000e+00
      outer loop
         vertex 1.152224e+02 1.962287e+01 1.500000e+01
         vertex 1.152224e+02 1.962287e+01 1.700000e+01
         vertex 1.158450e+02 1.969870e+01 1.700000e+01
      endloop
   endfacet
   facet normal -1.208802e-01 9.926671e-01 0.000000e+00
      outer loop
         vertex 1.152224e+02 1.962287e+01 1.500000e+01
         vertex 1.158450e+02 1.969870e+01 1.700000e+01
         vertex 1.158450e+02 1.969870e+01 1.500000e+01
      endloop
   endfacet
   facet normal -4.273271e-02 9.990865e-01 0.000000e+00
      outer loop
         vertex 1.158450e+02 1.969870e+01 1.500000e+01
         vertex 1.158450e+02 1.969870e+01 1.700000e+01
         vertex 1.164718e+02 1.972550e+01 1.700000e+01
      endloop
   endfacet
   facet normal -4.273271e-02 9.990865e-01 0.000000e+00
      outer loop
         vertex 1.158450e+02 1.969870e+01 1.500000e+01
         vertex 1.164718e+02 1.972550e+01 1.700000e+01
         vertex 1.164718e+02 1.972550e+01 1.500000e+01
      endloop
   endfacet
   facet normal 3.744207e-02 9.992988e-01 0.000000e+00
      outer loop
         vertex 1.170987e+02 1.970312e+01 0.000000e+00
         vertex 1.165000e+02 1.972555e+01 0.000000e+00
         vertex 1.165000e+02 1.972555e+01 1.500000e+01
      endloop
   endfacet
   facet normal -1.764509e-03 9.999984e-01 0.000000e+00
      outer loop
         vertex 1.164718e+02 1.972550e+01 1.500000e+01
         vertex 1.164718e+02 1.972550e+01 1.700000e+01
         vertex 1.165000e+02 1.972555e+01 1.500000e+01
      endloop
   endfacet
   facet normal 3.567839e-02 9.993632e-01 5.286346e-04
      outer loop
         vertex 1.165000e+02 1.972555e+01 1.500000e+01
         vertex 1.164718e+02 1.972550e+01 1.700000e+01
         vertex 1.170987e+02 1.970312e+01 1.700000e+01
      endloop
   endfacet
   facet normal 3.744207e-02 9.992988e-01 0.000000e+00
      outer loop
         vertex 1.165000e+02 1.972555e+01 1.500000e+01
         vertex 1.170987e+02 1.970312e+01 1.700000e+01
         vertex 1.170987e+02 1.970312e+01 0.000000e+00
      endloop
   endfacet
   facet normal 1.138692e-01 9.934957e-01 -0.000000e+00
      outer loop
         vertex 1.170987e+02 1.970312e+01 0.000000e+00
         vertex 1.170987e+02 1.970312e+01 1.700000e+01
         vertex 1.177219e+02 1.963169e+01 1.700000e+01
      endloop
   endfacet
   facet normal 1.138692e-01 9.934957e-01 0.000000e+00
      outer loop
         vertex 1.170987e+02 1.970312e+01 0.000000e+00
         vertex 1.177219e+02 1.963169e+01 1.700000e+01
         vertex 1.177219e+02 1.963169e+01 0.000000e+00
      endloop
   endfacet
   facet normal 1.913618e-01 9.815196e-01 -0.000000e+00
      outer loop
         vertex 1.177219e+02 1.963169e+01 0.000000e+00
         vertex 1.177219e+02 1.963169e+01 1.700000e+01
         vertex 1.183376e+02 1.951165e+01 1.700000e+01
      endloop
   endfacet
   facet normal 1.913618e-01 9.815196e-01 0.000000e+00
      outer loop
         vertex 1.177219e+02 1.963169e+01 0.000000e+00
         vertex 1.183376e+02 1.951165e+01 1.700000e+01
         vertex 1.183376e+02 1.951165e+01 0.000000e+00
      endloop
   endfacet
   facet normal 2.676757e-01 9.635091e-01 -0.000000e+00
      outer loop
         vertex 1.183376e+02 1.951165e+01 0.000000e+00
         vertex 1.183376e+02 1.951165e+01 1.700000e+01
         vertex 1.189420e+02 1.934374e+01 1.700000e+01
      endloop
   endfacet
   facet normal 2.676757e-01 9.635091e-01 0.000000e+00
      outer loop
         vertex 1.183376e+02 1.951165e+01 0.000000e+00
         vertex 1.189420e+02 1.934374e+01 1.700000e+01
         vertex 1.189420e+02 1.934374e+01 0.000000e+00
      endloop
   endfacet
   facet normal 3.423435e-01 9.395749e-01 -0.000000e+00
      outer loop
         vertex 1.189420e+02 1.934374e+01 0.000000e+00
         vertex 1.189420e+02 1.934374e+01 1.700000e+01
         vertex 1.195313e+02 1.912900e+01 1.700000e+01
      endloop
   endfacet
   facet normal 3.423435e-01 9.395749e-01 0.000000e+00
      outer loop
         vertex 1.189420e+02 1.934374e+01 0.000000e+00
         vertex 1.195313e+02 1.912900e+01 1.700000e+01
         vertex 1.195313e+02 1.912900e+01 0.000000e+00
      endloop
   endfacet
   facet normal 4.149084e-01 9.098632e-01 -0.000000e+00
      outer loop
         vertex 1.195313e+02 1.912900e+01 0.000000e+00
         vertex 1.195313e+02 1.912900e+01 1.700000e+01
         vertex 1.201021e+02 1.886873e+01 1.700000e+01
      endloop
   endfacet
   facet normal 4.149084e-01 9.098632e-01 0.000000e+00
      outer loop
         vertex 1.195313e+02 1.912900e+01 0.000000e+00
         vertex 1.201021e+02 1.886873e+01 1.700000e+01
         vertex 1.201021e+02 1.886873e+01 0.000000e+00
      endloop
   endfacet
   facet normal 4.849208e-01 8.745581e-01 -0.000000e+00
      outer loop
         vertex 1.201021e+02 1.886873e+01 0.000000e+00
         vertex 1.201021e+02 1.886873e+01 1.700000e+01
         vertex 1.206507e+02 1.856454e+01 1.700000e+01
      endloop
   endfacet
   facet normal 4.849208e-01 8.745581e-01 0.000000e+00
      outer loop
         vertex 1.201021e+02 1.886873e+01 0.000000e+00
         vertex 1.206507e+02 1.856454e+01 1.700000e+01
         vertex 1.206507e+02 1.856454e+01 0.000000e+00
      endloop
   endfacet
   facet normal 5.519542e-01 8.338744e-01 -0.000000e+00
      outer loop
         vertex 1.206507e+02 1.856454e+01 0.000000e+00
         vertex 1.206507e+02 1.856454e+01 1.700000e+01
         vertex 1.211738e+02 1.821831e+01 1.700000e+01
      endloop
   endfacet
   facet normal 5.519542e-01 8.338744e-01 0.000000e+00
      outer loop
         vertex 1.206507e+02 1.856454e+01 0.000000e+00
         vertex 1.211738e+02 1.821831e+01 1.700000e+01
         vertex 1.211738e+02 1.821831e+01 0.000000e+00
      endloop
   endfacet
   facet normal 6.155906e-01 7.880661e-01 -0.000000e+00
      outer loop
         vertex 1.211738e+02 1.821831e+01 0.000000e+00
         vertex 1.211738e+02 1.821831e+01 1.700000e+01
         vertex 1.216681e+02 1.783215e+01 1.700000e+01
      endloop
   endfacet
   facet normal 6.155906e-01 7.880661e-01 0.000000e+00
      outer loop
         vertex 1.211738e+02 1.821831e+01 0.000000e+00
         vertex 1.216681e+02 1.783215e+01 1.700000e+01
         vertex 1.216681e+02 1.783215e+01 0.000000e+00
      endloop
   endfacet
   facet normal 6.754448e-01 7.374105e-01 -0.000000e+00
      outer loop
         vertex 1.216681e+02 1.783215e+01 0.000000e+00
         vertex 1.216681e+02 1.783215e+01 1.700000e+01
         vertex 1.221307e+02 1.740846e+01 1.700000e+01
      endloop
   endfacet
   facet normal 6.754448e-01 7.374105e-01 0.000000e+00
      outer loop
         vertex 1.216681e+02 1.783215e+01 0.000000e+00
         vertex 1.221307e+02 1.740846e+01 1.700000e+01
         vertex 1.221307e+02 1.740846e+01 0.000000e+00
      endloop
   endfacet
   facet normal 7.311422e-01 6.822251e-01 -0.000000e+00
      outer loop
         vertex 1.221307e+02 1.740846e+01 0.000000e+00
         vertex 1.221307e+02 1.740846e+01 1.700000e+01
         vertex 1.225586e+02 1.694982e+01 1.700000e+01
      endloop
   endfacet
   facet normal 7.311422e-01 6.822251e-01 0.000000e+00
      outer loop
         vertex 1.221307e+02 1.740846e+01 0.000000e+00
         vertex 1.225586e+02 1.694982e+01 1.700000e+01
         vertex 1.225586e+02 1.694982e+01 0.000000e+00
      endloop
   endfacet
   facet normal 7.823522e-01 6.228363e-01 -0.000000e+00
      outer loop
         vertex 1.225586e+02 1.694982e+01 0.000000e+00
         vertex 1.225586e+02 1.694982e+01 1.700000e+01
         vertex 1.229493e+02 1.645906e+01 1.700000e+01
      endloop
   endfacet
   facet normal 7.823522e-01 6.228363e-01 0.000000e+00
      outer loop
         vertex 1.225586e+02 1.694982e+01 0.000000e+00
         vertex 1.229493e+02 1.645906e+01 1.700000e+01
         vertex 1.229493e+02 1.645906e+01 0.000000e+00
      endloop
   endfacet
   facet normal 8.287439e-01 5.596281e-01 -0.000000e+00
      outer loop
         vertex 1.229493e+02 1.645906e+01 0.000000e+00
         vertex 1.229493e+02 1.645906e+01 1.700000e+01
         vertex 1.233004e+02 1.593919e+01 1.700000e+01
      endloop
   endfacet
   facet normal 8.287439e-01 5.596281e-01 0.000000e+00
      outer loop
         vertex 1.229493e+02 1.645906e+01 0.000000e+00
         vertex 1.233004e+02 1.593919e+01 1.700000e+01
         vertex 1.233004e+02 1.593919e+01 0.000000e+00
      endloop
   endfacet
   facet normal 8.700448e-01 4.929727e-01 -0.000000e+00
      outer loop
         vertex 1.233004e+02 1.593919e+01 0.000000e+00
         vertex 1.233004e+02 1.593919e+01 1.700000e+01
         vertex 1.236096e+02 1.539343e+01 1.700000e+01
      endloop
   endfacet
   facet normal 8.700448e-01 4.929727e-01 0.000000e+00
      outer loop
         vertex 1.233004e+02 1.593919e+01 0.000000e+00
         vertex 1.236096e+02 1.539343e+01 1.700000e+01
         vertex 1.236096e+02 1.539343e+01 0.000000e+00
      endloop
   endfacet
   facet normal 9.059929e-01 4.232928e-01 -0.000000e+00
      outer loop
         vertex 1.236096e+02 1.539343e+01 0.000000e+00
         vertex 1.236096e+02 1.539343e+01 1.700000e+01
         vertex 1.238751e+02 1.482510e+01 1.700000e+01
      endloop
   endfacet
   facet normal 9.059929e-01 4.232928e-01 0.000000e+00
      outer loop
         vertex 1.236096e+02 1.539343e+01 0.000000e+00
         vertex 1.238751e+02 1.482510e+01 1.700000e+01
         vertex 1.238751e+02 1.482510e+01 0.000000e+00
      endloop
   endfacet
   facet normal 9.363748e-01 3.510018e-01 -0.000000e+00
      outer loop
         vertex 1.238751e+02 1.482510e+01 0.000000e+00
         vertex 1.238751e+02 1.482510e+01 1.700000e+01
         vertex 1.240953e+02 1.423773e+01 1.700000e+01
      endloop
   endfacet
   facet normal 9.363748e-01 3.510018e-01 0.000000e+00
      outer loop
         vertex 1.238751e+02 1.482510e+01 0.000000e+00
         vertex 1.240953e+02 1.423773e+01 1.700000e+01
         vertex 1.240953e+02 1.423773e+01 0.000000e+00
      endloop
   endfacet
   facet normal 9.609983e-01 2.765543e-01 -0.000000e+00
      outer loop
         vertex 1.240953e+02 1.423773e+01 0.000000e+00
         vertex 1.240953e+02 1.423773e+01 1.700000e+01
         vertex 1.242688e+02 1.363490e+01 1.700000e+01
      endloop
   endfacet
   facet normal 9.609983e-01 2.765543e-01 0.000000e+00
      outer loop
         vertex 1.240953e+02 1.423773e+01 0.000000e+00
         vertex 1.242688e+02 1.363490e+01 1.700000e+01
         vertex 1.242688e+02 1.363490e+01 0.000000e+00
      endloop
   endfacet
   facet normal 9.797114e-01 2.004137e-01 -0.000000e+00
      outer loop
         vertex 1.242688e+02 1.363490e+01 0.000000e+00
         vertex 1.242688e+02 1.363490e+01 1.700000e+01
         vertex 1.243945e+02 1.302034e+01 1.700000e+01
      endloop
   endfacet
   facet normal 9.797114e-01 2.004137e-01 0.000000e+00
      outer loop
         vertex 1.242688e+02 1.363490e+01 0.000000e+00
         vertex 1.243945e+02 1.302034e+01 1.700000e+01
         vertex 1.243945e+02 1.302034e+01 0.000000e+00
      endloop
   endfacet
   facet normal 9.924019e-01 1.230382e-01 -0.000000e+00
      outer loop
         vertex 1.243945e+02 1.302034e+01 0.000000e+00
         vertex 1.243945e+02 1.302034e+01 1.700000e+01
         vertex 1.244717e+02 1.239782e+01 1.700000e+01
      endloop
   endfacet
   facet normal 9.924019e-01 1.230382e-01 0.000000e+00
      outer loop
         vertex 1.243945e+02 1.302034e+01 0.000000e+00
         vertex 1.244717e+02 1.239782e+01 1.700000e+01
         vertex 1.244717e+02 1.239782e+01 0.000000e+00
      endloop
   endfacet
   facet normal 9.989914e-01 4.490260e-02 -0.000000e+00
      outer loop
         vertex 1.244717e+02 1.239782e+01 0.000000e+00
         vertex 1.244717e+02 1.239782e+01 1.700000e+01
         vertex 1.244999e+02 1.177116e+01 1.700000e+01
      endloop
   endfacet
   facet normal 9.989914e-01 4.490260e-02 0.000000e+00
      outer loop
         vertex 1.244717e+02 1.239782e+01 0.000000e+00
         vertex 1.244999e+02 1.177116e+01 1.700000e+01
         vertex 1.244999e+02 1.177116e+01 0.000000e+00
      endloop
   endfacet
   facet normal 9.994383e-01 -3.351215e-02 0.000000e+00
      outer loop
         vertex 1.244999e+02 1.177116e+01 0.000000e+00
         vertex 1.244999e+02 1.177116e+01 1.700000e+01
         vertex 1.244789e+02 1.114422e+01 1.700000e+01
      endloop
   endfacet
   facet normal 9.994383e-01 -3.351215e-02 0.000000e+00
      outer loop
         vertex 1.244999e+02 1.177116e+01 0.000000e+00
         vertex 1.244789e+02 1.114422e+01 1.700000e+01
         vertex 1.244789e+02 1.114422e+01 0.000000e+00
      endloop
   endfacet
   facet normal 9.937405e-01 -1.117131e-01 0.000000e+00
      outer loop
         vertex 1.244789e+02 1.114422e+01 0.000000e+00
         vertex 1.244789e+02 1.114422e+01 1.700000e+01
         vertex 1.244088e+02 1.052086e+01 1.700000e+01
      endloop
   endfacet
   facet normal 9.937405e-01 -1.117131e-01 0.000000e+00
      outer loop
         vertex 1.244789e+02 1.114422e+01 0.000000e+00
         vertex 1.244088e+02 1.052086e+01 1.700000e+01
         vertex 1.244088e+02 1.052086e+01 0.000000e+00
      endloop
   endfacet
   facet normal 9.819337e-01 -1.892253e-01 0.000000e+00
      outer loop
         vertex 1.244088e+02 1.052086e+01 0.000000e+00
         vertex 1.244088e+02 1.052086e+01 1.700000e+01
         vertex 1.242901e+02 9.904906e+00 1.700000e+01
      endloop
   endfacet
   facet normal 9.819337e-01 -1.892253e-01 0.000000e+00
      outer loop
         vertex 1.244088e+02 1.052086e+01 0.000000e+00
         vertex 1.242901e+02 9.904906e+00 1.700000e+01
         vertex 1.242901e+02 9.904906e+00 0.000000e+00
      endloop
   endfacet
   facet normal 9.640874e-01 -2.655850e-01 0.000000e+00
      outer loop
         vertex 1.242901e+02 9.904906e+00 0.000000e+00
         vertex 1.242901e+02 9.904906e+00 1.700000e+01
         vertex 1.241235e+02 9.300144e+00 1.700000e+01
      endloop
   endfacet
   facet normal 9.640874e-01 -2.655850e-01 0.000000e+00
      outer loop
         vertex 1.242901e+02 9.904906e+00 0.000000e+00
         vertex 1.241235e+02 9.300144e+00 1.700000e+01
         vertex 1.241235e+02 9.300144e+00 0.000000e+00
      endloop
   endfacet
   facet normal 9.403167e-01 -3.403005e-01 0.000000e+00
      outer loop
         vertex 1.241235e+02 9.300144e+00 0.000000e+00
         vertex 1.241235e+02 9.300144e+00 1.700000e+01
         vertex 1.239100e+02 8.710294e+00 1.700000e+01
      endloop
   endfacet
   facet normal 9.403167e-01 -3.403005e-01 0.000000e+00
      outer loop
         vertex 1.241235e+02 9.300144e+00 0.000000e+00
         vertex 1.239100e+02 8.710294e+00 1.700000e+01
         vertex 1.239100e+02 8.710294e+00 0.000000e+00
      endloop
   endfacet
   facet normal 9.107601e-01 -4.129358e-01 0.000000e+00
      outer loop
         vertex 1.239100e+02 8.710294e+00 0.000000e+00
         vertex 1.239100e+02 8.710294e+00 1.700000e+01
         vertex 1.236510e+02 8.138983e+00 1.700000e+01
      endloop
   endfacet
   facet normal 9.107601e-01 -4.129358e-01 0.000000e+00
      outer loop
         vertex 1.239100e+02 8.710294e+00 0.000000e+00
         vertex 1.236510e+02 8.138983e+00 1.700000e+01
         vertex 1.236510e+02 8.138983e+00 0.000000e+00
      endloop
   endfacet
   facet normal 8.756096e-01 -4.830196e-01 0.000000e+00
      outer loop
         vertex 1.236510e+02 8.138983e+00 0.000000e+00
         vertex 1.236510e+02 8.138983e+00 1.700000e+01
         vertex 1.233480e+02 7.589723e+00 1.700000e+01
      endloop
   endfacet
   facet normal 8.756096e-01 -4.830196e-01 0.000000e+00
      outer loop
         vertex 1.236510e+02 8.138983e+00 0.000000e+00
         vertex 1.233480e+02 7.589723e+00 1.700000e+01
         vertex 1.233480e+02 7.589723e+00 0.000000e+00
      endloop
   endfacet
   facet normal 8.350728e-01 -5.501395e-01 0.000000e+00
      outer loop
         vertex 1.233480e+02 7.589723e+00 0.000000e+00
         vertex 1.233480e+02 7.589723e+00 1.700000e+01
         vertex 1.230029e+02 7.065892e+00 1.700000e+01
      endloop
   endfacet
   facet normal 8.350728e-01 -5.501395e-01 0.000000e+00
      outer loop
         vertex 1.233480e+02 7.589723e+00 0.000000e+00
         vertex 1.230029e+02 7.065892e+00 1.700000e+01
         vertex 1.230029e+02 7.065892e+00 0.000000e+00
      endloop
   endfacet
   facet normal 7.894006e-01 -6.138784e-01 0.000000e+00
      outer loop
         vertex 1.230029e+02 7.065892e+00 0.000000e+00
         vertex 1.230029e+02 7.065892e+00 1.700000e+01
         vertex 1.226178e+02 6.570709e+00 1.700000e+01
      endloop
   endfacet
   facet normal 7.894006e-01 -6.138784e-01 0.000000e+00
      outer loop
         vertex 1.230029e+02 7.065892e+00 0.000000e+00
         vertex 1.226178e+02 6.570709e+00 1.700000e+01
         vertex 1.226178e+02 6.570709e+00 0.000000e+00
      endloop
   endfacet
   facet normal 7.388754e-01 -6.738421e-01 0.000000e+00
      outer loop
         vertex 1.226178e+02 6.570709e+00 0.000000e+00
         vertex 1.226178e+02 6.570709e+00 1.700000e+01
         vertex 1.221951e+02 6.107220e+00 1.700000e+01
      endloop
   endfacet
   facet normal 7.388754e-01 -6.738421e-01 0.000000e+00
      outer loop
         vertex 1.226178e+02 6.570709e+00 0.000000e+00
         vertex 1.221951e+02 6.107220e+00 1.700000e+01
         vertex 1.221951e+02 6.107220e+00 0.000000e+00
      endloop
   endfacet
   facet normal 6.838064e-01 -7.296635e-01 0.000000e+00
      outer loop
         vertex 1.221951e+02 6.107220e+00 0.000000e+00
         vertex 1.221951e+02 6.107220e+00 1.700000e+01
         vertex 1.217374e+02 5.678275e+00 1.700000e+01
      endloop
   endfacet
   facet normal 6.838064e-01 -7.296635e-01 0.000000e+00
      outer loop
         vertex 1.221951e+02 6.107220e+00 0.000000e+00
         vertex 1.217374e+02 5.678275e+00 1.700000e+01
         vertex 1.217374e+02 5.678275e+00 0.000000e+00
      endloop
   endfacet
   facet normal 6.245368e-01 -7.809954e-01 0.000000e+00
      outer loop
         vertex 1.217374e+02 5.678275e+00 0.000000e+00
         vertex 1.217374e+02 5.678275e+00 1.700000e+01
         vertex 1.212475e+02 5.286510e+00 1.700000e+01
      endloop
   endfacet
   facet normal 6.245368e-01 -7.809954e-01 0.000000e+00
      outer loop
         vertex 1.217374e+02 5.678275e+00 0.000000e+00
         vertex 1.212475e+02 5.286510e+00 1.700000e+01
         vertex 1.212475e+02 5.286510e+00 0.000000e+00
      endloop
   endfacet
   facet normal 5.614268e-01 -8.275264e-01 0.000000e+00
      outer loop
         vertex 1.212475e+02 5.286510e+00 0.000000e+00
         vertex 1.212475e+02 5.286510e+00 1.700000e+01
         vertex 1.207284e+02 4.934334e+00 1.700000e+01
      endloop
   endfacet
   facet normal 5.614268e-01 -8.275264e-01 0.000000e+00
      outer loop
         vertex 1.212475e+02 5.286510e+00 0.000000e+00
         vertex 1.207284e+02 4.934334e+00 1.700000e+01
         vertex 1.207284e+02 4.934334e+00 0.000000e+00
      endloop
   endfacet
   facet normal 4.948604e-01 -8.689725e-01 0.000000e+00
      outer loop
         vertex 1.207284e+02 4.934334e+00 0.000000e+00
         vertex 1.207284e+02 4.934334e+00 1.700000e+01
         vertex 1.201833e+02 4.623912e+00 1.700000e+01
      endloop
   endfacet
   facet normal 4.948604e-01 -8.689725e-01 0.000000e+00
      outer loop
         vertex 1.207284e+02 4.934334e+00 0.000000e+00
         vertex 1.201833e+02 4.623912e+00 1.700000e+01
         vertex 1.201833e+02 4.623912e+00 0.000000e+00
      endloop
   endfacet
   facet normal 4.252556e-01 -9.050733e-01 0.000000e+00
      outer loop
         vertex 1.201833e+02 4.623912e+00 0.000000e+00
         vertex 1.201833e+02 4.623912e+00 1.700000e+01
         vertex 1.196156e+02 4.357154e+00 1.700000e+01
      endloop
   endfacet
   facet normal 4.252556e-01 -9.050733e-01 0.000000e+00
      outer loop
         vertex 1.201833e+02 4.623912e+00 0.000000e+00
         vertex 1.196156e+02 4.357154e+00 1.700000e+01
         vertex 1.196156e+02 4.357154e+00 0.000000e+00
      endloop
   endfacet
   facet normal 3.530361e-01 -9.356097e-01 0.000000e+00
      outer loop
         vertex 1.196156e+02 4.357154e+00 0.000000e+00
         vertex 1.196156e+02 4.357154e+00 1.700000e+01
         vertex 1.190287e+02 4.135699e+00 1.700000e+01
      endloop
   endfacet
   facet normal 3.530361e-01 -9.356097e-01 0.000000e+00
      outer loop
         vertex 1.196156e+02 4.357154e+00 0.000000e+00
         vertex 1.190287e+02 4.135699e+00 1.700000e+01
         vertex 1.190287e+02 4.135699e+00 0.000000e+00
      endloop
   endfacet
   facet normal 2.786424e-01 -9.603949e-01 0.000000e+00
      outer loop
         vertex 1.190287e+02 4.135699e+00 0.000000e+00
         vertex 1.190287e+02 4.135699e+00 1.700000e+01
         vertex 1.184262e+02 3.960909e+00 1.700000e+01
      endloop
   endfacet
   facet normal 2.786424e-01 -9.603949e-01 0.000000e+00
      outer loop
         vertex 1.190287e+02 4.135699e+00 0.000000e+00
         vertex 1.184262e+02 3.960909e+00 1.700000e+01
         vertex 1.184262e+02 3.960909e+00 0.000000e+00
      endloop
   endfacet
   facet normal 2.025394e-01 -9.792741e-01 0.000000e+00
      outer loop
         vertex 1.184262e+02 3.960909e+00 0.000000e+00
         vertex 1.184262e+02 3.960909e+00 1.700000e+01
         vertex 1.178119e+02 3.833858e+00 1.700000e+01
      endloop
   endfacet
   facet normal 2.025394e-01 -9.792741e-01 0.000000e+00
      outer loop
         vertex 1.184262e+02 3.960909e+00 0.000000e+00
         vertex 1.178119e+02 3.833858e+00 1.700000e+01
         vertex 1.178119e+02 3.833858e+00 0.000000e+00
      endloop
   endfacet
   facet normal 1.251895e-01 -9.921328e-01 0.000000e+00
      outer loop
         vertex 1.178119e+02 3.833858e+00 0.000000e+00
         vertex 1.178119e+02 3.833858e+00 1.700000e+01
         vertex 1.171896e+02 3.755328e+00 1.700000e+01
      endloop
   endfacet
   facet normal 1.251895e-01 -9.921328e-01 0.000000e+00
      outer loop
         vertex 1.178119e+02 3.833858e+00 0.000000e+00
         vertex 1.171896e+02 3.755328e+00 1.700000e+01
         vertex 1.171896e+02 3.755328e+00 0.000000e+00
      endloop
   endfacet
   facet normal 4.707172e-02 -9.988915e-01 0.000000e+00
      outer loop
         vertex 1.171896e+02 3.755328e+00 0.000000e+00
         vertex 1.171896e+02 3.755328e+00 1.700000e+01
         vertex 1.165630e+02 3.725801e+00 1.700000e+01
      endloop
   endfacet
   facet normal 4.707172e-02 -9.988915e-01 0.000000e+00
      outer loop
         vertex 1.171896e+02 3.755328e+00 0.000000e+00
         vertex 1.165630e+02 3.725801e+00 1.700000e+01
         vertex 1.165630e+02 3.725801e+00 0.000000e+00
      endloop
   endfacet
   facet normal -3.133858e-02 -9.995088e-01 0.000000e+00
      outer loop
         vertex 1.165630e+02 3.725801e+00 0.000000e+00
         vertex 1.165630e+02 3.725801e+00 1.700000e+01
         vertex 1.159360e+02 3.745459e+00 1.700000e+01
      endloop
   endfacet
   facet normal -3.133858e-02 -9.995088e-01 0.000000e+00
      outer loop
         vertex 1.165630e+02 3.725801e+00 0.000000e+00
         vertex 1.159360e+02 3.745459e+00 1.700000e+01
         vertex 1.159360e+02 3.745459e+00 0.000000e+00
      endloop
   endfacet
   facet normal -1.095545e-01 -9.939808e-01 0.000000e+00
      outer loop
         vertex 1.159360e+02 3.745459e+00 0.000000e+00
         vertex 1.159360e+02 3.745459e+00 1.700000e+01
         vertex 1.153125e+02 3.814181e+00 1.700000e+01
      endloop
   endfacet
   facet normal -1.095545e-01 -9.939808e-01 0.000000e+00
      outer loop
         vertex 1.159360e+02 3.745459e+00 0.000000e+00
         vertex 1.153125e+02 3.814181e+00 1.700000e+01
         vertex 1.153125e+02 3.814181e+00 0.000000e+00
      endloop
   endfacet
   facet normal -1.870964e-01 -9.823416e-01 0.000000e+00
      outer loop
         vertex 1.153125e+02 3.814181e+00 0.000000e+00
         vertex 1.153125e+02 3.814181e+00 1.700000e+01
         vertex 1.146963e+02 3.931545e+00 1.700000e+01
      endloop
   endfacet
   facet normal -1.870964e-01 -9.823416e-01 0.000000e+00
      outer loop
         vertex 1.153125e+02 3.814181e+00 0.000000e+00
         vertex 1.146963e+02 3.931545e+00 1.700000e+01
         vertex 1.146963e+02 3.931545e+00 0.000000e+00
      endloop
   endfacet
   facet normal -2.634892e-01 -9.646623e-01 0.000000e+00
      outer loop
         vertex 1.146963e+02 3.931545e+00 0.000000e+00
         vertex 1.146963e+02 3.931545e+00 1.700000e+01
         vertex 1.140912e+02 4.096828e+00 1.700000e+01
      endloop
   endfacet
   facet normal -2.634892e-01 -9.646623e-01 0.000000e+00
      outer loop
         vertex 1.146963e+02 3.931545e+00 0.000000e+00
         vertex 1.140912e+02 4.096828e+00 1.700000e+01
         vertex 1.140912e+02 4.096828e+00 0.000000e+00
      endloop
   endfacet
   facet normal -3.382609e-01 -9.410524e-01 0.000000e+00
      outer loop
         vertex 1.140912e+02 4.096828e+00 0.000000e+00
         vertex 1.140912e+02 4.096828e+00 1.700000e+01
         vertex 1.135008e+02 4.309016e+00 1.700000e+01
      endloop
   endfacet
   facet normal -3.382609e-01 -9.410524e-01 0.000000e+00
      outer loop
         vertex 1.140912e+02 4.096828e+00 0.000000e+00
         vertex 1.135008e+02 4.309016e+00 1.700000e+01
         vertex 1.135008e+02 4.309016e+00 0.000000e+00
      endloop
   endfacet
   facet normal -4.109525e-01 -9.116567e-01 0.000000e+00
      outer loop
         vertex 1.135008e+02 4.309016e+00 0.000000e+00
         vertex 1.135008e+02 4.309016e+00 1.700000e+01
         vertex 1.129290e+02 4.566803e+00 1.700000e+01
      endloop
   endfacet
   facet normal -4.109525e-01 -9.116567e-01 0.000000e+00
      outer loop
         vertex 1.135008e+02 4.309016e+00 0.000000e+00
         vertex 1.129290e+02 4.566803e+00 1.700000e+01
         vertex 1.129290e+02 4.566803e+00 0.000000e+00
      endloop
   endfacet
   facet normal -4.811190e-01 -8.766553e-01 0.000000e+00
      outer loop
         vertex 1.129290e+02 4.566803e+00 0.000000e+00
         vertex 1.129290e+02 4.566803e+00 1.700000e+01
         vertex 1.123790e+02 4.868603e+00 1.700000e+01
      endloop
   endfacet
   facet normal -4.811190e-01 -8.766553e-01 0.000000e+00
      outer loop
         vertex 1.129290e+02 4.566803e+00 0.000000e+00
         vertex 1.123790e+02 4.868603e+00 1.700000e+01
         vertex 1.123790e+02 4.868603e+00 0.000000e+00
      endloop
   endfacet
   facet normal -5.483291e-01 -8.362626e-01 0.000000e+00
      outer loop
         vertex 1.123790e+02 4.868603e+00 0.000000e+00
         vertex 1.123790e+02 4.868603e+00 1.700000e+01
         vertex 1.118545e+02 5.212563e+00 1.700000e+01
      endloop
   endfacet
   facet normal -5.483291e-01 -8.362626e-01 0.000000e+00
      outer loop
         vertex 1.123790e+02 4.868603e+00 0.000000e+00
         vertex 1.118545e+02 5.212563e+00 1.700000e+01
         vertex 1.118545e+02 5.212563e+00 0.000000e+00
      endloop
   endfacet
   facet normal -6.121617e-01 -7.907326e-01 0.000000e+00
      outer loop
         vertex 1.118545e+02 5.212563e+00 0.000000e+00
         vertex 1.118545e+02 5.212563e+00 1.700000e+01
         vertex 1.113585e+02 5.596566e+00 1.700000e+01
      endloop
   endfacet
   facet normal -6.121617e-01 -7.907326e-01 0.000000e+00
      outer loop
         vertex 1.118545e+02 5.212563e+00 0.000000e+00
         vertex 1.113585e+02 5.596566e+00 1.700000e+01
         vertex 1.113585e+02 5.596566e+00 0.000000e+00
      endloop
   endfacet
   facet normal -6.722358e-01 -7.403371e-01 0.000000e+00
      outer loop
         vertex 1.113585e+02 5.596566e+00 0.000000e+00
         vertex 1.113585e+02 5.596566e+00 1.700000e+01
         vertex 1.108940e+02 6.018253e+00 1.700000e+01
      endloop
   endfacet
   facet normal -6.722358e-01 -7.403371e-01 0.000000e+00
      outer loop
         vertex 1.113585e+02 5.596566e+00 0.000000e+00
         vertex 1.108940e+02 6.018253e+00 1.700000e+01
         vertex 1.108940e+02 6.018253e+00 0.000000e+00
      endloop
   endfacet
   facet normal 0.000000e+00 1.000000e+00 0.000000e+00
      outer loop
         vertex 1.165000e+02 1.972555e+01 1.500000e+01
         vertex 1.165000e+02 1.972555e+01 0.000000e+00
         vertex 2.500000e+01 1.972555e+01 1.500000e+01
      endloop
   endfacet
   facet normal 0.000000e+00 1.000000e+00 0.000000e+00
      outer loop
         vertex 2.500000e+01 1.972555e+01 1.500000e+01
         vertex 1.165000e+02 1.972555e+01 0.000000e+00
         vertex 2.500000e+01 1.972555e+01 0.000000e+00
      endloop
   endfacet
   facet normal -3.420201e-01 9.396926e-01 0.000000e+00
      outer loop
         vertex 4.112374e+00 1.212308e+01 1.500000e+01
         vertex 2.500000e+01 1.972555e+01 1.500000e+01
         vertex 4.112374e+00 1.212308e+01 -8.673617e-16
      endloop
   endfacet
   facet normal -3.420201e-01 9.396926e-01 0.000000e+00
      outer loop
         vertex 4.112374e+00 1.212308e+01 -8.673617e-16
         vertex 2.500000e+01 1.972555e+01 1.500000e+01
         vertex 2.500000e+01 1.972555e+01 -8.673617e-16
      endloop
   endfacet
   facet normal -3.838353e-01 9.234016e-01 0.000000e+00
      outer loop
         vertex 4.112374e+00 1.212308e+01 1.500000e+01
         vertex 4.112374e+00 1.212308e+01 0.000000e+00
         vertex 3.594521e+00 1.190782e+01 0.000000e+00
      endloop
   endfacet
   facet normal -3.838353e-01 9.234016e-01 0.000000e+00
      outer loop
         vertex 4.112374e+00 1.212308e+01 1.500000e+01
         vertex 3.594521e+00 1.190782e+01 0.000000e+00
         vertex 3.594521e+00 1.190782e+01 1.500000e+01
      endloop
   endfacet
   facet normal -4.650626e-01 8.852778e-01 0.000000e+00
      outer loop
         vertex 3.594521e+00 1.190782e+01 1.500000e+01
         vertex 3.594521e+00 1.190782e+01 0.000000e+00
         vertex 3.098048e+00 1.164701e+01 0.000000e+00
      endloop
   endfacet
   facet normal -4.650626e-01 8.852778e-01 0.000000e+00
      outer loop
         vertex 3.594521e+00 1.190782e+01 1.500000e+01
         vertex 3.098048e+00 1.164701e+01 0.000000e+00
         vertex 3.098048e+00 1.164701e+01 1.500000e+01
      endloop
   endfacet
   facet normal -5.425454e-01 8.400265e-01 0.000000e+00
      outer loop
         vertex 3.098048e+00 1.164701e+01 1.500000e+01
         vertex 3.098048e+00 1.164701e+01 0.000000e+00
         vertex 2.626952e+00 1.134274e+01 0.000000e+00
      endloop
   endfacet
   facet normal -5.425454e-01 8.400265e-01 0.000000e+00
      outer loop
         vertex 3.098048e+00 1.164701e+01 1.500000e+01
         vertex 2.626952e+00 1.134274e+01 0.000000e+00
         vertex 2.626952e+00 1.134274e+01 1.500000e+01
      endloop
   endfacet
   facet normal -6.156621e-01 7.880103e-01 0.000000e+00
      outer loop
         vertex 2.626952e+00 1.134274e+01 1.500000e+01
         vertex 2.626952e+00 1.134274e+01 0.000000e+00
         vertex 2.185028e+00 1.099747e+01 0.000000e+00
      endloop
   endfacet
   facet normal -6.156621e-01 7.880103e-01 0.000000e+00
      outer loop
         vertex 2.626952e+00 1.134274e+01 1.500000e+01
         vertex 2.185028e+00 1.099747e+01 0.000000e+00
         vertex 2.185028e+00 1.099747e+01 1.500000e+01
      endloop
   endfacet
   facet normal -6.838220e-01 7.296488e-01 0.000000e+00
      outer loop
         vertex 2.185028e+00 1.099747e+01 1.500000e+01
         vertex 2.185028e+00 1.099747e+01 0.000000e+00
         vertex 1.775835e+00 1.061398e+01 0.000000e+00
      endloop
   endfacet
   facet normal -6.838220e-01 7.296488e-01 0.000000e+00
      outer loop
         vertex 2.185028e+00 1.099747e+01 1.500000e+01
         vertex 1.775835e+00 1.061398e+01 0.000000e+00
         vertex 1.775835e+00 1.061398e+01 1.500000e+01
      endloop
   endfacet
   facet normal -7.464715e-01 6.654174e-01 0.000000e+00
      outer loop
         vertex 1.775835e+00 1.061398e+01 1.500000e+01
         vertex 1.775835e+00 1.061398e+01 0.000000e+00
         vertex 1.402661e+00 1.019535e+01 0.000000e+00
      endloop
   endfacet
   facet normal -7.464715e-01 6.654174e-01 0.000000e+00
      outer loop
         vertex 1.775835e+00 1.061398e+01 1.500000e+01
         vertex 1.402661e+00 1.019535e+01 0.000000e+00
         vertex 1.402661e+00 1.019535e+01 1.500000e+01
      endloop
   endfacet
   facet normal -8.031155e-01 5.958234e-01 0.000000e+00
      outer loop
         vertex 1.402661e+00 1.019535e+01 1.500000e+01
         vertex 1.402661e+00 1.019535e+01 0.000000e+00
         vertex 1.068518e+00 9.744956e+00 0.000000e+00
      endloop
   endfacet
   facet normal -8.031155e-01 5.958234e-01 0.000000e+00
      outer loop
         vertex 1.402661e+00 1.019535e+01 1.500000e+01
         vertex 1.068518e+00 9.744956e+00 0.000000e+00
         vertex 1.068518e+00 9.744956e+00 1.500000e+01
      endloop
   endfacet
   facet normal -8.532897e-01 5.214371e-01 0.000000e+00
      outer loop
         vertex 1.068518e+00 9.744956e+00 1.500000e+01
         vertex 1.068518e+00 9.744956e+00 0.000000e+00
         vertex 7.760897e-01 9.266421e+00 0.000000e+00
      endloop
   endfacet
   facet normal -8.532897e-01 5.214371e-01 0.000000e+00
      outer loop
         vertex 1.068518e+00 9.744956e+00 1.500000e+01
         vertex 7.760897e-01 9.266421e+00 0.000000e+00
         vertex 7.760897e-01 9.266421e+00 1.500000e+01
      endloop
   endfacet
   facet normal -8.965965e-01 4.428484e-01 0.000000e+00
      outer loop
         vertex 7.760897e-01 9.266421e+00 1.500000e+01
         vertex 7.760897e-01 9.266421e+00 0.000000e+00
         vertex 5.277358e-01 8.763601e+00 0.000000e+00
      endloop
   endfacet
   facet normal -8.965965e-01 4.428484e-01 0.000000e+00
      outer loop
         vertex 7.760897e-01 9.266421e+00 1.500000e+01
         vertex 5.277358e-01 8.763601e+00 0.000000e+00
         vertex 5.277358e-01 8.763601e+00 1.500000e+01
      endloop
   endfacet
   facet normal -9.326851e-01 3.606917e-01 0.000000e+00
      outer loop
         vertex 5.277358e-01 8.763601e+00 1.500000e+01
         vertex 5.277358e-01 8.763601e+00 0.000000e+00
         vertex 3.254563e-01 8.240541e+00 0.000000e+00
      endloop
   endfacet
   facet normal -9.326851e-01 3.606917e-01 0.000000e+00
      outer loop
         vertex 5.277358e-01 8.763601e+00 1.500000e+01
         vertex 3.254563e-01 8.240541e+00 0.000000e+00
         vertex 3.254563e-01 8.240541e+00 1.500000e+01
      endloop
   endfacet
   facet normal -9.612614e-01 2.756385e-01 0.000000e+00
      outer loop
         vertex 3.254563e-01 8.240541e+00 1.500000e+01
         vertex 3.254563e-01 8.240541e+00 0.000000e+00
         vertex 1.708753e-01 7.701456e+00 0.000000e+00
      endloop
   endfacet
   facet normal -9.612614e-01 2.756385e-01 0.000000e+00
      outer loop
         vertex 3.254563e-01 8.240541e+00 1.500000e+01
         vertex 1.708753e-01 7.701456e+00 0.000000e+00
         vertex 1.708753e-01 7.701456e+00 1.500000e+01
      endloop
   endfacet
   facet normal -9.821000e-01 1.883603e-01 0.000000e+00
      outer loop
         vertex 1.708753e-01 7.701456e+00 1.500000e+01
         vertex 1.708753e-01 7.701456e+00 0.000000e+00
         vertex 6.524101e-02 7.150684e+00 0.000000e+00
      endloop
   endfacet
   facet normal -9.821000e-01 1.883603e-01 0.000000e+00
      outer loop
         vertex 1.708753e-01 7.701456e+00 1.500000e+01
         vertex 6.524101e-02 7.150684e+00 0.000000e+00
         vertex 6.524101e-02 7.150684e+00 1.500000e+01
      endloop
   endfacet
   facet normal -9.950308e-01 9.956727e-02 0.000000e+00
      outer loop
         vertex 6.524101e-02 7.150684e+00 1.500000e+01
         vertex 6.524101e-02 7.150684e+00 0.000000e+00
         vertex 9.402633e-03 6.592661e+00 0.000000e+00
      endloop
   endfacet
   facet normal -9.950308e-01 9.956727e-02 0.000000e+00
      outer loop
         vertex 6.524101e-02 7.150684e+00 1.500000e+01
         vertex 9.402633e-03 6.592661e+00 0.000000e+00
         vertex 9.402633e-03 6.592661e+00 1.500000e+01
      endloop
   endfacet
   facet normal -9.999502e-01 9.977324e-03 0.000000e+00
      outer loop
         vertex 9.402633e-03 6.592661e+00 1.500000e+01
         vertex 9.402633e-03 6.592661e+00 0.000000e+00
         vertex 3.807247e-03 6.031878e+00 0.000000e+00
      endloop
   endfacet
   facet normal -9.999502e-01 9.977324e-03 0.000000e+00
      outer loop
         vertex 9.402633e-03 6.592661e+00 1.500000e+01
         vertex 3.807247e-03 6.031878e+00 0.000000e+00
         vertex 3.807247e-03 6.031878e+00 1.500000e+01
      endloop
   endfacet
   facet normal -9.968184e-01 -7.970562e-02 -0.000000e+00
      outer loop
         vertex 3.807247e-03 6.031878e+00 1.500000e+01
         vertex 3.807247e-03 6.031878e+00 0.000000e+00
         vertex 4.850700e-02 5.472852e+00 0.000000e+00
      endloop
   endfacet
   facet normal -9.968184e-01 -7.970562e-02 0.000000e+00
      outer loop
         vertex 3.807247e-03 6.031878e+00 1.500000e+01
         vertex 4.850700e-02 5.472852e+00 0.000000e+00
         vertex 4.850700e-02 5.472852e+00 1.500000e+01
      endloop
   endfacet
   facet normal -9.856621e-01 -1.687312e-01 -0.000000e+00
      outer loop
         vertex 4.850700e-02 5.472852e+00 1.500000e+01
         vertex 4.850700e-02 5.472852e+00 0.000000e+00
         vertex 1.431331e-01 4.920083e+00 0.000000e+00
      endloop
   endfacet
   facet normal -9.856621e-01 -1.687312e-01 0.000000e+00
      outer loop
         vertex 4.850700e-02 5.472852e+00 1.500000e+01
         vertex 1.431331e-01 4.920083e+00 0.000000e+00
         vertex 1.431331e-01 4.920083e+00 1.500000e+01
      endloop
   endfacet
   facet normal -9.665670e-01 -2.564142e-01 -0.000000e+00
      outer loop
         vertex 1.431331e-01 4.920083e+00 1.500000e+01
         vertex 1.431331e-01 4.920083e+00 0.000000e+00
         vertex 2.869330e-01 4.378022e+00 0.000000e+00
      endloop
   endfacet
   facet normal -9.665670e-01 -2.564142e-01 0.000000e+00
      outer loop
         vertex 1.431331e-01 4.920083e+00 1.500000e+01
         vertex 2.869330e-01 4.378022e+00 0.000000e+00
         vertex 2.869330e-01 4.378022e+00 1.500000e+01
      endloop
   endfacet
   facet normal -9.396931e-01 -3.420188e-01 -0.000000e+00
      outer loop
         vertex 2.869330e-01 4.378022e+00 1.500000e+01
         vertex 2.869330e-01 4.378022e+00 0.000000e+00
         vertex 4.787408e-01 3.851032e+00 0.000000e+00
      endloop
   endfacet
   facet normal -9.396931e-01 -3.420188e-01 0.000000e+00
      outer loop
         vertex 2.869330e-01 4.378022e+00 1.500000e+01
         vertex 4.787408e-01 3.851032e+00 0.000000e+00
         vertex 4.787408e-01 3.851032e+00 1.500000e+01
      endloop
   endfacet
   facet normal -9.052525e-01 -4.248739e-01 -0.000000e+00
      outer loop
         vertex 4.787408e-01 3.851032e+00 1.500000e+01
         vertex 4.787408e-01 3.851032e+00 0.000000e+00
         vertex 7.170141e-01 3.343358e+00 0.000000e+00
      endloop
   endfacet
   facet normal -9.052525e-01 -4.248739e-01 0.000000e+00
      outer loop
         vertex 4.787408e-01 3.851032e+00 1.500000e+01
         vertex 7.170141e-01 3.343358e+00 0.000000e+00
         vertex 7.170141e-01 3.343358e+00 1.500000e+01
      endloop
   endfacet
   facet normal -8.635211e-01 -5.043128e-01 -0.000000e+00
      outer loop
         vertex 7.170141e-01 3.343358e+00 1.500000e+01
         vertex 7.170141e-01 3.343358e+00 0.000000e+00
         vertex 9.998381e-01 2.859086e+00 0.000000e+00
      endloop
   endfacet
   facet normal -8.635211e-01 -5.043128e-01 0.000000e+00
      outer loop
         vertex 7.170141e-01 3.343358e+00 1.500000e+01
         vertex 9.998381e-01 2.859086e+00 0.000000e+00
         vertex 9.998381e-01 2.859086e+00 1.500000e+01
      endloop
   endfacet
   facet normal -8.148388e-01 -5.796876e-01 -0.000000e+00
      outer loop
         vertex 9.998381e-01 2.859086e+00 1.500000e+01
         vertex 9.998381e-01 2.859086e+00 0.000000e+00
         vertex 1.324933e+00 2.402116e+00 0.000000e+00
      endloop
   endfacet
   facet normal -8.148388e-01 -5.796876e-01 0.000000e+00
      outer loop
         vertex 9.998381e-01 2.859086e+00 1.500000e+01
         vertex 1.324933e+00 2.402116e+00 0.000000e+00
         vertex 1.324933e+00 2.402116e+00 1.500000e+01
      endloop
   endfacet
   facet normal -7.595936e-01 -6.503980e-01 -0.000000e+00
      outer loop
         vertex 1.324933e+00 2.402116e+00 1.500000e+01
         vertex 1.324933e+00 2.402116e+00 0.000000e+00
         vertex 1.689684e+00 1.976127e+00 0.000000e+00
      endloop
   endfacet
   facet normal -7.595936e-01 -6.503980e-01 0.000000e+00
      outer loop
         vertex 1.324933e+00 2.402116e+00 1.500000e+01
         vertex 1.689684e+00 1.976127e+00 0.000000e+00
         vertex 1.689684e+00 1.976127e+00 1.500000e+01
      endloop
   endfacet
   facet normal -6.982386e-01 -7.158651e-01 -0.000000e+00
      outer loop
         vertex 1.689684e+00 1.976127e+00 1.500000e+01
         vertex 1.689684e+00 1.976127e+00 0.000000e+00
         vertex 2.091147e+00 1.584549e+00 0.000000e+00
      endloop
   endfacet
   facet normal -6.982386e-01 -7.158651e-01 0.000000e+00
      outer loop
         vertex 1.689684e+00 1.976127e+00 1.500000e+01
         vertex 2.091147e+00 1.584549e+00 0.000000e+00
         vertex 2.091147e+00 1.584549e+00 1.500000e+01
      endloop
   endfacet
   facet normal -6.312566e-01 -7.755740e-01 -0.000000e+00
      outer loop
         vertex 2.091147e+00 1.584549e+00 1.500000e+01
         vertex 2.091147e+00 1.584549e+00 0.000000e+00
         vertex 2.526097e+00 1.230533e+00 0.000000e+00
      endloop
   endfacet
   facet normal -6.312566e-01 -7.755740e-01 0.000000e+00
      outer loop
         vertex 2.091147e+00 1.584549e+00 1.500000e+01
         vertex 2.526097e+00 1.230533e+00 0.000000e+00
         vertex 2.526097e+00 1.230533e+00 1.500000e+01
      endloop
   endfacet
   facet normal -5.591916e-01 -8.290385e-01 -0.000000e+00
      outer loop
         vertex 2.526097e+00 1.230533e+00 1.500000e+01
         vertex 2.526097e+00 1.230533e+00 0.000000e+00
         vertex 2.991032e+00 9.169318e-01 0.000000e+00
      endloop
   endfacet
   facet normal -5.591916e-01 -8.290385e-01 0.000000e+00
      outer loop
         vertex 2.526097e+00 1.230533e+00 1.500000e+01
         vertex 2.991032e+00 9.169318e-01 0.000000e+00
         vertex 2.991032e+00 9.169318e-01 1.500000e+01
      endloop
   endfacet
   facet normal -4.826267e-01 -8.758262e-01 -0.000000e+00
      outer loop
         vertex 2.991032e+00 9.169318e-01 1.500000e+01
         vertex 2.991032e+00 9.169318e-01 0.000000e+00
         vertex 3.482204e+00 6.462699e-01 0.000000e+00
      endloop
   endfacet
   facet normal -4.826267e-01 -8.758262e-01 0.000000e+00
      outer loop
         vertex 2.991032e+00 9.169318e-01 1.500000e+01
         vertex 3.482204e+00 6.462699e-01 0.000000e+00
         vertex 3.482204e+00 6.462699e-01 1.500000e+01
      endloop
   endfacet
   facet normal -4.021767e-01 -9.155621e-01 -0.000000e+00
      outer loop
         vertex 3.482204e+00 6.462699e-01 1.500000e+01
         vertex 3.482204e+00 6.462699e-01 0.000000e+00
         vertex 3.995661e+00 4.207250e-01 0.000000e+00
      endloop
   endfacet
   facet normal -4.021767e-01 -9.155621e-01 0.000000e+00
      outer loop
         vertex 3.482204e+00 6.462699e-01 1.500000e+01
         vertex 3.995661e+00 4.207250e-01 0.000000e+00
         vertex 3.995661e+00 4.207250e-01 1.500000e+01
      endloop
   endfacet
   facet normal -3.184877e-01 -9.479270e-01 -0.000000e+00
      outer loop
         vertex 3.995661e+00 4.207250e-01 1.500000e+01
         vertex 3.995661e+00 4.207250e-01 0.000000e+00
         vertex 4.527267e+00 2.421141e-01 0.000000e+00
      endloop
   endfacet
   facet normal -3.184877e-01 -9.479270e-01 0.000000e+00
      outer loop
         vertex 3.995661e+00 4.207250e-01 1.500000e+01
         vertex 4.527267e+00 2.421141e-01 0.000000e+00
         vertex 4.527267e+00 2.421141e-01 1.500000e+01
      endloop
   endfacet
   facet normal -2.322313e-01 -9.726606e-01 -0.000000e+00
      outer loop
         vertex 4.527267e+00 2.421141e-01 1.500000e+01
         vertex 4.527267e+00 2.421141e-01 0.000000e+00
         vertex 5.072746e+00 1.118761e-01 0.000000e+00
      endloop
   endfacet
   facet normal -2.322313e-01 -9.726606e-01 0.000000e+00
      outer loop
         vertex 4.527267e+00 2.421141e-01 1.500000e+01
         vertex 5.072746e+00 1.118761e-01 0.000000e+00
         vertex 5.072746e+00 1.118761e-01 1.500000e+01
      endloop
   endfacet
   facet normal -1.441099e-01 -9.895617e-01 -0.000000e+00
      outer loop
         vertex 5.072746e+00 1.118761e-01 1.500000e+01
         vertex 5.072746e+00 1.118761e-01 0.000000e+00
         vertex 5.627703e+00 3.105775e-02 0.000000e+00
      endloop
   endfacet
   facet normal -1.441099e-01 -9.895617e-01 0.000000e+00
      outer loop
         vertex 5.072746e+00 1.118761e-01 1.500000e+01
         vertex 5.627703e+00 3.105775e-02 0.000000e+00
         vertex 5.627703e+00 3.105775e-02 1.500000e+01
      endloop
   endfacet
   facet normal -5.482544e-02 -9.984960e-01 -0.000000e+00
      outer loop
         vertex 5.627703e+00 3.105775e-02 1.500000e+01
         vertex 5.627703e+00 3.105775e-02 0.000000e+00
         vertex 6.187670e+00 3.110617e-04 0.000000e+00
      endloop
   endfacet
   facet normal -5.482544e-02 -9.984960e-01 0.000000e+00
      outer loop
         vertex 5.627703e+00 3.105775e-02 1.500000e+01
         vertex 6.187670e+00 3.110617e-04 0.000000e+00
         vertex 6.187670e+00 3.110617e-04 1.500000e+01
      endloop
   endfacet
   facet normal 3.489920e-02 -9.993908e-01 0.000000e+00
      outer loop
         vertex 6.187670e+00 3.110617e-04 1.500000e+01
         vertex 6.187670e+00 3.110617e-04 0.000000e+00
         vertex 6.748136e+00 1.988281e-02 0.000000e+00
      endloop
   endfacet
   facet normal 3.489920e-02 -9.993908e-01 0.000000e+00
      outer loop
         vertex 6.187670e+00 3.110617e-04 1.500000e+01
         vertex 6.748136e+00 1.988281e-02 0.000000e+00
         vertex 6.748136e+00 1.988281e-02 1.500000e+01
      endloop
   endfacet
   facet normal 1.243446e-01 -9.922391e-01 0.000000e+00
      outer loop
         vertex 6.748136e+00 1.988281e-02 1.500000e+01
         vertex 6.748136e+00 1.988281e-02 0.000000e+00
         vertex 7.304594e+00 8.961651e-02 0.000000e+00
      endloop
   endfacet
   facet normal 1.243446e-01 -9.922391e-01 0.000000e+00
      outer loop
         vertex 6.748136e+00 1.988281e-02 1.500000e+01
         vertex 7.304594e+00 8.961651e-02 0.000000e+00
         vertex 7.304594e+00 8.961651e-02 1.500000e+01
      endloop
   endfacet
   facet normal 2.127851e-01 -9.770990e-01 0.000000e+00
      outer loop
         vertex 7.304594e+00 8.961651e-02 1.500000e+01
         vertex 7.304594e+00 8.961651e-02 0.000000e+00
         vertex 7.852562e+00 2.089487e-01 0.000000e+00
      endloop
   endfacet
   facet normal 2.127851e-01 -9.770990e-01 0.000000e+00
      outer loop
         vertex 7.304594e+00 8.961651e-02 1.500000e+01
         vertex 7.852562e+00 2.089487e-01 0.000000e+00
         vertex 7.852562e+00 2.089487e-01 1.500000e+01
      endloop
   endfacet
   facet normal 2.995176e-01 -9.540908e-01 0.000000e+00
      outer loop
         vertex 7.852562e+00 2.089487e-01 1.500000e+01
         vertex 7.852562e+00 2.089487e-01 0.000000e+00
         vertex 8.387625e+00 3.769211e-01 0.000000e+00
      endloop
   endfacet
   facet normal 2.995176e-01 -9.540908e-01 0.000000e+00
      outer loop
         vertex 7.852562e+00 2.089487e-01 1.500000e+01
         vertex 8.387625e+00 3.769211e-01 0.000000e+00
         vertex 8.387625e+00 3.769211e-01 1.500000e+01
      endloop
   endfacet
   facet normal 3.420201e-01 -9.396926e-01 0.000000e+00
      outer loop
         vertex 2.788625e+01 7.473839e+00 1.500000e+01
         vertex 8.387625e+00 3.769211e-01 1.500000e+01
         vertex 2.788625e+01 7.473839e+00 2.800000e+00
      endloop
   endfacet
   facet normal 3.420201e-01 -9.396926e-01 0.000000e+00
      outer loop
         vertex 2.788625e+01 7.473839e+00 2.800000e+00
         vertex 8.387625e+00 3.769211e-01 1.500000e+01
         vertex 8.387625e+00 3.769211e-01 0.000000e+00
      endloop
   endfacet
   facet normal 3.420201e-01 -9.396926e-01 0.000000e+00
      outer loop
         vertex 2.788625e+01 7.473839e+00 2.800000e+00
         vertex 8.387625e+00 3.769211e-01 0.000000e+00
         vertex 2.788625e+01 7.473839e+00 0.000000e+00
      endloop
   endfacet
   facet normal -0.000000e+00 -1.000000e+00 0.000000e+00
      outer loop
         vertex 4.754880e+01 7.473839e+00 2.800000e+00
         vertex 2.788625e+01 7.473839e+00 2.800000e+00
         vertex 2.788625e+01 7.473839e+00 0.000000e+00
      endloop
   endfacet
   facet normal -0.000000e+00 -1.000000e+00 -0.000000e+00
      outer loop
         vertex 9.990560e+01 7.473839e+00 2.800000e+00
         vertex 8.904880e+01 7.473839e+00 2.800000e+00
         vertex 9.990560e+01 7.473839e+00 0.000000e+00
      endloop
   endfacet
   facet normal 0.000000e+00 -1.000000e+00 0.000000e+00
      outer loop
         vertex 9.990560e+01 7.473839e+00 0.000000e+00
         vertex 8.904880e+01 7.473839e+00 2.800000e+00
         vertex 8.554880e+01 7.473839e+00 2.800000e+00
      endloop
   endfacet
   facet normal -0.000000e+00 -1.000000e+00 -0.000000e+00
      outer loop
         vertex 8.554880e+01 7.473839e+00 2.800000e+00
         vertex 7.004880e+01 7.473839e+00 2.800000e+00
         vertex 9.990560e+01 7.473839e+00 0.000000e+00
      endloop
   endfacet
   facet normal 0.000000e+00 -1.000000e+00 0.000000e+00
      outer loop
         vertex 9.990560e+01 7.473839e+00 0.000000e+00
         vertex 7.004880e+01 7.473839e+00 2.800000e+00
         vertex 6.654880e+01 7.473839e+00 2.800000e+00
      endloop
   endfacet
   facet normal 0.000000e+00 -1.000000e+00 0.000000e+00
      outer loop
         vertex 9.990560e+01 7.473839e+00 0.000000e+00
         vertex 6.654880e+01 7.473839e+00 2.800000e+00
         vertex 2.788625e+01 7.473839e+00 0.000000e+00
      endloop
   endfacet
   facet normal 0.000000e+00 -1.000000e+00 0.000000e+00
      outer loop
         vertex 2.788625e+01 7.473839e+00 0.000000e+00
         vertex 6.654880e+01 7.473839e+00 2.800000e+00
         vertex 5.104880e+01 7.473839e+00 2.800000e+00
      endloop
   endfacet
   facet normal 0.000000e+00 -1.000000e+00 0.000000e+00
      outer loop
         vertex 2.788625e+01 7.473839e+00 0.000000e+00
         vertex 5.104880e+01 7.473839e+00 2.800000e+00
         vertex 4.754880e+01 7.473839e+00 2.800000e+00
      endloop
   endfacet
   facet normal -9.347208e-01 -3.553829e-01 0.000000e+00
      outer loop
         vertex 9.990560e+01 7.473839e+00 0.000000e+00
         vertex 1.000000e+02 7.225553e+00 0.000000e+00
         vertex 9.990560e+01 7.473839e+00 2.800000e+00
      endloop
   endfacet
   facet normal -9.347208e-01 -3.553829e-01 0.000000e+00
      outer loop
         vertex 9.990560e+01 7.473839e+00 2.800000e+00
         vertex 1.000000e+02 7.225553e+00 0.000000e+00
         vertex 1.000000e+02 7.225553e+00 1.100000e+01
      endloop
   endfacet
   facet normal -9.347224e-01 -3.553787e-01 9.134636e-07
      outer loop
         vertex 9.937707e+01 8.863988e+00 1.100000e+01
         vertex 9.928930e+01 9.094846e+00 1.083161e+01
         vertex 1.000000e+02 7.225553e+00 1.100000e+01
      endloop
   endfacet
   facet normal -9.347226e-01 -3.553782e-01 7.144844e-06
      outer loop
         vertex 1.000000e+02 7.225553e+00 1.100000e+01
         vertex 9.928930e+01 9.094846e+00 1.083161e+01
         vertex 9.921143e+01 9.299666e+00 1.062830e+01
      endloop
   endfacet
   facet normal -9.347218e-01 -3.553804e-01 -6.574022e-06
      outer loop
         vertex 9.921143e+01 9.299666e+00 1.062830e+01
         vertex 9.914520e+01 9.473873e+00 1.039459e+01
         vertex 1.000000e+02 7.225553e+00 1.100000e+01
      endloop
   endfacet
   facet normal -9.347224e-01 -3.553787e-01 5.348282e-07
      outer loop
         vertex 1.000000e+02 7.225553e+00 1.100000e+01
         vertex 9.914520e+01 9.473873e+00 1.039459e+01
         vertex 9.909208e+01 9.613577e+00 1.013572e+01
      endloop
   endfacet
   facet normal -9.347223e-01 -3.553790e-01 -3.330429e-07
      outer loop
         vertex 1.000000e+02 7.225553e+00 1.100000e+01
         vertex 9.909208e+01 9.613577e+00 1.013572e+01
         vertex 9.905327e+01 9.715656e+00 9.857460e+00
      endloop
   endfacet
   facet normal -9.347227e-01 -3.553780e-01 0.000000e+00
      outer loop
         vertex 9.902170e+01 9.798710e+00 2.800000e+00
         vertex 9.990560e+01 7.473839e+00 2.800000e+00
         vertex 9.902170e+01 9.798710e+00 9.267949e+00
      endloop
   endfacet
   facet normal -9.347225e-01 -3.553783e-01 1.576108e-07
      outer loop
         vertex 9.902170e+01 9.798710e+00 9.267949e+00
         vertex 9.990560e+01 7.473839e+00 2.800000e+00
         vertex 1.000000e+02 7.225553e+00 1.100000e+01
      endloop
   endfacet
   facet normal -9.347226e-01 -3.553781e-01 5.502948e-07
      outer loop
         vertex 9.902170e+01 9.798710e+00 9.267949e+00
         vertex 1.000000e+02 7.225553e+00 1.100000e+01
         vertex 9.902963e+01 9.777830e+00 9.566034e+00
      endloop
   endfacet
   facet normal -9.347215e-01 -3.553810e-01 -5.256287e-06
      outer loop
         vertex 9.902963e+01 9.777830e+00 9.566034e+00
         vertex 1.000000e+02 7.225553e+00 1.100000e+01
         vertex 9.905327e+01 9.715656e+00 9.857460e+00
      endloop
   endfacet
   facet normal 3.553803e-01 -9.347218e-01 4.218450e-07
      outer loop
         vertex 1.073151e+02 1.000672e+01 1.039041e+01
         vertex 1.072016e+02 9.963567e+00 1.010541e+01
         vertex 1.092604e+02 1.074634e+01 0.000000e+00
      endloop
   endfacet
   facet normal 3.553781e-01 -9.347226e-01 -8.594188e-08
      outer loop
         vertex 1.092604e+02 1.074634e+01 0.000000e+00
         vertex 1.072016e+02 9.963567e+00 1.010541e+01
         vertex 1.070468e+02 9.904725e+00 9.843571e+00
      endloop
   endfacet
   facet normal 3.553777e-01 -9.347228e-01 -1.876667e-07
      outer loop
         vertex 1.092604e+02 1.074634e+01 0.000000e+00
         vertex 1.070468e+02 9.904725e+00 9.843571e+00
         vertex 1.068548e+02 9.831719e+00 9.611685e+00
      endloop
   endfacet
   facet normal 3.553790e-01 -9.347223e-01 -2.320675e-07
      outer loop
         vertex 1.047087e+02 9.015772e+00 9.332901e+00
         vertex 1.044703e+02 8.925166e+00 9.508885e+00
         vertex 1.000000e+02 7.225553e+00 0.000000e+00
      endloop
   endfacet
   facet normal 3.553743e-01 -9.347241e-01 1.657310e-06
      outer loop
         vertex 1.073151e+02 1.000672e+01 1.160959e+01
         vertex 1.073844e+02 1.003307e+01 1.130879e+01
         vertex 1.092604e+02 1.074634e+01 1.700000e+01
      endloop
   endfacet
   facet normal 3.553770e-01 -9.347231e-01 6.427630e-07
      outer loop
         vertex 1.092604e+02 1.074634e+01 1.700000e+01
         vertex 1.073844e+02 1.003307e+01 1.130879e+01
         vertex 1.074077e+02 1.004193e+01 1.100000e+01
      endloop
   endfacet
   facet normal 3.553788e-01 -9.347224e-01 0.000000e+00
      outer loop
         vertex 1.092604e+02 1.074634e+01 1.700000e+01
         vertex 1.074077e+02 1.004193e+01 1.100000e+01
         vertex 1.092604e+02 1.074634e+01 0.000000e+00
      endloop
   endfacet
   facet normal 3.553760e-01 -9.347235e-01 -5.523675e-07
      outer loop
         vertex 1.092604e+02 1.074634e+01 0.000000e+00
         vertex 1.074077e+02 1.004193e+01 1.100000e+01
         vertex 1.073844e+02 1.003307e+01 1.069121e+01
      endloop
   endfacet
   facet normal 3.553726e-01 -9.347247e-01 -1.217333e-06
      outer loop
         vertex 1.092604e+02 1.074634e+01 0.000000e+00
         vertex 1.073844e+02 1.003307e+01 1.069121e+01
         vertex 1.073151e+02 1.000672e+01 1.039041e+01
      endloop
   endfacet
   facet normal 3.553778e-01 -9.347227e-01 3.124991e-07
      outer loop
         vertex 1.068548e+02 9.831719e+00 1.238832e+01
         vertex 1.070468e+02 9.904725e+00 1.215643e+01
         vertex 1.092604e+02 1.074634e+01 1.700000e+01
      endloop
   endfacet
   facet normal 3.553782e-01 -9.347226e-01 1.359742e-07
      outer loop
         vertex 1.092604e+02 1.074634e+01 1.700000e+01
         vertex 1.070468e+02 9.904725e+00 1.215643e+01
         vertex 1.072016e+02 9.963567e+00 1.189459e+01
      endloop
   endfacet
   facet normal 3.553798e-01 -9.347220e-01 -6.271170e-07
      outer loop
         vertex 1.092604e+02 1.074634e+01 1.700000e+01
         vertex 1.072016e+02 9.963567e+00 1.189459e+01
         vertex 1.073151e+02 1.000672e+01 1.160959e+01
      endloop
   endfacet
   facet normal 3.553800e-01 -9.347219e-01 -1.229569e-06
      outer loop
         vertex 1.061089e+02 9.548153e+00 1.284900e+01
         vertex 1.063797e+02 9.651094e+00 1.273914e+01
         vertex 1.092604e+02 1.074634e+01 1.700000e+01
      endloop
   endfacet
   facet normal 3.553777e-01 -9.347228e-01 5.310665e-07
      outer loop
         vertex 1.092604e+02 1.074634e+01 1.700000e+01
         vertex 1.063797e+02 9.651094e+00 1.273914e+01
         vertex 1.066305e+02 9.746439e+00 1.258424e+01
      endloop
   endfacet
   facet normal 3.553793e-01 -9.347222e-01 -5.825245e-07
      outer loop
         vertex 1.092604e+02 1.074634e+01 1.700000e+01
         vertex 1.066305e+02 9.746439e+00 1.258424e+01
         vertex 1.068548e+02 9.831719e+00 1.238832e+01
      endloop
   endfacet
   facet normal 3.553778e-01 -9.347228e-01 4.729574e-07
      outer loop
         vertex 1.047087e+02 9.015772e+00 9.332901e+00
         vertex 1.000000e+02 7.225553e+00 0.000000e+00
         vertex 1.049703e+02 9.115237e+00 9.200093e+00
      endloop
   endfacet
   facet normal 3.553795e-01 -9.347221e-01 3.338593e-07
      outer loop
         vertex 1.068548e+02 9.831719e+00 9.611685e+00
         vertex 1.066305e+02 9.746439e+00 9.415756e+00
         vertex 1.092604e+02 1.074634e+01 0.000000e+00
      endloop
   endfacet
   facet normal 3.553776e-01 -9.347228e-01 -2.905518e-07
      outer loop
         vertex 1.092604e+02 1.074634e+01 0.000000e+00
         vertex 1.066305e+02 9.746439e+00 9.415756e+00
         vertex 1.063797e+02 9.651094e+00 9.260857e+00
      endloop
   endfacet
   facet normal 3.553802e-01 -9.347218e-01 6.401127e-07
      outer loop
         vertex 1.092604e+02 1.074634e+01 0.000000e+00
         vertex 1.063797e+02 9.651094e+00 9.260857e+00
         vertex 1.061089e+02 9.548153e+00 9.151002e+00
      endloop
   endfacet
   facet normal 3.553781e-01 -9.347226e-01 -1.991854e-07
      outer loop
         vertex 1.061089e+02 9.548153e+00 9.151002e+00
         vertex 1.058252e+02 9.440283e+00 9.089035e+00
         vertex 1.092604e+02 1.074634e+01 0.000000e+00
      endloop
   endfacet
   facet normal 3.553784e-01 -9.347225e-01 -3.723416e-08
      outer loop
         vertex 1.092604e+02 1.074634e+01 0.000000e+00
         vertex 1.058252e+02 9.440283e+00 9.089035e+00
         vertex 1.055359e+02 9.330277e+00 9.076561e+00
      endloop
   endfacet
   facet normal 3.553785e-01 -9.347225e-01 -2.025918e-08
      outer loop
         vertex 1.092604e+02 1.074634e+01 0.000000e+00
         vertex 1.055359e+02 9.330277e+00 9.076561e+00
         vertex 1.000000e+02 7.225553e+00 0.000000e+00
      endloop
   endfacet
   facet normal 3.553784e-01 -9.347225e-01 4.553927e-08
      outer loop
         vertex 1.000000e+02 7.225553e+00 0.000000e+00
         vertex 1.055359e+02 9.330277e+00 9.076561e+00
         vertex 1.052484e+02 9.220985e+00 9.113903e+00
      endloop
   endfacet
   facet normal 3.553773e-01 -9.347230e-01 7.938036e-07
      outer loop
         vertex 1.000000e+02 7.225553e+00 0.000000e+00
         vertex 1.052484e+02 9.220985e+00 9.113903e+00
         vertex 1.049703e+02 9.115237e+00 9.200093e+00
      endloop
   endfacet
   facet normal 3.553802e-01 -9.347219e-01 -8.624976e-07
      outer loop
         vertex 1.044703e+02 8.925166e+00 9.508885e+00
         vertex 1.042615e+02 8.845765e+00 9.723489e+00
         vertex 1.000000e+02 7.225553e+00 0.000000e+00
      endloop
   endfacet
   facet normal 3.553766e-01 -9.347232e-01 9.281328e-07
      outer loop
         vertex 1.000000e+02 7.225553e+00 0.000000e+00
         vertex 1.042615e+02 8.845765e+00 9.723489e+00
         vertex 1.040876e+02 8.779626e+00 9.971153e+00
      endloop
   endfacet
   facet normal 3.553786e-01 -9.347225e-01 0.000000e+00
      outer loop
         vertex 1.000000e+02 7.225553e+00 0.000000e+00
         vertex 1.040876e+02 8.779626e+00 9.971153e+00
         vertex 1.000000e+02 7.225553e+00 1.100000e+01
      endloop
   endfacet
   facet normal 3.553785e-01 -9.347225e-01 -2.546617e-07
      outer loop
         vertex 1.000000e+02 7.225553e+00 1.100000e+01
         vertex 1.040876e+02 8.779626e+00 9.971153e+00
         vertex 1.039530e+02 8.728462e+00 1.024546e+01
      endloop
   endfacet
   facet normal 3.553787e-01 -9.347224e-01 5.797809e-07
      outer loop
         vertex 1.000000e+02 7.225553e+00 1.100000e+01
         vertex 1.039530e+02 8.728462e+00 1.024546e+01
         vertex 1.038613e+02 8.693599e+00 1.053932e+01
      endloop
   endfacet
   facet normal 3.553774e-01 -9.347229e-01 -1.579913e-06
      outer loop
         vertex 1.042615e+02 8.845765e+00 1.227651e+01
         vertex 1.010143e+02 7.611170e+00 1.444146e+01
         vertex 1.040876e+02 8.779626e+00 1.202885e+01
      endloop
   endfacet
   facet normal 3.553781e-01 -9.347226e-01 -5.193514e-07
      outer loop
         vertex 1.040876e+02 8.779626e+00 1.202885e+01
         vertex 1.010143e+02 7.611170e+00 1.444146e+01
         vertex 1.007514e+02 7.511223e+00 1.400000e+01
      endloop
   endfacet
   facet normal 3.553785e-01 -9.347225e-01 2.478797e-07
      outer loop
         vertex 1.040876e+02 8.779626e+00 1.202885e+01
         vertex 1.007514e+02 7.511223e+00 1.400000e+01
         vertex 1.039530e+02 8.728462e+00 1.175454e+01
      endloop
   endfacet
   facet normal 3.553798e-01 -9.347220e-01 1.264085e-06
      outer loop
         vertex 1.044703e+02 8.925166e+00 1.249111e+01
         vertex 1.016426e+02 7.850081e+00 1.524264e+01
         vertex 1.042615e+02 8.845765e+00 1.227651e+01
      endloop
   endfacet
   facet normal 3.553774e-01 -9.347229e-01 -1.111985e-06
      outer loop
         vertex 1.042615e+02 8.845765e+00 1.227651e+01
         vertex 1.016426e+02 7.850081e+00 1.524264e+01
         vertex 1.013121e+02 7.724409e+00 1.485673e+01
      endloop
   endfacet
   facet normal 3.553784e-01 -9.347225e-01 1.277928e-07
      outer loop
         vertex 1.042615e+02 8.845765e+00 1.227651e+01
         vertex 1.013121e+02 7.724409e+00 1.485673e+01
         vertex 1.010143e+02 7.611170e+00 1.444146e+01
      endloop
   endfacet
   facet normal 3.553787e-01 -9.347224e-01 5.838133e-07
      outer loop
         vertex 1.007514e+02 7.511223e+00 1.400000e+01
         vertex 1.005255e+02 7.425330e+00 1.353571e+01
         vertex 1.039530e+02 8.728462e+00 1.175454e+01
      endloop
   endfacet
   facet normal 3.553783e-01 -9.347226e-01 -3.853835e-07
      outer loop
         vertex 1.039530e+02 8.728462e+00 1.175454e+01
         vertex 1.005255e+02 7.425330e+00 1.353571e+01
         vertex 1.003382e+02 7.354145e+00 1.305212e+01
      endloop
   endfacet
   facet normal 3.553783e-01 -9.347226e-01 -4.441616e-07
      outer loop
         vertex 1.039530e+02 8.728462e+00 1.175454e+01
         vertex 1.003382e+02 7.354145e+00 1.305212e+01
         vertex 1.038613e+02 8.693599e+00 1.146068e+01
      endloop
   endfacet
   facet normal 3.553790e-01 -9.347223e-01 2.873113e-07
      outer loop
         vertex 1.047087e+02 9.015772e+00 1.266710e+01
         vertex 1.023915e+02 8.134803e+00 1.591491e+01
         vertex 1.044703e+02 8.925166e+00 1.249111e+01
      endloop
   endfacet
   facet normal 3.553799e-01 -9.347219e-01 9.592068e-07
      outer loop
         vertex 1.044703e+02 8.925166e+00 1.249111e+01
         vertex 1.023915e+02 8.134803e+00 1.591491e+01
         vertex 1.020034e+02 7.987226e+00 1.559627e+01
      endloop
   endfacet
   facet normal 3.553782e-01 -9.347226e-01 -5.608121e-07
      outer loop
         vertex 1.044703e+02 8.925166e+00 1.249111e+01
         vertex 1.020034e+02 7.987226e+00 1.559627e+01
         vertex 1.016426e+02 7.850081e+00 1.524264e+01
      endloop
   endfacet
   facet normal 3.553781e-01 -9.347226e-01 4.049844e-07
      outer loop
         vertex 1.061089e+02 9.548153e+00 1.284900e+01
         vertex 1.092604e+02 1.074634e+01 1.700000e+01
         vertex 1.058252e+02 9.440283e+00 1.291096e+01
      endloop
   endfacet
   facet normal 3.553786e-01 -9.347225e-01 -5.207318e-08
      outer loop
         vertex 1.058252e+02 9.440283e+00 1.291096e+01
         vertex 1.092604e+02 1.074634e+01 1.700000e+01
         vertex 1.056083e+02 9.357824e+00 1.700000e+01
      endloop
   endfacet
   facet normal 3.553784e-01 -9.347225e-01 -6.081044e-08
      outer loop
         vertex 1.058252e+02 9.440283e+00 1.291096e+01
         vertex 1.056083e+02 9.357824e+00 1.700000e+01
         vertex 1.055359e+02 9.330277e+00 1.292344e+01
      endloop
   endfacet
   facet normal 3.553777e-01 -9.347228e-01 -4.589918e-08
      outer loop
         vertex 1.055359e+02 9.330277e+00 1.292344e+01
         vertex 1.056083e+02 9.357824e+00 1.700000e+01
         vertex 1.051195e+02 9.171984e+00 1.697717e+01
      endloop
   endfacet
   facet normal 3.553784e-01 -9.347225e-01 3.282680e-08
      outer loop
         vertex 1.055359e+02 9.330277e+00 1.292344e+01
         vertex 1.051195e+02 9.171984e+00 1.697717e+01
         vertex 1.052484e+02 9.220985e+00 1.288610e+01
      endloop
   endfacet
   facet normal 3.553791e-01 -9.347223e-01 1.632079e-06
      outer loop
         vertex 1.003382e+02 7.354145e+00 1.305212e+01
         vertex 1.001911e+02 7.298208e+00 1.255291e+01
         vertex 1.038613e+02 8.693599e+00 1.146068e+01
      endloop
   endfacet
   facet normal 3.553781e-01 -9.347226e-01 -2.313048e-06
      outer loop
         vertex 1.038613e+02 8.693599e+00 1.146068e+01
         vertex 1.001911e+02 7.298208e+00 1.255291e+01
         vertex 1.000852e+02 7.257947e+00 1.204189e+01
      endloop
   endfacet
   facet normal 3.553785e-01 -9.347225e-01 8.670530e-07
      outer loop
         vertex 1.038613e+02 8.693599e+00 1.146068e+01
         vertex 1.000852e+02 7.257947e+00 1.204189e+01
         vertex 1.038148e+02 8.675938e+00 1.115490e+01
      endloop
   endfacet
   facet normal 3.553787e-01 -9.347224e-01 1.925027e-06
      outer loop
         vertex 1.038148e+02 8.675938e+00 1.115490e+01
         vertex 1.000852e+02 7.257947e+00 1.204189e+01
         vertex 1.000213e+02 7.233667e+00 1.152293e+01
      endloop
   endfacet
   facet normal 3.553788e-01 -9.347224e-01 2.502040e-06
      outer loop
         vertex 1.038148e+02 8.675938e+00 1.115490e+01
         vertex 1.000213e+02 7.233667e+00 1.152293e+01
         vertex 1.038090e+02 8.673720e+00 1.100000e+01
      endloop
   endfacet
   facet normal 3.553784e-01 -9.347225e-01 -1.471083e-07
      outer loop
         vertex 1.038090e+02 8.673720e+00 1.100000e+01
         vertex 1.000213e+02 7.233667e+00 1.152293e+01
         vertex 1.000000e+02 7.225553e+00 1.100000e+01
      endloop
   endfacet
   facet normal 3.553784e-01 -9.347225e-01 -2.515815e-06
      outer loop
         vertex 1.038090e+02 8.673720e+00 1.100000e+01
         vertex 1.000000e+02 7.225553e+00 1.100000e+01
         vertex 1.038148e+02 8.675938e+00 1.084510e+01
      endloop
   endfacet
   facet normal 3.553785e-01 -9.347225e-01 -8.657097e-07
      outer loop
         vertex 1.038148e+02 8.675938e+00 1.084510e+01
         vertex 1.000000e+02 7.225553e+00 1.100000e+01
         vertex 1.038613e+02 8.693599e+00 1.053932e+01
      endloop
   endfacet
   facet normal 3.553778e-01 -9.347228e-01 -4.463361e-07
      outer loop
         vertex 1.049703e+02 9.115237e+00 1.279991e+01
         vertex 1.032382e+02 8.456687e+00 1.643785e+01
         vertex 1.047087e+02 9.015772e+00 1.266710e+01
      endloop
   endfacet
   facet normal 3.553791e-01 -9.347223e-01 1.453259e-07
      outer loop
         vertex 1.047087e+02 9.015772e+00 1.266710e+01
         vertex 1.032382e+02 8.456687e+00 1.643785e+01
         vertex 1.028042e+02 8.291688e+00 1.619615e+01
      endloop
   endfacet
   facet normal 3.553778e-01 -9.347227e-01 -6.213459e-07
      outer loop
         vertex 1.047087e+02 9.015772e+00 1.266710e+01
         vertex 1.028042e+02 8.291688e+00 1.619615e+01
         vertex 1.023915e+02 8.134803e+00 1.591491e+01
      endloop
   endfacet
   facet normal 3.553797e-01 -9.347220e-01 7.963793e-08
      outer loop
         vertex 1.051195e+02 9.171984e+00 1.697717e+01
         vertex 1.046345e+02 8.987559e+00 1.690885e+01
         vertex 1.052484e+02 9.220985e+00 1.288610e+01
      endloop
   endfacet
   facet normal 3.553771e-01 -9.347230e-01 -3.624414e-07
      outer loop
         vertex 1.052484e+02 9.220985e+00 1.288610e+01
         vertex 1.046345e+02 8.987559e+00 1.690885e+01
         vertex 1.041568e+02 8.805952e+00 1.679556e+01
      endloop
   endfacet
   facet normal 3.553771e-01 -9.347230e-01 -3.655745e-07
      outer loop
         vertex 1.052484e+02 9.220985e+00 1.288610e+01
         vertex 1.041568e+02 8.805952e+00 1.679556e+01
         vertex 1.049703e+02 9.115237e+00 1.279991e+01
      endloop
   endfacet
   facet normal 3.553797e-01 -9.347220e-01 2.244605e-07
      outer loop
         vertex 1.049703e+02 9.115237e+00 1.279991e+01
         vertex 1.041568e+02 8.805952e+00 1.679556e+01
         vertex 1.036902e+02 8.628544e+00 1.663816e+01
      endloop
   endfacet
   facet normal 3.553774e-01 -9.347229e-01 -6.397650e-07
      outer loop
         vertex 1.049703e+02 9.115237e+00 1.279991e+01
         vertex 1.036902e+02 8.628544e+00 1.663816e+01
         vertex 1.032382e+02 8.456687e+00 1.643785e+01
      endloop
   endfacet
   facet normal 9.876878e-01 -1.564377e-01 0.000000e+00
      outer loop
         vertex 1.105373e+02 1.239323e+01 1.700000e+01
         vertex 1.105373e+02 1.239323e+01 0.000000e+00
         vertex 1.106228e+02 1.293316e+01 1.700000e+01
      endloop
   endfacet
   facet normal 9.876878e-01 -1.564377e-01 0.000000e+00
      outer loop
         vertex 1.106228e+02 1.293316e+01 1.700000e+01
         vertex 1.105373e+02 1.239323e+01 0.000000e+00
         vertex 1.106228e+02 1.293316e+01 0.000000e+00
      endloop
   endfacet
   facet normal 9.693503e-01 -2.456827e-01 0.000000e+00
      outer loop
         vertex 1.106228e+02 1.293316e+01 1.700000e+01
         vertex 1.106228e+02 1.293316e+01 0.000000e+00
         vertex 1.107571e+02 1.346306e+01 1.700000e+01
      endloop
   endfacet
   facet normal 9.693503e-01 -2.456827e-01 0.000000e+00
      outer loop
         vertex 1.107571e+02 1.346306e+01 1.700000e+01
         vertex 1.106228e+02 1.293316e+01 0.000000e+00
         vertex 1.107571e+02 1.346306e+01 0.000000e+00
      endloop
   endfacet
   facet normal 9.429679e-01 -3.328838e-01 0.000000e+00
      outer loop
         vertex 1.107571e+02 1.346306e+01 1.700000e+01
         vertex 1.107571e+02 1.346306e+01 0.000000e+00
         vertex 1.109391e+02 1.397854e+01 1.700000e+01
      endloop
   endfacet
   facet normal 9.429679e-01 -3.328838e-01 0.000000e+00
      outer loop
         vertex 1.109391e+02 1.397854e+01 1.700000e+01
         vertex 1.107571e+02 1.346306e+01 0.000000e+00
         vertex 1.109391e+02 1.397854e+01 0.000000e+00
      endloop
   endfacet
   facet normal 9.087548e-01 -4.173306e-01 0.000000e+00
      outer loop
         vertex 1.109391e+02 1.397854e+01 1.700000e+01
         vertex 1.109391e+02 1.397854e+01 0.000000e+00
         vertex 1.111672e+02 1.447531e+01 1.700000e+01
      endloop
   endfacet
   facet normal 9.087548e-01 -4.173306e-01 0.000000e+00
      outer loop
         vertex 1.111672e+02 1.447531e+01 1.700000e+01
         vertex 1.109391e+02 1.397854e+01 0.000000e+00
         vertex 1.111672e+02 1.447531e+01 0.000000e+00
      endloop
   endfacet
   facet normal 8.670024e-01 -4.983040e-01 0.000000e+00
      outer loop
         vertex 1.111672e+02 1.447531e+01 1.700000e+01
         vertex 1.111672e+02 1.447531e+01 0.000000e+00
         vertex 1.114396e+02 1.494927e+01 1.700000e+01
      endloop
   endfacet
   facet normal 8.670024e-01 -4.983040e-01 0.000000e+00
      outer loop
         vertex 1.114396e+02 1.494927e+01 1.700000e+01
         vertex 1.111672e+02 1.447531e+01 0.000000e+00
         vertex 1.114396e+02 1.494927e+01 0.000000e+00
      endloop
   endfacet
   facet normal 8.180473e-01 -5.751509e-01 0.000000e+00
      outer loop
         vertex 1.114396e+02 1.494927e+01 1.700000e+01
         vertex 1.114396e+02 1.494927e+01 0.000000e+00
         vertex 1.117540e+02 1.539646e+01 1.700000e+01
      endloop
   endfacet
   facet normal 8.180473e-01 -5.751509e-01 0.000000e+00
      outer loop
         vertex 1.117540e+02 1.539646e+01 1.700000e+01
         vertex 1.114396e+02 1.494927e+01 0.000000e+00
         vertex 1.117540e+02 1.539646e+01 0.000000e+00
      endloop
   endfacet
   facet normal 7.623060e-01 -6.472168e-01 0.000000e+00
      outer loop
         vertex 1.117540e+02 1.539646e+01 1.700000e+01
         vertex 1.117540e+02 1.539646e+01 0.000000e+00
         vertex 1.121078e+02 1.581318e+01 1.700000e+01
      endloop
   endfacet
   facet normal 7.623060e-01 -6.472168e-01 0.000000e+00
      outer loop
         vertex 1.121078e+02 1.581318e+01 1.700000e+01
         vertex 1.117540e+02 1.539646e+01 0.000000e+00
         vertex 1.121078e+02 1.581318e+01 0.000000e+00
      endloop
   endfacet
   facet normal 7.002356e-01 -7.139118e-01 0.000000e+00
      outer loop
         vertex 1.121078e+02 1.581318e+01 1.700000e+01
         vertex 1.121078e+02 1.581318e+01 0.000000e+00
         vertex 1.124981e+02 1.619597e+01 1.700000e+01
      endloop
   endfacet
   facet normal 7.002356e-01 -7.139118e-01 0.000000e+00
      outer loop
         vertex 1.124981e+02 1.619597e+01 1.700000e+01
         vertex 1.121078e+02 1.581318e+01 0.000000e+00
         vertex 1.124981e+02 1.619597e+01 0.000000e+00
      endloop
   endfacet
   facet normal 6.323538e-01 -7.746797e-01 0.000000e+00
      outer loop
         vertex 1.124981e+02 1.619597e+01 1.700000e+01
         vertex 1.124981e+02 1.619597e+01 0.000000e+00
         vertex 1.129216e+02 1.654165e+01 1.700000e+01
      endloop
   endfacet
   facet normal 6.323538e-01 -7.746797e-01 0.000000e+00
      outer loop
         vertex 1.129216e+02 1.654165e+01 1.700000e+01
         vertex 1.124981e+02 1.619597e+01 0.000000e+00
         vertex 1.129216e+02 1.654165e+01 0.000000e+00
      endloop
   endfacet
   facet normal 5.592242e-01 -8.290165e-01 0.000000e+00
      outer loop
         vertex 1.129216e+02 1.654165e+01 1.700000e+01
         vertex 1.129216e+02 1.654165e+01 0.000000e+00
         vertex 1.133747e+02 1.684735e+01 1.700000e+01
      endloop
   endfacet
   facet normal 5.592242e-01 -8.290165e-01 0.000000e+00
      outer loop
         vertex 1.133747e+02 1.684735e+01 1.700000e+01
         vertex 1.129216e+02 1.654165e+01 0.000000e+00
         vertex 1.133747e+02 1.684735e+01 0.000000e+00
      endloop
   endfacet
   facet normal 4.814469e-01 -8.764753e-01 0.000000e+00
      outer loop
         vertex 1.133747e+02 1.684735e+01 1.700000e+01
         vertex 1.133747e+02 1.684735e+01 0.000000e+00
         vertex 1.138539e+02 1.711054e+01 1.700000e+01
      endloop
   endfacet
   facet normal 4.814469e-01 -8.764753e-01 0.000000e+00
      outer loop
         vertex 1.138539e+02 1.711054e+01 1.700000e+01
         vertex 1.133747e+02 1.684735e+01 0.000000e+00
         vertex 1.138539e+02 1.711054e+01 0.000000e+00
      endloop
   endfacet
   facet normal 3.996771e-01 -9.166560e-01 0.000000e+00
      outer loop
         vertex 1.138539e+02 1.711054e+01 1.700000e+01
         vertex 1.138539e+02 1.711054e+01 0.000000e+00
         vertex 1.143550e+02 1.732902e+01 1.700000e+01
      endloop
   endfacet
   facet normal 3.996771e-01 -9.166560e-01 0.000000e+00
      outer loop
         vertex 1.143550e+02 1.732902e+01 1.700000e+01
         vertex 1.138539e+02 1.711054e+01 0.000000e+00
         vertex 1.143550e+02 1.732902e+01 0.000000e+00
      endloop
   endfacet
   facet normal 3.145879e-01 -9.492283e-01 0.000000e+00
      outer loop
         vertex 1.143550e+02 1.732902e+01 1.700000e+01
         vertex 1.143550e+02 1.732902e+01 0.000000e+00
         vertex 1.148739e+02 1.750099e+01 1.700000e+01
      endloop
   endfacet
   facet normal 3.145879e-01 -9.492283e-01 0.000000e+00
      outer loop
         vertex 1.148739e+02 1.750099e+01 1.700000e+01
         vertex 1.143550e+02 1.732902e+01 0.000000e+00
         vertex 1.148739e+02 1.750099e+01 0.000000e+00
      endloop
   endfacet
   facet normal 2.268898e-01 -9.739204e-01 0.000000e+00
      outer loop
         vertex 1.148739e+02 1.750099e+01 1.700000e+01
         vertex 1.148739e+02 1.750099e+01 0.000000e+00
         vertex 1.154063e+02 1.762503e+01 1.700000e+01
      endloop
   endfacet
   facet normal 2.268898e-01 -9.739204e-01 0.000000e+00
      outer loop
         vertex 1.154063e+02 1.762503e+01 1.700000e+01
         vertex 1.148739e+02 1.750099e+01 0.000000e+00
         vertex 1.154063e+02 1.762503e+01 0.000000e+00
      endloop
   endfacet
   facet normal 1.373062e-01 -9.905287e-01 0.000000e+00
      outer loop
         vertex 1.154063e+02 1.762503e+01 1.700000e+01
         vertex 1.154063e+02 1.762503e+01 0.000000e+00
         vertex 1.159478e+02 1.770008e+01 1.700000e+01
      endloop
   endfacet
   facet normal 1.373062e-01 -9.905287e-01 0.000000e+00
      outer loop
         vertex 1.159478e+02 1.770008e+01 1.700000e+01
         vertex 1.154063e+02 1.762503e+01 0.000000e+00
         vertex 1.159478e+02 1.770008e+01 0.000000e+00
      endloop
   endfacet
   facet normal 4.658421e-02 -9.989144e-01 0.000000e+00
      outer loop
         vertex 1.159478e+02 1.770008e+01 1.700000e+01
         vertex 1.159478e+02 1.770008e+01 0.000000e+00
         vertex 1.164938e+02 1.772555e+01 1.700000e+01
      endloop
   endfacet
   facet normal 4.658421e-02 -9.989144e-01 0.000000e+00
      outer loop
         vertex 1.164938e+02 1.772555e+01 1.700000e+01
         vertex 1.159478e+02 1.770008e+01 0.000000e+00
         vertex 1.164938e+02 1.772555e+01 0.000000e+00
      endloop
   endfacet
   facet normal -4.452642e-02 -9.990082e-01 -0.000000e+00
      outer loop
         vertex 1.164938e+02 1.772555e+01 1.700000e+01
         vertex 1.164938e+02 1.772555e+01 0.000000e+00
         vertex 1.170399e+02 1.770121e+01 1.700000e+01
      endloop
   endfacet
   facet normal -4.452642e-02 -9.990082e-01 -0.000000e+00
      outer loop
         vertex 1.170399e+02 1.770121e+01 1.700000e+01
         vertex 1.164938e+02 1.772555e+01 0.000000e+00
         vertex 1.170399e+02 1.770121e+01 0.000000e+00
      endloop
   endfacet
   facet normal -1.352649e-01 -9.908095e-01 -0.000000e+00
      outer loop
         vertex 1.170399e+02 1.770121e+01 1.700000e+01
         vertex 1.170399e+02 1.770121e+01 0.000000e+00
         vertex 1.175816e+02 1.762727e+01 1.700000e+01
      endloop
   endfacet
   facet normal -1.352649e-01 -9.908095e-01 -0.000000e+00
      outer loop
         vertex 1.175816e+02 1.762727e+01 1.700000e+01
         vertex 1.170399e+02 1.770121e+01 0.000000e+00
         vertex 1.175816e+02 1.762727e+01 0.000000e+00
      endloop
   endfacet
   facet normal -2.248833e-01 -9.743857e-01 -0.000000e+00
      outer loop
         vertex 1.175816e+02 1.762727e+01 1.700000e+01
         vertex 1.175816e+02 1.762727e+01 0.000000e+00
         vertex 1.181142e+02 1.750433e+01 1.700000e+01
      endloop
   endfacet
   facet normal -2.248833e-01 -9.743857e-01 -0.000000e+00
      outer loop
         vertex 1.181142e+02 1.750433e+01 1.700000e+01
         vertex 1.175816e+02 1.762727e+01 0.000000e+00
         vertex 1.181142e+02 1.750433e+01 0.000000e+00
      endloop
   endfacet
   facet normal -3.126317e-01 -9.498744e-01 -0.000000e+00
      outer loop
         vertex 1.181142e+02 1.750433e+01 1.700000e+01
         vertex 1.181142e+02 1.750433e+01 0.000000e+00
         vertex 1.186335e+02 1.733343e+01 1.700000e+01
      endloop
   endfacet
   facet normal -3.126317e-01 -9.498744e-01 -0.000000e+00
      outer loop
         vertex 1.186335e+02 1.733343e+01 1.700000e+01
         vertex 1.181142e+02 1.750433e+01 0.000000e+00
         vertex 1.186335e+02 1.733343e+01 0.000000e+00
      endloop
   endfacet
   facet normal -3.977890e-01 -9.174769e-01 -0.000000e+00
      outer loop
         vertex 1.186335e+02 1.733343e+01 1.700000e+01
         vertex 1.186335e+02 1.733343e+01 0.000000e+00
         vertex 1.191350e+02 1.711598e+01 1.700000e+01
      endloop
   endfacet
   facet normal -3.977890e-01 -9.174769e-01 -0.000000e+00
      outer loop
         vertex 1.191350e+02 1.711598e+01 1.700000e+01
         vertex 1.186335e+02 1.733343e+01 0.000000e+00
         vertex 1.191350e+02 1.711598e+01 0.000000e+00
      endloop
   endfacet
   facet normal -4.796409e-01 -8.774649e-01 -0.000000e+00
      outer loop
         vertex 1.191350e+02 1.711598e+01 1.700000e+01
         vertex 1.191350e+02 1.711598e+01 0.000000e+00
         vertex 1.196147e+02 1.685378e+01 1.700000e+01
      endloop
   endfacet
   facet normal -4.796409e-01 -8.774649e-01 -0.000000e+00
      outer loop
         vertex 1.196147e+02 1.685378e+01 1.700000e+01
         vertex 1.191350e+02 1.711598e+01 0.000000e+00
         vertex 1.196147e+02 1.685378e+01 0.000000e+00
      endloop
   endfacet
   facet normal -5.575112e-01 -8.301694e-01 -0.000000e+00
      outer loop
         vertex 1.196147e+02 1.685378e+01 1.700000e+01
         vertex 1.196147e+02 1.685378e+01 0.000000e+00
         vertex 1.200685e+02 1.654901e+01 1.700000e+01
      endloop
   endfacet
   facet normal -5.575112e-01 -8.301694e-01 -0.000000e+00
      outer loop
         vertex 1.200685e+02 1.654901e+01 1.700000e+01
         vertex 1.196147e+02 1.685378e+01 0.000000e+00
         vertex 1.200685e+02 1.654901e+01 0.000000e+00
      endloop
   endfacet
   facet normal -6.307565e-01 -7.759808e-01 -0.000000e+00
      outer loop
         vertex 1.200685e+02 1.654901e+01 1.700000e+01
         vertex 1.200685e+02 1.654901e+01 0.000000e+00
         vertex 1.204927e+02 1.620420e+01 1.700000e+01
      endloop
   endfacet
   facet normal -6.307565e-01 -7.759808e-01 -0.000000e+00
      outer loop
         vertex 1.204927e+02 1.620420e+01 1.700000e+01
         vertex 1.200685e+02 1.654901e+01 0.000000e+00
         vertex 1.204927e+02 1.620420e+01 0.000000e+00
      endloop
   endfacet
   facet normal -6.987649e-01 -7.153514e-01 -0.000000e+00
      outer loop
         vertex 1.204927e+02 1.620420e+01 1.700000e+01
         vertex 1.204927e+02 1.620420e+01 0.000000e+00
         vertex 1.208838e+02 1.582222e+01 1.700000e+01
      endloop
   endfacet
   facet normal -6.987649e-01 -7.153514e-01 -0.000000e+00
      outer loop
         vertex 1.208838e+02 1.582222e+01 1.700000e+01
         vertex 1.204927e+02 1.620420e+01 0.000000e+00
         vertex 1.208838e+02 1.582222e+01 0.000000e+00
      endloop
   endfacet
   facet normal -7.609718e-01 -6.487849e-01 -0.000000e+00
      outer loop
         vertex 1.208838e+02 1.582222e+01 1.700000e+01
         vertex 1.208838e+02 1.582222e+01 0.000000e+00
         vertex 1.212384e+02 1.540623e+01 1.700000e+01
      endloop
   endfacet
   facet normal -7.609718e-01 -6.487849e-01 -0.000000e+00
      outer loop
         vertex 1.212384e+02 1.540623e+01 1.700000e+01
         vertex 1.208838e+02 1.582222e+01 0.000000e+00
         vertex 1.212384e+02 1.540623e+01 0.000000e+00
      endloop
   endfacet
   facet normal -8.168611e-01 -5.768344e-01 -0.000000e+00
      outer loop
         vertex 1.212384e+02 1.540623e+01 1.700000e+01
         vertex 1.212384e+02 1.540623e+01 0.000000e+00
         vertex 1.215538e+02 1.495968e+01 1.700000e+01
      endloop
   endfacet
   facet normal -8.168611e-01 -5.768344e-01 -0.000000e+00
      outer loop
         vertex 1.215538e+02 1.495968e+01 1.700000e+01
         vertex 1.212384e+02 1.540623e+01 0.000000e+00
         vertex 1.215538e+02 1.495968e+01 0.000000e+00
      endloop
   endfacet
   facet normal -8.659739e-01 -5.000893e-01 -0.000000e+00
      outer loop
         vertex 1.215538e+02 1.495968e+01 1.700000e+01
         vertex 1.215538e+02 1.495968e+01 0.000000e+00
         vertex 1.218271e+02 1.448629e+01 1.700000e+01
      endloop
   endfacet
   facet normal -8.659739e-01 -5.000893e-01 -0.000000e+00
      outer loop
         vertex 1.218271e+02 1.448629e+01 1.700000e+01
         vertex 1.215538e+02 1.495968e+01 0.000000e+00
         vertex 1.218271e+02 1.448629e+01 0.000000e+00
      endloop
   endfacet
   facet normal -9.078946e-01 -4.191985e-01 -0.000000e+00
      outer loop
         vertex 1.218271e+02 1.448629e+01 1.700000e+01
         vertex 1.218271e+02 1.448629e+01 0.000000e+00
         vertex 1.220563e+02 1.398999e+01 1.700000e+01
      endloop
   endfacet
   facet normal -9.078946e-01 -4.191985e-01 -0.000000e+00
      outer loop
         vertex 1.220563e+02 1.398999e+01 1.700000e+01
         vertex 1.218271e+02 1.448629e+01 0.000000e+00
         vertex 1.220563e+02 1.398999e+01 0.000000e+00
      endloop
   endfacet
   facet normal -9.422779e-01 -3.348320e-01 -0.000000e+00
      outer loop
         vertex 1.220563e+02 1.398999e+01 1.700000e+01
         vertex 1.220563e+02 1.398999e+01 0.000000e+00
         vertex 1.222393e+02 1.347488e+01 1.700000e+01
      endloop
   endfacet
   facet normal -9.422779e-01 -3.348320e-01 -0.000000e+00
      outer loop
         vertex 1.222393e+02 1.347488e+01 1.700000e+01
         vertex 1.220563e+02 1.398999e+01 0.000000e+00
         vertex 1.222393e+02 1.347488e+01 0.000000e+00
      endloop
   endfacet
   facet normal -9.688421e-01 -2.476794e-01 -0.000000e+00
      outer loop
         vertex 1.222393e+02 1.347488e+01 1.700000e+01
         vertex 1.222393e+02 1.347488e+01 0.000000e+00
         vertex 1.223747e+02 1.294526e+01 1.700000e+01
      endloop
   endfacet
   facet normal -9.688421e-01 -2.476794e-01 -0.000000e+00
      outer loop
         vertex 1.223747e+02 1.294526e+01 1.700000e+01
         vertex 1.222393e+02 1.347488e+01 0.000000e+00
         vertex 1.223747e+02 1.294526e+01 0.000000e+00
      endloop
   endfacet
   facet normal -9.873640e-01 -1.584686e-01 -0.000000e+00
      outer loop
         vertex 1.223747e+02 1.294526e+01 1.700000e+01
         vertex 1.223747e+02 1.294526e+01 0.000000e+00
         vertex 1.224613e+02 1.240551e+01 1.700000e+01
      endloop
   endfacet
   facet normal -9.873640e-01 -1.584686e-01 -0.000000e+00
      outer loop
         vertex 1.224613e+02 1.240551e+01 1.700000e+01
         vertex 1.223747e+02 1.294526e+01 0.000000e+00
         vertex 1.224613e+02 1.240551e+01 0.000000e+00
      endloop
   endfacet
   facet normal -9.976892e-01 -6.794238e-02 -0.000000e+00
      outer loop
         vertex 1.224613e+02 1.240551e+01 1.700000e+01
         vertex 1.224613e+02 1.240551e+01 0.000000e+00
         vertex 1.224985e+02 1.186012e+01 1.700000e+01
      endloop
   endfacet
   facet normal -9.976892e-01 -6.794238e-02 -0.000000e+00
      outer loop
         vertex 1.224985e+02 1.186012e+01 1.700000e+01
         vertex 1.224613e+02 1.240551e+01 0.000000e+00
         vertex 1.224985e+02 1.186012e+01 0.000000e+00
      endloop
   endfacet
   facet normal -9.997323e-01 2.313584e-02 0.000000e+00
      outer loop
         vertex 1.224985e+02 1.186012e+01 1.700000e+01
         vertex 1.224985e+02 1.186012e+01 0.000000e+00
         vertex 1.224858e+02 1.131361e+01 1.700000e+01
      endloop
   endfacet
   facet normal -9.997323e-01 2.313584e-02 0.000000e+00
      outer loop
         vertex 1.224858e+02 1.131361e+01 1.700000e+01
         vertex 1.224985e+02 1.186012e+01 0.000000e+00
         vertex 1.224858e+02 1.131361e+01 0.000000e+00
      endloop
   endfacet
   facet normal -9.934773e-01 1.140300e-01 0.000000e+00
      outer loop
         vertex 1.224858e+02 1.131361e+01 1.700000e+01
         vertex 1.224858e+02 1.131361e+01 0.000000e+00
         vertex 1.224235e+02 1.077052e+01 1.700000e+01
      endloop
   endfacet
   facet normal -9.934773e-01 1.140300e-01 0.000000e+00
      outer loop
         vertex 1.224235e+02 1.077052e+01 1.700000e+01
         vertex 1.224858e+02 1.131361e+01 0.000000e+00
         vertex 1.224235e+02 1.077052e+01 0.000000e+00
      endloop
   endfacet
   facet normal -9.789743e-01 2.039837e-01 0.000000e+00
      outer loop
         vertex 1.224235e+02 1.077052e+01 1.700000e+01
         vertex 1.224235e+02 1.077052e+01 0.000000e+00
         vertex 1.223120e+02 1.023535e+01 1.700000e+01
      endloop
   endfacet
   facet normal -9.789743e-01 2.039837e-01 0.000000e+00
      outer loop
         vertex 1.223120e+02 1.023535e+01 1.700000e+01
         vertex 1.224235e+02 1.077052e+01 0.000000e+00
         vertex 1.223120e+02 1.023535e+01 0.000000e+00
      endloop
   endfacet
   facet normal -9.563468e-01 2.922340e-01 0.000000e+00
      outer loop
         vertex 1.223120e+02 1.023535e+01 1.700000e+01
         vertex 1.223120e+02 1.023535e+01 0.000000e+00
         vertex 1.221522e+02 9.712561e+00 1.700000e+01
      endloop
   endfacet
   facet normal -9.563468e-01 2.922340e-01 0.000000e+00
      outer loop
         vertex 1.221522e+02 9.712561e+00 1.700000e+01
         vertex 1.223120e+02 1.023535e+01 0.000000e+00
         vertex 1.221522e+02 9.712561e+00 0.000000e+00
      endloop
   endfacet
   facet normal -9.257790e-01 3.780650e-01 0.000000e+00
      outer loop
         vertex 1.221522e+02 9.712561e+00 1.700000e+01
         vertex 1.221522e+02 9.712561e+00 0.000000e+00
         vertex 1.219456e+02 9.206478e+00 1.700000e+01
      endloop
   endfacet
   facet normal -9.257790e-01 3.780650e-01 0.000000e+00
      outer loop
         vertex 1.219456e+02 9.206478e+00 1.700000e+01
         vertex 1.221522e+02 9.712561e+00 0.000000e+00
         vertex 1.219456e+02 9.206478e+00 0.000000e+00
      endloop
   endfacet
   facet normal -8.875250e-01 4.607595e-01 0.000000e+00
      outer loop
         vertex 1.219456e+02 9.206478e+00 1.700000e+01
         vertex 1.219456e+02 9.206478e+00 0.000000e+00
         vertex 1.216937e+02 8.721305e+00 1.700000e+01
      endloop
   endfacet
   facet normal -8.875250e-01 4.607595e-01 0.000000e+00
      outer loop
         vertex 1.216937e+02 8.721305e+00 1.700000e+01
         vertex 1.219456e+02 9.206478e+00 0.000000e+00
         vertex 1.216937e+02 8.721305e+00 0.000000e+00
      endloop
   endfacet
   facet normal -8.419082e-01 5.396208e-01 0.000000e+00
      outer loop
         vertex 1.216937e+02 8.721305e+00 1.700000e+01
         vertex 1.216937e+02 8.721305e+00 0.000000e+00
         vertex 1.213987e+02 8.261070e+00 1.700000e+01
      endloop
   endfacet
   facet normal -8.419082e-01 5.396208e-01 0.000000e+00
      outer loop
         vertex 1.213987e+02 8.261070e+00 1.700000e+01
         vertex 1.216937e+02 8.721305e+00 0.000000e+00
         vertex 1.213987e+02 8.261070e+00 0.000000e+00
      endloop
   endfacet
   facet normal -7.893025e-01 6.140045e-01 0.000000e+00
      outer loop
         vertex 1.213987e+02 8.261070e+00 1.700000e+01
         vertex 1.213987e+02 8.261070e+00 0.000000e+00
         vertex 1.210631e+02 7.829594e+00 1.700000e+01
      endloop
   endfacet
   facet normal -7.893025e-01 6.140045e-01 0.000000e+00
      outer loop
         vertex 1.210631e+02 7.829594e+00 1.700000e+01
         vertex 1.213987e+02 8.261070e+00 0.000000e+00
         vertex 1.210631e+02 7.829594e+00 0.000000e+00
      endloop
   endfacet
   facet normal -7.301387e-01 6.832990e-01 0.000000e+00
      outer loop
         vertex 1.210631e+02 7.829594e+00 1.700000e+01
         vertex 1.210631e+02 7.829594e+00 0.000000e+00
         vertex 1.206895e+02 7.430458e+00 1.700000e+01
      endloop
   endfacet
   facet normal -7.301387e-01 6.832990e-01 0.000000e+00
      outer loop
         vertex 1.206895e+02 7.430458e+00 1.700000e+01
         vertex 1.210631e+02 7.829594e+00 0.000000e+00
         vertex 1.206895e+02 7.430458e+00 0.000000e+00
      endloop
   endfacet
   facet normal -6.649189e-01 7.469156e-01 0.000000e+00
      outer loop
         vertex 1.206895e+02 7.430458e+00 1.700000e+01
         vertex 1.206895e+02 7.430458e+00 0.000000e+00
         vertex 1.202812e+02 7.066975e+00 1.700000e+01
      endloop
   endfacet
   facet normal -6.649189e-01 7.469156e-01 0.000000e+00
      outer loop
         vertex 1.202812e+02 7.066975e+00 1.700000e+01
         vertex 1.206895e+02 7.430458e+00 0.000000e+00
         vertex 1.202812e+02 7.066975e+00 0.000000e+00
      endloop
   endfacet
   facet normal -5.941808e-01 8.043315e-01 0.000000e+00
      outer loop
         vertex 1.202812e+02 7.066975e+00 1.700000e+01
         vertex 1.202812e+02 7.066975e+00 0.000000e+00
         vertex 1.198415e+02 6.742163e+00 1.700000e+01
      endloop
   endfacet
   facet normal -5.941808e-01 8.043315e-01 0.000000e+00
      outer loop
         vertex 1.198415e+02 6.742163e+00 1.700000e+01
         vertex 1.202812e+02 7.066975e+00 0.000000e+00
         vertex 1.198415e+02 6.742163e+00 0.000000e+00
      endloop
   endfacet
   facet normal -5.185081e-01 8.550727e-01 0.000000e+00
      outer loop
         vertex 1.198415e+02 6.742163e+00 1.700000e+01
         vertex 1.198415e+02 6.742163e+00 0.000000e+00
         vertex 1.193741e+02 6.458717e+00 1.700000e+01
      endloop
   endfacet
   facet normal -5.185081e-01 8.550727e-01 0.000000e+00
      outer loop
         vertex 1.193741e+02 6.458717e+00 1.700000e+01
         vertex 1.198415e+02 6.742163e+00 0.000000e+00
         vertex 1.193741e+02 6.458717e+00 0.000000e+00
      endloop
   endfacet
   facet normal -4.385291e-01 8.987170e-01 0.000000e+00
      outer loop
         vertex 1.193741e+02 6.458717e+00 1.700000e+01
         vertex 1.193741e+02 6.458717e+00 0.000000e+00
         vertex 1.188828e+02 6.218991e+00 1.700000e+01
      endloop
   endfacet
   facet normal -4.385291e-01 8.987170e-01 0.000000e+00
      outer loop
         vertex 1.188828e+02 6.218991e+00 1.700000e+01
         vertex 1.193741e+02 6.458717e+00 0.000000e+00
         vertex 1.188828e+02 6.218991e+00 0.000000e+00
      endloop
   endfacet
   facet normal -3.549144e-01 9.348988e-01 0.000000e+00
      outer loop
         vertex 1.188828e+02 6.218991e+00 1.700000e+01
         vertex 1.188828e+02 6.218991e+00 0.000000e+00
         vertex 1.183717e+02 6.024975e+00 1.700000e+01
      endloop
   endfacet
   facet normal -3.549144e-01 9.348988e-01 0.000000e+00
      outer loop
         vertex 1.183717e+02 6.024975e+00 1.700000e+01
         vertex 1.188828e+02 6.218991e+00 0.000000e+00
         vertex 1.183717e+02 6.024975e+00 0.000000e+00
      endloop
   endfacet
   facet normal -2.683523e-01 9.633208e-01 0.000000e+00
      outer loop
         vertex 1.183717e+02 6.024975e+00 1.700000e+01
         vertex 1.183717e+02 6.024975e+00 0.000000e+00
         vertex 1.178451e+02 5.878279e+00 1.700000e+01
      endloop
   endfacet
   facet normal -2.683523e-01 9.633208e-01 0.000000e+00
      outer loop
         vertex 1.178451e+02 5.878279e+00 1.700000e+01
         vertex 1.183717e+02 6.024975e+00 0.000000e+00
         vertex 1.178451e+02 5.878279e+00 0.000000e+00
      endloop
   endfacet
   facet normal -1.795617e-01 9.837467e-01 0.000000e+00
      outer loop
         vertex 1.178451e+02 5.878279e+00 1.700000e+01
         vertex 1.178451e+02 5.878279e+00 0.000000e+00
         vertex 1.173074e+02 5.780120e+00 1.700000e+01
      endloop
   endfacet
   facet normal -1.795617e-01 9.837467e-01 0.000000e+00
      outer loop
         vertex 1.173074e+02 5.780120e+00 1.700000e+01
         vertex 1.178451e+02 5.878279e+00 0.000000e+00
         vertex 1.173074e+02 5.780120e+00 0.000000e+00
      endloop
   endfacet
   facet normal -8.927854e-02 9.960067e-01 0.000000e+00
      outer loop
         vertex 1.173074e+02 5.780120e+00 1.700000e+01
         vertex 1.173074e+02 5.780120e+00 0.000000e+00
         vertex 1.167629e+02 5.731315e+00 1.700000e+01
      endloop
   endfacet
   facet normal -8.927854e-02 9.960067e-01 0.000000e+00
      outer loop
         vertex 1.167629e+02 5.731315e+00 1.700000e+01
         vertex 1.173074e+02 5.780120e+00 0.000000e+00
         vertex 1.167629e+02 5.731315e+00 0.000000e+00
      endloop
   endfacet
   facet normal 1.741160e-03 9.999985e-01 0.000000e+00
      outer loop
         vertex 1.167629e+02 5.731315e+00 1.700000e+01
         vertex 1.167629e+02 5.731315e+00 0.000000e+00
         vertex 1.162162e+02 5.732267e+00 1.700000e+01
      endloop
   endfacet
   facet normal 1.741160e-03 9.999985e-01 0.000000e+00
      outer loop
         vertex 1.162162e+02 5.732267e+00 1.700000e+01
         vertex 1.167629e+02 5.731315e+00 0.000000e+00
         vertex 1.162162e+02 5.732267e+00 0.000000e+00
      endloop
   endfacet
   facet normal 9.274918e-02 9.956895e-01 0.000000e+00
      outer loop
         vertex 1.162162e+02 5.732267e+00 1.700000e+01
         vertex 1.162162e+02 5.732267e+00 0.000000e+00
         vertex 1.156719e+02 5.782969e+00 1.700000e+01
      endloop
   endfacet
   facet normal 9.274918e-02 9.956895e-01 0.000000e+00
      outer loop
         vertex 1.156719e+02 5.782969e+00 1.700000e+01
         vertex 1.162162e+02 5.732267e+00 0.000000e+00
         vertex 1.156719e+02 5.782969e+00 0.000000e+00
      endloop
   endfacet
   facet normal 1.829865e-01 9.831154e-01 0.000000e+00
      outer loop
         vertex 1.156719e+02 5.782969e+00 1.700000e+01
         vertex 1.156719e+02 5.782969e+00 0.000000e+00
         vertex 1.151345e+02 5.883000e+00 1.700000e+01
      endloop
   endfacet
   facet normal 1.829865e-01 9.831154e-01 0.000000e+00
      outer loop
         vertex 1.151345e+02 5.883000e+00 1.700000e+01
         vertex 1.156719e+02 5.782969e+00 0.000000e+00
         vertex 1.151345e+02 5.883000e+00 0.000000e+00
      endloop
   endfacet
   facet normal 2.717049e-01 9.623806e-01 0.000000e+00
      outer loop
         vertex 1.151345e+02 5.883000e+00 1.700000e+01
         vertex 1.151345e+02 5.883000e+00 0.000000e+00
         vertex 1.146084e+02 6.031530e+00 1.700000e+01
      endloop
   endfacet
   facet normal 2.717049e-01 9.623806e-01 0.000000e+00
      outer loop
         vertex 1.146084e+02 6.031530e+00 1.700000e+01
         vertex 1.151345e+02 5.883000e+00 0.000000e+00
         vertex 1.146084e+02 6.031530e+00 0.000000e+00
      endloop
   endfacet
   facet normal 3.581686e-01 9.336569e-01 0.000000e+00
      outer loop
         vertex 1.146084e+02 6.031530e+00 1.700000e+01
         vertex 1.146084e+02 6.031530e+00 0.000000e+00
         vertex 1.140980e+02 6.227325e+00 1.700000e+01
      endloop
   endfacet
   facet normal 3.581686e-01 9.336569e-01 0.000000e+00
      outer loop
         vertex 1.140980e+02 6.227325e+00 1.700000e+01
         vertex 1.146084e+02 6.031530e+00 0.000000e+00
         vertex 1.140980e+02 6.227325e+00 0.000000e+00
      endloop
   endfacet
   facet normal 4.416599e-01 8.971826e-01 0.000000e+00
      outer loop
         vertex 1.140980e+02 6.227325e+00 1.700000e+01
         vertex 1.140980e+02 6.227325e+00 0.000000e+00
         vertex 1.136076e+02 6.468761e+00 1.700000e+01
      endloop
   endfacet
   facet normal 4.416599e-01 8.971826e-01 0.000000e+00
      outer loop
         vertex 1.136076e+02 6.468761e+00 1.700000e+01
         vertex 1.140980e+02 6.227325e+00 0.000000e+00
         vertex 1.136076e+02 6.468761e+00 0.000000e+00
      endloop
   endfacet
   facet normal 5.214805e-01 8.532632e-01 0.000000e+00
      outer loop
         vertex 1.136076e+02 6.468761e+00 1.700000e+01
         vertex 1.136076e+02 6.468761e+00 0.000000e+00
         vertex 1.131411e+02 6.753833e+00 1.700000e+01
      endloop
   endfacet
   facet normal 5.214805e-01 8.532632e-01 0.000000e+00
      outer loop
         vertex 1.131411e+02 6.753833e+00 1.700000e+01
         vertex 1.136076e+02 6.468761e+00 0.000000e+00
         vertex 1.131411e+02 6.753833e+00 0.000000e+00
      endloop
   endfacet
   facet normal 5.969809e-01 8.022554e-01 0.000000e+00
      outer loop
         vertex 1.131411e+02 6.753833e+00 1.700000e+01
         vertex 1.131411e+02 6.753833e+00 0.000000e+00
         vertex 1.127026e+02 7.080175e+00 1.700000e+01
      endloop
   endfacet
   facet normal 5.969809e-01 8.022554e-01 0.000000e+00
      outer loop
         vertex 1.127026e+02 7.080175e+00 1.700000e+01
         vertex 1.131411e+02 6.753833e+00 0.000000e+00
         vertex 1.127026e+02 7.080175e+00 0.000000e+00
      endloop
   endfacet
   facet normal 6.675150e-01 7.445964e-01 0.000000e+00
      outer loop
         vertex 1.127026e+02 7.080175e+00 1.700000e+01
         vertex 1.127026e+02 7.080175e+00 0.000000e+00
         vertex 1.122955e+02 7.445077e+00 1.700000e+01
      endloop
   endfacet
   facet normal 6.675150e-01 7.445964e-01 0.000000e+00
      outer loop
         vertex 1.122955e+02 7.445077e+00 1.700000e+01
         vertex 1.127026e+02 7.080175e+00 0.000000e+00
         vertex 1.122955e+02 7.445077e+00 0.000000e+00
      endloop
   endfacet
   facet normal 0.000000e+00 0.000000e+00 -1.000000e+00
      outer loop
         vertex 1.092604e+02 1.074634e+01 0.000000e+00
         vertex 1.000000e+02 7.225553e+00 0.000000e+00
         vertex 9.990560e+01 7.473839e+00 0.000000e+00
      endloop
   endfacet
   facet normal 0.000000e+00 0.000000e+00 -1.000000e+00
      outer loop
         vertex 1.017769e+02 2.551940e+00 0.000000e+00
         vertex 1.010661e+02 4.421386e+00 0.000000e+00
         vertex 1.108940e+02 6.018253e+00 0.000000e+00
      endloop
   endfacet
   facet normal -0.000000e+00 0.000000e+00 -1.000000e+00
      outer loop
         vertex 1.108940e+02 6.018253e+00 0.000000e+00
         vertex 1.010661e+02 4.421386e+00 0.000000e+00
         vertex 1.101833e+02 7.887697e+00 0.000000e+00
      endloop
   endfacet
   facet normal 0.000000e+00 0.000000e+00 -1.000000e+00
      outer loop
         vertex 1.402661e+00 1.019535e+01 0.000000e+00
         vertex 1.775835e+00 1.061398e+01 0.000000e+00
         vertex 8.387625e+00 3.769211e-01 0.000000e+00
      endloop
   endfacet
   facet normal 0.000000e+00 0.000000e+00 -1.000000e+00
      outer loop
         vertex 7.170141e-01 3.343358e+00 0.000000e+00
         vertex 4.787408e-01 3.851032e+00 0.000000e+00
         vertex 8.387625e+00 3.769211e-01 0.000000e+00
      endloop
   endfacet
   facet normal 0.000000e+00 0.000000e+00 -1.000000e+00
      outer loop
         vertex 8.387625e+00 3.769211e-01 0.000000e+00
         vertex 4.787408e-01 3.851032e+00 0.000000e+00
         vertex 2.869330e-01 4.378022e+00 0.000000e+00
      endloop
   endfacet
   facet normal 0.000000e+00 0.000000e+00 -1.000000e+00
      outer loop
         vertex 8.387625e+00 3.769211e-01 0.000000e+00
         vertex 2.869330e-01 4.378022e+00 0.000000e+00
         vertex 1.431331e-01 4.920083e+00 0.000000e+00
      endloop
   endfacet
   facet normal -0.000000e+00 0.000000e+00 -1.000000e+00
      outer loop
         vertex 1.165000e+02 1.972555e+01 0.000000e+00
         vertex 9.990560e+01 7.473839e+00 0.000000e+00
         vertex 2.500000e+01 1.972555e+01 0.000000e+00
      endloop
   endfacet
   facet normal 0.000000e+00 0.000000e+00 -1.000000e+00
      outer loop
         vertex 2.500000e+01 1.972555e+01 0.000000e+00
         vertex 9.990560e+01 7.473839e+00 0.000000e+00
         vertex 2.788625e+01 7.473839e+00 0.000000e+00
      endloop
   endfacet
   facet normal 0.000000e+00 -0.000000e+00 -1.000000e+00
      outer loop
         vertex 2.500000e+01 1.972555e+01 0.000000e+00
         vertex 2.788625e+01 7.473839e+00 0.000000e+00
         vertex 4.112374e+00 1.212308e+01 0.000000e+00
      endloop
   endfacet
   facet normal 0.000000e+00 0.000000e+00 -1.000000e+00
      outer loop
         vertex 4.112374e+00 1.212308e+01 0.000000e+00
         vertex 2.788625e+01 7.473839e+00 0.000000e+00
         vertex 8.387625e+00 3.769211e-01 0.000000e+00
      endloop
   endfacet
   facet normal 0.000000e+00 -0.000000e+00 -1.000000e+00
      outer loop
         vertex 4.112374e+00 1.212308e+01 0.000000e+00
         vertex 8.387625e+00 3.769211e-01 0.000000e+00
         vertex 3.594521e+00 1.190782e+01 0.000000e+00
      endloop
   endfacet
   facet normal 0.000000e+00 -0.000000e+00 -1.000000e+00
      outer loop
         vertex 3.594521e+00 1.190782e+01 0.000000e+00
         vertex 8.387625e+00 3.769211e-01 0.000000e+00
         vertex 3.098048e+00 1.164701e+01 0.000000e+00
      endloop
   endfacet
   facet normal -0.000000e+00 0.000000e+00 -1.000000e+00
      outer loop
         vertex 7.852562e+00 2.089487e-01 0.000000e+00
         vertex 7.304594e+00 8.961651e-02 0.000000e+00
         vertex 3.995661e+00 4.207250e-01 0.000000e+00
      endloop
   endfacet
   facet normal 0.000000e+00 0.000000e+00 -1.000000e+00
      outer loop
         vertex 1.689684e+00 1.976127e+00 0.000000e+00
         vertex 1.324933e+00 2.402116e+00 0.000000e+00
         vertex 8.387625e+00 3.769211e-01 0.000000e+00
      endloop
   endfacet
   facet normal 0.000000e+00 0.000000e+00 -1.000000e+00
      outer loop
         vertex 8.387625e+00 3.769211e-01 0.000000e+00
         vertex 1.324933e+00 2.402116e+00 0.000000e+00
         vertex 9.998381e-01 2.859086e+00 0.000000e+00
      endloop
   endfacet
   facet normal 0.000000e+00 0.000000e+00 -1.000000e+00
      outer loop
         vertex 8.387625e+00 3.769211e-01 0.000000e+00
         vertex 9.998381e-01 2.859086e+00 0.000000e+00
         vertex 7.170141e-01 3.343358e+00 0.000000e+00
      endloop
   endfacet
   facet normal 0.000000e+00 0.000000e+00 -1.000000e+00
      outer loop
         vertex 1.431331e-01 4.920083e+00 0.000000e+00
         vertex 4.850700e-02 5.472852e+00 0.000000e+00
         vertex 8.387625e+00 3.769211e-01 0.000000e+00
      endloop
   endfacet
   facet normal 0.000000e+00 0.000000e+00 -1.000000e+00
      outer loop
         vertex 8.387625e+00 3.769211e-01 0.000000e+00
         vertex 4.850700e-02 5.472852e+00 0.000000e+00
         vertex 3.807247e-03 6.031878e+00 0.000000e+00
      endloop
   endfacet
   facet normal 0.000000e+00 0.000000e+00 -1.000000e+00
      outer loop
         vertex 8.387625e+00 3.769211e-01 0.000000e+00
         vertex 3.807247e-03 6.031878e+00 0.000000e+00
         vertex 9.402633e-03 6.592661e+00 0.000000e+00
      endloop
   endfacet
   facet normal 0.000000e+00 -0.000000e+00 -1.000000e+00
      outer loop
         vertex 1.402661e+00 1.019535e+01 0.000000e+00
         vertex 8.387625e+00 3.769211e-01 0.000000e+00
         vertex 1.068518e+00 9.744956e+00 0.000000e+00
      endloop
   endfacet
   facet normal 0.000000e+00 0.000000e+00 -1.000000e+00
      outer loop
         vertex 1.775835e+00 1.061398e+01 0.000000e+00
         vertex 2.185028e+00 1.099747e+01 0.000000e+00
         vertex 8.387625e+00 3.769211e-01 0.000000e+00
      endloop
   endfacet
   facet normal 0.000000e+00 0.000000e+00 -1.000000e+00
      outer loop
         vertex 8.387625e+00 3.769211e-01 0.000000e+00
         vertex 2.185028e+00 1.099747e+01 0.000000e+00
         vertex 2.626952e+00 1.134274e+01 0.000000e+00
      endloop
   endfacet
   facet normal 0.000000e+00 0.000000e+00 -1.000000e+00
      outer loop
         vertex 8.387625e+00 3.769211e-01 0.000000e+00
         vertex 2.626952e+00 1.134274e+01 0.000000e+00
         vertex 3.098048e+00 1.164701e+01 0.000000e+00
      endloop
   endfacet
   facet normal 0.000000e+00 0.000000e+00 -1.000000e+00
      outer loop
         vertex 1.173074e+02 5.780120e+00 0.000000e+00
         vertex 1.171896e+02 3.755328e+00 0.000000e+00
         vertex 1.167629e+02 5.731315e+00 0.000000e+00
      endloop
   endfacet
   facet normal 0.000000e+00 -0.000000e+00 -1.000000e+00
      outer loop
         vertex 1.167629e+02 5.731315e+00 0.000000e+00
         vertex 1.171896e+02 3.755328e+00 0.000000e+00
         vertex 1.165630e+02 3.725801e+00 0.000000e+00
      endloop
   endfacet
   facet normal -0.000000e+00 0.000000e+00 -1.000000e+00
      outer loop
         vertex 1.167629e+02 5.731315e+00 0.000000e+00
         vertex 1.165630e+02 3.725801e+00 0.000000e+00
         vertex 1.162162e+02 5.732267e+00 0.000000e+00
      endloop
   endfacet
   facet normal 0.000000e+00 -0.000000e+00 -1.000000e+00
      outer loop
         vertex 1.162162e+02 5.732267e+00 0.000000e+00
         vertex 1.165630e+02 3.725801e+00 0.000000e+00
         vertex 1.159360e+02 3.745459e+00 0.000000e+00
      endloop
   endfacet
   facet normal -0.000000e+00 0.000000e+00 -1.000000e+00
      outer loop
         vertex 1.162162e+02 5.732267e+00 0.000000e+00
         vertex 1.159360e+02 3.745459e+00 0.000000e+00
         vertex 1.156719e+02 5.782969e+00 0.000000e+00
      endloop
   endfacet
   facet normal 0.000000e+00 -0.000000e+00 -1.000000e+00
      outer loop
         vertex 1.156719e+02 5.782969e+00 0.000000e+00
         vertex 1.159360e+02 3.745459e+00 0.000000e+00
         vertex 1.153125e+02 3.814181e+00 0.000000e+00
      endloop
   endfacet
   facet normal -0.000000e+00 0.000000e+00 -1.000000e+00
      outer loop
         vertex 1.156719e+02 5.782969e+00 0.000000e+00
         vertex 1.153125e+02 3.814181e+00 0.000000e+00
         vertex 1.151345e+02 5.883000e+00 0.000000e+00
      endloop
   endfacet
   facet normal 0.000000e+00 -0.000000e+00 -1.000000e+00
      outer loop
         vertex 1.151345e+02 5.883000e+00 0.000000e+00
         vertex 1.153125e+02 3.814181e+00 0.000000e+00
         vertex 1.146963e+02 3.931545e+00 0.000000e+00
      endloop
   endfacet
   facet normal -0.000000e+00 0.000000e+00 -1.000000e+00
      outer loop
         vertex 1.151345e+02 5.883000e+00 0.000000e+00
         vertex 1.146963e+02 3.931545e+00 0.000000e+00
         vertex 1.146084e+02 6.031530e+00 0.000000e+00
      endloop
   endfacet
   facet normal 0.000000e+00 -0.000000e+00 -1.000000e+00
      outer loop
         vertex 1.146084e+02 6.031530e+00 0.000000e+00
         vertex 1.146963e+02 3.931545e+00 0.000000e+00
         vertex 1.140912e+02 4.096828e+00 0.000000e+00
      endloop
   endfacet
   facet normal -0.000000e+00 0.000000e+00 -1.000000e+00
      outer loop
         vertex 1.146084e+02 6.031530e+00 0.000000e+00
         vertex 1.140912e+02 4.096828e+00 0.000000e+00
         vertex 1.140980e+02 6.227325e+00 0.000000e+00
      endloop
   endfacet
   facet normal 0.000000e+00 -0.000000e+00 -1.000000e+00
      outer loop
         vertex 1.202812e+02 7.066975e+00 0.000000e+00
         vertex 1.212475e+02 5.286510e+00 0.000000e+00
         vertex 1.198415e+02 6.742163e+00 0.000000e+00
      endloop
   endfacet
   facet normal 0.000000e+00 0.000000e+00 -1.000000e+00
      outer loop
         vertex 1.198415e+02 6.742163e+00 0.000000e+00
         vertex 1.212475e+02 5.286510e+00 0.000000e+00
         vertex 1.207284e+02 4.934334e+00 0.000000e+00
      endloop
   endfacet
   facet normal 0.000000e+00 -0.000000e+00 -1.000000e+00
      outer loop
         vertex 1.198415e+02 6.742163e+00 0.000000e+00
         vertex 1.207284e+02 4.934334e+00 0.000000e+00
         vertex 1.193741e+02 6.458717e+00 0.000000e+00
      endloop
   endfacet
   facet normal 0.000000e+00 0.000000e+00 -1.000000e+00
      outer loop
         vertex 1.193741e+02 6.458717e+00 0.000000e+00
         vertex 1.207284e+02 4.934334e+00 0.000000e+00
         vertex 1.201833e+02 4.623912e+00 0.000000e+00
      endloop
   endfacet
   facet normal 0.000000e+00 -0.000000e+00 -1.000000e+00
      outer loop
         vertex 1.193741e+02 6.458717e+00 0.000000e+00
         vertex 1.201833e+02 4.623912e+00 0.000000e+00
         vertex 1.188828e+02 6.218991e+00 0.000000e+00
      endloop
   endfacet
   facet normal 0.000000e+00 0.000000e+00 -1.000000e+00
      outer loop
         vertex 1.188828e+02 6.218991e+00 0.000000e+00
         vertex 1.201833e+02 4.623912e+00 0.000000e+00
         vertex 1.196156e+02 4.357154e+00 0.000000e+00
      endloop
   endfacet
   facet normal 0.000000e+00 -0.000000e+00 -1.000000e+00
      outer loop
         vertex 1.188828e+02 6.218991e+00 0.000000e+00
         vertex 1.196156e+02 4.357154e+00 0.000000e+00
         vertex 1.183717e+02 6.024975e+00 0.000000e+00
      endloop
   endfacet
   facet normal 0.000000e+00 0.000000e+00 -1.000000e+00
      outer loop
         vertex 1.183717e+02 6.024975e+00 0.000000e+00
         vertex 1.196156e+02 4.357154e+00 0.000000e+00
         vertex 1.190287e+02 4.135699e+00 0.000000e+00
      endloop
   endfacet
   facet normal 0.000000e+00 -0.000000e+00 -1.000000e+00
      outer loop
         vertex 1.183717e+02 6.024975e+00 0.000000e+00
         vertex 1.190287e+02 4.135699e+00 0.000000e+00
         vertex 1.178451e+02 5.878279e+00 0.000000e+00
      endloop
   endfacet
   facet normal 0.000000e+00 0.000000e+00 -1.000000e+00
      outer loop
         vertex 1.178451e+02 5.878279e+00 0.000000e+00
         vertex 1.190287e+02 4.135699e+00 0.000000e+00
         vertex 1.184262e+02 3.960909e+00 0.000000e+00
      endloop
   endfacet
   facet normal 0.000000e+00 -0.000000e+00 -1.000000e+00
      outer loop
         vertex 1.178451e+02 5.878279e+00 0.000000e+00
         vertex 1.184262e+02 3.960909e+00 0.000000e+00
         vertex 1.173074e+02 5.780120e+00 0.000000e+00
      endloop
   endfacet
   facet normal 0.000000e+00 0.000000e+00 -1.000000e+00
      outer loop
         vertex 1.173074e+02 5.780120e+00 0.000000e+00
         vertex 1.184262e+02 3.960909e+00 0.000000e+00
         vertex 1.178119e+02 3.833858e+00 0.000000e+00
      endloop
   endfacet
   facet normal 0.000000e+00 -0.000000e+00 -1.000000e+00
      outer loop
         vertex 1.173074e+02 5.780120e+00 0.000000e+00
         vertex 1.178119e+02 3.833858e+00 0.000000e+00
         vertex 1.171896e+02 3.755328e+00 0.000000e+00
      endloop
   endfacet
   facet normal 0.000000e+00 0.000000e+00 -1.000000e+00
      outer loop
         vertex 1.223747e+02 1.294526e+01 0.000000e+00
         vertex 1.243945e+02 1.302034e+01 0.000000e+00
         vertex 1.224613e+02 1.240551e+01 0.000000e+00
      endloop
   endfacet
   facet normal 0.000000e+00 0.000000e+00 -1.000000e+00
      outer loop
         vertex 1.224613e+02 1.240551e+01 0.000000e+00
         vertex 1.243945e+02 1.302034e+01 0.000000e+00
         vertex 1.244717e+02 1.239782e+01 0.000000e+00
      endloop
   endfacet
   facet normal 0.000000e+00 0.000000e+00 -1.000000e+00
      outer loop
         vertex 1.224613e+02 1.240551e+01 0.000000e+00
         vertex 1.244717e+02 1.239782e+01 0.000000e+00
         vertex 1.224985e+02 1.186012e+01 0.000000e+00
      endloop
   endfacet
   facet normal 0.000000e+00 0.000000e+00 -1.000000e+00
      outer loop
         vertex 1.224985e+02 1.186012e+01 0.000000e+00
         vertex 1.244717e+02 1.239782e+01 0.000000e+00
         vertex 1.244999e+02 1.177116e+01 0.000000e+00
      endloop
   endfacet
   facet normal 0.000000e+00 -0.000000e+00 -1.000000e+00
      outer loop
         vertex 1.224985e+02 1.186012e+01 0.000000e+00
         vertex 1.244999e+02 1.177116e+01 0.000000e+00
         vertex 1.224858e+02 1.131361e+01 0.000000e+00
      endloop
   endfacet
   facet normal 0.000000e+00 0.000000e+00 -1.000000e+00
      outer loop
         vertex 1.224858e+02 1.131361e+01 0.000000e+00
         vertex 1.244999e+02 1.177116e+01 0.000000e+00
         vertex 1.244789e+02 1.114422e+01 0.000000e+00
      endloop
   endfacet
   facet normal 0.000000e+00 -0.000000e+00 -1.000000e+00
      outer loop
         vertex 1.224858e+02 1.131361e+01 0.000000e+00
         vertex 1.244789e+02 1.114422e+01 0.000000e+00
         vertex 1.224235e+02 1.077052e+01 0.000000e+00
      endloop
   endfacet
   facet normal 0.000000e+00 0.000000e+00 -1.000000e+00
      outer loop
         vertex 1.224235e+02 1.077052e+01 0.000000e+00
         vertex 1.244789e+02 1.114422e+01 0.000000e+00
         vertex 1.244088e+02 1.052086e+01 0.000000e+00
      endloop
   endfacet
   facet normal 0.000000e+00 -0.000000e+00 -1.000000e+00
      outer loop
         vertex 1.224235e+02 1.077052e+01 0.000000e+00
         vertex 1.244088e+02 1.052086e+01 0.000000e+00
         vertex 1.223120e+02 1.023535e+01 0.000000e+00
      endloop
   endfacet
   facet normal 0.000000e+00 0.000000e+00 -1.000000e+00
      outer loop
         vertex 1.223120e+02 1.023535e+01 0.000000e+00
         vertex 1.244088e+02 1.052086e+01 0.000000e+00
         vertex 1.242901e+02 9.904906e+00 0.000000e+00
      endloop
   endfacet
   facet normal 0.000000e+00 -0.000000e+00 -1.000000e+00
      outer loop
         vertex 1.223120e+02 1.023535e+01 0.000000e+00
         vertex 1.242901e+02 9.904906e+00 0.000000e+00
         vertex 1.221522e+02 9.712561e+00 0.000000e+00
      endloop
   endfacet
   facet normal -0.000000e+00 0.000000e+00 -1.000000e+00
      outer loop
         vertex 1.133747e+02 1.684735e+01 0.000000e+00
         vertex 1.129216e+02 1.654165e+01 0.000000e+00
         vertex 1.165000e+02 1.972555e+01 0.000000e+00
      endloop
   endfacet
   facet normal 0.000000e+00 0.000000e+00 -1.000000e+00
      outer loop
         vertex 1.121078e+02 1.581318e+01 0.000000e+00
         vertex 1.117540e+02 1.539646e+01 0.000000e+00
         vertex 9.990560e+01 7.473839e+00 0.000000e+00
      endloop
   endfacet
   facet normal 0.000000e+00 0.000000e+00 -1.000000e+00
      outer loop
         vertex 9.990560e+01 7.473839e+00 0.000000e+00
         vertex 1.117540e+02 1.539646e+01 0.000000e+00
         vertex 1.114396e+02 1.494927e+01 0.000000e+00
      endloop
   endfacet
   facet normal 0.000000e+00 0.000000e+00 -1.000000e+00
      outer loop
         vertex 7.852562e+00 2.089487e-01 0.000000e+00
         vertex 3.995661e+00 4.207250e-01 0.000000e+00
         vertex 8.387625e+00 3.769211e-01 0.000000e+00
      endloop
   endfacet
   facet normal 0.000000e+00 0.000000e+00 -1.000000e+00
      outer loop
         vertex 8.387625e+00 3.769211e-01 0.000000e+00
         vertex 3.995661e+00 4.207250e-01 0.000000e+00
         vertex 3.482204e+00 6.462699e-01 0.000000e+00
      endloop
   endfacet
   facet normal 0.000000e+00 0.000000e+00 -1.000000e+00
      outer loop
         vertex 8.387625e+00 3.769211e-01 0.000000e+00
         vertex 3.482204e+00 6.462699e-01 0.000000e+00
         vertex 2.991032e+00 9.169318e-01 0.000000e+00
      endloop
   endfacet
   facet normal 0.000000e+00 0.000000e+00 -1.000000e+00
      outer loop
         vertex 2.991032e+00 9.169318e-01 0.000000e+00
         vertex 2.526097e+00 1.230533e+00 0.000000e+00
         vertex 8.387625e+00 3.769211e-01 0.000000e+00
      endloop
   endfacet
   facet normal 0.000000e+00 0.000000e+00 -1.000000e+00
      outer loop
         vertex 8.387625e+00 3.769211e-01 0.000000e+00
         vertex 2.526097e+00 1.230533e+00 0.000000e+00
         vertex 2.091147e+00 1.584549e+00 0.000000e+00
      endloop
   endfacet
   facet normal 0.000000e+00 0.000000e+00 -1.000000e+00
      outer loop
         vertex 8.387625e+00 3.769211e-01 0.000000e+00
         vertex 2.091147e+00 1.584549e+00 0.000000e+00
         vertex 1.689684e+00 1.976127e+00 0.000000e+00
      endloop
   endfacet
   facet normal 0.000000e+00 0.000000e+00 -1.000000e+00
      outer loop
         vertex 9.402633e-03 6.592661e+00 0.000000e+00
         vertex 6.524101e-02 7.150684e+00 0.000000e+00
         vertex 8.387625e+00 3.769211e-01 0.000000e+00
      endloop
   endfacet
   facet normal 0.000000e+00 0.000000e+00 -1.000000e+00
      outer loop
         vertex 8.387625e+00 3.769211e-01 0.000000e+00
         vertex 6.524101e-02 7.150684e+00 0.000000e+00
         vertex 1.708753e-01 7.701456e+00 0.000000e+00
      endloop
   endfacet
   facet normal 0.000000e+00 0.000000e+00 -1.000000e+00
      outer loop
         vertex 8.387625e+00 3.769211e-01 0.000000e+00
         vertex 1.708753e-01 7.701456e+00 0.000000e+00
         vertex 3.254563e-01 8.240541e+00 0.000000e+00
      endloop
   endfacet
   facet normal 0.000000e+00 0.000000e+00 -1.000000e+00
      outer loop
         vertex 1.140912e+02 4.096828e+00 0.000000e+00
         vertex 1.135008e+02 4.309016e+00 0.000000e+00
         vertex 1.140980e+02 6.227325e+00 0.000000e+00
      endloop
   endfacet
   facet normal 0.000000e+00 0.000000e+00 -1.000000e+00
      outer loop
         vertex 1.140980e+02 6.227325e+00 0.000000e+00
         vertex 1.135008e+02 4.309016e+00 0.000000e+00
         vertex 1.129290e+02 4.566803e+00 0.000000e+00
      endloop
   endfacet
   facet normal -0.000000e+00 0.000000e+00 -1.000000e+00
      outer loop
         vertex 1.140980e+02 6.227325e+00 0.000000e+00
         vertex 1.129290e+02 4.566803e+00 0.000000e+00
         vertex 1.136076e+02 6.468761e+00 0.000000e+00
      endloop
   endfacet
   facet normal 0.000000e+00 0.000000e+00 -1.000000e+00
      outer loop
         vertex 1.136076e+02 6.468761e+00 0.000000e+00
         vertex 1.129290e+02 4.566803e+00 0.000000e+00
         vertex 1.123790e+02 4.868603e+00 0.000000e+00
      endloop
   endfacet
   facet normal -0.000000e+00 0.000000e+00 -1.000000e+00
      outer loop
         vertex 1.136076e+02 6.468761e+00 0.000000e+00
         vertex 1.123790e+02 4.868603e+00 0.000000e+00
         vertex 1.131411e+02 6.753833e+00 0.000000e+00
      endloop
   endfacet
   facet normal 0.000000e+00 0.000000e+00 -1.000000e+00
      outer loop
         vertex 1.131411e+02 6.753833e+00 0.000000e+00
         vertex 1.123790e+02 4.868603e+00 0.000000e+00
         vertex 1.118545e+02 5.212563e+00 0.000000e+00
      endloop
   endfacet
   facet normal -0.000000e+00 0.000000e+00 -1.000000e+00
      outer loop
         vertex 1.131411e+02 6.753833e+00 0.000000e+00
         vertex 1.118545e+02 5.212563e+00 0.000000e+00
         vertex 1.127026e+02 7.080175e+00 0.000000e+00
      endloop
   endfacet
   facet normal 0.000000e+00 0.000000e+00 -1.000000e+00
      outer loop
         vertex 1.127026e+02 7.080175e+00 0.000000e+00
         vertex 1.118545e+02 5.212563e+00 0.000000e+00
         vertex 1.113585e+02 5.596566e+00 0.000000e+00
      endloop
   endfacet
   facet normal -0.000000e+00 0.000000e+00 -1.000000e+00
      outer loop
         vertex 1.127026e+02 7.080175e+00 0.000000e+00
         vertex 1.113585e+02 5.596566e+00 0.000000e+00
         vertex 1.122955e+02 7.445077e+00 0.000000e+00
      endloop
   endfacet
   facet normal 0.000000e+00 0.000000e+00 -1.000000e+00
      outer loop
         vertex 1.122955e+02 7.445077e+00 0.000000e+00
         vertex 1.113585e+02 5.596566e+00 0.000000e+00
         vertex 1.108940e+02 6.018253e+00 0.000000e+00
      endloop
   endfacet
   facet normal -0.000000e+00 0.000000e+00 -1.000000e+00
      outer loop
         vertex 1.122955e+02 7.445077e+00 0.000000e+00
         vertex 1.108940e+02 6.018253e+00 0.000000e+00
         vertex 1.120787e+02 7.629617e+00 0.000000e+00
      endloop
   endfacet
   facet normal -0.000000e+00 0.000000e+00 -1.000000e+00
      outer loop
         vertex 1.120787e+02 7.629617e+00 0.000000e+00
         vertex 1.108940e+02 6.018253e+00 0.000000e+00
         vertex 1.118379e+02 7.781504e+00 0.000000e+00
      endloop
   endfacet
   facet normal 0.000000e+00 0.000000e+00 -1.000000e+00
      outer loop
         vertex 1.208838e+02 1.582222e+01 0.000000e+00
         vertex 1.225586e+02 1.694982e+01 0.000000e+00
         vertex 1.212384e+02 1.540623e+01 0.000000e+00
      endloop
   endfacet
   facet normal 0.000000e+00 0.000000e+00 -1.000000e+00
      outer loop
         vertex 1.212384e+02 1.540623e+01 0.000000e+00
         vertex 1.225586e+02 1.694982e+01 0.000000e+00
         vertex 1.229493e+02 1.645906e+01 0.000000e+00
      endloop
   endfacet
   facet normal 0.000000e+00 0.000000e+00 -1.000000e+00
      outer loop
         vertex 1.212384e+02 1.540623e+01 0.000000e+00
         vertex 1.229493e+02 1.645906e+01 0.000000e+00
         vertex 1.215538e+02 1.495968e+01 0.000000e+00
      endloop
   endfacet
   facet normal 0.000000e+00 0.000000e+00 -1.000000e+00
      outer loop
         vertex 1.215538e+02 1.495968e+01 0.000000e+00
         vertex 1.229493e+02 1.645906e+01 0.000000e+00
         vertex 1.233004e+02 1.593919e+01 0.000000e+00
      endloop
   endfacet
   facet normal 0.000000e+00 0.000000e+00 -1.000000e+00
      outer loop
         vertex 1.215538e+02 1.495968e+01 0.000000e+00
         vertex 1.233004e+02 1.593919e+01 0.000000e+00
         vertex 1.218271e+02 1.448629e+01 0.000000e+00
      endloop
   endfacet
   facet normal 0.000000e+00 0.000000e+00 -1.000000e+00
      outer loop
         vertex 1.218271e+02 1.448629e+01 0.000000e+00
         vertex 1.233004e+02 1.593919e+01 0.000000e+00
         vertex 1.236096e+02 1.539343e+01 0.000000e+00
      endloop
   endfacet
   facet normal 0.000000e+00 0.000000e+00 -1.000000e+00
      outer loop
         vertex 1.218271e+02 1.448629e+01 0.000000e+00
         vertex 1.236096e+02 1.539343e+01 0.000000e+00
         vertex 1.220563e+02 1.398999e+01 0.000000e+00
      endloop
   endfacet
   facet normal 0.000000e+00 0.000000e+00 -1.000000e+00
      outer loop
         vertex 1.220563e+02 1.398999e+01 0.000000e+00
         vertex 1.236096e+02 1.539343e+01 0.000000e+00
         vertex 1.238751e+02 1.482510e+01 0.000000e+00
      endloop
   endfacet
   facet normal 0.000000e+00 0.000000e+00 -1.000000e+00
      outer loop
         vertex 1.220563e+02 1.398999e+01 0.000000e+00
         vertex 1.238751e+02 1.482510e+01 0.000000e+00
         vertex 1.222393e+02 1.347488e+01 0.000000e+00
      endloop
   endfacet
   facet normal 0.000000e+00 0.000000e+00 -1.000000e+00
      outer loop
         vertex 1.222393e+02 1.347488e+01 0.000000e+00
         vertex 1.238751e+02 1.482510e+01 0.000000e+00
         vertex 1.240953e+02 1.423773e+01 0.000000e+00
      endloop
   endfacet
   facet normal 0.000000e+00 0.000000e+00 -1.000000e+00
      outer loop
         vertex 1.222393e+02 1.347488e+01 0.000000e+00
         vertex 1.240953e+02 1.423773e+01 0.000000e+00
         vertex 1.223747e+02 1.294526e+01 0.000000e+00
      endloop
   endfacet
   facet normal 0.000000e+00 0.000000e+00 -1.000000e+00
      outer loop
         vertex 1.223747e+02 1.294526e+01 0.000000e+00
         vertex 1.240953e+02 1.423773e+01 0.000000e+00
         vertex 1.242688e+02 1.363490e+01 0.000000e+00
      endloop
   endfacet
   facet normal 0.000000e+00 0.000000e+00 -1.000000e+00
      outer loop
         vertex 1.223747e+02 1.294526e+01 0.000000e+00
         vertex 1.242688e+02 1.363490e+01 0.000000e+00
         vertex 1.243945e+02 1.302034e+01 0.000000e+00
      endloop
   endfacet
   facet normal 0.000000e+00 0.000000e+00 -1.000000e+00
      outer loop
         vertex 1.098017e+02 1.105619e+01 0.000000e+00
         vertex 1.095432e+02 1.088004e+01 0.000000e+00
         vertex 1.092604e+02 1.074634e+01 0.000000e+00
      endloop
   endfacet
   facet normal 0.000000e+00 0.000000e+00 -1.000000e+00
      outer loop
         vertex 4.527267e+00 2.421141e-01 0.000000e+00
         vertex 3.995661e+00 4.207250e-01 0.000000e+00
         vertex 5.072746e+00 1.118761e-01 0.000000e+00
      endloop
   endfacet
   facet normal 0.000000e+00 0.000000e+00 -1.000000e+00
      outer loop
         vertex 5.072746e+00 1.118761e-01 0.000000e+00
         vertex 3.995661e+00 4.207250e-01 0.000000e+00
         vertex 5.627703e+00 3.105775e-02 0.000000e+00
      endloop
   endfacet
   facet normal 0.000000e+00 0.000000e+00 -1.000000e+00
      outer loop
         vertex 3.254563e-01 8.240541e+00 0.000000e+00
         vertex 5.277358e-01 8.763601e+00 0.000000e+00
         vertex 8.387625e+00 3.769211e-01 0.000000e+00
      endloop
   endfacet
   facet normal 0.000000e+00 0.000000e+00 -1.000000e+00
      outer loop
         vertex 8.387625e+00 3.769211e-01 0.000000e+00
         vertex 5.277358e-01 8.763601e+00 0.000000e+00
         vertex 7.760897e-01 9.266421e+00 0.000000e+00
      endloop
   endfacet
   facet normal 0.000000e+00 0.000000e+00 -1.000000e+00
      outer loop
         vertex 8.387625e+00 3.769211e-01 0.000000e+00
         vertex 7.760897e-01 9.266421e+00 0.000000e+00
         vertex 1.068518e+00 9.744956e+00 0.000000e+00
      endloop
   endfacet
   facet normal 0.000000e+00 0.000000e+00 -1.000000e+00
      outer loop
         vertex 1.242901e+02 9.904906e+00 0.000000e+00
         vertex 1.241235e+02 9.300144e+00 0.000000e+00
         vertex 1.221522e+02 9.712561e+00 0.000000e+00
      endloop
   endfacet
   facet normal 0.000000e+00 0.000000e+00 -1.000000e+00
      outer loop
         vertex 1.221522e+02 9.712561e+00 0.000000e+00
         vertex 1.241235e+02 9.300144e+00 0.000000e+00
         vertex 1.239100e+02 8.710294e+00 0.000000e+00
      endloop
   endfacet
   facet normal 0.000000e+00 -0.000000e+00 -1.000000e+00
      outer loop
         vertex 1.221522e+02 9.712561e+00 0.000000e+00
         vertex 1.239100e+02 8.710294e+00 0.000000e+00
         vertex 1.219456e+02 9.206478e+00 0.000000e+00
      endloop
   endfacet
   facet normal 0.000000e+00 0.000000e+00 -1.000000e+00
      outer loop
         vertex 1.219456e+02 9.206478e+00 0.000000e+00
         vertex 1.239100e+02 8.710294e+00 0.000000e+00
         vertex 1.236510e+02 8.138983e+00 0.000000e+00
      endloop
   endfacet
   facet normal 0.000000e+00 -0.000000e+00 -1.000000e+00
      outer loop
         vertex 1.219456e+02 9.206478e+00 0.000000e+00
         vertex 1.236510e+02 8.138983e+00 0.000000e+00
         vertex 1.216937e+02 8.721305e+00 0.000000e+00
      endloop
   endfacet
   facet normal 0.000000e+00 0.000000e+00 -1.000000e+00
      outer loop
         vertex 1.216937e+02 8.721305e+00 0.000000e+00
         vertex 1.236510e+02 8.138983e+00 0.000000e+00
         vertex 1.233480e+02 7.589723e+00 0.000000e+00
      endloop
   endfacet
   facet normal 0.000000e+00 -0.000000e+00 -1.000000e+00
      outer loop
         vertex 1.216937e+02 8.721305e+00 0.000000e+00
         vertex 1.233480e+02 7.589723e+00 0.000000e+00
         vertex 1.213987e+02 8.261070e+00 0.000000e+00
      endloop
   endfacet
   facet normal 0.000000e+00 0.000000e+00 -1.000000e+00
      outer loop
         vertex 1.213987e+02 8.261070e+00 0.000000e+00
         vertex 1.233480e+02 7.589723e+00 0.000000e+00
         vertex 1.230029e+02 7.065892e+00 0.000000e+00
      endloop
   endfacet
   facet normal 0.000000e+00 -0.000000e+00 -1.000000e+00
      outer loop
         vertex 1.213987e+02 8.261070e+00 0.000000e+00
         vertex 1.230029e+02 7.065892e+00 0.000000e+00
         vertex 1.210631e+02 7.829594e+00 0.000000e+00
      endloop
   endfacet
   facet normal 0.000000e+00 0.000000e+00 -1.000000e+00
      outer loop
         vertex 1.210631e+02 7.829594e+00 0.000000e+00
         vertex 1.230029e+02 7.065892e+00 0.000000e+00
         vertex 1.226178e+02 6.570709e+00 0.000000e+00
      endloop
   endfacet
   facet normal 0.000000e+00 -0.000000e+00 -1.000000e+00
      outer loop
         vertex 1.210631e+02 7.829594e+00 0.000000e+00
         vertex 1.226178e+02 6.570709e+00 0.000000e+00
         vertex 1.206895e+02 7.430458e+00 0.000000e+00
      endloop
   endfacet
   facet normal 0.000000e+00 0.000000e+00 -1.000000e+00
      outer loop
         vertex 1.206895e+02 7.430458e+00 0.000000e+00
         vertex 1.226178e+02 6.570709e+00 0.000000e+00
         vertex 1.221951e+02 6.107220e+00 0.000000e+00
      endloop
   endfacet
   facet normal 0.000000e+00 -0.000000e+00 -1.000000e+00
      outer loop
         vertex 1.206895e+02 7.430458e+00 0.000000e+00
         vertex 1.221951e+02 6.107220e+00 0.000000e+00
         vertex 1.202812e+02 7.066975e+00 0.000000e+00
      endloop
   endfacet
   facet normal 0.000000e+00 0.000000e+00 -1.000000e+00
      outer loop
         vertex 1.202812e+02 7.066975e+00 0.000000e+00
         vertex 1.221951e+02 6.107220e+00 0.000000e+00
         vertex 1.217374e+02 5.678275e+00 0.000000e+00
      endloop
   endfacet
   facet normal 0.000000e+00 0.000000e+00 -1.000000e+00
      outer loop
         vertex 1.202812e+02 7.066975e+00 0.000000e+00
         vertex 1.217374e+02 5.678275e+00 0.000000e+00
         vertex 1.212475e+02 5.286510e+00 0.000000e+00
      endloop
   endfacet
   facet normal 0.000000e+00 0.000000e+00 -1.000000e+00
      outer loop
         vertex 1.175816e+02 1.762727e+01 0.000000e+00
         vertex 1.183376e+02 1.951165e+01 0.000000e+00
         vertex 1.181142e+02 1.750433e+01 0.000000e+00
      endloop
   endfacet
   facet normal 0.000000e+00 0.000000e+00 -1.000000e+00
      outer loop
         vertex 1.181142e+02 1.750433e+01 0.000000e+00
         vertex 1.183376e+02 1.951165e+01 0.000000e+00
         vertex 1.189420e+02 1.934374e+01 0.000000e+00
      endloop
   endfacet
   facet normal 0.000000e+00 0.000000e+00 -1.000000e+00
      outer loop
         vertex 1.181142e+02 1.750433e+01 0.000000e+00
         vertex 1.189420e+02 1.934374e+01 0.000000e+00
         vertex 1.186335e+02 1.733343e+01 0.000000e+00
      endloop
   endfacet
   facet normal 0.000000e+00 0.000000e+00 -1.000000e+00
      outer loop
         vertex 1.186335e+02 1.733343e+01 0.000000e+00
         vertex 1.189420e+02 1.934374e+01 0.000000e+00
         vertex 1.195313e+02 1.912900e+01 0.000000e+00
      endloop
   endfacet
   facet normal 0.000000e+00 0.000000e+00 -1.000000e+00
      outer loop
         vertex 1.186335e+02 1.733343e+01 0.000000e+00
         vertex 1.195313e+02 1.912900e+01 0.000000e+00
         vertex 1.191350e+02 1.711598e+01 0.000000e+00
      endloop
   endfacet
   facet normal 0.000000e+00 0.000000e+00 -1.000000e+00
      outer loop
         vertex 1.191350e+02 1.711598e+01 0.000000e+00
         vertex 1.195313e+02 1.912900e+01 0.000000e+00
         vertex 1.201021e+02 1.886873e+01 0.000000e+00
      endloop
   endfacet
   facet normal 0.000000e+00 0.000000e+00 -1.000000e+00
      outer loop
         vertex 1.191350e+02 1.711598e+01 0.000000e+00
         vertex 1.201021e+02 1.886873e+01 0.000000e+00
         vertex 1.196147e+02 1.685378e+01 0.000000e+00
      endloop
   endfacet
   facet normal 0.000000e+00 0.000000e+00 -1.000000e+00
      outer loop
         vertex 1.196147e+02 1.685378e+01 0.000000e+00
         vertex 1.201021e+02 1.886873e+01 0.000000e+00
         vertex 1.206507e+02 1.856454e+01 0.000000e+00
      endloop
   endfacet
   facet normal 0.000000e+00 0.000000e+00 -1.000000e+00
      outer loop
         vertex 1.196147e+02 1.685378e+01 0.000000e+00
         vertex 1.206507e+02 1.856454e+01 0.000000e+00
         vertex 1.200685e+02 1.654901e+01 0.000000e+00
      endloop
   endfacet
   facet normal 0.000000e+00 0.000000e+00 -1.000000e+00
      outer loop
         vertex 1.200685e+02 1.654901e+01 0.000000e+00
         vertex 1.206507e+02 1.856454e+01 0.000000e+00
         vertex 1.211738e+02 1.821831e+01 0.000000e+00
      endloop
   endfacet
   facet normal 0.000000e+00 0.000000e+00 -1.000000e+00
      outer loop
         vertex 1.200685e+02 1.654901e+01 0.000000e+00
         vertex 1.211738e+02 1.821831e+01 0.000000e+00
         vertex 1.204927e+02 1.620420e+01 0.000000e+00
      endloop
   endfacet
   facet normal 0.000000e+00 0.000000e+00 -1.000000e+00
      outer loop
         vertex 1.204927e+02 1.620420e+01 0.000000e+00
         vertex 1.211738e+02 1.821831e+01 0.000000e+00
         vertex 1.216681e+02 1.783215e+01 0.000000e+00
      endloop
   endfacet
   facet normal 0.000000e+00 0.000000e+00 -1.000000e+00
      outer loop
         vertex 1.204927e+02 1.620420e+01 0.000000e+00
         vertex 1.216681e+02 1.783215e+01 0.000000e+00
         vertex 1.208838e+02 1.582222e+01 0.000000e+00
      endloop
   endfacet
   facet normal 0.000000e+00 0.000000e+00 -1.000000e+00
      outer loop
         vertex 1.208838e+02 1.582222e+01 0.000000e+00
         vertex 1.216681e+02 1.783215e+01 0.000000e+00
         vertex 1.221307e+02 1.740846e+01 0.000000e+00
      endloop
   endfacet
   facet normal 0.000000e+00 0.000000e+00 -1.000000e+00
      outer loop
         vertex 1.208838e+02 1.582222e+01 0.000000e+00
         vertex 1.221307e+02 1.740846e+01 0.000000e+00
         vertex 1.225586e+02 1.694982e+01 0.000000e+00
      endloop
   endfacet
   facet normal 0.000000e+00 0.000000e+00 -1.000000e+00
      outer loop
         vertex 1.164938e+02 1.772555e+01 0.000000e+00
         vertex 1.165000e+02 1.972555e+01 0.000000e+00
         vertex 1.170399e+02 1.770121e+01 0.000000e+00
      endloop
   endfacet
   facet normal 0.000000e+00 0.000000e+00 -1.000000e+00
      outer loop
         vertex 1.170399e+02 1.770121e+01 0.000000e+00
         vertex 1.165000e+02 1.972555e+01 0.000000e+00
         vertex 1.170987e+02 1.970312e+01 0.000000e+00
      endloop
   endfacet
   facet normal 0.000000e+00 0.000000e+00 -1.000000e+00
      outer loop
         vertex 1.170399e+02 1.770121e+01 0.000000e+00
         vertex 1.170987e+02 1.970312e+01 0.000000e+00
         vertex 1.175816e+02 1.762727e+01 0.000000e+00
      endloop
   endfacet
   facet normal 0.000000e+00 0.000000e+00 -1.000000e+00
      outer loop
         vertex 1.175816e+02 1.762727e+01 0.000000e+00
         vertex 1.170987e+02 1.970312e+01 0.000000e+00
         vertex 1.177219e+02 1.963169e+01 0.000000e+00
      endloop
   endfacet
   facet normal 0.000000e+00 0.000000e+00 -1.000000e+00
      outer loop
         vertex 1.175816e+02 1.762727e+01 0.000000e+00
         vertex 1.177219e+02 1.963169e+01 0.000000e+00
         vertex 1.183376e+02 1.951165e+01 0.000000e+00
      endloop
   endfacet
   facet normal 0.000000e+00 0.000000e+00 -1.000000e+00
      outer loop
         vertex 1.165000e+02 1.972555e+01 0.000000e+00
         vertex 1.129216e+02 1.654165e+01 0.000000e+00
         vertex 9.990560e+01 7.473839e+00 0.000000e+00
      endloop
   endfacet
   facet normal 0.000000e+00 0.000000e+00 -1.000000e+00
      outer loop
         vertex 9.990560e+01 7.473839e+00 0.000000e+00
         vertex 1.129216e+02 1.654165e+01 0.000000e+00
         vertex 1.124981e+02 1.619597e+01 0.000000e+00
      endloop
   endfacet
   facet normal 0.000000e+00 0.000000e+00 -1.000000e+00
      outer loop
         vertex 9.990560e+01 7.473839e+00 0.000000e+00
         vertex 1.124981e+02 1.619597e+01 0.000000e+00
         vertex 1.121078e+02 1.581318e+01 0.000000e+00
      endloop
   endfacet
   facet normal 0.000000e+00 0.000000e+00 -1.000000e+00
      outer loop
         vertex 1.114396e+02 1.494927e+01 0.000000e+00
         vertex 1.111672e+02 1.447531e+01 0.000000e+00
         vertex 9.990560e+01 7.473839e+00 0.000000e+00
      endloop
   endfacet
   facet normal 0.000000e+00 0.000000e+00 -1.000000e+00
      outer loop
         vertex 9.990560e+01 7.473839e+00 0.000000e+00
         vertex 1.111672e+02 1.447531e+01 0.000000e+00
         vertex 1.109391e+02 1.397854e+01 0.000000e+00
      endloop
   endfacet
   facet normal 0.000000e+00 0.000000e+00 -1.000000e+00
      outer loop
         vertex 9.990560e+01 7.473839e+00 0.000000e+00
         vertex 1.109391e+02 1.397854e+01 0.000000e+00
         vertex 1.107571e+02 1.346306e+01 0.000000e+00
      endloop
   endfacet
   facet normal -0.000000e+00 0.000000e+00 -1.000000e+00
      outer loop
         vertex 7.304594e+00 8.961651e-02 0.000000e+00
         vertex 6.748136e+00 1.988281e-02 0.000000e+00
         vertex 3.995661e+00 4.207250e-01 0.000000e+00
      endloop
   endfacet
   facet normal 0.000000e+00 0.000000e+00 -1.000000e+00
      outer loop
         vertex 3.995661e+00 4.207250e-01 0.000000e+00
         vertex 6.748136e+00 1.988281e-02 0.000000e+00
         vertex 6.187670e+00 3.110617e-04 0.000000e+00
      endloop
   endfacet
   facet normal 0.000000e+00 0.000000e+00 -1.000000e+00
      outer loop
         vertex 3.995661e+00 4.207250e-01 0.000000e+00
         vertex 6.187670e+00 3.110617e-04 0.000000e+00
         vertex 5.627703e+00 3.105775e-02 0.000000e+00
      endloop
   endfacet
   facet normal -0.000000e+00 0.000000e+00 -1.000000e+00
      outer loop
         vertex 1.164938e+02 1.772555e+01 0.000000e+00
         vertex 1.159478e+02 1.770008e+01 0.000000e+00
         vertex 1.165000e+02 1.972555e+01 0.000000e+00
      endloop
   endfacet
   facet normal 0.000000e+00 0.000000e+00 -1.000000e+00
      outer loop
         vertex 1.165000e+02 1.972555e+01 0.000000e+00
         vertex 1.159478e+02 1.770008e+01 0.000000e+00
         vertex 1.154063e+02 1.762503e+01 0.000000e+00
      endloop
   endfacet
   facet normal 0.000000e+00 0.000000e+00 -1.000000e+00
      outer loop
         vertex 1.165000e+02 1.972555e+01 0.000000e+00
         vertex 1.154063e+02 1.762503e+01 0.000000e+00
         vertex 1.148739e+02 1.750099e+01 0.000000e+00
      endloop
   endfacet
   facet normal -0.000000e+00 0.000000e+00 -1.000000e+00
      outer loop
         vertex 1.148739e+02 1.750099e+01 0.000000e+00
         vertex 1.143550e+02 1.732902e+01 0.000000e+00
         vertex 1.165000e+02 1.972555e+01 0.000000e+00
      endloop
   endfacet
   facet normal 0.000000e+00 0.000000e+00 -1.000000e+00
      outer loop
         vertex 1.165000e+02 1.972555e+01 0.000000e+00
         vertex 1.143550e+02 1.732902e+01 0.000000e+00
         vertex 1.138539e+02 1.711054e+01 0.000000e+00
      endloop
   endfacet
   facet normal 0.000000e+00 0.000000e+00 -1.000000e+00
      outer loop
         vertex 1.165000e+02 1.972555e+01 0.000000e+00
         vertex 1.138539e+02 1.711054e+01 0.000000e+00
         vertex 1.133747e+02 1.684735e+01 0.000000e+00
      endloop
   endfacet
   facet normal 0.000000e+00 0.000000e+00 -1.000000e+00
      outer loop
         vertex 1.107571e+02 1.346306e+01 0.000000e+00
         vertex 1.106228e+02 1.293316e+01 0.000000e+00
         vertex 9.990560e+01 7.473839e+00 0.000000e+00
      endloop
   endfacet
   facet normal 0.000000e+00 0.000000e+00 -1.000000e+00
      outer loop
         vertex 9.990560e+01 7.473839e+00 0.000000e+00
         vertex 1.106228e+02 1.293316e+01 0.000000e+00
         vertex 1.105373e+02 1.239323e+01 0.000000e+00
      endloop
   endfacet
   facet normal 0.000000e+00 0.000000e+00 -1.000000e+00
      outer loop
         vertex 9.990560e+01 7.473839e+00 0.000000e+00
         vertex 1.105373e+02 1.239323e+01 0.000000e+00
         vertex 1.092604e+02 1.074634e+01 0.000000e+00
      endloop
   endfacet
   facet normal 0.000000e+00 0.000000e+00 -1.000000e+00
      outer loop
         vertex 1.092604e+02 1.074634e+01 0.000000e+00
         vertex 1.105373e+02 1.239323e+01 0.000000e+00
         vertex 1.104783e+02 1.208603e+01 0.000000e+00
      endloop
   endfacet
   facet normal 0.000000e+00 0.000000e+00 -1.000000e+00
      outer loop
         vertex 1.092604e+02 1.074634e+01 0.000000e+00
         vertex 1.104783e+02 1.208603e+01 0.000000e+00
         vertex 1.103721e+02 1.179180e+01 0.000000e+00
      endloop
   endfacet
   facet normal 0.000000e+00 0.000000e+00 -1.000000e+00
      outer loop
         vertex 1.101833e+02 7.887697e+00 0.000000e+00
         vertex 1.104559e+02 7.969676e+00 0.000000e+00
         vertex 1.108940e+02 6.018253e+00 0.000000e+00
      endloop
   endfacet
   facet normal 0.000000e+00 0.000000e+00 -1.000000e+00
      outer loop
         vertex 1.108940e+02 6.018253e+00 0.000000e+00
         vertex 1.104559e+02 7.969676e+00 0.000000e+00
         vertex 1.107375e+02 8.012112e+00 0.000000e+00
      endloop
   endfacet
   facet normal 0.000000e+00 0.000000e+00 -1.000000e+00
      outer loop
         vertex 1.108940e+02 6.018253e+00 0.000000e+00
         vertex 1.107375e+02 8.012112e+00 0.000000e+00
         vertex 1.110221e+02 8.014146e+00 0.000000e+00
      endloop
   endfacet
   facet normal 0.000000e+00 0.000000e+00 -1.000000e+00
      outer loop
         vertex 1.103721e+02 1.179180e+01 0.000000e+00
         vertex 1.102213e+02 1.151772e+01 0.000000e+00
         vertex 1.092604e+02 1.074634e+01 0.000000e+00
      endloop
   endfacet
   facet normal 0.000000e+00 0.000000e+00 -1.000000e+00
      outer loop
         vertex 1.092604e+02 1.074634e+01 0.000000e+00
         vertex 1.102213e+02 1.151772e+01 0.000000e+00
         vertex 1.100296e+02 1.127050e+01 0.000000e+00
      endloop
   endfacet
   facet normal 0.000000e+00 0.000000e+00 -1.000000e+00
      outer loop
         vertex 1.092604e+02 1.074634e+01 0.000000e+00
         vertex 1.100296e+02 1.127050e+01 0.000000e+00
         vertex 1.098017e+02 1.105619e+01 0.000000e+00
      endloop
   endfacet
   facet normal 0.000000e+00 -0.000000e+00 -1.000000e+00
      outer loop
         vertex 1.110221e+02 8.014146e+00 0.000000e+00
         vertex 1.113042e+02 7.975737e+00 0.000000e+00
         vertex 1.108940e+02 6.018253e+00 0.000000e+00
      endloop
   endfacet
   facet normal 0.000000e+00 0.000000e+00 -1.000000e+00
      outer loop
         vertex 1.108940e+02 6.018253e+00 0.000000e+00
         vertex 1.113042e+02 7.975737e+00 0.000000e+00
         vertex 1.115780e+02 7.897662e+00 0.000000e+00
      endloop
   endfacet
   facet normal 0.000000e+00 0.000000e+00 -1.000000e+00
      outer loop
         vertex 1.108940e+02 6.018253e+00 0.000000e+00
         vertex 1.115780e+02 7.897662e+00 0.000000e+00
         vertex 1.118379e+02 7.781504e+00 0.000000e+00
      endloop
   endfacet
   facet normal -3.553789e-01 9.347223e-01 2.732195e-07
      outer loop
         vertex 1.083812e+02 7.202553e+00 1.160959e+01
         vertex 1.082677e+02 7.159400e+00 1.189459e+01
         vertex 1.101833e+02 7.887697e+00 1.700000e+01
      endloop
   endfacet
   facet normal -3.553780e-01 9.347227e-01 4.007928e-08
      outer loop
         vertex 1.068914e+02 6.636116e+00 9.089035e+00
         vertex 1.071751e+02 6.743986e+00 9.151002e+00
         vertex 1.101833e+02 7.887697e+00 0.000000e+00
      endloop
   endfacet
   facet normal -3.553764e-01 9.347233e-01 6.612976e-07
      outer loop
         vertex 1.071751e+02 6.743986e+00 9.151002e+00
         vertex 1.074458e+02 6.846926e+00 9.260857e+00
         vertex 1.101833e+02 7.887697e+00 0.000000e+00
      endloop
   endfacet
   facet normal -3.553776e-01 9.347228e-01 2.616864e-07
      outer loop
         vertex 1.101833e+02 7.887697e+00 0.000000e+00
         vertex 1.074458e+02 6.846926e+00 9.260857e+00
         vertex 1.076966e+02 6.942271e+00 9.415756e+00
      endloop
   endfacet
   facet normal -3.553795e-01 9.347221e-01 -3.334969e-07
      outer loop
         vertex 1.101833e+02 7.887697e+00 0.000000e+00
         vertex 1.076966e+02 6.942271e+00 9.415756e+00
         vertex 1.079209e+02 7.027551e+00 9.611685e+00
      endloop
   endfacet
   facet normal -3.553835e-01 9.347206e-01 -1.045577e-06
      outer loop
         vertex 1.083812e+02 7.202553e+00 1.039041e+01
         vertex 1.084505e+02 7.228901e+00 1.069121e+01
         vertex 1.101833e+02 7.887697e+00 0.000000e+00
      endloop
   endfacet
   facet normal -3.553726e-01 9.347247e-01 9.701009e-07
      outer loop
         vertex 1.101833e+02 7.887697e+00 0.000000e+00
         vertex 1.084505e+02 7.228901e+00 1.069121e+01
         vertex 1.084738e+02 7.237759e+00 1.100000e+01
      endloop
   endfacet
   facet normal -3.553781e-01 9.347226e-01 0.000000e+00
      outer loop
         vertex 1.101833e+02 7.887697e+00 0.000000e+00
         vertex 1.084738e+02 7.237759e+00 1.100000e+01
         vertex 1.101833e+02 7.887697e+00 1.700000e+01
      endloop
   endfacet
   facet normal -3.553746e-01 9.347240e-01 -1.139379e-06
      outer loop
         vertex 1.101833e+02 7.887697e+00 1.700000e+01
         vertex 1.084738e+02 7.237759e+00 1.100000e+01
         vertex 1.084505e+02 7.228901e+00 1.130879e+01
      endloop
   endfacet
   facet normal -3.553820e-01 9.347212e-01 1.441255e-06
      outer loop
         vertex 1.101833e+02 7.887697e+00 1.700000e+01
         vertex 1.084505e+02 7.228901e+00 1.130879e+01
         vertex 1.083812e+02 7.202553e+00 1.160959e+01
      endloop
   endfacet
   facet normal -3.553796e-01 9.347221e-01 5.616363e-07
      outer loop
         vertex 1.082677e+02 7.159400e+00 1.189459e+01
         vertex 1.081129e+02 7.100557e+00 1.215643e+01
         vertex 1.101833e+02 7.887697e+00 1.700000e+01
      endloop
   endfacet
   facet normal -3.553772e-01 9.347230e-01 -6.245088e-07
      outer loop
         vertex 1.101833e+02 7.887697e+00 1.700000e+01
         vertex 1.081129e+02 7.100557e+00 1.215643e+01
         vertex 1.079209e+02 7.027551e+00 1.238832e+01
      endloop
   endfacet
   facet normal -3.553793e-01 9.347222e-01 5.866114e-07
      outer loop
         vertex 1.101833e+02 7.887697e+00 1.700000e+01
         vertex 1.079209e+02 7.027551e+00 1.238832e+01
         vertex 1.076966e+02 6.942271e+00 1.258424e+01
      endloop
   endfacet
   facet normal -3.553781e-01 9.347226e-01 0.000000e+00
      outer loop
         vertex 1.048810e+02 5.871771e+00 1.115490e+01
         vertex 1.048810e+02 5.871771e+00 1.084510e+01
         vertex 1.010661e+02 4.421386e+00 1.100000e+01
      endloop
   endfacet
   facet normal -3.553769e-01 9.347231e-01 3.715424e-07
      outer loop
         vertex 1.079209e+02 7.027551e+00 9.611685e+00
         vertex 1.081129e+02 7.100557e+00 9.843571e+00
         vertex 1.101833e+02 7.887697e+00 0.000000e+00
      endloop
   endfacet
   facet normal -3.553799e-01 9.347219e-01 -3.512258e-07
      outer loop
         vertex 1.101833e+02 7.887697e+00 0.000000e+00
         vertex 1.081129e+02 7.100557e+00 9.843571e+00
         vertex 1.082677e+02 7.159400e+00 1.010541e+01
      endloop
   endfacet
   facet normal -3.553791e-01 9.347222e-01 -1.816302e-07
      outer loop
         vertex 1.101833e+02 7.887697e+00 0.000000e+00
         vertex 1.082677e+02 7.159400e+00 1.010541e+01
         vertex 1.083812e+02 7.202553e+00 1.039041e+01
      endloop
   endfacet
   facet normal -3.553789e-01 9.347223e-01 3.693936e-07
      outer loop
         vertex 1.057748e+02 6.211604e+00 9.332901e+00
         vertex 1.010661e+02 4.421386e+00 0.000000e+00
         vertex 1.055365e+02 6.120998e+00 9.508885e+00
      endloop
   endfacet
   facet normal -3.553763e-01 9.347233e-01 -1.022212e-06
      outer loop
         vertex 1.055365e+02 6.120998e+00 9.508885e+00
         vertex 1.010661e+02 4.421386e+00 0.000000e+00
         vertex 1.053276e+02 6.041597e+00 9.723489e+00
      endloop
   endfacet
   facet normal -3.553781e-01 9.347226e-01 9.361941e-07
      outer loop
         vertex 1.048810e+02 5.871771e+00 1.084510e+01
         vertex 1.049274e+02 5.889432e+00 1.053932e+01
         vertex 1.010661e+02 4.421386e+00 1.100000e+01
      endloop
   endfacet
   facet normal -3.553782e-01 9.347226e-01 -4.321157e-07
      outer loop
         vertex 1.010661e+02 4.421386e+00 1.100000e+01
         vertex 1.049274e+02 5.889432e+00 1.053932e+01
         vertex 1.050191e+02 5.924295e+00 1.024546e+01
      endloop
   endfacet
   facet normal -3.553782e-01 9.347226e-01 0.000000e+00
      outer loop
         vertex 1.010661e+02 4.421386e+00 1.100000e+01
         vertex 1.050191e+02 5.924295e+00 1.024546e+01
         vertex 1.010661e+02 4.421386e+00 0.000000e+00
      endloop
   endfacet
   facet normal -3.553786e-01 9.347224e-01 1.977248e-07
      outer loop
         vertex 1.010661e+02 4.421386e+00 0.000000e+00
         vertex 1.050191e+02 5.924295e+00 1.024546e+01
         vertex 1.051537e+02 5.975459e+00 9.971153e+00
      endloop
   endfacet
   facet normal -3.553807e-01 9.347217e-01 1.153297e-06
      outer loop
         vertex 1.010661e+02 4.421386e+00 0.000000e+00
         vertex 1.051537e+02 5.975459e+00 9.971153e+00
         vertex 1.053276e+02 6.041597e+00 9.723489e+00
      endloop
   endfacet
   facet normal -3.553777e-01 9.347228e-01 -3.229006e-07
      outer loop
         vertex 1.057748e+02 6.211604e+00 9.332901e+00
         vertex 1.060364e+02 6.311070e+00 9.200093e+00
         vertex 1.010661e+02 4.421386e+00 0.000000e+00
      endloop
   endfacet
   facet normal -3.553772e-01 9.347230e-01 -6.300139e-07
      outer loop
         vertex 1.010661e+02 4.421386e+00 0.000000e+00
         vertex 1.060364e+02 6.311070e+00 9.200093e+00
         vertex 1.063146e+02 6.416818e+00 9.113903e+00
      endloop
   endfacet
   facet normal -3.553783e-01 9.347226e-01 8.779768e-08
      outer loop
         vertex 1.010661e+02 4.421386e+00 0.000000e+00
         vertex 1.063146e+02 6.416818e+00 9.113903e+00
         vertex 1.101833e+02 7.887697e+00 0.000000e+00
      endloop
   endfacet
   facet normal -3.553784e-01 9.347225e-01 4.901922e-08
      outer loop
         vertex 1.101833e+02 7.887697e+00 0.000000e+00
         vertex 1.063146e+02 6.416818e+00 9.113903e+00
         vertex 1.066020e+02 6.526110e+00 9.076561e+00
      endloop
   endfacet
   facet normal -3.553824e-01 9.347210e-01 -1.756913e-06
      outer loop
         vertex 1.101833e+02 7.887697e+00 0.000000e+00
         vertex 1.066020e+02 6.526110e+00 9.076561e+00
         vertex 1.068914e+02 6.636116e+00 9.089035e+00
      endloop
   endfacet
   facet normal -3.553777e-01 9.347228e-01 -2.791260e-07
      outer loop
         vertex 1.066745e+02 6.553656e+00 1.700000e+01
         vertex 1.066020e+02 6.526110e+00 1.292344e+01
         vertex 1.061857e+02 6.367817e+00 1.697717e+01
      endloop
   endfacet
   facet normal -3.553783e-01 9.347225e-01 -3.551119e-07
      outer loop
         vertex 1.061857e+02 6.367817e+00 1.697717e+01
         vertex 1.066020e+02 6.526110e+00 1.292344e+01
         vertex 1.063146e+02 6.416818e+00 1.288610e+01
      endloop
   endfacet
   facet normal -3.553783e-01 9.347226e-01 4.441616e-07
      outer loop
         vertex 1.049274e+02 5.889432e+00 1.146068e+01
         vertex 1.014044e+02 4.549977e+00 1.305212e+01
         vertex 1.050191e+02 5.924295e+00 1.175454e+01
      endloop
   endfacet
   facet normal -3.553785e-01 9.347225e-01 -4.048575e-07
      outer loop
         vertex 1.050191e+02 5.924295e+00 1.175454e+01
         vertex 1.014044e+02 4.549977e+00 1.305212e+01
         vertex 1.015916e+02 4.621163e+00 1.353571e+01
      endloop
   endfacet
   facet normal -3.553785e-01 9.347225e-01 -2.736633e-07
      outer loop
         vertex 1.050191e+02 5.924295e+00 1.175454e+01
         vertex 1.015916e+02 4.621163e+00 1.353571e+01
         vertex 1.051537e+02 5.975459e+00 1.202885e+01
      endloop
   endfacet
   facet normal -3.553782e-01 9.347226e-01 9.664077e-07
      outer loop
         vertex 1.010661e+02 4.421386e+00 1.100000e+01
         vertex 1.010875e+02 4.429500e+00 1.152293e+01
         vertex 1.048810e+02 5.871771e+00 1.115490e+01
      endloop
   endfacet
   facet normal -3.553781e-01 9.347226e-01 1.382343e-06
      outer loop
         vertex 1.048810e+02 5.871771e+00 1.115490e+01
         vertex 1.010875e+02 4.429500e+00 1.152293e+01
         vertex 1.011513e+02 4.453779e+00 1.204189e+01
      endloop
   endfacet
   facet normal -3.553786e-01 9.347224e-01 -8.499429e-07
      outer loop
         vertex 1.048810e+02 5.871771e+00 1.115490e+01
         vertex 1.011513e+02 4.453779e+00 1.204189e+01
         vertex 1.049274e+02 5.889432e+00 1.146068e+01
      endloop
   endfacet
   facet normal -3.553787e-01 9.347224e-01 -1.825218e-06
      outer loop
         vertex 1.049274e+02 5.889432e+00 1.146068e+01
         vertex 1.011513e+02 4.453779e+00 1.204189e+01
         vertex 1.012572e+02 4.494041e+00 1.255291e+01
      endloop
   endfacet
   facet normal -3.553779e-01 9.347227e-01 1.477798e-06
      outer loop
         vertex 1.049274e+02 5.889432e+00 1.146068e+01
         vertex 1.012572e+02 4.494041e+00 1.255291e+01
         vertex 1.014044e+02 4.549977e+00 1.305212e+01
      endloop
   endfacet
   facet normal -3.553777e-01 9.347228e-01 -4.815281e-07
      outer loop
         vertex 1.076966e+02 6.942271e+00 1.258424e+01
         vertex 1.074458e+02 6.846926e+00 1.273914e+01
         vertex 1.101833e+02 7.887697e+00 1.700000e+01
      endloop
   endfacet
   facet normal -3.553766e-01 9.347232e-01 -1.276855e-06
      outer loop
         vertex 1.101833e+02 7.887697e+00 1.700000e+01
         vertex 1.074458e+02 6.846926e+00 1.273914e+01
         vertex 1.071751e+02 6.743986e+00 1.284900e+01
      endloop
   endfacet
   facet normal -3.553782e-01 9.347226e-01 5.879911e-08
      outer loop
         vertex 1.101833e+02 7.887697e+00 1.700000e+01
         vertex 1.071751e+02 6.743986e+00 1.284900e+01
         vertex 1.066745e+02 6.553656e+00 1.700000e+01
      endloop
   endfacet
   facet normal -3.553780e-01 9.347227e-01 8.662513e-08
      outer loop
         vertex 1.066745e+02 6.553656e+00 1.700000e+01
         vertex 1.071751e+02 6.743986e+00 1.284900e+01
         vertex 1.068914e+02 6.636116e+00 1.291096e+01
      endloop
   endfacet
   facet normal -3.553824e-01 9.347210e-01 -1.824402e-07
      outer loop
         vertex 1.066745e+02 6.553656e+00 1.700000e+01
         vertex 1.068914e+02 6.636116e+00 1.291096e+01
         vertex 1.066020e+02 6.526110e+00 1.292344e+01
      endloop
   endfacet
   facet normal -3.553770e-01 9.347230e-01 5.390634e-08
      outer loop
         vertex 1.060364e+02 6.311070e+00 1.279991e+01
         vertex 1.052229e+02 6.001784e+00 1.679556e+01
         vertex 1.063146e+02 6.416818e+00 1.288610e+01
      endloop
   endfacet
   facet normal -3.553771e-01 9.347230e-01 4.483914e-08
      outer loop
         vertex 1.063146e+02 6.416818e+00 1.288610e+01
         vertex 1.052229e+02 6.001784e+00 1.679556e+01
         vertex 1.057006e+02 6.183391e+00 1.690885e+01
      endloop
   endfacet
   facet normal -3.553796e-01 9.347221e-01 -4.018136e-07
      outer loop
         vertex 1.063146e+02 6.416818e+00 1.288610e+01
         vertex 1.057006e+02 6.183391e+00 1.690885e+01
         vertex 1.061857e+02 6.367817e+00 1.697717e+01
      endloop
   endfacet
   facet normal -3.553777e-01 9.347228e-01 3.499800e-07
      outer loop
         vertex 1.057748e+02 6.211604e+00 1.266710e+01
         vertex 1.043043e+02 5.652520e+00 1.643785e+01
         vertex 1.060364e+02 6.311070e+00 1.279991e+01
      endloop
   endfacet
   facet normal -3.553795e-01 9.347221e-01 -6.105665e-07
      outer loop
         vertex 1.060364e+02 6.311070e+00 1.279991e+01
         vertex 1.043043e+02 5.652520e+00 1.643785e+01
         vertex 1.047563e+02 5.824377e+00 1.663816e+01
      endloop
   endfacet
   facet normal -3.553788e-01 9.347224e-01 -3.567924e-07
      outer loop
         vertex 1.060364e+02 6.311070e+00 1.279991e+01
         vertex 1.047563e+02 5.824377e+00 1.663816e+01
         vertex 1.052229e+02 6.001784e+00 1.679556e+01
      endloop
   endfacet
   facet normal -3.553789e-01 9.347223e-01 -3.750853e-07
      outer loop
         vertex 1.055365e+02 6.120998e+00 1.249111e+01
         vertex 1.034577e+02 5.330636e+00 1.591491e+01
         vertex 1.057748e+02 6.211604e+00 1.266710e+01
      endloop
   endfacet
   facet normal -3.553797e-01 9.347220e-01 -1.008914e-06
      outer loop
         vertex 1.057748e+02 6.211604e+00 1.266710e+01
         vertex 1.034577e+02 5.330636e+00 1.591491e+01
         vertex 1.038703e+02 5.487521e+00 1.619615e+01
      endloop
   endfacet
   facet normal -3.553768e-01 9.347231e-01 7.372150e-07
      outer loop
         vertex 1.057748e+02 6.211604e+00 1.266710e+01
         vertex 1.038703e+02 5.487521e+00 1.619615e+01
         vertex 1.043043e+02 5.652520e+00 1.643785e+01
      endloop
   endfacet
   facet normal -3.553769e-01 9.347231e-01 1.670465e-06
      outer loop
         vertex 1.053276e+02 6.041597e+00 1.227651e+01
         vertex 1.027088e+02 5.045913e+00 1.524264e+01
         vertex 1.055365e+02 6.120998e+00 1.249111e+01
      endloop
   endfacet
   facet normal -3.553780e-01 9.347227e-01 3.211336e-07
      outer loop
         vertex 1.055365e+02 6.120998e+00 1.249111e+01
         vertex 1.027088e+02 5.045913e+00 1.524264e+01
         vertex 1.030695e+02 5.183059e+00 1.559627e+01
      endloop
   endfacet
   facet normal -3.553785e-01 9.347225e-01 -1.164017e-07
      outer loop
         vertex 1.055365e+02 6.120998e+00 1.249111e+01
         vertex 1.030695e+02 5.183059e+00 1.559627e+01
         vertex 1.034577e+02 5.330636e+00 1.591491e+01
      endloop
   endfacet
   facet normal -3.553780e-01 9.347227e-01 9.077510e-07
      outer loop
         vertex 1.015916e+02 4.621163e+00 1.353571e+01
         vertex 1.018175e+02 4.707055e+00 1.400000e+01
         vertex 1.051537e+02 5.975459e+00 1.202885e+01
      endloop
   endfacet
   facet normal -3.553782e-01 9.347226e-01 5.768227e-07
      outer loop
         vertex 1.051537e+02 5.975459e+00 1.202885e+01
         vertex 1.018175e+02 4.707055e+00 1.400000e+01
         vertex 1.020804e+02 4.807002e+00 1.444146e+01
      endloop
   endfacet
   facet normal -3.553798e-01 9.347220e-01 -1.801571e-06
      outer loop
         vertex 1.051537e+02 5.975459e+00 1.202885e+01
         vertex 1.020804e+02 4.807002e+00 1.444146e+01
         vertex 1.053276e+02 6.041597e+00 1.227651e+01
      endloop
   endfacet
   facet normal -3.553795e-01 9.347221e-01 -1.283100e-06
      outer loop
         vertex 1.053276e+02 6.041597e+00 1.227651e+01
         vertex 1.020804e+02 4.807002e+00 1.444146e+01
         vertex 1.023782e+02 4.920242e+00 1.485673e+01
      endloop
   endfacet
   facet normal -3.553786e-01 9.347224e-01 -5.681138e-08
      outer loop
         vertex 1.053276e+02 6.041597e+00 1.227651e+01
         vertex 1.023782e+02 4.920242e+00 1.485673e+01
         vertex 1.027088e+02 5.045913e+00 1.524264e+01
      endloop
   endfacet
   facet normal -9.347221e-01 -3.553794e-01 -0.000000e+00
      outer loop
         vertex 1.010661e+02 4.421386e+00 1.100000e+01
         vertex 1.010661e+02 4.421386e+00 -6.938894e-15
         vertex 1.017769e+02 2.551940e+00 2.800000e+00
      endloop
   endfacet
   facet normal -9.347221e-01 -3.553794e-01 -0.000000e+00
      outer loop
         vertex 1.017769e+02 2.551940e+00 2.800000e+00
         vertex 1.010661e+02 4.421386e+00 -6.938894e-15
         vertex 1.017769e+02 2.551940e+00 -6.938894e-15
      endloop
   endfacet
   facet normal -9.347226e-01 -3.553781e-01 -3.439232e-07
      outer loop
         vertex 1.017769e+02 2.551940e+00 2.800000e+00
         vertex 1.021323e+02 1.617218e+00 2.800000e+00
         vertex 1.010661e+02 4.421386e+00 1.100000e+01
      endloop
   endfacet
   facet normal -9.347223e-01 -3.553790e-01 0.000000e+00
      outer loop
         vertex 1.010661e+02 4.421386e+00 1.100000e+01
         vertex 1.021323e+02 1.617218e+00 2.800000e+00
         vertex 1.021323e+02 1.617218e+00 9.267949e+00
      endloop
   endfacet
   facet normal -9.347225e-01 -3.553784e-01 -1.084839e-06
      outer loop
         vertex 1.010661e+02 4.421386e+00 1.100000e+01
         vertex 1.021323e+02 1.617218e+00 9.267949e+00
         vertex 1.021243e+02 1.638098e+00 9.566034e+00
      endloop
   endfacet
   facet normal -9.347237e-01 -3.553752e-01 -8.096119e-06
      outer loop
         vertex 1.021243e+02 1.638098e+00 9.566034e+00
         vertex 1.021007e+02 1.700272e+00 9.857460e+00
         vertex 1.010661e+02 4.421386e+00 1.100000e+01
      endloop
   endfacet
   facet normal -9.347225e-01 -3.553784e-01 6.969155e-07
      outer loop
         vertex 1.010661e+02 4.421386e+00 1.100000e+01
         vertex 1.021007e+02 1.700272e+00 9.857460e+00
         vertex 1.020619e+02 1.802351e+00 1.013572e+01
      endloop
   endfacet
   facet normal -9.347209e-01 -3.553827e-01 1.535694e-05
      outer loop
         vertex 1.010661e+02 4.421386e+00 1.100000e+01
         vertex 1.020619e+02 1.802351e+00 1.013572e+01
         vertex 1.020088e+02 1.942055e+00 1.039459e+01
      endloop
   endfacet
   facet normal -9.347231e-01 -3.553770e-01 -1.121832e-05
      outer loop
         vertex 1.020088e+02 1.942055e+00 1.039459e+01
         vertex 1.019425e+02 2.116263e+00 1.062830e+01
         vertex 1.010661e+02 4.421386e+00 1.100000e+01
      endloop
   endfacet
   facet normal -9.347218e-01 -3.553803e-01 1.238278e-05
      outer loop
         vertex 1.010661e+02 4.421386e+00 1.100000e+01
         vertex 1.019425e+02 2.116263e+00 1.062830e+01
         vertex 1.018647e+02 2.321083e+00 1.083161e+01
      endloop
   endfacet
   facet normal -9.347221e-01 -3.553794e-01 -8.528880e-07
      outer loop
         vertex 1.010661e+02 4.421386e+00 1.100000e+01
         vertex 1.018647e+02 2.321083e+00 1.083161e+01
         vertex 1.017769e+02 2.551940e+00 1.100000e+01
      endloop
   endfacet
   facet normal 0.000000e+00 0.000000e+00 1.000000e+00
      outer loop
         vertex 1.156719e+02 5.782969e+00 1.700000e+01
         vertex 1.151345e+02 5.883000e+00 1.700000e+01
         vertex 1.108940e+02 6.018253e+00 1.700000e+01
      endloop
   endfacet
   facet normal -0.000000e+00 0.000000e+00 1.000000e+00
      outer loop
         vertex 1.066745e+02 6.553656e+00 1.700000e+01
         vertex 1.073852e+02 4.684211e+00 1.700000e+01
         vertex 1.101833e+02 7.887697e+00 1.700000e+01
      endloop
   endfacet
   facet normal 0.000000e+00 0.000000e+00 1.000000e+00
      outer loop
         vertex 1.101833e+02 7.887697e+00 1.700000e+01
         vertex 1.073852e+02 4.684211e+00 1.700000e+01
         vertex 1.108940e+02 6.018253e+00 1.700000e+01
      endloop
   endfacet
   facet normal -0.000000e+00 0.000000e+00 1.000000e+00
      outer loop
         vertex 1.101833e+02 7.887697e+00 1.700000e+01
         vertex 1.108940e+02 6.018253e+00 1.700000e+01
         vertex 1.104559e+02 7.969676e+00 1.700000e+01
      endloop
   endfacet
   facet normal -0.000000e+00 0.000000e+00 1.000000e+00
      outer loop
         vertex 1.104559e+02 7.969676e+00 1.700000e+01
         vertex 1.108940e+02 6.018253e+00 1.700000e+01
         vertex 1.107375e+02 8.012112e+00 1.700000e+01
      endloop
   endfacet
   facet normal -0.000000e+00 0.000000e+00 1.000000e+00
      outer loop
         vertex 1.049854e+02 1.099626e+01 1.700000e+01
         vertex 1.056083e+02 9.357824e+00 1.700000e+01
         vertex 1.085237e+02 1.234152e+01 1.700000e+01
      endloop
   endfacet
   facet normal 0.000000e+00 0.000000e+00 1.000000e+00
      outer loop
         vertex 1.085237e+02 1.234152e+01 1.700000e+01
         vertex 1.056083e+02 9.357824e+00 1.700000e+01
         vertex 1.092604e+02 1.074634e+01 1.700000e+01
      endloop
   endfacet
   facet normal 0.000000e+00 0.000000e+00 1.000000e+00
      outer loop
         vertex 1.085237e+02 1.234152e+01 1.700000e+01
         vertex 1.092604e+02 1.074634e+01 1.700000e+01
         vertex 1.095432e+02 1.088004e+01 1.700000e+01
      endloop
   endfacet
   facet normal 0.000000e+00 0.000000e+00 1.000000e+00
      outer loop
         vertex 1.151345e+02 5.883000e+00 1.700000e+01
         vertex 1.146084e+02 6.031530e+00 1.700000e+01
         vertex 1.108940e+02 6.018253e+00 1.700000e+01
      endloop
   endfacet
   facet normal 0.000000e+00 0.000000e+00 1.000000e+00
      outer loop
         vertex 1.108940e+02 6.018253e+00 1.700000e+01
         vertex 1.146084e+02 6.031530e+00 1.700000e+01
         vertex 1.140980e+02 6.227325e+00 1.700000e+01
      endloop
   endfacet
   facet normal 0.000000e+00 0.000000e+00 1.000000e+00
      outer loop
         vertex 1.108940e+02 6.018253e+00 1.700000e+01
         vertex 1.140980e+02 6.227325e+00 1.700000e+01
         vertex 1.136076e+02 6.468761e+00 1.700000e+01
      endloop
   endfacet
   facet normal 0.000000e+00 0.000000e+00 1.000000e+00
      outer loop
         vertex 1.136076e+02 6.468761e+00 1.700000e+01
         vertex 1.131411e+02 6.753833e+00 1.700000e+01
         vertex 1.108940e+02 6.018253e+00 1.700000e+01
      endloop
   endfacet
   facet normal 0.000000e+00 0.000000e+00 1.000000e+00
      outer loop
         vertex 1.108940e+02 6.018253e+00 1.700000e+01
         vertex 1.131411e+02 6.753833e+00 1.700000e+01
         vertex 1.127026e+02 7.080175e+00 1.700000e+01
      endloop
   endfacet
   facet normal 0.000000e+00 0.000000e+00 1.000000e+00
      outer loop
         vertex 1.108940e+02 6.018253e+00 1.700000e+01
         vertex 1.127026e+02 7.080175e+00 1.700000e+01
         vertex 1.122955e+02 7.445077e+00 1.700000e+01
      endloop
   endfacet
   facet normal 0.000000e+00 0.000000e+00 1.000000e+00
      outer loop
         vertex 1.167629e+02 5.731315e+00 1.700000e+01
         vertex 1.162162e+02 5.732267e+00 1.700000e+01
         vertex 1.159360e+02 3.745459e+00 1.700000e+01
      endloop
   endfacet
   facet normal -0.000000e+00 0.000000e+00 1.000000e+00
      outer loop
         vertex 1.159360e+02 3.745459e+00 1.700000e+01
         vertex 1.165630e+02 3.725801e+00 1.700000e+01
         vertex 1.167629e+02 5.731315e+00 1.700000e+01
      endloop
   endfacet
   facet normal 0.000000e+00 0.000000e+00 1.000000e+00
      outer loop
         vertex 1.167629e+02 5.731315e+00 1.700000e+01
         vertex 1.165630e+02 3.725801e+00 1.700000e+01
         vertex 1.171896e+02 3.755328e+00 1.700000e+01
      endloop
   endfacet
   facet normal -0.000000e+00 0.000000e+00 1.000000e+00
      outer loop
         vertex 1.167629e+02 5.731315e+00 1.700000e+01
         vertex 1.171896e+02 3.755328e+00 1.700000e+01
         vertex 1.173074e+02 5.780120e+00 1.700000e+01
      endloop
   endfacet
   facet normal 0.000000e+00 0.000000e+00 1.000000e+00
      outer loop
         vertex 1.173074e+02 5.780120e+00 1.700000e+01
         vertex 1.171896e+02 3.755328e+00 1.700000e+01
         vertex 1.178119e+02 3.833858e+00 1.700000e+01
      endloop
   endfacet
   facet normal -0.000000e+00 0.000000e+00 1.000000e+00
      outer loop
         vertex 1.173074e+02 5.780120e+00 1.700000e+01
         vertex 1.178119e+02 3.833858e+00 1.700000e+01
         vertex 1.178451e+02 5.878279e+00 1.700000e+01
      endloop
   endfacet
   facet normal 0.000000e+00 0.000000e+00 1.000000e+00
      outer loop
         vertex 1.178451e+02 5.878279e+00 1.700000e+01
         vertex 1.178119e+02 3.833858e+00 1.700000e+01
         vertex 1.184262e+02 3.960909e+00 1.700000e+01
      endloop
   endfacet
   facet normal -0.000000e+00 0.000000e+00 1.000000e+00
      outer loop
         vertex 1.178451e+02 5.878279e+00 1.700000e+01
         vertex 1.184262e+02 3.960909e+00 1.700000e+01
         vertex 1.183717e+02 6.024975e+00 1.700000e+01
      endloop
   endfacet
   facet normal 0.000000e+00 0.000000e+00 1.000000e+00
      outer loop
         vertex 1.183717e+02 6.024975e+00 1.700000e+01
         vertex 1.184262e+02 3.960909e+00 1.700000e+01
         vertex 1.190287e+02 4.135699e+00 1.700000e+01
      endloop
   endfacet
   facet normal -0.000000e+00 0.000000e+00 1.000000e+00
      outer loop
         vertex 1.183717e+02 6.024975e+00 1.700000e+01
         vertex 1.190287e+02 4.135699e+00 1.700000e+01
         vertex 1.188828e+02 6.218991e+00 1.700000e+01
      endloop
   endfacet
   facet normal 0.000000e+00 0.000000e+00 1.000000e+00
      outer loop
         vertex 1.188828e+02 6.218991e+00 1.700000e+01
         vertex 1.190287e+02 4.135699e+00 1.700000e+01
         vertex 1.196156e+02 4.357154e+00 1.700000e+01
      endloop
   endfacet
   facet normal -0.000000e+00 0.000000e+00 1.000000e+00
      outer loop
         vertex 1.188828e+02 6.218991e+00 1.700000e+01
         vertex 1.196156e+02 4.357154e+00 1.700000e+01
         vertex 1.193741e+02 6.458717e+00 1.700000e+01
      endloop
   endfacet
   facet normal 0.000000e+00 0.000000e+00 1.000000e+00
      outer loop
         vertex 1.193741e+02 6.458717e+00 1.700000e+01
         vertex 1.196156e+02 4.357154e+00 1.700000e+01
         vertex 1.201833e+02 4.623912e+00 1.700000e+01
      endloop
   endfacet
   facet normal -0.000000e+00 0.000000e+00 1.000000e+00
      outer loop
         vertex 1.193741e+02 6.458717e+00 1.700000e+01
         vertex 1.201833e+02 4.623912e+00 1.700000e+01
         vertex 1.198415e+02 6.742163e+00 1.700000e+01
      endloop
   endfacet
   facet normal 0.000000e+00 -0.000000e+00 1.000000e+00
      outer loop
         vertex 1.095432e+02 1.088004e+01 1.700000e+01
         vertex 1.098017e+02 1.105619e+01 1.700000e+01
         vertex 1.085237e+02 1.234152e+01 1.700000e+01
      endloop
   endfacet
   facet normal 0.000000e+00 0.000000e+00 1.000000e+00
      outer loop
         vertex 1.085237e+02 1.234152e+01 1.700000e+01
         vertex 1.098017e+02 1.105619e+01 1.700000e+01
         vertex 1.100296e+02 1.127050e+01 1.700000e+01
      endloop
   endfacet
   facet normal 0.000000e+00 0.000000e+00 1.000000e+00
      outer loop
         vertex 1.085237e+02 1.234152e+01 1.700000e+01
         vertex 1.100296e+02 1.127050e+01 1.700000e+01
         vertex 1.102213e+02 1.151772e+01 1.700000e+01
      endloop
   endfacet
   facet normal 0.000000e+00 -0.000000e+00 1.000000e+00
      outer loop
         vertex 1.224613e+02 1.240551e+01 1.700000e+01
         vertex 1.243945e+02 1.302034e+01 1.700000e+01
         vertex 1.223747e+02 1.294526e+01 1.700000e+01
      endloop
   endfacet
   facet normal 0.000000e+00 0.000000e+00 1.000000e+00
      outer loop
         vertex 1.223747e+02 1.294526e+01 1.700000e+01
         vertex 1.243945e+02 1.302034e+01 1.700000e+01
         vertex 1.242688e+02 1.363490e+01 1.700000e+01
      endloop
   endfacet
   facet normal 0.000000e+00 -0.000000e+00 1.000000e+00
      outer loop
         vertex 1.223747e+02 1.294526e+01 1.700000e+01
         vertex 1.242688e+02 1.363490e+01 1.700000e+01
         vertex 1.222393e+02 1.347488e+01 1.700000e+01
      endloop
   endfacet
   facet normal 0.000000e+00 0.000000e+00 1.000000e+00
      outer loop
         vertex 1.222393e+02 1.347488e+01 1.700000e+01
         vertex 1.242688e+02 1.363490e+01 1.700000e+01
         vertex 1.240953e+02 1.423773e+01 1.700000e+01
      endloop
   endfacet
   facet normal 0.000000e+00 -0.000000e+00 1.000000e+00
      outer loop
         vertex 1.222393e+02 1.347488e+01 1.700000e+01
         vertex 1.240953e+02 1.423773e+01 1.700000e+01
         vertex 1.220563e+02 1.398999e+01 1.700000e+01
      endloop
   endfacet
   facet normal 0.000000e+00 0.000000e+00 1.000000e+00
      outer loop
         vertex 1.220563e+02 1.398999e+01 1.700000e+01
         vertex 1.240953e+02 1.423773e+01 1.700000e+01
         vertex 1.238751e+02 1.482510e+01 1.700000e+01
      endloop
   endfacet
   facet normal 0.000000e+00 -0.000000e+00 1.000000e+00
      outer loop
         vertex 1.220563e+02 1.398999e+01 1.700000e+01
         vertex 1.238751e+02 1.482510e+01 1.700000e+01
         vertex 1.218271e+02 1.448629e+01 1.700000e+01
      endloop
   endfacet
   facet normal 0.000000e+00 0.000000e+00 1.000000e+00
      outer loop
         vertex 1.218271e+02 1.448629e+01 1.700000e+01
         vertex 1.238751e+02 1.482510e+01 1.700000e+01
         vertex 1.236096e+02 1.539343e+01 1.700000e+01
      endloop
   endfacet
   facet normal 0.000000e+00 -0.000000e+00 1.000000e+00
      outer loop
         vertex 1.218271e+02 1.448629e+01 1.700000e+01
         vertex 1.236096e+02 1.539343e+01 1.700000e+01
         vertex 1.215538e+02 1.495968e+01 1.700000e+01
      endloop
   endfacet
   facet normal 0.000000e+00 0.000000e+00 1.000000e+00
      outer loop
         vertex 1.215538e+02 1.495968e+01 1.700000e+01
         vertex 1.236096e+02 1.539343e+01 1.700000e+01
         vertex 1.233004e+02 1.593919e+01 1.700000e+01
      endloop
   endfacet
   facet normal 0.000000e+00 -0.000000e+00 1.000000e+00
      outer loop
         vertex 1.215538e+02 1.495968e+01 1.700000e+01
         vertex 1.233004e+02 1.593919e+01 1.700000e+01
         vertex 1.212384e+02 1.540623e+01 1.700000e+01
      endloop
   endfacet
   facet normal -0.000000e+00 0.000000e+00 1.000000e+00
      outer loop
         vertex 1.219456e+02 9.206478e+00 1.700000e+01
         vertex 1.239100e+02 8.710294e+00 1.700000e+01
         vertex 1.221522e+02 9.712561e+00 1.700000e+01
      endloop
   endfacet
   facet normal 0.000000e+00 0.000000e+00 1.000000e+00
      outer loop
         vertex 1.221522e+02 9.712561e+00 1.700000e+01
         vertex 1.239100e+02 8.710294e+00 1.700000e+01
         vertex 1.241235e+02 9.300144e+00 1.700000e+01
      endloop
   endfacet
   facet normal -0.000000e+00 0.000000e+00 1.000000e+00
      outer loop
         vertex 1.221522e+02 9.712561e+00 1.700000e+01
         vertex 1.241235e+02 9.300144e+00 1.700000e+01
         vertex 1.223120e+02 1.023535e+01 1.700000e+01
      endloop
   endfacet
   facet normal 0.000000e+00 0.000000e+00 1.000000e+00
      outer loop
         vertex 1.223120e+02 1.023535e+01 1.700000e+01
         vertex 1.241235e+02 9.300144e+00 1.700000e+01
         vertex 1.242901e+02 9.904906e+00 1.700000e+01
      endloop
   endfacet
   facet normal -0.000000e+00 0.000000e+00 1.000000e+00
      outer loop
         vertex 1.223120e+02 1.023535e+01 1.700000e+01
         vertex 1.242901e+02 9.904906e+00 1.700000e+01
         vertex 1.224235e+02 1.077052e+01 1.700000e+01
      endloop
   endfacet
   facet normal 0.000000e+00 0.000000e+00 1.000000e+00
      outer loop
         vertex 1.224235e+02 1.077052e+01 1.700000e+01
         vertex 1.242901e+02 9.904906e+00 1.700000e+01
         vertex 1.244088e+02 1.052086e+01 1.700000e+01
      endloop
   endfacet
   facet normal -0.000000e+00 0.000000e+00 1.000000e+00
      outer loop
         vertex 1.224235e+02 1.077052e+01 1.700000e+01
         vertex 1.244088e+02 1.052086e+01 1.700000e+01
         vertex 1.224858e+02 1.131361e+01 1.700000e+01
      endloop
   endfacet
   facet normal 0.000000e+00 0.000000e+00 1.000000e+00
      outer loop
         vertex 1.224858e+02 1.131361e+01 1.700000e+01
         vertex 1.244088e+02 1.052086e+01 1.700000e+01
         vertex 1.244789e+02 1.114422e+01 1.700000e+01
      endloop
   endfacet
   facet normal -0.000000e+00 0.000000e+00 1.000000e+00
      outer loop
         vertex 1.224858e+02 1.131361e+01 1.700000e+01
         vertex 1.244789e+02 1.114422e+01 1.700000e+01
         vertex 1.224985e+02 1.186012e+01 1.700000e+01
      endloop
   endfacet
   facet normal 0.000000e+00 0.000000e+00 1.000000e+00
      outer loop
         vertex 1.224985e+02 1.186012e+01 1.700000e+01
         vertex 1.244789e+02 1.114422e+01 1.700000e+01
         vertex 1.244999e+02 1.177116e+01 1.700000e+01
      endloop
   endfacet
   facet normal -0.000000e+00 -0.000000e+00 1.000000e+00
      outer loop
         vertex 1.224985e+02 1.186012e+01 1.700000e+01
         vertex 1.244999e+02 1.177116e+01 1.700000e+01
         vertex 1.224613e+02 1.240551e+01 1.700000e+01
      endloop
   endfacet
   facet normal 0.000000e+00 0.000000e+00 1.000000e+00
      outer loop
         vertex 1.224613e+02 1.240551e+01 1.700000e+01
         vertex 1.244999e+02 1.177116e+01 1.700000e+01
         vertex 1.244717e+02 1.239782e+01 1.700000e+01
      endloop
   endfacet
   facet normal -0.000000e+00 0.000000e+00 1.000000e+00
      outer loop
         vertex 1.224613e+02 1.240551e+01 1.700000e+01
         vertex 1.244717e+02 1.239782e+01 1.700000e+01
         vertex 1.243945e+02 1.302034e+01 1.700000e+01
      endloop
   endfacet
   facet normal 0.000000e+00 -0.000000e+00 1.000000e+00
      outer loop
         vertex 1.201833e+02 4.623912e+00 1.700000e+01
         vertex 1.207284e+02 4.934334e+00 1.700000e+01
         vertex 1.198415e+02 6.742163e+00 1.700000e+01
      endloop
   endfacet
   facet normal 0.000000e+00 0.000000e+00 1.000000e+00
      outer loop
         vertex 1.198415e+02 6.742163e+00 1.700000e+01
         vertex 1.207284e+02 4.934334e+00 1.700000e+01
         vertex 1.212475e+02 5.286510e+00 1.700000e+01
      endloop
   endfacet
   facet normal -0.000000e+00 0.000000e+00 1.000000e+00
      outer loop
         vertex 1.198415e+02 6.742163e+00 1.700000e+01
         vertex 1.212475e+02 5.286510e+00 1.700000e+01
         vertex 1.202812e+02 7.066975e+00 1.700000e+01
      endloop
   endfacet
   facet normal 0.000000e+00 0.000000e+00 1.000000e+00
      outer loop
         vertex 1.202812e+02 7.066975e+00 1.700000e+01
         vertex 1.212475e+02 5.286510e+00 1.700000e+01
         vertex 1.217374e+02 5.678275e+00 1.700000e+01
      endloop
   endfacet
   facet normal -0.000000e+00 0.000000e+00 1.000000e+00
      outer loop
         vertex 1.202812e+02 7.066975e+00 1.700000e+01
         vertex 1.217374e+02 5.678275e+00 1.700000e+01
         vertex 1.206895e+02 7.430458e+00 1.700000e+01
      endloop
   endfacet
   facet normal 0.000000e+00 0.000000e+00 1.000000e+00
      outer loop
         vertex 1.206895e+02 7.430458e+00 1.700000e+01
         vertex 1.217374e+02 5.678275e+00 1.700000e+01
         vertex 1.221951e+02 6.107220e+00 1.700000e+01
      endloop
   endfacet
   facet normal -0.000000e+00 0.000000e+00 1.000000e+00
      outer loop
         vertex 1.206895e+02 7.430458e+00 1.700000e+01
         vertex 1.221951e+02 6.107220e+00 1.700000e+01
         vertex 1.210631e+02 7.829594e+00 1.700000e+01
      endloop
   endfacet
   facet normal 0.000000e+00 0.000000e+00 1.000000e+00
      outer loop
         vertex 1.210631e+02 7.829594e+00 1.700000e+01
         vertex 1.221951e+02 6.107220e+00 1.700000e+01
         vertex 1.226178e+02 6.570709e+00 1.700000e+01
      endloop
   endfacet
   facet normal -0.000000e+00 0.000000e+00 1.000000e+00
      outer loop
         vertex 1.210631e+02 7.829594e+00 1.700000e+01
         vertex 1.226178e+02 6.570709e+00 1.700000e+01
         vertex 1.213987e+02 8.261070e+00 1.700000e+01
      endloop
   endfacet
   facet normal 0.000000e+00 0.000000e+00 1.000000e+00
      outer loop
         vertex 1.213987e+02 8.261070e+00 1.700000e+01
         vertex 1.226178e+02 6.570709e+00 1.700000e+01
         vertex 1.230029e+02 7.065892e+00 1.700000e+01
      endloop
   endfacet
   facet normal -0.000000e+00 0.000000e+00 1.000000e+00
      outer loop
         vertex 1.213987e+02 8.261070e+00 1.700000e+01
         vertex 1.230029e+02 7.065892e+00 1.700000e+01
         vertex 1.216937e+02 8.721305e+00 1.700000e+01
      endloop
   endfacet
   facet normal 0.000000e+00 0.000000e+00 1.000000e+00
      outer loop
         vertex 1.216937e+02 8.721305e+00 1.700000e+01
         vertex 1.230029e+02 7.065892e+00 1.700000e+01
         vertex 1.233480e+02 7.589723e+00 1.700000e+01
      endloop
   endfacet
   facet normal -0.000000e+00 0.000000e+00 1.000000e+00
      outer loop
         vertex 1.216937e+02 8.721305e+00 1.700000e+01
         vertex 1.233480e+02 7.589723e+00 1.700000e+01
         vertex 1.219456e+02 9.206478e+00 1.700000e+01
      endloop
   endfacet
   facet normal 0.000000e+00 0.000000e+00 1.000000e+00
      outer loop
         vertex 1.219456e+02 9.206478e+00 1.700000e+01
         vertex 1.233480e+02 7.589723e+00 1.700000e+01
         vertex 1.236510e+02 8.138983e+00 1.700000e+01
      endloop
   endfacet
   facet normal 0.000000e+00 0.000000e+00 1.000000e+00
      outer loop
         vertex 1.219456e+02 9.206478e+00 1.700000e+01
         vertex 1.236510e+02 8.138983e+00 1.700000e+01
         vertex 1.239100e+02 8.710294e+00 1.700000e+01
      endloop
   endfacet
   facet normal -0.000000e+00 0.000000e+00 1.000000e+00
      outer loop
         vertex 1.118545e+02 5.212563e+00 1.700000e+01
         vertex 1.123790e+02 4.868603e+00 1.700000e+01
         vertex 1.162162e+02 5.732267e+00 1.700000e+01
      endloop
   endfacet
   facet normal 0.000000e+00 0.000000e+00 1.000000e+00
      outer loop
         vertex 1.122955e+02 7.445077e+00 1.700000e+01
         vertex 1.120787e+02 7.629617e+00 1.700000e+01
         vertex 1.108940e+02 6.018253e+00 1.700000e+01
      endloop
   endfacet
   facet normal 0.000000e+00 0.000000e+00 1.000000e+00
      outer loop
         vertex 1.108940e+02 6.018253e+00 1.700000e+01
         vertex 1.120787e+02 7.629617e+00 1.700000e+01
         vertex 1.118379e+02 7.781504e+00 1.700000e+01
      endloop
   endfacet
   facet normal 0.000000e+00 0.000000e+00 1.000000e+00
      outer loop
         vertex 1.108940e+02 6.018253e+00 1.700000e+01
         vertex 1.118379e+02 7.781504e+00 1.700000e+01
         vertex 1.115780e+02 7.897662e+00 1.700000e+01
      endloop
   endfacet
   facet normal 0.000000e+00 0.000000e+00 1.000000e+00
      outer loop
         vertex 1.156719e+02 5.782969e+00 1.700000e+01
         vertex 1.108940e+02 6.018253e+00 1.700000e+01
         vertex 1.162162e+02 5.732267e+00 1.700000e+01
      endloop
   endfacet
   facet normal 0.000000e+00 0.000000e+00 1.000000e+00
      outer loop
         vertex 1.162162e+02 5.732267e+00 1.700000e+01
         vertex 1.108940e+02 6.018253e+00 1.700000e+01
         vertex 1.113585e+02 5.596566e+00 1.700000e+01
      endloop
   endfacet
   facet normal 0.000000e+00 0.000000e+00 1.000000e+00
      outer loop
         vertex 1.162162e+02 5.732267e+00 1.700000e+01
         vertex 1.113585e+02 5.596566e+00 1.700000e+01
         vertex 1.118545e+02 5.212563e+00 1.700000e+01
      endloop
   endfacet
   facet normal -0.000000e+00 0.000000e+00 1.000000e+00
      outer loop
         vertex 1.123790e+02 4.868603e+00 1.700000e+01
         vertex 1.129290e+02 4.566803e+00 1.700000e+01
         vertex 1.162162e+02 5.732267e+00 1.700000e+01
      endloop
   endfacet
   facet normal 0.000000e+00 0.000000e+00 1.000000e+00
      outer loop
         vertex 1.162162e+02 5.732267e+00 1.700000e+01
         vertex 1.129290e+02 4.566803e+00 1.700000e+01
         vertex 1.135008e+02 4.309016e+00 1.700000e+01
      endloop
   endfacet
   facet normal 0.000000e+00 0.000000e+00 1.000000e+00
      outer loop
         vertex 1.162162e+02 5.732267e+00 1.700000e+01
         vertex 1.135008e+02 4.309016e+00 1.700000e+01
         vertex 1.140912e+02 4.096828e+00 1.700000e+01
      endloop
   endfacet
   facet normal 0.000000e+00 0.000000e+00 1.000000e+00
      outer loop
         vertex 1.233004e+02 1.593919e+01 1.700000e+01
         vertex 1.229493e+02 1.645906e+01 1.700000e+01
         vertex 1.212384e+02 1.540623e+01 1.700000e+01
      endloop
   endfacet
   facet normal 0.000000e+00 0.000000e+00 1.000000e+00
      outer loop
         vertex 1.212384e+02 1.540623e+01 1.700000e+01
         vertex 1.229493e+02 1.645906e+01 1.700000e+01
         vertex 1.225586e+02 1.694982e+01 1.700000e+01
      endloop
   endfacet
   facet normal 0.000000e+00 -0.000000e+00 1.000000e+00
      outer loop
         vertex 1.212384e+02 1.540623e+01 1.700000e+01
         vertex 1.225586e+02 1.694982e+01 1.700000e+01
         vertex 1.208838e+02 1.582222e+01 1.700000e+01
      endloop
   endfacet
   facet normal 0.000000e+00 0.000000e+00 1.000000e+00
      outer loop
         vertex 1.208838e+02 1.582222e+01 1.700000e+01
         vertex 1.225586e+02 1.694982e+01 1.700000e+01
         vertex 1.221307e+02 1.740846e+01 1.700000e+01
      endloop
   endfacet
   facet normal 0.000000e+00 -0.000000e+00 1.000000e+00
      outer loop
         vertex 1.208838e+02 1.582222e+01 1.700000e+01
         vertex 1.221307e+02 1.740846e+01 1.700000e+01
         vertex 1.204927e+02 1.620420e+01 1.700000e+01
      endloop
   endfacet
   facet normal 0.000000e+00 0.000000e+00 1.000000e+00
      outer loop
         vertex 1.204927e+02 1.620420e+01 1.700000e+01
         vertex 1.221307e+02 1.740846e+01 1.700000e+01
         vertex 1.216681e+02 1.783215e+01 1.700000e+01
      endloop
   endfacet
   facet normal 0.000000e+00 -0.000000e+00 1.000000e+00
      outer loop
         vertex 1.204927e+02 1.620420e+01 1.700000e+01
         vertex 1.216681e+02 1.783215e+01 1.700000e+01
         vertex 1.200685e+02 1.654901e+01 1.700000e+01
      endloop
   endfacet
   facet normal 0.000000e+00 0.000000e+00 1.000000e+00
      outer loop
         vertex 1.200685e+02 1.654901e+01 1.700000e+01
         vertex 1.216681e+02 1.783215e+01 1.700000e+01
         vertex 1.211738e+02 1.821831e+01 1.700000e+01
      endloop
   endfacet
   facet normal 0.000000e+00 -0.000000e+00 1.000000e+00
      outer loop
         vertex 1.200685e+02 1.654901e+01 1.700000e+01
         vertex 1.211738e+02 1.821831e+01 1.700000e+01
         vertex 1.196147e+02 1.685378e+01 1.700000e+01
      endloop
   endfacet
   facet normal 0.000000e+00 0.000000e+00 1.000000e+00
      outer loop
         vertex 1.196147e+02 1.685378e+01 1.700000e+01
         vertex 1.211738e+02 1.821831e+01 1.700000e+01
         vertex 1.206507e+02 1.856454e+01 1.700000e+01
      endloop
   endfacet
   facet normal 0.000000e+00 -0.000000e+00 1.000000e+00
      outer loop
         vertex 1.196147e+02 1.685378e+01 1.700000e+01
         vertex 1.206507e+02 1.856454e+01 1.700000e+01
         vertex 1.191350e+02 1.711598e+01 1.700000e+01
      endloop
   endfacet
   facet normal 0.000000e+00 0.000000e+00 1.000000e+00
      outer loop
         vertex 1.191350e+02 1.711598e+01 1.700000e+01
         vertex 1.206507e+02 1.856454e+01 1.700000e+01
         vertex 1.201021e+02 1.886873e+01 1.700000e+01
      endloop
   endfacet
   facet normal 0.000000e+00 -0.000000e+00 1.000000e+00
      outer loop
         vertex 1.191350e+02 1.711598e+01 1.700000e+01
         vertex 1.201021e+02 1.886873e+01 1.700000e+01
         vertex 1.186335e+02 1.733343e+01 1.700000e+01
      endloop
   endfacet
   facet normal 0.000000e+00 0.000000e+00 1.000000e+00
      outer loop
         vertex 1.186335e+02 1.733343e+01 1.700000e+01
         vertex 1.201021e+02 1.886873e+01 1.700000e+01
         vertex 1.195313e+02 1.912900e+01 1.700000e+01
      endloop
   endfacet
   facet normal 0.000000e+00 -0.000000e+00 1.000000e+00
      outer loop
         vertex 1.186335e+02 1.733343e+01 1.700000e+01
         vertex 1.195313e+02 1.912900e+01 1.700000e+01
         vertex 1.181142e+02 1.750433e+01 1.700000e+01
      endloop
   endfacet
   facet normal -0.000000e+00 0.000000e+00 1.000000e+00
      outer loop
         vertex 1.140912e+02 4.096828e+00 1.700000e+01
         vertex 1.146963e+02 3.931545e+00 1.700000e+01
         vertex 1.162162e+02 5.732267e+00 1.700000e+01
      endloop
   endfacet
   facet normal 0.000000e+00 0.000000e+00 1.000000e+00
      outer loop
         vertex 1.162162e+02 5.732267e+00 1.700000e+01
         vertex 1.146963e+02 3.931545e+00 1.700000e+01
         vertex 1.153125e+02 3.814181e+00 1.700000e+01
      endloop
   endfacet
   facet normal 0.000000e+00 0.000000e+00 1.000000e+00
      outer loop
         vertex 1.162162e+02 5.732267e+00 1.700000e+01
         vertex 1.153125e+02 3.814181e+00 1.700000e+01
         vertex 1.159360e+02 3.745459e+00 1.700000e+01
      endloop
   endfacet
   facet normal 0.000000e+00 0.000000e+00 1.000000e+00
      outer loop
         vertex 1.115780e+02 7.897662e+00 1.700000e+01
         vertex 1.113042e+02 7.975737e+00 1.700000e+01
         vertex 1.108940e+02 6.018253e+00 1.700000e+01
      endloop
   endfacet
   facet normal 0.000000e+00 0.000000e+00 1.000000e+00
      outer loop
         vertex 1.108940e+02 6.018253e+00 1.700000e+01
         vertex 1.113042e+02 7.975737e+00 1.700000e+01
         vertex 1.110221e+02 8.014146e+00 1.700000e+01
      endloop
   endfacet
   facet normal 0.000000e+00 -0.000000e+00 1.000000e+00
      outer loop
         vertex 1.108940e+02 6.018253e+00 1.700000e+01
         vertex 1.110221e+02 8.014146e+00 1.700000e+01
         vertex 1.107375e+02 8.012112e+00 1.700000e+01
      endloop
   endfacet
   facet normal 0.000000e+00 -0.000000e+00 1.000000e+00
      outer loop
         vertex 1.102213e+02 1.151772e+01 1.700000e+01
         vertex 1.103721e+02 1.179180e+01 1.700000e+01
         vertex 1.085237e+02 1.234152e+01 1.700000e+01
      endloop
   endfacet
   facet normal 0.000000e+00 0.000000e+00 1.000000e+00
      outer loop
         vertex 1.085237e+02 1.234152e+01 1.700000e+01
         vertex 1.103721e+02 1.179180e+01 1.700000e+01
         vertex 1.104783e+02 1.208603e+01 1.700000e+01
      endloop
   endfacet
   facet normal -0.000000e+00 0.000000e+00 1.000000e+00
      outer loop
         vertex 1.085237e+02 1.234152e+01 1.700000e+01
         vertex 1.104783e+02 1.208603e+01 1.700000e+01
         vertex 1.085965e+02 1.296458e+01 1.700000e+01
      endloop
   endfacet
   facet normal 0.000000e+00 0.000000e+00 1.000000e+00
      outer loop
         vertex 1.085965e+02 1.296458e+01 1.700000e+01
         vertex 1.104783e+02 1.208603e+01 1.700000e+01
         vertex 1.105373e+02 1.239323e+01 1.700000e+01
      endloop
   endfacet
   facet normal -0.000000e+00 0.000000e+00 1.000000e+00
      outer loop
         vertex 1.085965e+02 1.296458e+01 1.700000e+01
         vertex 1.105373e+02 1.239323e+01 1.700000e+01
         vertex 1.087179e+02 1.358001e+01 1.700000e+01
      endloop
   endfacet
   facet normal 0.000000e+00 0.000000e+00 1.000000e+00
      outer loop
         vertex 1.087179e+02 1.358001e+01 1.700000e+01
         vertex 1.105373e+02 1.239323e+01 1.700000e+01
         vertex 1.106228e+02 1.293316e+01 1.700000e+01
      endloop
   endfacet
   facet normal -0.000000e+00 0.000000e+00 1.000000e+00
      outer loop
         vertex 1.087179e+02 1.358001e+01 1.700000e+01
         vertex 1.106228e+02 1.293316e+01 1.700000e+01
         vertex 1.088871e+02 1.418404e+01 1.700000e+01
      endloop
   endfacet
   facet normal 0.000000e+00 0.000000e+00 1.000000e+00
      outer loop
         vertex 1.088871e+02 1.418404e+01 1.700000e+01
         vertex 1.106228e+02 1.293316e+01 1.700000e+01
         vertex 1.107571e+02 1.346306e+01 1.700000e+01
      endloop
   endfacet
   facet normal -0.000000e+00 0.000000e+00 1.000000e+00
      outer loop
         vertex 1.088871e+02 1.418404e+01 1.700000e+01
         vertex 1.107571e+02 1.346306e+01 1.700000e+01
         vertex 1.091032e+02 1.477296e+01 1.700000e+01
      endloop
   endfacet
   facet normal 0.000000e+00 0.000000e+00 1.000000e+00
      outer loop
         vertex 1.091032e+02 1.477296e+01 1.700000e+01
         vertex 1.107571e+02 1.346306e+01 1.700000e+01
         vertex 1.109391e+02 1.397854e+01 1.700000e+01
      endloop
   endfacet
   facet normal -0.000000e+00 0.000000e+00 1.000000e+00
      outer loop
         vertex 1.091032e+02 1.477296e+01 1.700000e+01
         vertex 1.109391e+02 1.397854e+01 1.700000e+01
         vertex 1.093647e+02 1.534314e+01 1.700000e+01
      endloop
   endfacet
   facet normal 0.000000e+00 0.000000e+00 1.000000e+00
      outer loop
         vertex 1.093647e+02 1.534314e+01 1.700000e+01
         vertex 1.109391e+02 1.397854e+01 1.700000e+01
         vertex 1.111672e+02 1.447531e+01 1.700000e+01
      endloop
   endfacet
   facet normal -0.000000e+00 0.000000e+00 1.000000e+00
      outer loop
         vertex 1.093647e+02 1.534314e+01 1.700000e+01
         vertex 1.111672e+02 1.447531e+01 1.700000e+01
         vertex 1.096700e+02 1.589108e+01 1.700000e+01
      endloop
   endfacet
   facet normal 0.000000e+00 0.000000e+00 1.000000e+00
      outer loop
         vertex 1.096700e+02 1.589108e+01 1.700000e+01
         vertex 1.111672e+02 1.447531e+01 1.700000e+01
         vertex 1.114396e+02 1.494927e+01 1.700000e+01
      endloop
   endfacet
   facet normal -0.000000e+00 0.000000e+00 1.000000e+00
      outer loop
         vertex 1.096700e+02 1.589108e+01 1.700000e+01
         vertex 1.114396e+02 1.494927e+01 1.700000e+01
         vertex 1.100174e+02 1.641341e+01 1.700000e+01
      endloop
   endfacet
   facet normal 0.000000e+00 0.000000e+00 1.000000e+00
      outer loop
         vertex 1.100174e+02 1.641341e+01 1.700000e+01
         vertex 1.114396e+02 1.494927e+01 1.700000e+01
         vertex 1.117540e+02 1.539646e+01 1.700000e+01
      endloop
   endfacet
   facet normal -0.000000e+00 0.000000e+00 1.000000e+00
      outer loop
         vertex 1.100174e+02 1.641341e+01 1.700000e+01
         vertex 1.117540e+02 1.539646e+01 1.700000e+01
         vertex 1.104046e+02 1.690691e+01 1.700000e+01
      endloop
   endfacet
   facet normal 0.000000e+00 0.000000e+00 1.000000e+00
      outer loop
         vertex 1.104046e+02 1.690691e+01 1.700000e+01
         vertex 1.117540e+02 1.539646e+01 1.700000e+01
         vertex 1.121078e+02 1.581318e+01 1.700000e+01
      endloop
   endfacet
   facet normal 0.000000e+00 0.000000e+00 1.000000e+00
      outer loop
         vertex 1.195313e+02 1.912900e+01 1.700000e+01
         vertex 1.189420e+02 1.934374e+01 1.700000e+01
         vertex 1.181142e+02 1.750433e+01 1.700000e+01
      endloop
   endfacet
   facet normal 0.000000e+00 0.000000e+00 1.000000e+00
      outer loop
         vertex 1.181142e+02 1.750433e+01 1.700000e+01
         vertex 1.189420e+02 1.934374e+01 1.700000e+01
         vertex 1.183376e+02 1.951165e+01 1.700000e+01
      endloop
   endfacet
   facet normal 0.000000e+00 -0.000000e+00 1.000000e+00
      outer loop
         vertex 1.181142e+02 1.750433e+01 1.700000e+01
         vertex 1.183376e+02 1.951165e+01 1.700000e+01
         vertex 1.175816e+02 1.762727e+01 1.700000e+01
      endloop
   endfacet
   facet normal 0.000000e+00 0.000000e+00 1.000000e+00
      outer loop
         vertex 1.175816e+02 1.762727e+01 1.700000e+01
         vertex 1.183376e+02 1.951165e+01 1.700000e+01
         vertex 1.177219e+02 1.963169e+01 1.700000e+01
      endloop
   endfacet
   facet normal 0.000000e+00 -0.000000e+00 1.000000e+00
      outer loop
         vertex 1.175816e+02 1.762727e+01 1.700000e+01
         vertex 1.177219e+02 1.963169e+01 1.700000e+01
         vertex 1.170399e+02 1.770121e+01 1.700000e+01
      endloop
   endfacet
   facet normal 0.000000e+00 0.000000e+00 1.000000e+00
      outer loop
         vertex 1.170399e+02 1.770121e+01 1.700000e+01
         vertex 1.177219e+02 1.963169e+01 1.700000e+01
         vertex 1.170987e+02 1.970312e+01 1.700000e+01
      endloop
   endfacet
   facet normal 0.000000e+00 -0.000000e+00 1.000000e+00
      outer loop
         vertex 1.170399e+02 1.770121e+01 1.700000e+01
         vertex 1.170987e+02 1.970312e+01 1.700000e+01
         vertex 1.164938e+02 1.772555e+01 1.700000e+01
      endloop
   endfacet
   facet normal 0.000000e+00 -0.000000e+00 1.000000e+00
      outer loop
         vertex 1.164938e+02 1.772555e+01 1.700000e+01
         vertex 1.170987e+02 1.970312e+01 1.700000e+01
         vertex 1.164718e+02 1.972550e+01 1.700000e+01
      endloop
   endfacet
   facet normal 0.000000e+00 0.000000e+00 1.000000e+00
      outer loop
         vertex 1.164938e+02 1.772555e+01 1.700000e+01
         vertex 1.164718e+02 1.972550e+01 1.700000e+01
         vertex 1.159478e+02 1.770008e+01 1.700000e+01
      endloop
   endfacet
   facet normal 0.000000e+00 -0.000000e+00 1.000000e+00
      outer loop
         vertex 1.159478e+02 1.770008e+01 1.700000e+01
         vertex 1.164718e+02 1.972550e+01 1.700000e+01
         vertex 1.158450e+02 1.969870e+01 1.700000e+01
      endloop
   endfacet
   facet normal 0.000000e+00 0.000000e+00 1.000000e+00
      outer loop
         vertex 1.159478e+02 1.770008e+01 1.700000e+01
         vertex 1.158450e+02 1.969870e+01 1.700000e+01
         vertex 1.154063e+02 1.762503e+01 1.700000e+01
      endloop
   endfacet
   facet normal 0.000000e+00 -0.000000e+00 1.000000e+00
      outer loop
         vertex 1.154063e+02 1.762503e+01 1.700000e+01
         vertex 1.158450e+02 1.969870e+01 1.700000e+01
         vertex 1.152224e+02 1.962287e+01 1.700000e+01
      endloop
   endfacet
   facet normal 0.000000e+00 0.000000e+00 1.000000e+00
      outer loop
         vertex 1.154063e+02 1.762503e+01 1.700000e+01
         vertex 1.152224e+02 1.962287e+01 1.700000e+01
         vertex 1.148739e+02 1.750099e+01 1.700000e+01
      endloop
   endfacet
   facet normal 0.000000e+00 0.000000e+00 1.000000e+00
      outer loop
         vertex 1.152224e+02 1.962287e+01 1.700000e+01
         vertex 1.146075e+02 1.949849e+01 1.700000e+01
         vertex 1.148739e+02 1.750099e+01 1.700000e+01
      endloop
   endfacet
   facet normal 0.000000e+00 0.000000e+00 1.000000e+00
      outer loop
         vertex 1.148739e+02 1.750099e+01 1.700000e+01
         vertex 1.146075e+02 1.949849e+01 1.700000e+01
         vertex 1.140043e+02 1.932632e+01 1.700000e+01
      endloop
   endfacet
   facet normal 0.000000e+00 0.000000e+00 1.000000e+00
      outer loop
         vertex 1.148739e+02 1.750099e+01 1.700000e+01
         vertex 1.140043e+02 1.932632e+01 1.700000e+01
         vertex 1.143550e+02 1.732902e+01 1.700000e+01
      endloop
   endfacet
   facet normal 0.000000e+00 0.000000e+00 1.000000e+00
      outer loop
         vertex 1.143550e+02 1.732902e+01 1.700000e+01
         vertex 1.140043e+02 1.932632e+01 1.700000e+01
         vertex 1.134165e+02 1.910741e+01 1.700000e+01
      endloop
   endfacet
   facet normal 0.000000e+00 0.000000e+00 1.000000e+00
      outer loop
         vertex 1.143550e+02 1.732902e+01 1.700000e+01
         vertex 1.134165e+02 1.910741e+01 1.700000e+01
         vertex 1.138539e+02 1.711054e+01 1.700000e+01
      endloop
   endfacet
   facet normal 0.000000e+00 0.000000e+00 1.000000e+00
      outer loop
         vertex 1.138539e+02 1.711054e+01 1.700000e+01
         vertex 1.134165e+02 1.910741e+01 1.700000e+01
         vertex 1.128476e+02 1.884312e+01 1.700000e+01
      endloop
   endfacet
   facet normal 0.000000e+00 0.000000e+00 1.000000e+00
      outer loop
         vertex 1.138539e+02 1.711054e+01 1.700000e+01
         vertex 1.128476e+02 1.884312e+01 1.700000e+01
         vertex 1.133747e+02 1.684735e+01 1.700000e+01
      endloop
   endfacet
   facet normal 0.000000e+00 0.000000e+00 1.000000e+00
      outer loop
         vertex 1.133747e+02 1.684735e+01 1.700000e+01
         vertex 1.128476e+02 1.884312e+01 1.700000e+01
         vertex 1.123011e+02 1.853507e+01 1.700000e+01
      endloop
   endfacet
   facet normal 0.000000e+00 0.000000e+00 1.000000e+00
      outer loop
         vertex 1.133747e+02 1.684735e+01 1.700000e+01
         vertex 1.123011e+02 1.853507e+01 1.700000e+01
         vertex 1.129216e+02 1.654165e+01 1.700000e+01
      endloop
   endfacet
   facet normal 0.000000e+00 0.000000e+00 1.000000e+00
      outer loop
         vertex 1.129216e+02 1.654165e+01 1.700000e+01
         vertex 1.123011e+02 1.853507e+01 1.700000e+01
         vertex 1.117805e+02 1.818515e+01 1.700000e+01
      endloop
   endfacet
   facet normal 0.000000e+00 0.000000e+00 1.000000e+00
      outer loop
         vertex 1.129216e+02 1.654165e+01 1.700000e+01
         vertex 1.117805e+02 1.818515e+01 1.700000e+01
         vertex 1.124981e+02 1.619597e+01 1.700000e+01
      endloop
   endfacet
   facet normal 0.000000e+00 0.000000e+00 1.000000e+00
      outer loop
         vertex 1.124981e+02 1.619597e+01 1.700000e+01
         vertex 1.117805e+02 1.818515e+01 1.700000e+01
         vertex 1.112889e+02 1.779552e+01 1.700000e+01
      endloop
   endfacet
   facet normal 0.000000e+00 0.000000e+00 1.000000e+00
      outer loop
         vertex 1.124981e+02 1.619597e+01 1.700000e+01
         vertex 1.112889e+02 1.779552e+01 1.700000e+01
         vertex 1.121078e+02 1.581318e+01 1.700000e+01
      endloop
   endfacet
   facet normal 0.000000e+00 0.000000e+00 1.000000e+00
      outer loop
         vertex 1.121078e+02 1.581318e+01 1.700000e+01
         vertex 1.112889e+02 1.779552e+01 1.700000e+01
         vertex 1.108293e+02 1.736856e+01 1.700000e+01
      endloop
   endfacet
   facet normal 0.000000e+00 0.000000e+00 1.000000e+00
      outer loop
         vertex 1.121078e+02 1.581318e+01 1.700000e+01
         vertex 1.108293e+02 1.736856e+01 1.700000e+01
         vertex 1.104046e+02 1.690691e+01 1.700000e+01
      endloop
   endfacet
   facet normal -3.420201e-01 9.396926e-01 0.000000e+00
      outer loop
         vertex 2.553197e+01 8.745307e+00 2.800000e+00
         vertex 7.703587e+00 2.256307e+00 2.800000e+00
         vertex 2.553197e+01 8.745307e+00 1.500000e+01
      endloop
   endfacet
   facet normal -3.420201e-01 9.396926e-01 0.000000e+00
      outer loop
         vertex 2.553197e+01 8.745307e+00 1.500000e+01
         vertex 7.703587e+00 2.256307e+00 2.800000e+00
         vertex 7.703587e+00 2.256307e+00 1.500000e+01
      endloop
   endfacet
   facet normal -2.906452e-01 9.568309e-01 0.000000e+00
      outer loop
         vertex 7.703587e+00 2.256307e+00 1.500000e+01
         vertex 7.703587e+00 2.256307e+00 2.800000e+00
         vertex 7.263273e+00 2.122558e+00 1.500000e+01
      endloop
   endfacet
   facet normal -2.906452e-01 9.568309e-01 0.000000e+00
      outer loop
         vertex 7.263273e+00 2.122558e+00 1.500000e+01
         vertex 7.703587e+00 2.256307e+00 2.800000e+00
         vertex 7.263273e+00 2.122558e+00 2.800000e+00
      endloop
   endfacet
   facet normal -1.854878e-01 9.826466e-01 0.000000e+00
      outer loop
         vertex 7.263273e+00 2.122558e+00 1.500000e+01
         vertex 7.263273e+00 2.122558e+00 2.800000e+00
         vertex 6.811075e+00 2.037199e+00 1.500000e+01
      endloop
   endfacet
   facet normal -1.854878e-01 9.826466e-01 0.000000e+00
      outer loop
         vertex 6.811075e+00 2.037199e+00 1.500000e+01
         vertex 7.263273e+00 2.122558e+00 2.800000e+00
         vertex 6.811075e+00 2.037199e+00 2.800000e+00
      endloop
   endfacet
   facet normal -7.815985e-02 9.969408e-01 0.000000e+00
      outer loop
         vertex 6.811075e+00 2.037199e+00 1.500000e+01
         vertex 6.811075e+00 2.037199e+00 2.800000e+00
         vertex 6.352302e+00 2.001232e+00 1.500000e+01
      endloop
   endfacet
   facet normal -7.815985e-02 9.969408e-01 0.000000e+00
      outer loop
         vertex 6.352302e+00 2.001232e+00 1.500000e+01
         vertex 6.811075e+00 2.037199e+00 2.800000e+00
         vertex 6.352302e+00 2.001232e+00 2.800000e+00
      endloop
   endfacet
   facet normal 3.008834e-02 9.995472e-01 0.000000e+00
      outer loop
         vertex 6.352302e+00 2.001232e+00 1.500000e+01
         vertex 6.352302e+00 2.001232e+00 2.800000e+00
         vertex 5.892333e+00 2.015078e+00 1.500000e+01
      endloop
   endfacet
   facet normal 3.008834e-02 9.995472e-01 0.000000e+00
      outer loop
         vertex 5.892333e+00 2.015078e+00 1.500000e+01
         vertex 6.352302e+00 2.001232e+00 2.800000e+00
         vertex 5.892333e+00 2.015078e+00 2.800000e+00
      endloop
   endfacet
   facet normal 1.379791e-01 9.904351e-01 0.000000e+00
      outer loop
         vertex 5.892333e+00 2.015078e+00 1.500000e+01
         vertex 5.892333e+00 2.015078e+00 2.800000e+00
         vertex 5.436551e+00 2.078573e+00 1.500000e+01
      endloop
   endfacet
   facet normal 1.379791e-01 9.904351e-01 0.000000e+00
      outer loop
         vertex 5.436551e+00 2.078573e+00 1.500000e+01
         vertex 5.892333e+00 2.015078e+00 2.800000e+00
         vertex 5.436551e+00 2.078573e+00 2.800000e+00
      endloop
   endfacet
   facet normal 2.442572e-01 9.697105e-01 0.000000e+00
      outer loop
         vertex 5.436551e+00 2.078573e+00 1.500000e+01
         vertex 5.436551e+00 2.078573e+00 2.800000e+00
         vertex 4.990309e+00 2.190975e+00 1.500000e+01
      endloop
   endfacet
   facet normal 2.442572e-01 9.697105e-01 0.000000e+00
      outer loop
         vertex 4.990309e+00 2.190975e+00 1.500000e+01
         vertex 5.436551e+00 2.078573e+00 2.800000e+00
         vertex 4.990309e+00 2.190975e+00 2.800000e+00
      endloop
   endfacet
   facet normal 3.476691e-01 9.376173e-01 0.000000e+00
      outer loop
         vertex 4.990309e+00 2.190975e+00 1.500000e+01
         vertex 4.990309e+00 2.190975e+00 2.800000e+00
         vertex 4.558835e+00 2.350966e+00 1.500000e+01
      endloop
   endfacet
   facet normal 3.476691e-01 9.376173e-01 0.000000e+00
      outer loop
         vertex 4.558835e+00 2.350966e+00 1.500000e+01
         vertex 4.990309e+00 2.190975e+00 2.800000e+00
         vertex 4.558835e+00 2.350966e+00 2.800000e+00
      endloop
   endfacet
   facet normal 4.470063e-01 8.945308e-01 0.000000e+00
      outer loop
         vertex 4.558835e+00 2.350966e+00 1.500000e+01
         vertex 4.558835e+00 2.350966e+00 2.800000e+00
         vertex 4.147191e+00 2.556670e+00 1.500000e+01
      endloop
   endfacet
   facet normal 4.470063e-01 8.945308e-01 0.000000e+00
      outer loop
         vertex 4.147191e+00 2.556670e+00 1.500000e+01
         vertex 4.558835e+00 2.350966e+00 2.800000e+00
         vertex 4.147191e+00 2.556670e+00 2.800000e+00
      endloop
   endfacet
   facet normal 5.411002e-01 8.409581e-01 0.000000e+00
      outer loop
         vertex 4.147191e+00 2.556670e+00 1.500000e+01
         vertex 4.147191e+00 2.556670e+00 2.800000e+00
         vertex 3.760196e+00 2.805674e+00 1.500000e+01
      endloop
   endfacet
   facet normal 5.411002e-01 8.409581e-01 0.000000e+00
      outer loop
         vertex 3.760196e+00 2.805674e+00 1.500000e+01
         vertex 4.147191e+00 2.556670e+00 2.800000e+00
         vertex 3.760196e+00 2.805674e+00 2.800000e+00
      endloop
   endfacet
   facet normal 6.288545e-01 7.775230e-01 0.000000e+00
      outer loop
         vertex 3.760196e+00 2.805674e+00 1.500000e+01
         vertex 3.760196e+00 2.805674e+00 2.800000e+00
         vertex 3.402397e+00 3.095060e+00 1.500000e+01
      endloop
   endfacet
   facet normal 6.288545e-01 7.775230e-01 0.000000e+00
      outer loop
         vertex 3.402397e+00 3.095060e+00 1.500000e+01
         vertex 3.760196e+00 2.805674e+00 2.800000e+00
         vertex 3.402397e+00 3.095060e+00 2.800000e+00
      endloop
   endfacet
   facet normal 7.092306e-01 7.049765e-01 0.000000e+00
      outer loop
         vertex 3.402397e+00 3.095060e+00 1.500000e+01
         vertex 3.402397e+00 3.095060e+00 2.800000e+00
         vertex 3.077980e+00 3.421434e+00 1.500000e+01
      endloop
   endfacet
   facet normal 7.092306e-01 7.049765e-01 0.000000e+00
      outer loop
         vertex 3.077980e+00 3.421434e+00 1.500000e+01
         vertex 3.402397e+00 3.095060e+00 2.800000e+00
         vertex 3.077980e+00 3.421434e+00 2.800000e+00
      endloop
   endfacet
   facet normal 7.812951e-01 6.241618e-01 0.000000e+00
      outer loop
         vertex 3.077980e+00 3.421434e+00 1.500000e+01
         vertex 3.077980e+00 3.421434e+00 2.800000e+00
         vertex 2.790753e+00 3.780971e+00 1.500000e+01
      endloop
   endfacet
   facet normal 7.812951e-01 6.241618e-01 0.000000e+00
      outer loop
         vertex 2.790753e+00 3.780971e+00 1.500000e+01
         vertex 3.077980e+00 3.421434e+00 2.800000e+00
         vertex 2.790753e+00 3.780971e+00 2.800000e+00
      endloop
   endfacet
   facet normal 8.441997e-01 5.360287e-01 0.000000e+00
      outer loop
         vertex 2.790753e+00 3.780971e+00 1.500000e+01
         vertex 2.790753e+00 3.780971e+00 2.800000e+00
         vertex 2.544083e+00 4.169456e+00 1.500000e+01
      endloop
   endfacet
   facet normal 8.441997e-01 5.360287e-01 0.000000e+00
      outer loop
         vertex 2.544083e+00 4.169456e+00 1.500000e+01
         vertex 2.790753e+00 3.780971e+00 2.800000e+00
         vertex 2.544083e+00 4.169456e+00 2.800000e+00
      endloop
   endfacet
   facet normal 8.972054e-01 4.416135e-01 0.000000e+00
      outer loop
         vertex 2.544083e+00 4.169456e+00 1.500000e+01
         vertex 2.544083e+00 4.169456e+00 2.800000e+00
         vertex 2.340861e+00 4.582332e+00 1.500000e+01
      endloop
   endfacet
   facet normal 8.972054e-01 4.416135e-01 0.000000e+00
      outer loop
         vertex 2.340861e+00 4.582332e+00 1.500000e+01
         vertex 2.544083e+00 4.169456e+00 2.800000e+00
         vertex 2.340861e+00 4.582332e+00 2.800000e+00
      endloop
   endfacet
   facet normal 9.396908e-01 3.420251e-01 0.000000e+00
      outer loop
         vertex 2.340861e+00 4.582332e+00 1.500000e+01
         vertex 2.340861e+00 4.582332e+00 2.800000e+00
         vertex 2.183467e+00 5.014760e+00 1.500000e+01
      endloop
   endfacet
   facet normal 9.396908e-01 3.420251e-01 0.000000e+00
      outer loop
         vertex 2.183467e+00 5.014760e+00 1.500000e+01
         vertex 2.340861e+00 4.582332e+00 2.800000e+00
         vertex 2.183467e+00 5.014760e+00 2.800000e+00
      endloop
   endfacet
   facet normal 9.711636e-01 2.384139e-01 0.000000e+00
      outer loop
         vertex 2.183467e+00 5.014760e+00 1.500000e+01
         vertex 2.183467e+00 5.014760e+00 2.800000e+00
         vertex 2.073754e+00 5.461671e+00 1.500000e+01
      endloop
   endfacet
   facet normal 9.711636e-01 2.384139e-01 0.000000e+00
      outer loop
         vertex 2.073754e+00 5.461671e+00 1.500000e+01
         vertex 2.183467e+00 5.014760e+00 2.800000e+00
         vertex 2.073754e+00 5.461671e+00 2.800000e+00
      endloop
   endfacet
   facet normal 9.912473e-01 1.320179e-01 0.000000e+00
      outer loop
         vertex 2.073754e+00 5.461671e+00 1.500000e+01
         vertex 2.073754e+00 5.461671e+00 2.800000e+00
         vertex 2.013002e+00 5.917824e+00 1.500000e+01
      endloop
   endfacet
   facet normal 9.912473e-01 1.320179e-01 0.000000e+00
      outer loop
         vertex 2.013002e+00 5.917824e+00 1.500000e+01
         vertex 2.073754e+00 5.461671e+00 2.800000e+00
         vertex 2.013002e+00 5.917824e+00 2.800000e+00
      endloop
   endfacet
   facet normal 9.997103e-01 2.406727e-02 0.000000e+00
      outer loop
         vertex 2.013002e+00 5.917824e+00 1.500000e+01
         vertex 2.013002e+00 5.917824e+00 2.800000e+00
         vertex 2.001926e+00 6.377871e+00 1.500000e+01
      endloop
   endfacet
   facet normal 9.997103e-01 2.406727e-02 0.000000e+00
      outer loop
         vertex 2.001926e+00 6.377871e+00 1.500000e+01
         vertex 2.013002e+00 5.917824e+00 2.800000e+00
         vertex 2.001926e+00 6.377871e+00 2.800000e+00
      endloop
   endfacet
   facet normal 9.964524e-01 -8.415847e-02 0.000000e+00
      outer loop
         vertex 2.001926e+00 6.377871e+00 1.500000e+01
         vertex 2.001926e+00 6.377871e+00 2.800000e+00
         vertex 2.040654e+00 6.836419e+00 1.500000e+01
      endloop
   endfacet
   facet normal 9.964524e-01 -8.415847e-02 0.000000e+00
      outer loop
         vertex 2.040654e+00 6.836419e+00 1.500000e+01
         vertex 2.001926e+00 6.377871e+00 2.800000e+00
         vertex 2.040654e+00 6.836419e+00 2.800000e+00
      endloop
   endfacet
   facet normal 9.815127e-01 -1.913968e-01 0.000000e+00
      outer loop
         vertex 2.040654e+00 6.836419e+00 1.500000e+01
         vertex 2.040654e+00 6.836419e+00 2.800000e+00
         vertex 2.128731e+00 7.288092e+00 1.500000e+01
      endloop
   endfacet
   facet normal 9.815127e-01 -1.913968e-01 0.000000e+00
      outer loop
         vertex 2.128731e+00 7.288092e+00 1.500000e+01
         vertex 2.040654e+00 6.836419e+00 2.800000e+00
         vertex 2.128731e+00 7.288092e+00 2.800000e+00
      endloop
   endfacet
   facet normal 9.550638e-01 -2.964002e-01 0.000000e+00
      outer loop
         vertex 2.128731e+00 7.288092e+00 1.500000e+01
         vertex 2.128731e+00 7.288092e+00 2.800000e+00
         vertex 2.265129e+00 7.727595e+00 1.500000e+01
      endloop
   endfacet
   facet normal 9.550638e-01 -2.964002e-01 0.000000e+00
      outer loop
         vertex 2.265129e+00 7.727595e+00 1.500000e+01
         vertex 2.128731e+00 7.288092e+00 2.800000e+00
         vertex 2.265129e+00 7.727595e+00 2.800000e+00
      endloop
   endfacet
   facet normal 9.174219e-01 -3.979158e-01 0.000000e+00
      outer loop
         vertex 2.265129e+00 7.727595e+00 1.500000e+01
         vertex 2.265129e+00 7.727595e+00 2.800000e+00
         vertex 2.448242e+00 8.149774e+00 1.500000e+01
      endloop
   endfacet
   facet normal 9.174219e-01 -3.979158e-01 0.000000e+00
      outer loop
         vertex 2.448242e+00 8.149774e+00 1.500000e+01
         vertex 2.265129e+00 7.727595e+00 2.800000e+00
         vertex 2.448242e+00 8.149774e+00 2.800000e+00
      endloop
   endfacet
   facet normal 8.690170e-01 -4.947823e-01 0.000000e+00
      outer loop
         vertex 2.448242e+00 8.149774e+00 1.500000e+01
         vertex 2.448242e+00 8.149774e+00 2.800000e+00
         vertex 2.675932e+00 8.549680e+00 1.500000e+01
      endloop
   endfacet
   facet normal 8.690170e-01 -4.947823e-01 0.000000e+00
      outer loop
         vertex 2.675932e+00 8.549680e+00 1.500000e+01
         vertex 2.448242e+00 8.149774e+00 2.800000e+00
         vertex 2.675932e+00 8.549680e+00 2.800000e+00
      endloop
   endfacet
   facet normal 8.104319e-01 -5.858328e-01 0.000000e+00
      outer loop
         vertex 2.675932e+00 8.549680e+00 1.500000e+01
         vertex 2.675932e+00 8.549680e+00 2.800000e+00
         vertex 2.945520e+00 8.922623e+00 1.500000e+01
      endloop
   endfacet
   facet normal 8.104319e-01 -5.858328e-01 0.000000e+00
      outer loop
         vertex 2.945520e+00 8.922623e+00 1.500000e+01
         vertex 2.675932e+00 8.549680e+00 2.800000e+00
         vertex 2.945520e+00 8.922623e+00 2.800000e+00
      endloop
   endfacet
   facet normal 7.423363e-01 -6.700275e-01 0.000000e+00
      outer loop
         vertex 2.945520e+00 8.922623e+00 1.500000e+01
         vertex 2.945520e+00 8.922623e+00 2.800000e+00
         vertex 3.253855e+00 9.264234e+00 1.500000e+01
      endloop
   endfacet
   facet normal 7.423363e-01 -6.700275e-01 0.000000e+00
      outer loop
         vertex 3.253855e+00 9.264234e+00 1.500000e+01
         vertex 2.945520e+00 8.922623e+00 2.800000e+00
         vertex 3.253855e+00 9.264234e+00 2.800000e+00
      endloop
   endfacet
   facet normal 6.655478e-01 -7.463552e-01 0.000000e+00
      outer loop
         vertex 3.253855e+00 9.264234e+00 1.500000e+01
         vertex 3.253855e+00 9.264234e+00 2.800000e+00
         vertex 3.597312e+00 9.570505e+00 1.500000e+01
      endloop
   endfacet
   facet normal 6.655478e-01 -7.463552e-01 0.000000e+00
      outer loop
         vertex 3.597312e+00 9.570505e+00 1.500000e+01
         vertex 3.253855e+00 9.264234e+00 2.800000e+00
         vertex 3.597312e+00 9.570505e+00 2.800000e+00
      endloop
   endfacet
   facet normal 5.809443e-01 -8.139433e-01 0.000000e+00
      outer loop
         vertex 3.597312e+00 9.570505e+00 1.500000e+01
         vertex 3.597312e+00 9.570505e+00 2.800000e+00
         vertex 3.971875e+00 9.837845e+00 1.500000e+01
      endloop
   endfacet
   facet normal 5.809443e-01 -8.139433e-01 0.000000e+00
      outer loop
         vertex 3.971875e+00 9.837845e+00 1.500000e+01
         vertex 3.597312e+00 9.570505e+00 2.800000e+00
         vertex 3.971875e+00 9.837845e+00 2.800000e+00
      endloop
   endfacet
   facet normal 4.895427e-01 -8.719793e-01 0.000000e+00
      outer loop
         vertex 3.971875e+00 9.837845e+00 1.500000e+01
         vertex 3.971875e+00 9.837845e+00 2.800000e+00
         vertex 4.373141e+00 1.006312e+01 1.500000e+01
      endloop
   endfacet
   facet normal 4.895427e-01 -8.719793e-01 0.000000e+00
      outer loop
         vertex 4.373141e+00 1.006312e+01 1.500000e+01
         vertex 3.971875e+00 9.837845e+00 2.800000e+00
         vertex 4.373141e+00 1.006312e+01 2.800000e+00
      endloop
   endfacet
   facet normal 3.923914e-01 -9.197984e-01 0.000000e+00
      outer loop
         vertex 4.373141e+00 1.006312e+01 1.500000e+01
         vertex 4.373141e+00 1.006312e+01 2.800000e+00
         vertex 4.796416e+00 1.024369e+01 1.500000e+01
      endloop
   endfacet
   facet normal 3.923914e-01 -9.197984e-01 0.000000e+00
      outer loop
         vertex 4.796416e+00 1.024369e+01 1.500000e+01
         vertex 4.373141e+00 1.006312e+01 2.800000e+00
         vertex 4.796416e+00 1.024369e+01 2.800000e+00
      endloop
   endfacet
   facet normal 3.420202e-01 -9.396926e-01 0.000000e+00
      outer loop
         vertex 2.356932e+01 1.707647e+01 1.500000e+01
         vertex 4.796416e+00 1.024369e+01 1.500000e+01
         vertex 2.356932e+01 1.707647e+01 2.800000e+00
      endloop
   endfacet
   facet normal 3.420202e-01 -9.396926e-01 0.000000e+00
      outer loop
         vertex 2.356932e+01 1.707647e+01 2.800000e+00
         vertex 4.796416e+00 1.024369e+01 1.500000e+01
         vertex 4.796416e+00 1.024369e+01 2.800000e+00
      endloop
   endfacet
   facet normal 0.000000e+00 0.000000e+00 1.000000e+00
      outer loop
         vertex 8.904880e+01 1.772555e+01 1.500000e+01
         vertex 9.533592e+01 1.772555e+01 1.500000e+01
         vertex 9.533592e+01 1.802257e+01 1.500000e+01
      endloop
   endfacet
   facet normal 0.000000e+00 -0.000000e+00 1.000000e+00
      outer loop
         vertex 5.104880e+01 1.772555e+01 1.500000e+01
         vertex 6.654880e+01 1.772555e+01 1.500000e+01
         vertex 2.500000e+01 1.972555e+01 1.500000e+01
      endloop
   endfacet
   facet normal 0.000000e+00 0.000000e+00 1.000000e+00
      outer loop
         vertex 2.500000e+01 1.972555e+01 1.500000e+01
         vertex 6.654880e+01 1.772555e+01 1.500000e+01
         vertex 7.004880e+01 1.772555e+01 1.500000e+01
      endloop
   endfacet
   facet normal 0.000000e+00 -0.000000e+00 1.000000e+00
      outer loop
         vertex 8.904880e+01 1.772555e+01 1.500000e+01
         vertex 9.533592e+01 1.802257e+01 1.500000e+01
         vertex 8.554880e+01 1.772555e+01 1.500000e+01
      endloop
   endfacet
   facet normal 0.000000e+00 -0.000000e+00 1.000000e+00
      outer loop
         vertex 1.146075e+02 1.949849e+01 1.500000e+01
         vertex 1.152224e+02 1.962287e+01 1.500000e+01
         vertex 2.500000e+01 1.972555e+01 1.500000e+01
      endloop
   endfacet
   facet normal 0.000000e+00 -0.000000e+00 1.000000e+00
      outer loop
         vertex 1.152224e+02 1.962287e+01 1.500000e+01
         vertex 1.158450e+02 1.969870e+01 1.500000e+01
         vertex 2.500000e+01 1.972555e+01 1.500000e+01
      endloop
   endfacet
   facet normal 0.000000e+00 0.000000e+00 1.000000e+00
      outer loop
         vertex 2.500000e+01 1.972555e+01 1.500000e+01
         vertex 1.158450e+02 1.969870e+01 1.500000e+01
         vertex 1.164718e+02 1.972550e+01 1.500000e+01
      endloop
   endfacet
   facet normal -0.000000e+00 0.000000e+00 1.000000e+00
      outer loop
         vertex 2.500000e+01 1.972555e+01 1.500000e+01
         vertex 1.164718e+02 1.972550e+01 1.500000e+01
         vertex 1.165000e+02 1.972555e+01 1.500000e+01
      endloop
   endfacet
   facet normal 0.000000e+00 -0.000000e+00 1.000000e+00
      outer loop
         vertex 1.117805e+02 1.818515e+01 1.500000e+01
         vertex 1.123011e+02 1.853507e+01 1.500000e+01
         vertex 1.076419e+02 1.802257e+01 1.500000e+01
      endloop
   endfacet
   facet normal 0.000000e+00 0.000000e+00 1.000000e+00
      outer loop
         vertex 1.076419e+02 1.802257e+01 1.500000e+01
         vertex 1.123011e+02 1.853507e+01 1.500000e+01
         vertex 1.128476e+02 1.884312e+01 1.500000e+01
      endloop
   endfacet
   facet normal 0.000000e+00 0.000000e+00 1.000000e+00
      outer loop
         vertex 1.076419e+02 1.802257e+01 1.500000e+01
         vertex 1.128476e+02 1.884312e+01 1.500000e+01
         vertex 1.134165e+02 1.910741e+01 1.500000e+01
      endloop
   endfacet
   facet normal 0.000000e+00 -0.000000e+00 1.000000e+00
      outer loop
         vertex 1.134165e+02 1.910741e+01 1.500000e+01
         vertex 1.140043e+02 1.932632e+01 1.500000e+01
         vertex 1.076419e+02 1.802257e+01 1.500000e+01
      endloop
   endfacet
   facet normal 0.000000e+00 0.000000e+00 1.000000e+00
      outer loop
         vertex 1.076419e+02 1.802257e+01 1.500000e+01
         vertex 1.140043e+02 1.932632e+01 1.500000e+01
         vertex 1.146075e+02 1.949849e+01 1.500000e+01
      endloop
   endfacet
   facet normal 0.000000e+00 -0.000000e+00 1.000000e+00
      outer loop
         vertex 1.076419e+02 1.802257e+01 1.500000e+01
         vertex 1.146075e+02 1.949849e+01 1.500000e+01
         vertex 9.533592e+01 1.802257e+01 1.500000e+01
      endloop
   endfacet
   facet normal 0.000000e+00 -0.000000e+00 1.000000e+00
      outer loop
         vertex 9.533592e+01 1.802257e+01 1.500000e+01
         vertex 1.146075e+02 1.949849e+01 1.500000e+01
         vertex 2.500000e+01 1.972555e+01 1.500000e+01
      endloop
   endfacet
   facet normal 0.000000e+00 0.000000e+00 1.000000e+00
      outer loop
         vertex 9.533592e+01 1.802257e+01 1.500000e+01
         vertex 2.500000e+01 1.972555e+01 1.500000e+01
         vertex 8.554880e+01 1.772555e+01 1.500000e+01
      endloop
   endfacet
   facet normal 0.000000e+00 0.000000e+00 1.000000e+00
      outer loop
         vertex 8.554880e+01 1.772555e+01 1.500000e+01
         vertex 2.500000e+01 1.972555e+01 1.500000e+01
         vertex 7.004880e+01 1.772555e+01 1.500000e+01
      endloop
   endfacet
   facet normal 0.000000e+00 0.000000e+00 1.000000e+00
      outer loop
         vertex 3.971875e+00 9.837845e+00 1.500000e+01
         vertex 2.626952e+00 1.134274e+01 1.500000e+01
         vertex 3.597312e+00 9.570505e+00 1.500000e+01
      endloop
   endfacet
   facet normal 0.000000e+00 0.000000e+00 1.000000e+00
      outer loop
         vertex 3.597312e+00 9.570505e+00 1.500000e+01
         vertex 2.626952e+00 1.134274e+01 1.500000e+01
         vertex 2.185028e+00 1.099747e+01 1.500000e+01
      endloop
   endfacet
   facet normal 0.000000e+00 0.000000e+00 1.000000e+00
      outer loop
         vertex 3.597312e+00 9.570505e+00 1.500000e+01
         vertex 2.185028e+00 1.099747e+01 1.500000e+01
         vertex 3.253855e+00 9.264234e+00 1.500000e+01
      endloop
   endfacet
   facet normal 0.000000e+00 0.000000e+00 1.000000e+00
      outer loop
         vertex 3.253855e+00 9.264234e+00 1.500000e+01
         vertex 2.185028e+00 1.099747e+01 1.500000e+01
         vertex 1.775835e+00 1.061398e+01 1.500000e+01
      endloop
   endfacet
   facet normal 0.000000e+00 0.000000e+00 1.000000e+00
      outer loop
         vertex 3.253855e+00 9.264234e+00 1.500000e+01
         vertex 1.775835e+00 1.061398e+01 1.500000e+01
         vertex 2.945520e+00 8.922623e+00 1.500000e+01
      endloop
   endfacet
   facet normal 0.000000e+00 0.000000e+00 1.000000e+00
      outer loop
         vertex 2.945520e+00 8.922623e+00 1.500000e+01
         vertex 1.775835e+00 1.061398e+01 1.500000e+01
         vertex 1.402661e+00 1.019535e+01 1.500000e+01
      endloop
   endfacet
   facet normal 0.000000e+00 0.000000e+00 1.000000e+00
      outer loop
         vertex 2.945520e+00 8.922623e+00 1.500000e+01
         vertex 1.402661e+00 1.019535e+01 1.500000e+01
         vertex 2.675932e+00 8.549680e+00 1.500000e+01
      endloop
   endfacet
   facet normal 0.000000e+00 0.000000e+00 1.000000e+00
      outer loop
         vertex 2.675932e+00 8.549680e+00 1.500000e+01
         vertex 1.402661e+00 1.019535e+01 1.500000e+01
         vertex 1.068518e+00 9.744956e+00 1.500000e+01
      endloop
   endfacet
   facet normal 0.000000e+00 0.000000e+00 1.000000e+00
      outer loop
         vertex 2.675932e+00 8.549680e+00 1.500000e+01
         vertex 1.068518e+00 9.744956e+00 1.500000e+01
         vertex 2.448242e+00 8.149774e+00 1.500000e+01
      endloop
   endfacet
   facet normal 0.000000e+00 -0.000000e+00 1.000000e+00
      outer loop
         vertex 2.356932e+01 1.707647e+01 1.500000e+01
         vertex 2.500000e+01 1.972555e+01 1.500000e+01
         vertex 4.796416e+00 1.024369e+01 1.500000e+01
      endloop
   endfacet
   facet normal 0.000000e+00 -0.000000e+00 1.000000e+00
      outer loop
         vertex 4.796416e+00 1.024369e+01 1.500000e+01
         vertex 2.500000e+01 1.972555e+01 1.500000e+01
         vertex 4.112374e+00 1.212308e+01 1.500000e+01
      endloop
   endfacet
   facet normal 0.000000e+00 0.000000e+00 1.000000e+00
      outer loop
         vertex 4.796416e+00 1.024369e+01 1.500000e+01
         vertex 4.112374e+00 1.212308e+01 1.500000e+01
         vertex 4.373141e+00 1.006312e+01 1.500000e+01
      endloop
   endfacet
   facet normal 0.000000e+00 0.000000e+00 1.000000e+00
      outer loop
         vertex 4.373141e+00 1.006312e+01 1.500000e+01
         vertex 4.112374e+00 1.212308e+01 1.500000e+01
         vertex 3.594521e+00 1.190782e+01 1.500000e+01
      endloop
   endfacet
   facet normal 0.000000e+00 0.000000e+00 1.000000e+00
      outer loop
         vertex 4.373141e+00 1.006312e+01 1.500000e+01
         vertex 3.594521e+00 1.190782e+01 1.500000e+01
         vertex 3.971875e+00 9.837845e+00 1.500000e+01
      endloop
   endfacet
   facet normal 0.000000e+00 0.000000e+00 1.000000e+00
      outer loop
         vertex 3.971875e+00 9.837845e+00 1.500000e+01
         vertex 3.594521e+00 1.190782e+01 1.500000e+01
         vertex 3.098048e+00 1.164701e+01 1.500000e+01
      endloop
   endfacet
   facet normal 0.000000e+00 0.000000e+00 1.000000e+00
      outer loop
         vertex 3.971875e+00 9.837845e+00 1.500000e+01
         vertex 3.098048e+00 1.164701e+01 1.500000e+01
         vertex 2.626952e+00 1.134274e+01 1.500000e+01
      endloop
   endfacet
   facet normal 0.000000e+00 0.000000e+00 1.000000e+00
      outer loop
         vertex 1.076419e+02 1.772555e+01 1.500000e+01
         vertex 1.112085e+02 1.772555e+01 1.500000e+01
         vertex 1.076419e+02 1.802257e+01 1.500000e+01
      endloop
   endfacet
   facet normal 0.000000e+00 0.000000e+00 1.000000e+00
      outer loop
         vertex 1.076419e+02 1.802257e+01 1.500000e+01
         vertex 1.112085e+02 1.772555e+01 1.500000e+01
         vertex 1.112889e+02 1.779552e+01 1.500000e+01
      endloop
   endfacet
   facet normal -0.000000e+00 0.000000e+00 1.000000e+00
      outer loop
         vertex 1.076419e+02 1.802257e+01 1.500000e+01
         vertex 1.112889e+02 1.779552e+01 1.500000e+01
         vertex 1.117805e+02 1.818515e+01 1.500000e+01
      endloop
   endfacet
   facet normal -0.000000e+00 0.000000e+00 1.000000e+00
      outer loop
         vertex 6.352302e+00 2.001232e+00 1.500000e+01
         vertex 6.748136e+00 1.988281e-02 1.500000e+01
         vertex 6.811075e+00 2.037199e+00 1.500000e+01
      endloop
   endfacet
   facet normal 0.000000e+00 0.000000e+00 1.000000e+00
      outer loop
         vertex 6.811075e+00 2.037199e+00 1.500000e+01
         vertex 6.748136e+00 1.988281e-02 1.500000e+01
         vertex 7.304594e+00 8.961651e-02 1.500000e+01
      endloop
   endfacet
   facet normal -0.000000e+00 0.000000e+00 1.000000e+00
      outer loop
         vertex 6.811075e+00 2.037199e+00 1.500000e+01
         vertex 7.304594e+00 8.961651e-02 1.500000e+01
         vertex 7.263273e+00 2.122558e+00 1.500000e+01
      endloop
   endfacet
   facet normal 0.000000e+00 0.000000e+00 1.000000e+00
      outer loop
         vertex 7.263273e+00 2.122558e+00 1.500000e+01
         vertex 7.304594e+00 8.961651e-02 1.500000e+01
         vertex 7.852562e+00 2.089487e-01 1.500000e+01
      endloop
   endfacet
   facet normal -0.000000e+00 0.000000e+00 1.000000e+00
      outer loop
         vertex 7.263273e+00 2.122558e+00 1.500000e+01
         vertex 7.852562e+00 2.089487e-01 1.500000e+01
         vertex 7.703587e+00 2.256307e+00 1.500000e+01
      endloop
   endfacet
   facet normal 0.000000e+00 0.000000e+00 1.000000e+00
      outer loop
         vertex 7.703587e+00 2.256307e+00 1.500000e+01
         vertex 7.852562e+00 2.089487e-01 1.500000e+01
         vertex 8.387625e+00 3.769211e-01 1.500000e+01
      endloop
   endfacet
   facet normal -0.000000e+00 0.000000e+00 1.000000e+00
      outer loop
         vertex 7.703587e+00 2.256307e+00 1.500000e+01
         vertex 8.387625e+00 3.769211e-01 1.500000e+01
         vertex 2.553197e+01 8.745307e+00 1.500000e+01
      endloop
   endfacet
   facet normal 0.000000e+00 0.000000e+00 1.000000e+00
      outer loop
         vertex 2.553197e+01 8.745307e+00 1.500000e+01
         vertex 8.387625e+00 3.769211e-01 1.500000e+01
         vertex 2.788625e+01 7.473839e+00 1.500000e+01
      endloop
   endfacet
   facet normal -0.000000e+00 -0.000000e+00 1.000000e+00
      outer loop
         vertex 2.553197e+01 8.745307e+00 1.500000e+01
         vertex 2.788625e+01 7.473839e+00 1.500000e+01
         vertex 2.356932e+01 1.707647e+01 1.500000e+01
      endloop
   endfacet
   facet normal -0.000000e+00 0.000000e+00 1.000000e+00
      outer loop
         vertex 2.356932e+01 1.707647e+01 1.500000e+01
         vertex 2.788625e+01 7.473839e+00 1.500000e+01
         vertex 2.547116e+01 1.772555e+01 1.500000e+01
      endloop
   endfacet
   facet normal 0.000000e+00 0.000000e+00 1.000000e+00
      outer loop
         vertex 2.356932e+01 1.707647e+01 1.500000e+01
         vertex 2.547116e+01 1.772555e+01 1.500000e+01
         vertex 2.500000e+01 1.972555e+01 1.500000e+01
      endloop
   endfacet
   facet normal 0.000000e+00 0.000000e+00 1.000000e+00
      outer loop
         vertex 2.500000e+01 1.972555e+01 1.500000e+01
         vertex 2.547116e+01 1.772555e+01 1.500000e+01
         vertex 4.754880e+01 1.772555e+01 1.500000e+01
      endloop
   endfacet
   facet normal 0.000000e+00 0.000000e+00 1.000000e+00
      outer loop
         vertex 2.500000e+01 1.972555e+01 1.500000e+01
         vertex 4.754880e+01 1.772555e+01 1.500000e+01
         vertex 5.104880e+01 1.772555e+01 1.500000e+01
      endloop
   endfacet
   facet normal 0.000000e+00 0.000000e+00 1.000000e+00
      outer loop
         vertex 2.544083e+00 4.169456e+00 1.500000e+01
         vertex 9.998381e-01 2.859086e+00 1.500000e+01
         vertex 2.790753e+00 3.780971e+00 1.500000e+01
      endloop
   endfacet
   facet normal 0.000000e+00 0.000000e+00 1.000000e+00
      outer loop
         vertex 2.790753e+00 3.780971e+00 1.500000e+01
         vertex 9.998381e-01 2.859086e+00 1.500000e+01
         vertex 1.324933e+00 2.402116e+00 1.500000e+01
      endloop
   endfacet
   facet normal 0.000000e+00 0.000000e+00 1.000000e+00
      outer loop
         vertex 2.790753e+00 3.780971e+00 1.500000e+01
         vertex 1.324933e+00 2.402116e+00 1.500000e+01
         vertex 3.077980e+00 3.421434e+00 1.500000e+01
      endloop
   endfacet
   facet normal 0.000000e+00 0.000000e+00 1.000000e+00
      outer loop
         vertex 3.077980e+00 3.421434e+00 1.500000e+01
         vertex 1.324933e+00 2.402116e+00 1.500000e+01
         vertex 1.689684e+00 1.976127e+00 1.500000e+01
      endloop
   endfacet
   facet normal 0.000000e+00 0.000000e+00 1.000000e+00
      outer loop
         vertex 3.077980e+00 3.421434e+00 1.500000e+01
         vertex 1.689684e+00 1.976127e+00 1.500000e+01
         vertex 3.402397e+00 3.095060e+00 1.500000e+01
      endloop
   endfacet
   facet normal 0.000000e+00 0.000000e+00 1.000000e+00
      outer loop
         vertex 3.402397e+00 3.095060e+00 1.500000e+01
         vertex 1.689684e+00 1.976127e+00 1.500000e+01
         vertex 2.091147e+00 1.584549e+00 1.500000e+01
      endloop
   endfacet
   facet normal 0.000000e+00 0.000000e+00 1.000000e+00
      outer loop
         vertex 3.402397e+00 3.095060e+00 1.500000e+01
         vertex 2.091147e+00 1.584549e+00 1.500000e+01
         vertex 3.760196e+00 2.805674e+00 1.500000e+01
      endloop
   endfacet
   facet normal 0.000000e+00 0.000000e+00 1.000000e+00
      outer loop
         vertex 3.760196e+00 2.805674e+00 1.500000e+01
         vertex 2.091147e+00 1.584549e+00 1.500000e+01
         vertex 2.526097e+00 1.230533e+00 1.500000e+01
      endloop
   endfacet
   facet normal 0.000000e+00 0.000000e+00 1.000000e+00
      outer loop
         vertex 3.760196e+00 2.805674e+00 1.500000e+01
         vertex 2.526097e+00 1.230533e+00 1.500000e+01
         vertex 4.147191e+00 2.556670e+00 1.500000e+01
      endloop
   endfacet
   facet normal -0.000000e+00 0.000000e+00 1.000000e+00
      outer loop
         vertex 2.526097e+00 1.230533e+00 1.500000e+01
         vertex 2.991032e+00 9.169318e-01 1.500000e+01
         vertex 4.147191e+00 2.556670e+00 1.500000e+01
      endloop
   endfacet
   facet normal 0.000000e+00 0.000000e+00 1.000000e+00
      outer loop
         vertex 4.147191e+00 2.556670e+00 1.500000e+01
         vertex 2.991032e+00 9.169318e-01 1.500000e+01
         vertex 3.482204e+00 6.462699e-01 1.500000e+01
      endloop
   endfacet
   facet normal 0.000000e+00 0.000000e+00 1.000000e+00
      outer loop
         vertex 4.147191e+00 2.556670e+00 1.500000e+01
         vertex 3.482204e+00 6.462699e-01 1.500000e+01
         vertex 4.558835e+00 2.350966e+00 1.500000e+01
      endloop
   endfacet
   facet normal 0.000000e+00 0.000000e+00 1.000000e+00
      outer loop
         vertex 4.558835e+00 2.350966e+00 1.500000e+01
         vertex 3.482204e+00 6.462699e-01 1.500000e+01
         vertex 3.995661e+00 4.207250e-01 1.500000e+01
      endloop
   endfacet
   facet normal 0.000000e+00 0.000000e+00 1.000000e+00
      outer loop
         vertex 4.558835e+00 2.350966e+00 1.500000e+01
         vertex 3.995661e+00 4.207250e-01 1.500000e+01
         vertex 4.990309e+00 2.190975e+00 1.500000e+01
      endloop
   endfacet
   facet normal 0.000000e+00 0.000000e+00 1.000000e+00
      outer loop
         vertex 4.990309e+00 2.190975e+00 1.500000e+01
         vertex 3.995661e+00 4.207250e-01 1.500000e+01
         vertex 4.527267e+00 2.421141e-01 1.500000e+01
      endloop
   endfacet
   facet normal 0.000000e+00 0.000000e+00 1.000000e+00
      outer loop
         vertex 4.990309e+00 2.190975e+00 1.500000e+01
         vertex 4.527267e+00 2.421141e-01 1.500000e+01
         vertex 5.436551e+00 2.078573e+00 1.500000e+01
      endloop
   endfacet
   facet normal 0.000000e+00 0.000000e+00 1.000000e+00
      outer loop
         vertex 5.436551e+00 2.078573e+00 1.500000e+01
         vertex 4.527267e+00 2.421141e-01 1.500000e+01
         vertex 5.072746e+00 1.118761e-01 1.500000e+01
      endloop
   endfacet
   facet normal 0.000000e+00 0.000000e+00 1.000000e+00
      outer loop
         vertex 5.436551e+00 2.078573e+00 1.500000e+01
         vertex 5.072746e+00 1.118761e-01 1.500000e+01
         vertex 5.892333e+00 2.015078e+00 1.500000e+01
      endloop
   endfacet
   facet normal 0.000000e+00 0.000000e+00 1.000000e+00
      outer loop
         vertex 5.892333e+00 2.015078e+00 1.500000e+01
         vertex 5.072746e+00 1.118761e-01 1.500000e+01
         vertex 5.627703e+00 3.105775e-02 1.500000e+01
      endloop
   endfacet
   facet normal 0.000000e+00 0.000000e+00 1.000000e+00
      outer loop
         vertex 5.892333e+00 2.015078e+00 1.500000e+01
         vertex 5.627703e+00 3.105775e-02 1.500000e+01
         vertex 6.352302e+00 2.001232e+00 1.500000e+01
      endloop
   endfacet
   facet normal 0.000000e+00 0.000000e+00 1.000000e+00
      outer loop
         vertex 6.352302e+00 2.001232e+00 1.500000e+01
         vertex 5.627703e+00 3.105775e-02 1.500000e+01
         vertex 6.187670e+00 3.110617e-04 1.500000e+01
      endloop
   endfacet
   facet normal 0.000000e+00 0.000000e+00 1.000000e+00
      outer loop
         vertex 6.352302e+00 2.001232e+00 1.500000e+01
         vertex 6.187670e+00 3.110617e-04 1.500000e+01
         vertex 6.748136e+00 1.988281e-02 1.500000e+01
      endloop
   endfacet
   facet normal 0.000000e+00 0.000000e+00 1.000000e+00
      outer loop
         vertex 1.068518e+00 9.744956e+00 1.500000e+01
         vertex 7.760897e-01 9.266421e+00 1.500000e+01
         vertex 2.448242e+00 8.149774e+00 1.500000e+01
      endloop
   endfacet
   facet normal 0.000000e+00 0.000000e+00 1.000000e+00
      outer loop
         vertex 2.448242e+00 8.149774e+00 1.500000e+01
         vertex 7.760897e-01 9.266421e+00 1.500000e+01
         vertex 5.277358e-01 8.763601e+00 1.500000e+01
      endloop
   endfacet
   facet normal 0.000000e+00 0.000000e+00 1.000000e+00
      outer loop
         vertex 2.448242e+00 8.149774e+00 1.500000e+01
         vertex 5.277358e-01 8.763601e+00 1.500000e+01
         vertex 2.265129e+00 7.727595e+00 1.500000e+01
      endloop
   endfacet
   facet normal 0.000000e+00 0.000000e+00 1.000000e+00
      outer loop
         vertex 2.265129e+00 7.727595e+00 1.500000e+01
         vertex 5.277358e-01 8.763601e+00 1.500000e+01
         vertex 3.254563e-01 8.240541e+00 1.500000e+01
      endloop
   endfacet
   facet normal 0.000000e+00 0.000000e+00 1.000000e+00
      outer loop
         vertex 2.265129e+00 7.727595e+00 1.500000e+01
         vertex 3.254563e-01 8.240541e+00 1.500000e+01
         vertex 2.128731e+00 7.288092e+00 1.500000e+01
      endloop
   endfacet
   facet normal 0.000000e+00 0.000000e+00 1.000000e+00
      outer loop
         vertex 2.128731e+00 7.288092e+00 1.500000e+01
         vertex 3.254563e-01 8.240541e+00 1.500000e+01
         vertex 1.708753e-01 7.701456e+00 1.500000e+01
      endloop
   endfacet
   facet normal 0.000000e+00 0.000000e+00 1.000000e+00
      outer loop
         vertex 2.128731e+00 7.288092e+00 1.500000e+01
         vertex 1.708753e-01 7.701456e+00 1.500000e+01
         vertex 2.040654e+00 6.836419e+00 1.500000e+01
      endloop
   endfacet
   facet normal 0.000000e+00 0.000000e+00 1.000000e+00
      outer loop
         vertex 2.040654e+00 6.836419e+00 1.500000e+01
         vertex 1.708753e-01 7.701456e+00 1.500000e+01
         vertex 6.524101e-02 7.150684e+00 1.500000e+01
      endloop
   endfacet
   facet normal 0.000000e+00 0.000000e+00 1.000000e+00
      outer loop
         vertex 2.040654e+00 6.836419e+00 1.500000e+01
         vertex 6.524101e-02 7.150684e+00 1.500000e+01
         vertex 2.001926e+00 6.377871e+00 1.500000e+01
      endloop
   endfacet
   facet normal 0.000000e+00 0.000000e+00 1.000000e+00
      outer loop
         vertex 2.001926e+00 6.377871e+00 1.500000e+01
         vertex 6.524101e-02 7.150684e+00 1.500000e+01
         vertex 9.402633e-03 6.592661e+00 1.500000e+01
      endloop
   endfacet
   facet normal 0.000000e+00 0.000000e+00 1.000000e+00
      outer loop
         vertex 2.001926e+00 6.377871e+00 1.500000e+01
         vertex 9.402633e-03 6.592661e+00 1.500000e+01
         vertex 2.013002e+00 5.917824e+00 1.500000e+01
      endloop
   endfacet
   facet normal 0.000000e+00 0.000000e+00 1.000000e+00
      outer loop
         vertex 9.402633e-03 6.592661e+00 1.500000e+01
         vertex 3.807247e-03 6.031878e+00 1.500000e+01
         vertex 2.013002e+00 5.917824e+00 1.500000e+01
      endloop
   endfacet
   facet normal 0.000000e+00 0.000000e+00 1.000000e+00
      outer loop
         vertex 2.013002e+00 5.917824e+00 1.500000e+01
         vertex 3.807247e-03 6.031878e+00 1.500000e+01
         vertex 4.850700e-02 5.472852e+00 1.500000e+01
      endloop
   endfacet
   facet normal 0.000000e+00 0.000000e+00 1.000000e+00
      outer loop
         vertex 2.013002e+00 5.917824e+00 1.500000e+01
         vertex 4.850700e-02 5.472852e+00 1.500000e+01
         vertex 2.073754e+00 5.461671e+00 1.500000e+01
      endloop
   endfacet
   facet normal 0.000000e+00 0.000000e+00 1.000000e+00
      outer loop
         vertex 2.073754e+00 5.461671e+00 1.500000e+01
         vertex 4.850700e-02 5.472852e+00 1.500000e+01
         vertex 1.431331e-01 4.920083e+00 1.500000e+01
      endloop
   endfacet
   facet normal 0.000000e+00 0.000000e+00 1.000000e+00
      outer loop
         vertex 2.073754e+00 5.461671e+00 1.500000e+01
         vertex 1.431331e-01 4.920083e+00 1.500000e+01
         vertex 2.183467e+00 5.014760e+00 1.500000e+01
      endloop
   endfacet
   facet normal 0.000000e+00 0.000000e+00 1.000000e+00
      outer loop
         vertex 2.183467e+00 5.014760e+00 1.500000e+01
         vertex 1.431331e-01 4.920083e+00 1.500000e+01
         vertex 2.869330e-01 4.378022e+00 1.500000e+01
      endloop
   endfacet
   facet normal 0.000000e+00 0.000000e+00 1.000000e+00
      outer loop
         vertex 2.183467e+00 5.014760e+00 1.500000e+01
         vertex 2.869330e-01 4.378022e+00 1.500000e+01
         vertex 2.340861e+00 4.582332e+00 1.500000e+01
      endloop
   endfacet
   facet normal 0.000000e+00 0.000000e+00 1.000000e+00
      outer loop
         vertex 2.340861e+00 4.582332e+00 1.500000e+01
         vertex 2.869330e-01 4.378022e+00 1.500000e+01
         vertex 4.787408e-01 3.851032e+00 1.500000e+01
      endloop
   endfacet
   facet normal 0.000000e+00 0.000000e+00 1.000000e+00
      outer loop
         vertex 2.340861e+00 4.582332e+00 1.500000e+01
         vertex 4.787408e-01 3.851032e+00 1.500000e+01
         vertex 2.544083e+00 4.169456e+00 1.500000e+01
      endloop
   endfacet
   facet normal 0.000000e+00 0.000000e+00 1.000000e+00
      outer loop
         vertex 2.544083e+00 4.169456e+00 1.500000e+01
         vertex 4.787408e-01 3.851032e+00 1.500000e+01
         vertex 7.170141e-01 3.343358e+00 1.500000e+01
      endloop
   endfacet
   facet normal 0.000000e+00 0.000000e+00 1.000000e+00
      outer loop
         vertex 2.544083e+00 4.169456e+00 1.500000e+01
         vertex 7.170141e-01 3.343358e+00 1.500000e+01
         vertex 9.998381e-01 2.859086e+00 1.500000e+01
      endloop
   endfacet
   facet normal 9.733553e-01 2.293023e-01 -0.000000e+00
      outer loop
         vertex 2.547116e+01 1.772555e+01 2.800000e+00
         vertex 2.547116e+01 1.772555e+01 1.500000e+01
         vertex 2.788625e+01 7.473839e+00 2.800000e+00
      endloop
   endfacet
   facet normal 9.733553e-01 2.293023e-01 -0.000000e+00
      outer loop
         vertex 2.788625e+01 7.473839e+00 2.800000e+00
         vertex 2.547116e+01 1.772555e+01 1.500000e+01
         vertex 2.788625e+01 7.473839e+00 1.500000e+01
      endloop
   endfacet
   facet normal -9.733552e-01 -2.293024e-01 -0.000000e+00
      outer loop
         vertex 2.553197e+01 8.745307e+00 1.500000e+01
         vertex 2.356932e+01 1.707647e+01 1.500000e+01
         vertex 2.553197e+01 8.745307e+00 2.800000e+00
      endloop
   endfacet
   facet normal -9.733552e-01 -2.293024e-01 0.000000e+00
      outer loop
         vertex 2.553197e+01 8.745307e+00 2.800000e+00
         vertex 2.356932e+01 1.707647e+01 1.500000e+01
         vertex 2.356932e+01 1.707647e+01 2.800000e+00
      endloop
   endfacet
   facet normal 1.000000e+00 0.000000e+00 0.000000e+00
      outer loop
         vertex 7.004880e+01 1.772555e+01 1.500000e+01
         vertex 7.004880e+01 7.473839e+00 2.800000e+00
         vertex 7.004880e+01 1.772555e+01 2.800000e+00
      endloop
   endfacet
   facet normal -1.000000e+00 0.000000e+00 0.000000e+00
      outer loop
         vertex 6.654880e+01 7.473839e+00 2.800000e+00
         vertex 6.654880e+01 1.772555e+01 1.500000e+01
         vertex 6.654880e+01 1.772555e+01 2.800000e+00
      endloop
   endfacet
   facet normal 1.000000e+00 0.000000e+00 0.000000e+00
      outer loop
         vertex 5.104880e+01 1.772555e+01 1.500000e+01
         vertex 5.104880e+01 7.473839e+00 2.800000e+00
         vertex 5.104880e+01 1.772555e+01 2.800000e+00
      endloop
   endfacet
   facet normal -1.000000e+00 0.000000e+00 0.000000e+00
      outer loop
         vertex 4.754880e+01 7.473839e+00 2.800000e+00
         vertex 4.754880e+01 1.772555e+01 1.500000e+01
         vertex 4.754880e+01 1.772555e+01 2.800000e+00
      endloop
   endfacet
   facet normal 1.000000e+00 0.000000e+00 0.000000e+00
      outer loop
         vertex 8.904880e+01 1.772555e+01 1.500000e+01
         vertex 8.904880e+01 7.473839e+00 2.800000e+00
         vertex 8.904880e+01 1.772555e+01 2.800000e+00
      endloop
   endfacet
   facet normal -1.000000e+00 0.000000e+00 0.000000e+00
      outer loop
         vertex 8.554880e+01 7.473839e+00 2.800000e+00
         vertex 8.554880e+01 1.772555e+01 1.500000e+01
         vertex 8.554880e+01 1.772555e+01 2.800000e+00
      endloop
   endfacet
   facet normal 0.000000e+00 -7.655901e-01 6.433287e-01
      outer loop
         vertex 8.554880e+01 7.473839e+00 2.800000e+00
         vertex 8.904880e+01 7.473839e+00 2.800000e+00
         vertex 8.554880e+01 1.772555e+01 1.500000e+01
      endloop
   endfacet
   facet normal 0.000000e+00 -7.655901e-01 6.433287e-01
      outer loop
         vertex 8.554880e+01 1.772555e+01 1.500000e+01
         vertex 8.904880e+01 7.473839e+00 2.800000e+00
         vertex 8.904880e+01 1.772555e+01 1.500000e+01
      endloop
   endfacet
   facet normal 0.000000e+00 -7.655901e-01 6.433287e-01
      outer loop
         vertex 4.754880e+01 7.473839e+00 2.800000e+00
         vertex 5.104880e+01 7.473839e+00 2.800000e+00
         vertex 4.754880e+01 1.772555e+01 1.500000e+01
      endloop
   endfacet
   facet normal 0.000000e+00 -7.655901e-01 6.433287e-01
      outer loop
         vertex 4.754880e+01 1.772555e+01 1.500000e+01
         vertex 5.104880e+01 7.473839e+00 2.800000e+00
         vertex 5.104880e+01 1.772555e+01 1.500000e+01
      endloop
   endfacet
   facet normal 0.000000e+00 -7.655901e-01 6.433287e-01
      outer loop
         vertex 6.654880e+01 7.473839e+00 2.800000e+00
         vertex 7.004880e+01 7.473839e+00 2.800000e+00
         vertex 6.654880e+01 1.772555e+01 1.500000e+01
      endloop
   endfacet
   facet normal 0.000000e+00 -7.655901e-01 6.433287e-01
      outer loop
         vertex 6.654880e+01 1.772555e+01 1.500000e+01
         vertex 7.004880e+01 7.473839e+00 2.800000e+00
         vertex 7.004880e+01 1.772555e+01 1.500000e+01
      endloop
   endfacet
   facet normal -4.077286e-02 -1.550172e-02 9.990482e-01
      outer loop
         vertex 1.056083e+02 9.357824e+00 1.700000e+01
         vertex 1.049854e+02 1.099626e+01 1.700000e+01
         vertex 1.044966e+02 1.081042e+01 1.697717e+01
      endloop
   endfacet
   facet normal -4.077287e-02 -1.550173e-02 9.990482e-01
      outer loop
         vertex 1.056083e+02 9.357824e+00 1.700000e+01
         vertex 1.044966e+02 1.081042e+01 1.697717e+01
         vertex 1.051195e+02 9.171984e+00 1.697717e+01
      endloop
   endfacet
   facet normal -1.220063e-01 -4.638643e-02 9.914448e-01
      outer loop
         vertex 1.051195e+02 9.171984e+00 1.697717e+01
         vertex 1.044966e+02 1.081042e+01 1.697717e+01
         vertex 1.040115e+02 1.062599e+01 1.690885e+01
      endloop
   endfacet
   facet normal -1.220062e-01 -4.638640e-02 9.914448e-01
      outer loop
         vertex 1.051195e+02 9.171984e+00 1.697717e+01
         vertex 1.040115e+02 1.062599e+01 1.690885e+01
         vertex 1.046345e+02 8.987559e+00 1.690885e+01
      endloop
   endfacet
   facet normal -2.023107e-01 -7.691794e-02 9.762961e-01
      outer loop
         vertex 1.046345e+02 8.987559e+00 1.690885e+01
         vertex 1.040115e+02 1.062599e+01 1.690885e+01
         vertex 1.035339e+02 1.044439e+01 1.679556e+01
      endloop
   endfacet
   facet normal -2.023108e-01 -7.691798e-02 9.762960e-01
      outer loop
         vertex 1.046345e+02 8.987559e+00 1.690885e+01
         vertex 1.035339e+02 1.044439e+01 1.679556e+01
         vertex 1.041568e+02 8.805952e+00 1.679556e+01
      endloop
   endfacet
   facet normal -2.810767e-01 -1.068646e-01 9.537169e-01
      outer loop
         vertex 1.041568e+02 8.805952e+00 1.679556e+01
         vertex 1.035339e+02 1.044439e+01 1.679556e+01
         vertex 1.030672e+02 1.026698e+01 1.663816e+01
      endloop
   endfacet
   facet normal -2.810766e-01 -1.068645e-01 9.537169e-01
      outer loop
         vertex 1.041568e+02 8.805952e+00 1.679556e+01
         vertex 1.030672e+02 1.026698e+01 1.663816e+01
         vertex 1.036902e+02 8.628544e+00 1.663816e+01
      endloop
   endfacet
   facet normal -3.577015e-01 -1.359971e-01 9.238801e-01
      outer loop
         vertex 1.036902e+02 8.628544e+00 1.663816e+01
         vertex 1.030672e+02 1.026698e+01 1.663816e+01
         vertex 1.026152e+02 1.009512e+01 1.643785e+01
      endloop
   endfacet
   facet normal -3.577015e-01 -1.359971e-01 9.238801e-01
      outer loop
         vertex 1.036902e+02 8.628544e+00 1.663816e+01
         vertex 1.026152e+02 1.009512e+01 1.643785e+01
         vertex 1.032382e+02 8.456687e+00 1.643785e+01
      endloop
   endfacet
   facet normal -4.316086e-01 -1.640963e-01 8.870098e-01
      outer loop
         vertex 1.032382e+02 8.456687e+00 1.643785e+01
         vertex 1.026152e+02 1.009512e+01 1.643785e+01
         vertex 1.021812e+02 9.930123e+00 1.619615e+01
      endloop
   endfacet
   facet normal -4.316086e-01 -1.640963e-01 8.870098e-01
      outer loop
         vertex 1.032382e+02 8.456687e+00 1.643785e+01
         vertex 1.021812e+02 9.930123e+00 1.619615e+01
         vertex 1.028042e+02 8.291688e+00 1.619615e+01
      endloop
   endfacet
   facet normal -5.022255e-01 -1.909447e-01 8.433918e-01
      outer loop
         vertex 1.028042e+02 8.291688e+00 1.619615e+01
         vertex 1.021812e+02 9.930123e+00 1.619615e+01
         vertex 1.017686e+02 9.773238e+00 1.591491e+01
      endloop
   endfacet
   facet normal -5.022255e-01 -1.909447e-01 8.433918e-01
      outer loop
         vertex 1.028042e+02 8.291688e+00 1.619615e+01
         vertex 1.017686e+02 9.773238e+00 1.591491e+01
         vertex 1.023915e+02 8.134803e+00 1.591491e+01
      endloop
   endfacet
   facet normal -5.690241e-01 -2.163413e-01 7.933524e-01
      outer loop
         vertex 1.023915e+02 8.134803e+00 1.591491e+01
         vertex 1.017686e+02 9.773238e+00 1.591491e+01
         vertex 1.013804e+02 9.625661e+00 1.559627e+01
      endloop
   endfacet
   facet normal -5.690241e-01 -2.163413e-01 7.933524e-01
      outer loop
         vertex 1.023915e+02 8.134803e+00 1.591491e+01
         vertex 1.013804e+02 9.625661e+00 1.559627e+01
         vertex 1.020034e+02 7.987226e+00 1.559627e+01
      endloop
   endfacet
   facet normal -6.314893e-01 -2.400904e-01 7.372774e-01
      outer loop
         vertex 1.020034e+02 7.987226e+00 1.559627e+01
         vertex 1.013804e+02 9.625661e+00 1.559627e+01
         vertex 1.010197e+02 9.488516e+00 1.524264e+01
      endloop
   endfacet
   facet normal -6.314893e-01 -2.400904e-01 7.372774e-01
      outer loop
         vertex 1.020034e+02 7.987226e+00 1.559627e+01
         vertex 1.010197e+02 9.488516e+00 1.524264e+01
         vertex 1.016426e+02 7.850081e+00 1.524264e+01
      endloop
   endfacet
   facet normal -6.891471e-01 -2.620117e-01 6.755932e-01
      outer loop
         vertex 1.016426e+02 7.850081e+00 1.524264e+01
         vertex 1.010197e+02 9.488516e+00 1.524264e+01
         vertex 1.006892e+02 9.362844e+00 1.485673e+01
      endloop
   endfacet
   facet normal -6.891471e-01 -2.620117e-01 6.755932e-01
      outer loop
         vertex 1.016426e+02 7.850081e+00 1.524264e+01
         vertex 1.006892e+02 9.362844e+00 1.485673e+01
         vertex 1.013121e+02 7.724409e+00 1.485673e+01
      endloop
   endfacet
   facet normal -7.415661e-01 -2.819413e-01 6.087601e-01
      outer loop
         vertex 1.013121e+02 7.724409e+00 1.485673e+01
         vertex 1.006892e+02 9.362844e+00 1.485673e+01
         vertex 1.003913e+02 9.249605e+00 1.444146e+01
      endloop
   endfacet
   facet normal -7.415661e-01 -2.819413e-01 6.087601e-01
      outer loop
         vertex 1.013121e+02 7.724409e+00 1.485673e+01
         vertex 1.003913e+02 9.249605e+00 1.444146e+01
         vertex 1.010143e+02 7.611170e+00 1.444146e+01
      endloop
   endfacet
   facet normal -7.883386e-01 -2.997240e-01 5.372967e-01
      outer loop
         vertex 1.010143e+02 7.611170e+00 1.444146e+01
         vertex 1.003913e+02 9.249605e+00 1.444146e+01
         vertex 1.001284e+02 9.149658e+00 1.400000e+01
      endloop
   endfacet
   facet normal -7.883364e-01 -2.997214e-01 5.373014e-01
      outer loop
         vertex 1.010143e+02 7.611170e+00 1.444146e+01
         vertex 1.001284e+02 9.149658e+00 1.400000e+01
         vertex 1.007514e+02 7.511223e+00 1.400000e+01
      endloop
   endfacet
   facet normal -8.291077e-01 -3.152224e-01 4.617524e-01
      outer loop
         vertex 1.007514e+02 7.511223e+00 1.400000e+01
         vertex 1.001284e+02 9.149658e+00 1.400000e+01
         vertex 9.990253e+01 9.063765e+00 1.353571e+01
      endloop
   endfacet
   facet normal -8.291096e-01 -3.152251e-01 4.617472e-01
      outer loop
         vertex 1.007514e+02 7.511223e+00 1.400000e+01
         vertex 9.990253e+01 9.063765e+00 1.353571e+01
         vertex 1.005255e+02 7.425330e+00 1.353571e+01
      endloop
   endfacet
   facet normal -8.635710e-01 -3.283272e-01 3.826831e-01
      outer loop
         vertex 1.005255e+02 7.425330e+00 1.353571e+01
         vertex 9.990253e+01 9.063765e+00 1.353571e+01
         vertex 9.971530e+01 8.992580e+00 1.305212e+01
      endloop
   endfacet
   facet normal -8.635710e-01 -3.283272e-01 3.826831e-01
      outer loop
         vertex 1.005255e+02 7.425330e+00 1.353571e+01
         vertex 9.971530e+01 8.992580e+00 1.305212e+01
         vertex 1.003382e+02 7.354145e+00 1.305212e+01
      endloop
   endfacet
   facet normal -8.914614e-01 -3.389310e-01 3.007032e-01
      outer loop
         vertex 1.003382e+02 7.354145e+00 1.305212e+01
         vertex 9.971530e+01 8.992580e+00 1.305212e+01
         vertex 9.956817e+01 8.936643e+00 1.255291e+01
      endloop
   endfacet
   facet normal -8.914614e-01 -3.389310e-01 3.007032e-01
      outer loop
         vertex 1.003382e+02 7.354145e+00 1.305212e+01
         vertex 9.956817e+01 8.936643e+00 1.255291e+01
         vertex 1.001911e+02 7.298208e+00 1.255291e+01
      endloop
   endfacet
   facet normal -9.125662e-01 -3.469550e-01 2.164376e-01
      outer loop
         vertex 1.001911e+02 7.298208e+00 1.255291e+01
         vertex 9.956817e+01 8.936643e+00 1.255291e+01
         vertex 9.946228e+01 8.896382e+00 1.204189e+01
      endloop
   endfacet
   facet normal -9.125655e-01 -3.469527e-01 2.164440e-01
      outer loop
         vertex 1.001911e+02 7.298208e+00 1.255291e+01
         vertex 9.946228e+01 8.896382e+00 1.204189e+01
         vertex 1.000852e+02 7.257947e+00 1.204189e+01
      endloop
   endfacet
   facet normal -9.267262e-01 -3.523365e-01 1.305277e-01
      outer loop
         vertex 1.000852e+02 7.257947e+00 1.204189e+01
         vertex 9.946228e+01 8.896382e+00 1.204189e+01
         vertex 9.939842e+01 8.872102e+00 1.152293e+01
      endloop
   endfacet
   facet normal -9.267263e-01 -3.523386e-01 1.305212e-01
      outer loop
         vertex 1.000852e+02 7.257947e+00 1.204189e+01
         vertex 9.939842e+01 8.872102e+00 1.152293e+01
         vertex 1.000213e+02 7.233667e+00 1.152293e+01
      endloop
   endfacet
   facet normal -9.338327e-01 -3.550405e-01 4.362089e-02
      outer loop
         vertex 1.000213e+02 7.233667e+00 1.152293e+01
         vertex 9.939842e+01 8.872102e+00 1.152293e+01
         vertex 9.937707e+01 8.863988e+00 1.100000e+01
      endloop
   endfacet
   facet normal -9.338327e-01 -3.550405e-01 4.362089e-02
      outer loop
         vertex 1.000213e+02 7.233667e+00 1.152293e+01
         vertex 9.937707e+01 8.863988e+00 1.100000e+01
         vertex 1.000000e+02 7.225553e+00 1.100000e+01
      endloop
   endfacet
   facet normal -4.077286e-02 -1.550176e-02 9.990482e-01
      outer loop
         vertex 1.073852e+02 4.684211e+00 1.700000e+01
         vertex 1.066745e+02 6.553656e+00 1.700000e+01
         vertex 1.061857e+02 6.367817e+00 1.697717e+01
      endloop
   endfacet
   facet normal -4.077287e-02 -1.550177e-02 9.990482e-01
      outer loop
         vertex 1.073852e+02 4.684211e+00 1.700000e+01
         vertex 1.061857e+02 6.367817e+00 1.697717e+01
         vertex 1.068964e+02 4.498372e+00 1.697717e+01
      endloop
   endfacet
   facet normal -1.220062e-01 -4.638652e-02 9.914448e-01
      outer loop
         vertex 1.068964e+02 4.498372e+00 1.697717e+01
         vertex 1.061857e+02 6.367817e+00 1.697717e+01
         vertex 1.057006e+02 6.183391e+00 1.690885e+01
      endloop
   endfacet
   facet normal -1.220061e-01 -4.638649e-02 9.914448e-01
      outer loop
         vertex 1.068964e+02 4.498372e+00 1.697717e+01
         vertex 1.057006e+02 6.183391e+00 1.690885e+01
         vertex 1.064114e+02 4.313946e+00 1.690885e+01
      endloop
   endfacet
   facet normal -2.023107e-01 -7.691813e-02 9.762960e-01
      outer loop
         vertex 1.064114e+02 4.313946e+00 1.690885e+01
         vertex 1.057006e+02 6.183391e+00 1.690885e+01
         vertex 1.052229e+02 6.001784e+00 1.679556e+01
      endloop
   endfacet
   facet normal -2.023107e-01 -7.691813e-02 9.762960e-01
      outer loop
         vertex 1.064114e+02 4.313946e+00 1.690885e+01
         vertex 1.052229e+02 6.001784e+00 1.679556e+01
         vertex 1.059337e+02 4.132339e+00 1.679556e+01
      endloop
   endfacet
   facet normal -2.810766e-01 -1.068648e-01 9.537169e-01
      outer loop
         vertex 1.059337e+02 4.132339e+00 1.679556e+01
         vertex 1.052229e+02 6.001784e+00 1.679556e+01
         vertex 1.047563e+02 5.824377e+00 1.663816e+01
      endloop
   endfacet
   facet normal -2.810765e-01 -1.068647e-01 9.537169e-01
      outer loop
         vertex 1.059337e+02 4.132339e+00 1.679556e+01
         vertex 1.047563e+02 5.824377e+00 1.663816e+01
         vertex 1.054671e+02 3.954931e+00 1.663816e+01
      endloop
   endfacet
   facet normal -3.577036e-01 -1.359982e-01 9.238791e-01
      outer loop
         vertex 1.054671e+02 3.954931e+00 1.663816e+01
         vertex 1.047563e+02 5.824377e+00 1.663816e+01
         vertex 1.043043e+02 5.652520e+00 1.643785e+01
      endloop
   endfacet
   facet normal -3.577017e-01 -1.359967e-01 9.238801e-01
      outer loop
         vertex 1.054671e+02 3.954931e+00 1.663816e+01
         vertex 1.043043e+02 5.652520e+00 1.643785e+01
         vertex 1.050150e+02 3.783074e+00 1.643785e+01
      endloop
   endfacet
   facet normal -4.316063e-01 -1.640949e-01 8.870112e-01
      outer loop
         vertex 1.050150e+02 3.783074e+00 1.643785e+01
         vertex 1.043043e+02 5.652520e+00 1.643785e+01
         vertex 1.038703e+02 5.487521e+00 1.619615e+01
      endloop
   endfacet
   facet normal -4.316085e-01 -1.640966e-01 8.870098e-01
      outer loop
         vertex 1.050150e+02 3.783074e+00 1.643785e+01
         vertex 1.038703e+02 5.487521e+00 1.619615e+01
         vertex 1.045811e+02 3.618076e+00 1.619615e+01
      endloop
   endfacet
   facet normal -5.022282e-01 -1.909461e-01 8.433899e-01
      outer loop
         vertex 1.045811e+02 3.618076e+00 1.619615e+01
         vertex 1.038703e+02 5.487521e+00 1.619615e+01
         vertex 1.034577e+02 5.330636e+00 1.591491e+01
      endloop
   endfacet
   facet normal -5.022257e-01 -1.909442e-01 8.433918e-01
      outer loop
         vertex 1.045811e+02 3.618076e+00 1.619615e+01
         vertex 1.034577e+02 5.330636e+00 1.591491e+01
         vertex 1.041684e+02 3.461190e+00 1.591491e+01
      endloop
   endfacet
   facet normal -5.690211e-01 -2.163395e-01 7.933550e-01
      outer loop
         vertex 1.041684e+02 3.461190e+00 1.591491e+01
         vertex 1.034577e+02 5.330636e+00 1.591491e+01
         vertex 1.030695e+02 5.183059e+00 1.559627e+01
      endloop
   endfacet
   facet normal -5.690214e-01 -2.163397e-01 7.933548e-01
      outer loop
         vertex 1.041684e+02 3.461190e+00 1.591491e+01
         vertex 1.030695e+02 5.183059e+00 1.559627e+01
         vertex 1.037803e+02 3.313614e+00 1.559627e+01
      endloop
   endfacet
   facet normal -6.314895e-01 -2.400898e-01 7.372774e-01
      outer loop
         vertex 1.037803e+02 3.313614e+00 1.559627e+01
         vertex 1.030695e+02 5.183059e+00 1.559627e+01
         vertex 1.027088e+02 5.045913e+00 1.524264e+01
      endloop
   endfacet
   facet normal -6.314895e-01 -2.400898e-01 7.372774e-01
      outer loop
         vertex 1.037803e+02 3.313614e+00 1.559627e+01
         vertex 1.027088e+02 5.045913e+00 1.524264e+01
         vertex 1.034195e+02 3.176468e+00 1.524264e+01
      endloop
   endfacet
   facet normal -6.891506e-01 -2.620124e-01 6.755894e-01
      outer loop
         vertex 1.034195e+02 3.176468e+00 1.524264e+01
         vertex 1.027088e+02 5.045913e+00 1.524264e+01
         vertex 1.023782e+02 4.920242e+00 1.485673e+01
      endloop
   endfacet
   facet normal -6.891503e-01 -2.620121e-01 6.755897e-01
      outer loop
         vertex 1.034195e+02 3.176468e+00 1.524264e+01
         vertex 1.023782e+02 4.920242e+00 1.485673e+01
         vertex 1.030890e+02 3.050797e+00 1.485673e+01
      endloop
   endfacet
   facet normal -7.415661e-01 -2.819404e-01 6.087604e-01
      outer loop
         vertex 1.030890e+02 3.050797e+00 1.485673e+01
         vertex 1.023782e+02 4.920242e+00 1.485673e+01
         vertex 1.020804e+02 4.807002e+00 1.444146e+01
      endloop
   endfacet
   facet normal -7.415664e-01 -2.819406e-01 6.087601e-01
      outer loop
         vertex 1.030890e+02 3.050797e+00 1.485673e+01
         vertex 1.020804e+02 4.807002e+00 1.444146e+01
         vertex 1.027911e+02 2.937557e+00 1.444146e+01
      endloop
   endfacet
   facet normal -7.883360e-01 -2.997223e-01 5.373014e-01
      outer loop
         vertex 1.027911e+02 2.937557e+00 1.444146e+01
         vertex 1.020804e+02 4.807002e+00 1.444146e+01
         vertex 1.018175e+02 4.707055e+00 1.400000e+01
      endloop
   endfacet
   facet normal -7.883360e-01 -2.997223e-01 5.373014e-01
      outer loop
         vertex 1.027911e+02 2.937557e+00 1.444146e+01
         vertex 1.018175e+02 4.707055e+00 1.400000e+01
         vertex 1.025283e+02 2.837610e+00 1.400000e+01
      endloop
   endfacet
   facet normal -8.291101e-01 -3.152244e-01 4.617467e-01
      outer loop
         vertex 1.025283e+02 2.837610e+00 1.400000e+01
         vertex 1.018175e+02 4.707055e+00 1.400000e+01
         vertex 1.015916e+02 4.621163e+00 1.353571e+01
      endloop
   endfacet
   facet normal -8.291099e-01 -3.152242e-01 4.617472e-01
      outer loop
         vertex 1.025283e+02 2.837610e+00 1.400000e+01
         vertex 1.015916e+02 4.621163e+00 1.353571e+01
         vertex 1.023024e+02 2.751717e+00 1.353571e+01
      endloop
   endfacet
   facet normal -8.635712e-01 -3.283262e-01 3.826834e-01
      outer loop
         vertex 1.023024e+02 2.751717e+00 1.353571e+01
         vertex 1.015916e+02 4.621163e+00 1.353571e+01
         vertex 1.014044e+02 4.549977e+00 1.305212e+01
      endloop
   endfacet
   facet normal -8.635712e-01 -3.283262e-01 3.826834e-01
      outer loop
         vertex 1.023024e+02 2.751717e+00 1.353571e+01
         vertex 1.014044e+02 4.549977e+00 1.305212e+01
         vertex 1.021151e+02 2.680532e+00 1.305212e+01
      endloop
   endfacet
   facet normal -8.914600e-01 -3.389294e-01 3.007090e-01
      outer loop
         vertex 1.021151e+02 2.680532e+00 1.305212e+01
         vertex 1.014044e+02 4.549977e+00 1.305212e+01
         vertex 1.012572e+02 4.494041e+00 1.255291e+01
      endloop
   endfacet
   facet normal -8.914612e-01 -3.389317e-01 3.007029e-01
      outer loop
         vertex 1.021151e+02 2.680532e+00 1.305212e+01
         vertex 1.012572e+02 4.494041e+00 1.255291e+01
         vertex 1.019680e+02 2.624596e+00 1.255291e+01
      endloop
   endfacet
   facet normal -9.125658e-01 -3.469556e-01 2.164383e-01
      outer loop
         vertex 1.019680e+02 2.624596e+00 1.255291e+01
         vertex 1.012572e+02 4.494041e+00 1.255291e+01
         vertex 1.011513e+02 4.453779e+00 1.204189e+01
      endloop
   endfacet
   facet normal -9.125651e-01 -3.469537e-01 2.164440e-01
      outer loop
         vertex 1.019680e+02 2.624596e+00 1.255291e+01
         vertex 1.011513e+02 4.453779e+00 1.204189e+01
         vertex 1.018621e+02 2.584334e+00 1.204189e+01
      endloop
   endfacet
   facet normal -9.267259e-01 -3.523376e-01 1.305274e-01
      outer loop
         vertex 1.018621e+02 2.584334e+00 1.204189e+01
         vertex 1.011513e+02 4.453779e+00 1.204189e+01
         vertex 1.010875e+02 4.429500e+00 1.152293e+01
      endloop
   endfacet
   facet normal -9.267259e-01 -3.523376e-01 1.305274e-01
      outer loop
         vertex 1.018621e+02 2.584334e+00 1.204189e+01
         vertex 1.010875e+02 4.429500e+00 1.152293e+01
         vertex 1.017982e+02 2.560055e+00 1.152293e+01
      endloop
   endfacet
   facet normal -9.338330e-01 -3.550397e-01 4.362058e-02
      outer loop
         vertex 1.017982e+02 2.560055e+00 1.152293e+01
         vertex 1.010875e+02 4.429500e+00 1.152293e+01
         vertex 1.010661e+02 4.421386e+00 1.100000e+01
      endloop
   endfacet
   facet normal -9.338327e-01 -3.550412e-01 4.361457e-02
      outer loop
         vertex 1.017982e+02 2.560055e+00 1.152293e+01
         vertex 1.010661e+02 4.421386e+00 1.100000e+01
         vertex 1.017769e+02 2.551940e+00 1.100000e+01
      endloop
   endfacet
   facet normal -0.000000e+00 0.000000e+00 -1.000000e+00
      outer loop
         vertex 1.035344e+02 2.150286e+00 2.800000e+00
         vertex 1.021323e+02 1.617218e+00 2.800000e+00
         vertex 1.031790e+02 3.085008e+00 2.800000e+00
      endloop
   endfacet
   facet normal 0.000000e+00 0.000000e+00 -1.000000e+00
      outer loop
         vertex 1.031790e+02 3.085008e+00 2.800000e+00
         vertex 1.021323e+02 1.617218e+00 2.800000e+00
         vertex 1.017769e+02 2.551940e+00 2.800000e+00
      endloop
   endfacet
   facet normal 9.347226e-01 3.553781e-01 -0.000000e+00
      outer loop
         vertex 1.035344e+02 2.150286e+00 2.800000e+00
         vertex 1.031790e+02 3.085008e+00 2.800000e+00
         vertex 1.035344e+02 2.150286e+00 9.267949e+00
      endloop
   endfacet
   facet normal 9.347226e-01 3.553781e-01 0.000000e+00
      outer loop
         vertex 1.035344e+02 2.150286e+00 9.267949e+00
         vertex 1.031790e+02 3.085008e+00 2.800000e+00
         vertex 1.031790e+02 3.085008e+00 1.100000e+01
      endloop
   endfacet
   facet normal 9.347234e-01 3.553760e-01 1.273664e-06
      outer loop
         vertex 1.035344e+02 2.150286e+00 9.267949e+00
         vertex 1.031790e+02 3.085008e+00 1.100000e+01
         vertex 1.035264e+02 2.171165e+00 9.566034e+00
      endloop
   endfacet
   facet normal 9.347212e-01 3.553818e-01 -2.967741e-06
      outer loop
         vertex 1.035264e+02 2.171165e+00 9.566034e+00
         vertex 1.031790e+02 3.085008e+00 1.100000e+01
         vertex 1.032667e+02 2.854151e+00 1.083161e+01
      endloop
   endfacet
   facet normal 9.347291e-01 3.553610e-01 9.901053e-06
      outer loop
         vertex 1.035264e+02 2.171165e+00 9.566034e+00
         vertex 1.032667e+02 2.854151e+00 1.083161e+01
         vertex 1.033446e+02 2.649331e+00 1.062830e+01
      endloop
   endfacet
   facet normal 9.347123e-01 3.554053e-01 -1.291913e-05
      outer loop
         vertex 1.033446e+02 2.649331e+00 1.062830e+01
         vertex 1.034109e+02 2.475123e+00 1.039459e+01
         vertex 1.035264e+02 2.171165e+00 9.566034e+00
      endloop
   endfacet
   facet normal 9.347438e-01 3.553223e-01 2.191899e-05
      outer loop
         vertex 1.035264e+02 2.171165e+00 9.566034e+00
         vertex 1.034109e+02 2.475123e+00 1.039459e+01
         vertex 1.034640e+02 2.335419e+00 1.013572e+01
      endloop
   endfacet
   facet normal 9.347398e-01 3.553329e-01 1.843454e-05
      outer loop
         vertex 1.035264e+02 2.171165e+00 9.566034e+00
         vertex 1.034640e+02 2.335419e+00 1.013572e+01
         vertex 1.035028e+02 2.233339e+00 9.857460e+00
      endloop
   endfacet
   facet normal 3.553784e-01 -9.347225e-01 0.000000e+00
      outer loop
         vertex 1.021323e+02 1.617218e+00 9.267949e+00
         vertex 1.021323e+02 1.617218e+00 2.800000e+00
         vertex 1.035344e+02 2.150286e+00 9.267949e+00
      endloop
   endfacet
   facet normal 3.553784e-01 -9.347225e-01 0.000000e+00
      outer loop
         vertex 1.035344e+02 2.150286e+00 9.267949e+00
         vertex 1.021323e+02 1.617218e+00 2.800000e+00
         vertex 1.035344e+02 2.150286e+00 2.800000e+00
      endloop
   endfacet
   facet normal 9.347227e-01 3.553778e-01 -0.000000e+00
      outer loop
         vertex 1.007792e+02 9.397055e+00 2.800000e+00
         vertex 1.004238e+02 1.033178e+01 2.800000e+00
         vertex 1.007792e+02 9.397055e+00 1.100000e+01
      endloop
   endfacet
   facet normal 9.347227e-01 3.553778e-01 0.000000e+00
      outer loop
         vertex 1.007792e+02 9.397055e+00 1.100000e+01
         vertex 1.004238e+02 1.033178e+01 2.800000e+00
         vertex 1.004238e+02 1.033178e+01 9.267949e+00
      endloop
   endfacet
   facet normal 9.347227e-01 3.553778e-01 -1.910318e-08
      outer loop
         vertex 1.004238e+02 1.033178e+01 9.267949e+00
         vertex 1.004317e+02 1.031090e+01 9.566034e+00
         vertex 1.007792e+02 9.397055e+00 1.100000e+01
      endloop
   endfacet
   facet normal 9.347194e-01 3.553865e-01 6.328243e-06
      outer loop
         vertex 1.007792e+02 9.397055e+00 1.100000e+01
         vertex 1.004317e+02 1.031090e+01 9.566034e+00
         vertex 1.004554e+02 1.024872e+01 9.857460e+00
      endloop
   endfacet
   facet normal 9.347219e-01 3.553800e-01 7.459571e-07
      outer loop
         vertex 1.007792e+02 9.397055e+00 1.100000e+01
         vertex 1.004554e+02 1.024872e+01 9.857460e+00
         vertex 1.004942e+02 1.014664e+01 1.013572e+01
      endloop
   endfacet
   facet normal 9.347224e-01 3.553786e-01 -5.878160e-07
      outer loop
         vertex 1.004942e+02 1.014664e+01 1.013572e+01
         vertex 1.005473e+02 1.000694e+01 1.039459e+01
         vertex 1.007792e+02 9.397055e+00 1.100000e+01
      endloop
   endfacet
   facet normal 9.347153e-01 3.553975e-01 2.118340e-05
      outer loop
         vertex 1.007792e+02 9.397055e+00 1.100000e+01
         vertex 1.005473e+02 1.000694e+01 1.039459e+01
         vertex 1.006135e+02 9.832733e+00 1.062830e+01
      endloop
   endfacet
   facet normal 9.347276e-01 3.553651e-01 -2.227769e-05
      outer loop
         vertex 1.007792e+02 9.397055e+00 1.100000e+01
         vertex 1.006135e+02 9.832733e+00 1.062830e+01
         vertex 1.006914e+02 9.627913e+00 1.083161e+01
      endloop
   endfacet
   facet normal -3.553785e-01 9.347225e-01 0.000000e+00
      outer loop
         vertex 1.004238e+02 1.033178e+01 9.267949e+00
         vertex 1.004238e+02 1.033178e+01 2.800000e+00
         vertex 9.902170e+01 9.798710e+00 9.267949e+00
      endloop
   endfacet
   facet normal -3.553785e-01 9.347225e-01 0.000000e+00
      outer loop
         vertex 9.902170e+01 9.798710e+00 9.267949e+00
         vertex 1.004238e+02 1.033178e+01 2.800000e+00
         vertex 9.902170e+01 9.798710e+00 2.800000e+00
      endloop
   endfacet
   facet normal -3.543849e-01 9.321089e-01 7.472894e-02
      outer loop
         vertex 1.004238e+02 1.033178e+01 9.267949e+00
         vertex 9.902170e+01 9.798710e+00 9.267949e+00
         vertex 9.902963e+01 9.777830e+00 9.566034e+00
      endloop
   endfacet
   facet normal -3.543846e-01 9.321089e-01 7.473038e-02
      outer loop
         vertex 1.004238e+02 1.033178e+01 9.267949e+00
         vertex 9.902963e+01 9.777830e+00 9.566034e+00
         vertex 1.004317e+02 1.031090e+01 9.566034e+00
      endloop
   endfacet
   facet normal -3.464683e-01 9.112874e-01 2.225198e-01
      outer loop
         vertex 1.004317e+02 1.031090e+01 9.566034e+00
         vertex 9.902963e+01 9.777830e+00 9.566034e+00
         vertex 9.905327e+01 9.715656e+00 9.857460e+00
      endloop
   endfacet
   facet normal -3.464685e-01 9.112875e-01 2.225191e-01
      outer loop
         vertex 1.004317e+02 1.031090e+01 9.566034e+00
         vertex 9.905327e+01 9.715656e+00 9.857460e+00
         vertex 1.004554e+02 1.024872e+01 9.857460e+00
      endloop
   endfacet
   facet normal -3.308124e-01 8.701086e-01 3.653412e-01
      outer loop
         vertex 1.004554e+02 1.024872e+01 9.857460e+00
         vertex 9.905327e+01 9.715656e+00 9.857460e+00
         vertex 9.909208e+01 9.613577e+00 1.013572e+01
      endloop
   endfacet
   facet normal -3.308124e-01 8.701086e-01 3.653412e-01
      outer loop
         vertex 1.004554e+02 1.024872e+01 9.857460e+00
         vertex 9.909208e+01 9.613577e+00 1.013572e+01
         vertex 1.004942e+02 1.014664e+01 1.013572e+01
      endloop
   endfacet
   facet normal -3.077665e-01 8.094928e-01 5.000011e-01
      outer loop
         vertex 1.004942e+02 1.014664e+01 1.013572e+01
         vertex 9.909208e+01 9.613577e+00 1.013572e+01
         vertex 9.914520e+01 9.473873e+00 1.039459e+01
      endloop
   endfacet
   facet normal -3.077665e-01 8.094928e-01 5.000011e-01
      outer loop
         vertex 1.004942e+02 1.014664e+01 1.013572e+01
         vertex 9.914520e+01 9.473873e+00 1.039459e+01
         vertex 1.005473e+02 1.000694e+01 1.039459e+01
      endloop
   endfacet
   facet normal -2.778467e-01 7.307973e-01 6.234873e-01
      outer loop
         vertex 1.005473e+02 1.000694e+01 1.039459e+01
         vertex 9.914520e+01 9.473873e+00 1.039459e+01
         vertex 9.921143e+01 9.299666e+00 1.062830e+01
      endloop
   endfacet
   facet normal -2.778467e-01 7.307973e-01 6.234873e-01
      outer loop
         vertex 1.005473e+02 1.000694e+01 1.039459e+01
         vertex 9.921143e+01 9.299666e+00 1.062830e+01
         vertex 1.006135e+02 9.832733e+00 1.062830e+01
      endloop
   endfacet
   facet normal -2.417181e-01 6.357713e-01 7.330533e-01
      outer loop
         vertex 1.006135e+02 9.832733e+00 1.062830e+01
         vertex 9.921143e+01 9.299666e+00 1.062830e+01
         vertex 9.928930e+01 9.094846e+00 1.083161e+01
      endloop
   endfacet
   facet normal -2.417181e-01 6.357713e-01 7.330533e-01
      outer loop
         vertex 1.006135e+02 9.832733e+00 1.062830e+01
         vertex 9.928930e+01 9.094846e+00 1.083161e+01
         vertex 1.006914e+02 9.627913e+00 1.083161e+01
      endloop
   endfacet
   facet normal -2.001915e-01 5.265473e-01 8.262392e-01
      outer loop
         vertex 1.006914e+02 9.627913e+00 1.083161e+01
         vertex 9.928930e+01 9.094846e+00 1.083161e+01
         vertex 9.937707e+01 8.863988e+00 1.100000e+01
      endloop
   endfacet
   facet normal -2.001915e-01 5.265473e-01 8.262392e-01
      outer loop
         vertex 1.006914e+02 9.627913e+00 1.083161e+01
         vertex 9.937707e+01 8.863988e+00 1.100000e+01
         vertex 1.007792e+02 9.397055e+00 1.100000e+01
      endloop
   endfacet
   facet normal 3.543848e-01 -9.321090e-01 7.472749e-02
      outer loop
         vertex 1.021323e+02 1.617218e+00 9.267949e+00
         vertex 1.035344e+02 2.150286e+00 9.267949e+00
         vertex 1.035264e+02 2.171165e+00 9.566034e+00
      endloop
   endfacet
   facet normal 3.543848e-01 -9.321090e-01 7.472749e-02
      outer loop
         vertex 1.021323e+02 1.617218e+00 9.267949e+00
         vertex 1.035264e+02 2.171165e+00 9.566034e+00
         vertex 1.021243e+02 1.638098e+00 9.566034e+00
      endloop
   endfacet
   facet normal 3.464681e-01 -9.112864e-01 2.225240e-01
      outer loop
         vertex 1.021243e+02 1.638098e+00 9.566034e+00
         vertex 1.035264e+02 2.171165e+00 9.566034e+00
         vertex 1.035028e+02 2.233339e+00 9.857460e+00
      endloop
   endfacet
   facet normal 3.464681e-01 -9.112864e-01 2.225240e-01
      outer loop
         vertex 1.021243e+02 1.638098e+00 9.566034e+00
         vertex 1.035028e+02 2.233339e+00 9.857460e+00
         vertex 1.021007e+02 1.700272e+00 9.857460e+00
      endloop
   endfacet
   facet normal 3.308122e-01 -8.701081e-01 3.653424e-01
      outer loop
         vertex 1.021007e+02 1.700272e+00 9.857460e+00
         vertex 1.035028e+02 2.233339e+00 9.857460e+00
         vertex 1.034640e+02 2.335419e+00 1.013572e+01
      endloop
   endfacet
   facet normal 3.308122e-01 -8.701081e-01 3.653424e-01
      outer loop
         vertex 1.021007e+02 1.700272e+00 9.857460e+00
         vertex 1.034640e+02 2.335419e+00 1.013572e+01
         vertex 1.020619e+02 1.802351e+00 1.013572e+01
      endloop
   endfacet
   facet normal 3.077672e-01 -8.094946e-01 4.999978e-01
      outer loop
         vertex 1.020619e+02 1.802351e+00 1.013572e+01
         vertex 1.034640e+02 2.335419e+00 1.013572e+01
         vertex 1.034109e+02 2.475123e+00 1.039459e+01
      endloop
   endfacet
   facet normal 3.077672e-01 -8.094946e-01 4.999978e-01
      outer loop
         vertex 1.020619e+02 1.802351e+00 1.013572e+01
         vertex 1.034109e+02 2.475123e+00 1.039459e+01
         vertex 1.020088e+02 1.942055e+00 1.039459e+01
      endloop
   endfacet
   facet normal 2.778460e-01 -7.307953e-01 6.234900e-01
      outer loop
         vertex 1.020088e+02 1.942055e+00 1.039459e+01
         vertex 1.034109e+02 2.475123e+00 1.039459e+01
         vertex 1.033446e+02 2.649331e+00 1.062830e+01
      endloop
   endfacet
   facet normal 2.778460e-01 -7.307953e-01 6.234900e-01
      outer loop
         vertex 1.020088e+02 1.942055e+00 1.039459e+01
         vertex 1.033446e+02 2.649331e+00 1.062830e+01
         vertex 1.019425e+02 2.116263e+00 1.062830e+01
      endloop
   endfacet
   facet normal 2.417189e-01 -6.357734e-01 7.330513e-01
      outer loop
         vertex 1.019425e+02 2.116263e+00 1.062830e+01
         vertex 1.033446e+02 2.649331e+00 1.062830e+01
         vertex 1.032667e+02 2.854151e+00 1.083161e+01
      endloop
   endfacet
   facet normal 2.417189e-01 -6.357734e-01 7.330513e-01
      outer loop
         vertex 1.019425e+02 2.116263e+00 1.062830e+01
         vertex 1.032667e+02 2.854151e+00 1.083161e+01
         vertex 1.018647e+02 2.321083e+00 1.083161e+01
      endloop
   endfacet
   facet normal 2.001918e-01 -5.265479e-01 8.262388e-01
      outer loop
         vertex 1.018647e+02 2.321083e+00 1.083161e+01
         vertex 1.032667e+02 2.854151e+00 1.083161e+01
         vertex 1.031790e+02 3.085008e+00 1.100000e+01
      endloop
   endfacet
   facet normal 2.001918e-01 -5.265479e-01 8.262388e-01
      outer loop
         vertex 1.018647e+02 2.321083e+00 1.083161e+01
         vertex 1.031790e+02 3.085008e+00 1.100000e+01
         vertex 1.017769e+02 2.551940e+00 1.100000e+01
      endloop
   endfacet
   facet normal -9.316909e-01 -3.542271e-01 -8.046831e-02
      outer loop
         vertex 1.084738e+02 7.237759e+00 1.100000e+01
         vertex 1.091846e+02 5.368315e+00 1.100000e+01
         vertex 1.084505e+02 7.228901e+00 1.130879e+01
      endloop
   endfacet
   facet normal -9.316909e-01 -3.542271e-01 -8.046831e-02
      outer loop
         vertex 1.084505e+02 7.228901e+00 1.130879e+01
         vertex 1.091846e+02 5.368315e+00 1.100000e+01
         vertex 1.091613e+02 5.359456e+00 1.130879e+01
      endloop
   endfacet
   facet normal -9.075618e-01 -3.450532e-01 -2.393114e-01
      outer loop
         vertex 1.084505e+02 7.228901e+00 1.130879e+01
         vertex 1.091613e+02 5.359456e+00 1.130879e+01
         vertex 1.083812e+02 7.202553e+00 1.160959e+01
      endloop
   endfacet
   facet normal -9.075598e-01 -3.450506e-01 -2.393225e-01
      outer loop
         vertex 1.083812e+02 7.202553e+00 1.160959e+01
         vertex 1.091613e+02 5.359456e+00 1.130879e+01
         vertex 1.090920e+02 5.333108e+00 1.160959e+01
      endloop
   endfacet
   facet normal -8.599268e-01 -3.269407e-01 -3.919639e-01
      outer loop
         vertex 1.083812e+02 7.202553e+00 1.160959e+01
         vertex 1.090920e+02 5.333108e+00 1.160959e+01
         vertex 1.082677e+02 7.159400e+00 1.189459e+01
      endloop
   endfacet
   facet normal -8.599266e-01 -3.269406e-01 -3.919643e-01
      outer loop
         vertex 1.082677e+02 7.159400e+00 1.189459e+01
         vertex 1.090920e+02 5.333108e+00 1.160959e+01
         vertex 1.089785e+02 5.289954e+00 1.189459e+01
      endloop
   endfacet
   facet normal -7.900182e-01 -3.003617e-01 -5.344663e-01
      outer loop
         vertex 1.082677e+02 7.159400e+00 1.189459e+01
         vertex 1.089785e+02 5.289954e+00 1.189459e+01
         vertex 1.081129e+02 7.100557e+00 1.215643e+01
      endloop
   endfacet
   facet normal -7.900184e-01 -3.003618e-01 -5.344659e-01
      outer loop
         vertex 1.081129e+02 7.100557e+00 1.215643e+01
         vertex 1.089785e+02 5.289954e+00 1.189459e+01
         vertex 1.088237e+02 5.231112e+00 1.215643e+01
      endloop
   endfacet
   facet normal -6.996492e-01 -2.660038e-01 -6.631237e-01
      outer loop
         vertex 1.081129e+02 7.100557e+00 1.215643e+01
         vertex 1.088237e+02 5.231112e+00 1.215643e+01
         vertex 1.079209e+02 7.027551e+00 1.238832e+01
      endloop
   endfacet
   facet normal -6.996492e-01 -2.660038e-01 -6.631237e-01
      outer loop
         vertex 1.079209e+02 7.027551e+00 1.238832e+01
         vertex 1.088237e+02 5.231112e+00 1.215643e+01
         vertex 1.086317e+02 5.158106e+00 1.238832e+01
      endloop
   endfacet
   facet normal -5.911628e-01 -2.247577e-01 -7.746034e-01
      outer loop
         vertex 1.079209e+02 7.027551e+00 1.238832e+01
         vertex 1.086317e+02 5.158106e+00 1.238832e+01
         vertex 1.076966e+02 6.942271e+00 1.258424e+01
      endloop
   endfacet
   facet normal -5.911630e-01 -2.247579e-01 -7.746032e-01
      outer loop
         vertex 1.076966e+02 6.942271e+00 1.258424e+01
         vertex 1.086317e+02 5.158106e+00 1.238832e+01
         vertex 1.084074e+02 5.072827e+00 1.258424e+01
      endloop
   endfacet
   facet normal -4.673609e-01 -1.776888e-01 -8.660257e-01
      outer loop
         vertex 1.076966e+02 6.942271e+00 1.258424e+01
         vertex 1.084074e+02 5.072827e+00 1.258424e+01
         vertex 1.074458e+02 6.846926e+00 1.273914e+01
      endloop
   endfacet
   facet normal -4.673609e-01 -1.776888e-01 -8.660257e-01
      outer loop
         vertex 1.074458e+02 6.846926e+00 1.273914e+01
         vertex 1.084074e+02 5.072827e+00 1.258424e+01
         vertex 1.081566e+02 4.977481e+00 1.273914e+01
      endloop
   endfacet
   facet normal -3.314550e-01 -1.260179e-01 -9.350171e-01
      outer loop
         vertex 1.074458e+02 6.846926e+00 1.273914e+01
         vertex 1.081566e+02 4.977481e+00 1.273914e+01
         vertex 1.071751e+02 6.743986e+00 1.284900e+01
      endloop
   endfacet
   facet normal -3.314581e-01 -1.260197e-01 -9.350158e-01
      outer loop
         vertex 1.071751e+02 6.743986e+00 1.284900e+01
         vertex 1.081566e+02 4.977481e+00 1.273914e+01
         vertex 1.078858e+02 4.874540e+00 1.284900e+01
      endloop
   endfacet
   facet normal -1.869688e-01 -7.108516e-02 -9.797906e-01
      outer loop
         vertex 1.071751e+02 6.743986e+00 1.284900e+01
         vertex 1.078858e+02 4.874540e+00 1.284900e+01
         vertex 1.068914e+02 6.636116e+00 1.291096e+01
      endloop
   endfacet
   facet normal -1.869689e-01 -7.108521e-02 -9.797906e-01
      outer loop
         vertex 1.068914e+02 6.636116e+00 1.291096e+01
         vertex 1.078858e+02 4.874540e+00 1.284900e+01
         vertex 1.076021e+02 4.766671e+00 1.291096e+01
      endloop
   endfacet
   facet normal -3.763746e-02 -1.430969e-02 -9.991890e-01
      outer loop
         vertex 1.068914e+02 6.636116e+00 1.291096e+01
         vertex 1.076021e+02 4.766671e+00 1.291096e+01
         vertex 1.066020e+02 6.526110e+00 1.292344e+01
      endloop
   endfacet
   facet normal -3.763706e-02 -1.430946e-02 -9.991890e-01
      outer loop
         vertex 1.066020e+02 6.526110e+00 1.292344e+01
         vertex 1.076021e+02 4.766671e+00 1.291096e+01
         vertex 1.073128e+02 4.656665e+00 1.292344e+01
      endloop
   endfacet
   facet normal 1.126699e-01 4.283667e-02 -9.927087e-01
      outer loop
         vertex 1.066020e+02 6.526110e+00 1.292344e+01
         vertex 1.073128e+02 4.656665e+00 1.292344e+01
         vertex 1.063146e+02 6.416818e+00 1.288610e+01
      endloop
   endfacet
   facet normal 1.126699e-01 4.283663e-02 -9.927087e-01
      outer loop
         vertex 1.063146e+02 6.416818e+00 1.288610e+01
         vertex 1.073128e+02 4.656665e+00 1.292344e+01
         vertex 1.070253e+02 4.547372e+00 1.288610e+01
      endloop
   endfacet
   facet normal 2.600542e-01 9.887155e-02 -9.605187e-01
      outer loop
         vertex 1.063146e+02 6.416818e+00 1.288610e+01
         vertex 1.070253e+02 4.547372e+00 1.288610e+01
         vertex 1.060364e+02 6.311070e+00 1.279991e+01
      endloop
   endfacet
   facet normal 2.600542e-01 9.887155e-02 -9.605187e-01
      outer loop
         vertex 1.060364e+02 6.311070e+00 1.279991e+01
         vertex 1.070253e+02 4.547372e+00 1.288610e+01
         vertex 1.067472e+02 4.441625e+00 1.279991e+01
      endloop
   endfacet
   facet normal 4.007085e-01 1.523478e-01 -9.034505e-01
      outer loop
         vertex 1.060364e+02 6.311070e+00 1.279991e+01
         vertex 1.067472e+02 4.441625e+00 1.279991e+01
         vertex 1.057748e+02 6.211604e+00 1.266710e+01
      endloop
   endfacet
   facet normal 4.007085e-01 1.523478e-01 -9.034505e-01
      outer loop
         vertex 1.057748e+02 6.211604e+00 1.266710e+01
         vertex 1.067472e+02 4.441625e+00 1.279991e+01
         vertex 1.064856e+02 4.342159e+00 1.266710e+01
      endloop
   endfacet
   facet normal 5.309835e-01 2.018778e-01 -8.229835e-01
      outer loop
         vertex 1.057748e+02 6.211604e+00 1.266710e+01
         vertex 1.064856e+02 4.342159e+00 1.266710e+01
         vertex 1.055365e+02 6.120998e+00 1.249111e+01
      endloop
   endfacet
   facet normal 5.309835e-01 2.018778e-01 -8.229835e-01
      outer loop
         vertex 1.055365e+02 6.120998e+00 1.249111e+01
         vertex 1.064856e+02 4.342159e+00 1.266710e+01
         vertex 1.062472e+02 4.251553e+00 1.249111e+01
      endloop
   endfacet
   facet normal 6.475023e-01 2.461778e-01 -7.212054e-01
      outer loop
         vertex 1.055365e+02 6.120998e+00 1.249111e+01
         vertex 1.062472e+02 4.251553e+00 1.249111e+01
         vertex 1.053276e+02 6.041597e+00 1.227651e+01
      endloop
   endfacet
   facet normal 6.475071e-01 2.461809e-01 -7.212000e-01
      outer loop
         vertex 1.053276e+02 6.041597e+00 1.227651e+01
         vertex 1.062472e+02 4.251553e+00 1.249111e+01
         vertex 1.060384e+02 4.172152e+00 1.227651e+01
      endloop
   endfacet
   facet normal 7.472603e-01 2.841069e-01 -6.007373e-01
      outer loop
         vertex 1.053276e+02 6.041597e+00 1.227651e+01
         vertex 1.060384e+02 4.172152e+00 1.227651e+01
         vertex 1.051537e+02 5.975459e+00 1.202885e+01
      endloop
   endfacet
   facet normal 7.472556e-01 2.841035e-01 -6.007448e-01
      outer loop
         vertex 1.051537e+02 5.975459e+00 1.202885e+01
         vertex 1.060384e+02 4.172152e+00 1.227651e+01
         vertex 1.058644e+02 4.106013e+00 1.202885e+01
      endloop
   endfacet
   facet normal 8.276546e-01 3.146709e-01 -4.647258e-01
      outer loop
         vertex 1.051537e+02 5.975459e+00 1.202885e+01
         vertex 1.058644e+02 4.106013e+00 1.202885e+01
         vertex 1.050191e+02 5.924295e+00 1.175454e+01
      endloop
   endfacet
   facet normal 8.276550e-01 3.146712e-01 -4.647249e-01
      outer loop
         vertex 1.050191e+02 5.924295e+00 1.175454e+01
         vertex 1.058644e+02 4.106013e+00 1.202885e+01
         vertex 1.057299e+02 4.054850e+00 1.175454e+01
      endloop
   endfacet
   facet normal 8.866194e-01 3.370892e-01 -3.166652e-01
      outer loop
         vertex 1.050191e+02 5.924295e+00 1.175454e+01
         vertex 1.057299e+02 4.054850e+00 1.175454e+01
         vertex 1.049274e+02 5.889432e+00 1.146068e+01
      endloop
   endfacet
   facet normal 8.866192e-01 3.370890e-01 -3.166661e-01
      outer loop
         vertex 1.049274e+02 5.889432e+00 1.146068e+01
         vertex 1.057299e+02 4.054850e+00 1.175454e+01
         vertex 1.056382e+02 4.019986e+00 1.146068e+01
      endloop
   endfacet
   facet normal 9.226184e-01 3.507757e-01 -1.604111e-01
      outer loop
         vertex 1.049274e+02 5.889432e+00 1.146068e+01
         vertex 1.056382e+02 4.019986e+00 1.146068e+01
         vertex 1.048810e+02 5.871771e+00 1.115490e+01
      endloop
   endfacet
   facet normal 9.226185e-01 3.507759e-01 -1.604101e-01
      outer loop
         vertex 1.048810e+02 5.871771e+00 1.115490e+01
         vertex 1.056382e+02 4.019986e+00 1.146068e+01
         vertex 1.055917e+02 4.002326e+00 1.115490e+01
      endloop
   endfacet
   facet normal 9.347227e-01 3.553779e-01 0.000000e+00
      outer loop
         vertex 1.048810e+02 5.871771e+00 1.115490e+01
         vertex 1.055917e+02 4.002326e+00 1.115490e+01
         vertex 1.048810e+02 5.871771e+00 1.084510e+01
      endloop
   endfacet
   facet normal 9.347227e-01 3.553779e-01 0.000000e+00
      outer loop
         vertex 1.048810e+02 5.871771e+00 1.084510e+01
         vertex 1.055917e+02 4.002326e+00 1.115490e+01
         vertex 1.055917e+02 4.002326e+00 1.084510e+01
      endloop
   endfacet
   facet normal 9.226183e-01 3.507759e-01 1.604111e-01
      outer loop
         vertex 1.048810e+02 5.871771e+00 1.084510e+01
         vertex 1.055917e+02 4.002326e+00 1.084510e+01
         vertex 1.049274e+02 5.889432e+00 1.053932e+01
      endloop
   endfacet
   facet normal 9.226185e-01 3.507758e-01 1.604101e-01
      outer loop
         vertex 1.049274e+02 5.889432e+00 1.053932e+01
         vertex 1.055917e+02 4.002326e+00 1.084510e+01
         vertex 1.056382e+02 4.019986e+00 1.053932e+01
      endloop
   endfacet
   facet normal 8.866195e-01 3.370891e-01 3.166652e-01
      outer loop
         vertex 1.049274e+02 5.889432e+00 1.053932e+01
         vertex 1.056382e+02 4.019986e+00 1.053932e+01
         vertex 1.050191e+02 5.924295e+00 1.024546e+01
      endloop
   endfacet
   facet normal 8.866191e-01 3.370891e-01 3.166661e-01
      outer loop
         vertex 1.050191e+02 5.924295e+00 1.024546e+01
         vertex 1.056382e+02 4.019986e+00 1.053932e+01
         vertex 1.057299e+02 4.054850e+00 1.024546e+01
      endloop
   endfacet
   facet normal 8.276546e-01 3.146710e-01 4.647258e-01
      outer loop
         vertex 1.050191e+02 5.924295e+00 1.024546e+01
         vertex 1.057299e+02 4.054850e+00 1.024546e+01
         vertex 1.051537e+02 5.975459e+00 9.971153e+00
      endloop
   endfacet
   facet normal 8.276550e-01 3.146711e-01 4.647249e-01
      outer loop
         vertex 1.051537e+02 5.975459e+00 9.971153e+00
         vertex 1.057299e+02 4.054850e+00 1.024546e+01
         vertex 1.058644e+02 4.106013e+00 9.971153e+00
      endloop
   endfacet
   facet normal 7.472608e-01 2.841055e-01 6.007373e-01
      outer loop
         vertex 1.051537e+02 5.975459e+00 9.971153e+00
         vertex 1.058644e+02 4.106013e+00 9.971153e+00
         vertex 1.053276e+02 6.041597e+00 9.723489e+00
      endloop
   endfacet
   facet normal 7.472550e-01 2.841049e-01 6.007448e-01
      outer loop
         vertex 1.053276e+02 6.041597e+00 9.723489e+00
         vertex 1.058644e+02 4.106013e+00 9.971153e+00
         vertex 1.060384e+02 4.172152e+00 9.723489e+00
      endloop
   endfacet
   facet normal 6.475019e-01 2.461789e-01 7.212054e-01
      outer loop
         vertex 1.053276e+02 6.041597e+00 9.723489e+00
         vertex 1.060384e+02 4.172152e+00 9.723489e+00
         vertex 1.055365e+02 6.120998e+00 9.508885e+00
      endloop
   endfacet
   facet normal 6.475076e-01 2.461798e-01 7.212000e-01
      outer loop
         vertex 1.055365e+02 6.120998e+00 9.508885e+00
         vertex 1.060384e+02 4.172152e+00 9.723489e+00
         vertex 1.062472e+02 4.251553e+00 9.508885e+00
      endloop
   endfacet
   facet normal 5.309835e-01 2.018778e-01 8.229835e-01
      outer loop
         vertex 1.055365e+02 6.120998e+00 9.508885e+00
         vertex 1.062472e+02 4.251553e+00 9.508885e+00
         vertex 1.057748e+02 6.211604e+00 9.332901e+00
      endloop
   endfacet
   facet normal 5.309835e-01 2.018778e-01 8.229835e-01
      outer loop
         vertex 1.057748e+02 6.211604e+00 9.332901e+00
         vertex 1.062472e+02 4.251553e+00 9.508885e+00
         vertex 1.064856e+02 4.342159e+00 9.332901e+00
      endloop
   endfacet
   facet normal 4.007085e-01 1.523478e-01 9.034505e-01
      outer loop
         vertex 1.057748e+02 6.211604e+00 9.332901e+00
         vertex 1.064856e+02 4.342159e+00 9.332901e+00
         vertex 1.060364e+02 6.311070e+00 9.200093e+00
      endloop
   endfacet
   facet normal 4.007085e-01 1.523478e-01 9.034505e-01
      outer loop
         vertex 1.060364e+02 6.311070e+00 9.200093e+00
         vertex 1.064856e+02 4.342159e+00 9.332901e+00
         vertex 1.067472e+02 4.441625e+00 9.200093e+00
      endloop
   endfacet
   facet normal 2.600542e-01 9.887155e-02 9.605187e-01
      outer loop
         vertex 1.060364e+02 6.311070e+00 9.200093e+00
         vertex 1.067472e+02 4.441625e+00 9.200093e+00
         vertex 1.063146e+02 6.416818e+00 9.113903e+00
      endloop
   endfacet
   facet normal 2.600542e-01 9.887155e-02 9.605187e-01
      outer loop
         vertex 1.063146e+02 6.416818e+00 9.113903e+00
         vertex 1.067472e+02 4.441625e+00 9.200093e+00
         vertex 1.070253e+02 4.547372e+00 9.113903e+00
      endloop
   endfacet
   facet normal 1.126699e-01 4.283666e-02 9.927087e-01
      outer loop
         vertex 1.063146e+02 6.416818e+00 9.113903e+00
         vertex 1.070253e+02 4.547372e+00 9.113903e+00
         vertex 1.066020e+02 6.526110e+00 9.076561e+00
      endloop
   endfacet
   facet normal 1.126699e-01 4.283664e-02 9.927087e-01
      outer loop
         vertex 1.066020e+02 6.526110e+00 9.076561e+00
         vertex 1.070253e+02 4.547372e+00 9.113903e+00
         vertex 1.073128e+02 4.656665e+00 9.076561e+00
      endloop
   endfacet
   facet normal -3.763749e-02 -1.430963e-02 9.991890e-01
      outer loop
         vertex 1.066020e+02 6.526110e+00 9.076561e+00
         vertex 1.073128e+02 4.656665e+00 9.076561e+00
         vertex 1.068914e+02 6.636116e+00 9.089035e+00
      endloop
   endfacet
   facet normal -3.763704e-02 -1.430953e-02 9.991890e-01
      outer loop
         vertex 1.068914e+02 6.636116e+00 9.089035e+00
         vertex 1.073128e+02 4.656665e+00 9.076561e+00
         vertex 1.076021e+02 4.766671e+00 9.089035e+00
      endloop
   endfacet
   facet normal -1.869688e-01 -7.108518e-02 9.797906e-01
      outer loop
         vertex 1.068914e+02 6.636116e+00 9.089035e+00
         vertex 1.076021e+02 4.766671e+00 9.089035e+00
         vertex 1.071751e+02 6.743986e+00 9.151002e+00
      endloop
   endfacet
   facet normal -1.869689e-01 -7.108520e-02 9.797906e-01
      outer loop
         vertex 1.071751e+02 6.743986e+00 9.151002e+00
         vertex 1.076021e+02 4.766671e+00 9.089035e+00
         vertex 1.078858e+02 4.874540e+00 9.151002e+00
      endloop
   endfacet
   facet normal -3.314548e-01 -1.260185e-01 9.350171e-01
      outer loop
         vertex 1.071751e+02 6.743986e+00 9.151002e+00
         vertex 1.078858e+02 4.874540e+00 9.151002e+00
         vertex 1.074458e+02 6.846926e+00 9.260857e+00
      endloop
   endfacet
   facet normal -3.314584e-01 -1.260192e-01 9.350158e-01
      outer loop
         vertex 1.074458e+02 6.846926e+00 9.260857e+00
         vertex 1.078858e+02 4.874540e+00 9.151002e+00
         vertex 1.081566e+02 4.977481e+00 9.260857e+00
      endloop
   endfacet
   facet normal -4.673609e-01 -1.776888e-01 8.660257e-01
      outer loop
         vertex 1.074458e+02 6.846926e+00 9.260857e+00
         vertex 1.081566e+02 4.977481e+00 9.260857e+00
         vertex 1.076966e+02 6.942271e+00 9.415756e+00
      endloop
   endfacet
   facet normal -4.673609e-01 -1.776888e-01 8.660257e-01
      outer loop
         vertex 1.076966e+02 6.942271e+00 9.415756e+00
         vertex 1.081566e+02 4.977481e+00 9.260857e+00
         vertex 1.084074e+02 5.072827e+00 9.415756e+00
      endloop
   endfacet
   facet normal -5.911628e-01 -2.247578e-01 7.746034e-01
      outer loop
         vertex 1.076966e+02 6.942271e+00 9.415756e+00
         vertex 1.084074e+02 5.072827e+00 9.415756e+00
         vertex 1.079209e+02 7.027551e+00 9.611685e+00
      endloop
   endfacet
   facet normal -5.911631e-01 -2.247578e-01 7.746032e-01
      outer loop
         vertex 1.079209e+02 7.027551e+00 9.611685e+00
         vertex 1.084074e+02 5.072827e+00 9.415756e+00
         vertex 1.086317e+02 5.158106e+00 9.611685e+00
      endloop
   endfacet
   facet normal -6.996492e-01 -2.660038e-01 6.631237e-01
      outer loop
         vertex 1.079209e+02 7.027551e+00 9.611685e+00
         vertex 1.086317e+02 5.158106e+00 9.611685e+00
         vertex 1.081129e+02 7.100557e+00 9.843571e+00
      endloop
   endfacet
   facet normal -6.996492e-01 -2.660038e-01 6.631237e-01
      outer loop
         vertex 1.081129e+02 7.100557e+00 9.843571e+00
         vertex 1.086317e+02 5.158106e+00 9.611685e+00
         vertex 1.088237e+02 5.231112e+00 9.843571e+00
      endloop
   endfacet
   facet normal -7.900181e-01 -3.003617e-01 5.344663e-01
      outer loop
         vertex 1.081129e+02 7.100557e+00 9.843571e+00
         vertex 1.088237e+02 5.231112e+00 9.843571e+00
         vertex 1.082677e+02 7.159400e+00 1.010541e+01
      endloop
   endfacet
   facet normal -7.900184e-01 -3.003618e-01 5.344659e-01
      outer loop
         vertex 1.082677e+02 7.159400e+00 1.010541e+01
         vertex 1.088237e+02 5.231112e+00 9.843571e+00
         vertex 1.089785e+02 5.289954e+00 1.010541e+01
      endloop
   endfacet
   facet normal -8.599268e-01 -3.269407e-01 3.919639e-01
      outer loop
         vertex 1.082677e+02 7.159400e+00 1.010541e+01
         vertex 1.089785e+02 5.289954e+00 1.010541e+01
         vertex 1.083812e+02 7.202553e+00 1.039041e+01
      endloop
   endfacet
   facet normal -8.599266e-01 -3.269407e-01 3.919643e-01
      outer loop
         vertex 1.083812e+02 7.202553e+00 1.039041e+01
         vertex 1.089785e+02 5.289954e+00 1.010541e+01
         vertex 1.090920e+02 5.333108e+00 1.039041e+01
      endloop
   endfacet
   facet normal -9.075624e-01 -3.450516e-01 2.393114e-01
      outer loop
         vertex 1.083812e+02 7.202553e+00 1.039041e+01
         vertex 1.090920e+02 5.333108e+00 1.039041e+01
         vertex 1.084505e+02 7.228901e+00 1.069121e+01
      endloop
   endfacet
   facet normal -9.075592e-01 -3.450523e-01 2.393225e-01
      outer loop
         vertex 1.084505e+02 7.228901e+00 1.069121e+01
         vertex 1.090920e+02 5.333108e+00 1.039041e+01
         vertex 1.091613e+02 5.359456e+00 1.069121e+01
      endloop
   endfacet
   facet normal -9.316909e-01 -3.542271e-01 8.046831e-02
      outer loop
         vertex 1.084505e+02 7.228901e+00 1.069121e+01
         vertex 1.091613e+02 5.359456e+00 1.069121e+01
         vertex 1.084738e+02 7.237759e+00 1.100000e+01
      endloop
   endfacet
   facet normal -9.316909e-01 -3.542271e-01 8.046831e-02
      outer loop
         vertex 1.084738e+02 7.237759e+00 1.100000e+01
         vertex 1.091613e+02 5.359456e+00 1.069121e+01
         vertex 1.091846e+02 5.368315e+00 1.100000e+01
      endloop
   endfacet
   facet normal 9.226180e-01 3.507767e-01 -1.604111e-01
      outer loop
         vertex 1.038613e+02 8.693599e+00 1.146068e+01
         vertex 1.038148e+02 8.675938e+00 1.115490e+01
         vertex 1.031919e+02 1.031437e+01 1.115490e+01
      endloop
   endfacet
   facet normal 9.339645e-01 3.550906e-01 -4.026058e-02
      outer loop
         vertex 1.031919e+02 1.031437e+01 1.115490e+01
         vertex 1.038148e+02 8.675938e+00 1.115490e+01
         vertex 1.038090e+02 8.673720e+00 1.100000e+01
      endloop
   endfacet
   facet normal 9.359819e-01 3.520483e-01 0.000000e+00
      outer loop
         vertex 1.031919e+02 1.031437e+01 1.115490e+01
         vertex 1.038090e+02 8.673720e+00 1.100000e+01
         vertex 1.031919e+02 1.031437e+01 1.084510e+01
      endloop
   endfacet
   facet normal 9.339645e-01 3.550906e-01 4.026058e-02
      outer loop
         vertex 1.031919e+02 1.031437e+01 1.084510e+01
         vertex 1.038090e+02 8.673720e+00 1.100000e+01
         vertex 1.038148e+02 8.675938e+00 1.084510e+01
      endloop
   endfacet
   facet normal 9.226180e-01 3.507767e-01 1.604109e-01
      outer loop
         vertex 1.031919e+02 1.031437e+01 1.084510e+01
         vertex 1.038148e+02 8.675938e+00 1.084510e+01
         vertex 1.032384e+02 1.033203e+01 1.053932e+01
      endloop
   endfacet
   facet normal 9.226180e-01 3.507767e-01 1.604111e-01
      outer loop
         vertex 1.032384e+02 1.033203e+01 1.053932e+01
         vertex 1.038148e+02 8.675938e+00 1.084510e+01
         vertex 1.038613e+02 8.693599e+00 1.053932e+01
      endloop
   endfacet
   facet normal 8.866158e-01 3.370888e-01 3.166758e-01
      outer loop
         vertex 1.032384e+02 1.033203e+01 1.053932e+01
         vertex 1.038613e+02 8.693599e+00 1.053932e+01
         vertex 1.033301e+02 1.036690e+01 1.024546e+01
      endloop
   endfacet
   facet normal 8.866198e-01 3.370882e-01 3.166652e-01
      outer loop
         vertex 1.033301e+02 1.036690e+01 1.024546e+01
         vertex 1.038613e+02 8.693599e+00 1.053932e+01
         vertex 1.039530e+02 8.728462e+00 1.024546e+01
      endloop
   endfacet
   facet normal 8.276595e-01 3.146718e-01 4.647165e-01
      outer loop
         vertex 1.033301e+02 1.036690e+01 1.024546e+01
         vertex 1.039530e+02 8.728462e+00 1.024546e+01
         vertex 1.034646e+02 1.041806e+01 9.971153e+00
      endloop
   endfacet
   facet normal 8.276543e-01 3.146718e-01 4.647258e-01
      outer loop
         vertex 1.034646e+02 1.041806e+01 9.971153e+00
         vertex 1.039530e+02 8.728462e+00 1.024546e+01
         vertex 1.040876e+02 8.779626e+00 9.971153e+00
      endloop
   endfacet
   facet normal 7.472553e-01 2.841043e-01 6.007448e-01
      outer loop
         vertex 1.034646e+02 1.041806e+01 9.971153e+00
         vertex 1.040876e+02 8.779626e+00 9.971153e+00
         vertex 1.036386e+02 1.048420e+01 9.723489e+00
      endloop
   endfacet
   facet normal 7.472555e-01 2.841043e-01 6.007445e-01
      outer loop
         vertex 1.036386e+02 1.048420e+01 9.723489e+00
         vertex 1.040876e+02 8.779626e+00 9.971153e+00
         vertex 1.042615e+02 8.845765e+00 9.723489e+00
      endloop
   endfacet
   facet normal 6.475022e-01 2.461784e-01 7.212053e-01
      outer loop
         vertex 1.036386e+02 1.048420e+01 9.723489e+00
         vertex 1.042615e+02 8.845765e+00 9.723489e+00
         vertex 1.038474e+02 1.056360e+01 9.508885e+00
      endloop
   endfacet
   facet normal 6.475078e-01 2.461791e-01 7.212000e-01
      outer loop
         vertex 1.038474e+02 1.056360e+01 9.508885e+00
         vertex 1.042615e+02 8.845765e+00 9.723489e+00
         vertex 1.044703e+02 8.925166e+00 9.508885e+00
      endloop
   endfacet
   facet normal 5.309839e-01 2.018773e-01 8.229834e-01
      outer loop
         vertex 1.038474e+02 1.056360e+01 9.508885e+00
         vertex 1.044703e+02 8.925166e+00 9.508885e+00
         vertex 1.040857e+02 1.065421e+01 9.332901e+00
      endloop
   endfacet
   facet normal 5.309837e-01 2.018773e-01 8.229835e-01
      outer loop
         vertex 1.040857e+02 1.065421e+01 9.332901e+00
         vertex 1.044703e+02 8.925166e+00 9.508885e+00
         vertex 1.047087e+02 9.015772e+00 9.332901e+00
      endloop
   endfacet
   facet normal 4.007126e-01 1.523489e-01 9.034485e-01
      outer loop
         vertex 1.040857e+02 1.065421e+01 9.332901e+00
         vertex 1.047087e+02 9.015772e+00 9.332901e+00
         vertex 1.043474e+02 1.075367e+01 9.200093e+00
      endloop
   endfacet
   facet normal 4.007083e-01 1.523481e-01 9.034505e-01
      outer loop
         vertex 1.043474e+02 1.075367e+01 9.200093e+00
         vertex 1.047087e+02 9.015772e+00 9.332901e+00
         vertex 1.049703e+02 9.115237e+00 9.200093e+00
      endloop
   endfacet
   facet normal 2.600540e-01 9.887178e-02 9.605188e-01
      outer loop
         vertex 1.043474e+02 1.075367e+01 9.200093e+00
         vertex 1.049703e+02 9.115237e+00 9.200093e+00
         vertex 1.046255e+02 1.085942e+01 9.113903e+00
      endloop
   endfacet
   facet normal 2.600541e-01 9.887179e-02 9.605187e-01
      outer loop
         vertex 1.046255e+02 1.085942e+01 9.113903e+00
         vertex 1.049703e+02 9.115237e+00 9.200093e+00
         vertex 1.052484e+02 9.220985e+00 9.113903e+00
      endloop
   endfacet
   facet normal 1.126699e-01 4.283676e-02 9.927087e-01
      outer loop
         vertex 1.046255e+02 1.085942e+01 9.113903e+00
         vertex 1.052484e+02 9.220985e+00 9.113903e+00
         vertex 1.049130e+02 1.096871e+01 9.076561e+00
      endloop
   endfacet
   facet normal 1.126699e-01 4.283676e-02 9.927087e-01
      outer loop
         vertex 1.049130e+02 1.096871e+01 9.076561e+00
         vertex 1.052484e+02 9.220985e+00 9.113903e+00
         vertex 1.055359e+02 9.330277e+00 9.076561e+00
      endloop
   endfacet
   facet normal -3.763706e-02 -1.430950e-02 9.991890e-01
      outer loop
         vertex 1.049130e+02 1.096871e+01 9.076561e+00
         vertex 1.055359e+02 9.330277e+00 9.076561e+00
         vertex 1.052023e+02 1.107872e+01 9.089035e+00
      endloop
   endfacet
   facet normal -3.763705e-02 -1.430950e-02 9.991890e-01
      outer loop
         vertex 1.052023e+02 1.107872e+01 9.089035e+00
         vertex 1.055359e+02 9.330277e+00 9.076561e+00
         vertex 1.058252e+02 9.440283e+00 9.089035e+00
      endloop
   endfacet
   facet normal -1.869689e-01 -7.108501e-02 9.797906e-01
      outer loop
         vertex 1.052023e+02 1.107872e+01 9.089035e+00
         vertex 1.058252e+02 9.440283e+00 9.089035e+00
         vertex 1.054860e+02 1.118659e+01 9.151002e+00
      endloop
   endfacet
   facet normal -1.869689e-01 -7.108501e-02 9.797906e-01
      outer loop
         vertex 1.054860e+02 1.118659e+01 9.151002e+00
         vertex 1.058252e+02 9.440283e+00 9.089035e+00
         vertex 1.061089e+02 9.548153e+00 9.151002e+00
      endloop
   endfacet
   facet normal -3.314584e-01 -1.260195e-01 9.350157e-01
      outer loop
         vertex 1.054860e+02 1.118659e+01 9.151002e+00
         vertex 1.061089e+02 9.548153e+00 9.151002e+00
         vertex 1.057568e+02 1.128953e+01 9.260857e+00
      endloop
   endfacet
   facet normal -3.314584e-01 -1.260195e-01 9.350157e-01
      outer loop
         vertex 1.057568e+02 1.128953e+01 9.260857e+00
         vertex 1.061089e+02 9.548153e+00 9.151002e+00
         vertex 1.063797e+02 9.651094e+00 9.260857e+00
      endloop
   endfacet
   facet normal -4.673608e-01 -1.776892e-01 8.660256e-01
      outer loop
         vertex 1.057568e+02 1.128953e+01 9.260857e+00
         vertex 1.063797e+02 9.651094e+00 9.260857e+00
         vertex 1.060075e+02 1.138487e+01 9.415756e+00
      endloop
   endfacet
   facet normal -4.673607e-01 -1.776892e-01 8.660257e-01
      outer loop
         vertex 1.060075e+02 1.138487e+01 9.415756e+00
         vertex 1.063797e+02 9.651094e+00 9.260857e+00
         vertex 1.066305e+02 9.746439e+00 9.415756e+00
      endloop
   endfacet
   facet normal -5.911572e-01 -2.247563e-01 7.746081e-01
      outer loop
         vertex 1.060075e+02 1.138487e+01 9.415756e+00
         vertex 1.066305e+02 9.746439e+00 9.415756e+00
         vertex 1.062319e+02 1.147015e+01 9.611685e+00
      endloop
   endfacet
   facet normal -5.911631e-01 -2.247571e-01 7.746034e-01
      outer loop
         vertex 1.062319e+02 1.147015e+01 9.611685e+00
         vertex 1.066305e+02 9.746439e+00 9.415756e+00
         vertex 1.068548e+02 9.831719e+00 9.611685e+00
      endloop
   endfacet
   facet normal -6.996547e-01 -2.660050e-01 6.631174e-01
      outer loop
         vertex 1.062319e+02 1.147015e+01 9.611685e+00
         vertex 1.068548e+02 9.831719e+00 9.611685e+00
         vertex 1.064239e+02 1.154316e+01 9.843571e+00
      endloop
   endfacet
   facet normal -6.996488e-01 -2.660044e-01 6.631238e-01
      outer loop
         vertex 1.064239e+02 1.154316e+01 9.843571e+00
         vertex 1.068548e+02 9.831719e+00 9.611685e+00
         vertex 1.070468e+02 9.904725e+00 9.843571e+00
      endloop
   endfacet
   facet normal -7.900181e-01 -3.003626e-01 5.344659e-01
      outer loop
         vertex 1.064239e+02 1.154316e+01 9.843571e+00
         vertex 1.070468e+02 9.904725e+00 9.843571e+00
         vertex 1.065786e+02 1.160200e+01 1.010541e+01
      endloop
   endfacet
   facet normal -7.900181e-01 -3.003626e-01 5.344659e-01
      outer loop
         vertex 1.065786e+02 1.160200e+01 1.010541e+01
         vertex 1.070468e+02 9.904725e+00 9.843571e+00
         vertex 1.072016e+02 9.963567e+00 1.010541e+01
      endloop
   endfacet
   facet normal -8.599226e-01 -3.269401e-01 3.919736e-01
      outer loop
         vertex 1.065786e+02 1.160200e+01 1.010541e+01
         vertex 1.072016e+02 9.963567e+00 1.010541e+01
         vertex 1.066922e+02 1.164516e+01 1.039041e+01
      endloop
   endfacet
   facet normal -8.599270e-01 -3.269398e-01 3.919641e-01
      outer loop
         vertex 1.066922e+02 1.164516e+01 1.039041e+01
         vertex 1.072016e+02 9.963567e+00 1.010541e+01
         vertex 1.073151e+02 1.000672e+01 1.039041e+01
      endloop
   endfacet
   facet normal -9.075628e-01 -3.450507e-01 2.393111e-01
      outer loop
         vertex 1.066922e+02 1.164516e+01 1.039041e+01
         vertex 1.073151e+02 1.000672e+01 1.039041e+01
         vertex 1.067614e+02 1.167150e+01 1.069121e+01
      endloop
   endfacet
   facet normal -9.075597e-01 -3.450515e-01 2.393217e-01
      outer loop
         vertex 1.067614e+02 1.167150e+01 1.069121e+01
         vertex 1.073151e+02 1.000672e+01 1.039041e+01
         vertex 1.073844e+02 1.003307e+01 1.069121e+01
      endloop
   endfacet
   facet normal -9.316912e-01 -3.542263e-01 8.046858e-02
      outer loop
         vertex 1.067614e+02 1.167150e+01 1.069121e+01
         vertex 1.073844e+02 1.003307e+01 1.069121e+01
         vertex 1.067847e+02 1.168036e+01 1.100000e+01
      endloop
   endfacet
   facet normal -9.316912e-01 -3.542263e-01 8.046858e-02
      outer loop
         vertex 1.067847e+02 1.168036e+01 1.100000e+01
         vertex 1.073844e+02 1.003307e+01 1.069121e+01
         vertex 1.074077e+02 1.004193e+01 1.100000e+01
      endloop
   endfacet
   facet normal -9.316912e-01 -3.542263e-01 -8.046858e-02
      outer loop
         vertex 1.067847e+02 1.168036e+01 1.100000e+01
         vertex 1.074077e+02 1.004193e+01 1.100000e+01
         vertex 1.067614e+02 1.167150e+01 1.130879e+01
      endloop
   endfacet
   facet normal -9.316912e-01 -3.542263e-01 -8.046858e-02
      outer loop
         vertex 1.067614e+02 1.167150e+01 1.130879e+01
         vertex 1.074077e+02 1.004193e+01 1.100000e+01
         vertex 1.073844e+02 1.003307e+01 1.130879e+01
      endloop
   endfacet
   facet normal -9.075621e-01 -3.450525e-01 -2.393111e-01
      outer loop
         vertex 1.067614e+02 1.167150e+01 1.130879e+01
         vertex 1.073844e+02 1.003307e+01 1.130879e+01
         vertex 1.066922e+02 1.164516e+01 1.160959e+01
      endloop
   endfacet
   facet normal -9.075604e-01 -3.450497e-01 -2.393217e-01
      outer loop
         vertex 1.066922e+02 1.164516e+01 1.160959e+01
         vertex 1.073844e+02 1.003307e+01 1.130879e+01
         vertex 1.073151e+02 1.000672e+01 1.160959e+01
      endloop
   endfacet
   facet normal -8.599233e-01 -3.269384e-01 -3.919736e-01
      outer loop
         vertex 1.066922e+02 1.164516e+01 1.160959e+01
         vertex 1.073151e+02 1.000672e+01 1.160959e+01
         vertex 1.065786e+02 1.160200e+01 1.189459e+01
      endloop
   endfacet
   facet normal -8.599264e-01 -3.269415e-01 -3.919641e-01
      outer loop
         vertex 1.065786e+02 1.160200e+01 1.189459e+01
         vertex 1.073151e+02 1.000672e+01 1.160959e+01
         vertex 1.072016e+02 9.963567e+00 1.189459e+01
      endloop
   endfacet
   facet normal -7.900181e-01 -3.003626e-01 -5.344659e-01
      outer loop
         vertex 1.065786e+02 1.160200e+01 1.189459e+01
         vertex 1.072016e+02 9.963567e+00 1.189459e+01
         vertex 1.064239e+02 1.154316e+01 1.215643e+01
      endloop
   endfacet
   facet normal -7.900181e-01 -3.003626e-01 -5.344659e-01
      outer loop
         vertex 1.064239e+02 1.154316e+01 1.215643e+01
         vertex 1.072016e+02 9.963567e+00 1.189459e+01
         vertex 1.070468e+02 9.904725e+00 1.215643e+01
      endloop
   endfacet
   facet normal -6.996541e-01 -2.660065e-01 -6.631174e-01
      outer loop
         vertex 1.064239e+02 1.154316e+01 1.215643e+01
         vertex 1.070468e+02 9.904725e+00 1.215643e+01
         vertex 1.062319e+02 1.147015e+01 1.238832e+01
      endloop
   endfacet
   facet normal -6.996493e-01 -2.660030e-01 -6.631238e-01
      outer loop
         vertex 1.062319e+02 1.147015e+01 1.238832e+01
         vertex 1.070468e+02 9.904725e+00 1.215643e+01
         vertex 1.068548e+02 9.831719e+00 1.238832e+01
      endloop
   endfacet
   facet normal -5.911577e-01 -2.247550e-01 -7.746081e-01
      outer loop
         vertex 1.062319e+02 1.147015e+01 1.238832e+01
         vertex 1.068548e+02 9.831719e+00 1.238832e+01
         vertex 1.060075e+02 1.138487e+01 1.258424e+01
      endloop
   endfacet
   facet normal -5.911626e-01 -2.247583e-01 -7.746034e-01
      outer loop
         vertex 1.060075e+02 1.138487e+01 1.258424e+01
         vertex 1.068548e+02 9.831719e+00 1.238832e+01
         vertex 1.066305e+02 9.746439e+00 1.258424e+01
      endloop
   endfacet
   facet normal -4.673608e-01 -1.776892e-01 -8.660256e-01
      outer loop
         vertex 1.060075e+02 1.138487e+01 1.258424e+01
         vertex 1.066305e+02 9.746439e+00 1.258424e+01
         vertex 1.057568e+02 1.128953e+01 1.273914e+01
      endloop
   endfacet
   facet normal -4.673607e-01 -1.776892e-01 -8.660257e-01
      outer loop
         vertex 1.057568e+02 1.128953e+01 1.273914e+01
         vertex 1.066305e+02 9.746439e+00 1.258424e+01
         vertex 1.063797e+02 9.651094e+00 1.273914e+01
      endloop
   endfacet
   facet normal -3.314584e-01 -1.260195e-01 -9.350157e-01
      outer loop
         vertex 1.057568e+02 1.128953e+01 1.273914e+01
         vertex 1.063797e+02 9.651094e+00 1.273914e+01
         vertex 1.054860e+02 1.118659e+01 1.284900e+01
      endloop
   endfacet
   facet normal -3.314584e-01 -1.260195e-01 -9.350157e-01
      outer loop
         vertex 1.054860e+02 1.118659e+01 1.284900e+01
         vertex 1.063797e+02 9.651094e+00 1.273914e+01
         vertex 1.061089e+02 9.548153e+00 1.284900e+01
      endloop
   endfacet
   facet normal -1.869689e-01 -7.108501e-02 -9.797906e-01
      outer loop
         vertex 1.054860e+02 1.118659e+01 1.284900e+01
         vertex 1.061089e+02 9.548153e+00 1.284900e+01
         vertex 1.052023e+02 1.107872e+01 1.291096e+01
      endloop
   endfacet
   facet normal -1.869689e-01 -7.108501e-02 -9.797906e-01
      outer loop
         vertex 1.052023e+02 1.107872e+01 1.291096e+01
         vertex 1.061089e+02 9.548153e+00 1.284900e+01
         vertex 1.058252e+02 9.440283e+00 1.291096e+01
      endloop
   endfacet
   facet normal -3.763706e-02 -1.430950e-02 -9.991890e-01
      outer loop
         vertex 1.052023e+02 1.107872e+01 1.291096e+01
         vertex 1.058252e+02 9.440283e+00 1.291096e+01
         vertex 1.049130e+02 1.096871e+01 1.292344e+01
      endloop
   endfacet
   facet normal -3.763705e-02 -1.430950e-02 -9.991890e-01
      outer loop
         vertex 1.049130e+02 1.096871e+01 1.292344e+01
         vertex 1.058252e+02 9.440283e+00 1.291096e+01
         vertex 1.055359e+02 9.330277e+00 1.292344e+01
      endloop
   endfacet
   facet normal 1.126699e-01 4.283676e-02 -9.927087e-01
      outer loop
         vertex 1.049130e+02 1.096871e+01 1.292344e+01
         vertex 1.055359e+02 9.330277e+00 1.292344e+01
         vertex 1.046255e+02 1.085942e+01 1.288610e+01
      endloop
   endfacet
   facet normal 1.126699e-01 4.283676e-02 -9.927087e-01
      outer loop
         vertex 1.046255e+02 1.085942e+01 1.288610e+01
         vertex 1.055359e+02 9.330277e+00 1.292344e+01
         vertex 1.052484e+02 9.220985e+00 1.288610e+01
      endloop
   endfacet
   facet normal 2.600540e-01 9.887176e-02 -9.605188e-01
      outer loop
         vertex 1.046255e+02 1.085942e+01 1.288610e+01
         vertex 1.052484e+02 9.220985e+00 1.288610e+01
         vertex 1.043474e+02 1.075367e+01 1.279991e+01
      endloop
   endfacet
   facet normal 2.600541e-01 9.887180e-02 -9.605187e-01
      outer loop
         vertex 1.043474e+02 1.075367e+01 1.279991e+01
         vertex 1.052484e+02 9.220985e+00 1.288610e+01
         vertex 1.049703e+02 9.115237e+00 1.279991e+01
      endloop
   endfacet
   facet normal 4.007123e-01 1.523496e-01 -9.034485e-01
      outer loop
         vertex 1.043474e+02 1.075367e+01 1.279991e+01
         vertex 1.049703e+02 9.115237e+00 1.279991e+01
         vertex 1.040857e+02 1.065421e+01 1.266710e+01
      endloop
   endfacet
   facet normal 4.007086e-01 1.523474e-01 -9.034505e-01
      outer loop
         vertex 1.040857e+02 1.065421e+01 1.266710e+01
         vertex 1.049703e+02 9.115237e+00 1.279991e+01
         vertex 1.047087e+02 9.015772e+00 1.266710e+01
      endloop
   endfacet
   facet normal 5.309839e-01 2.018773e-01 -8.229834e-01
      outer loop
         vertex 1.040857e+02 1.065421e+01 1.266710e+01
         vertex 1.047087e+02 9.015772e+00 1.266710e+01
         vertex 1.038474e+02 1.056360e+01 1.249111e+01
      endloop
   endfacet
   facet normal 5.309838e-01 2.018773e-01 -8.229835e-01
      outer loop
         vertex 1.038474e+02 1.056360e+01 1.249111e+01
         vertex 1.047087e+02 9.015772e+00 1.266710e+01
         vertex 1.044703e+02 8.925166e+00 1.249111e+01
      endloop
   endfacet
   facet normal 6.475027e-01 2.461772e-01 -7.212053e-01
      outer loop
         vertex 1.038474e+02 1.056360e+01 1.249111e+01
         vertex 1.044703e+02 8.925166e+00 1.249111e+01
         vertex 1.036386e+02 1.048420e+01 1.227651e+01
      endloop
   endfacet
   facet normal 6.475073e-01 2.461804e-01 -7.212000e-01
      outer loop
         vertex 1.036386e+02 1.048420e+01 1.227651e+01
         vertex 1.044703e+02 8.925166e+00 1.249111e+01
         vertex 1.042615e+02 8.845765e+00 1.227651e+01
      endloop
   endfacet
   facet normal 7.472553e-01 2.841042e-01 -6.007448e-01
      outer loop
         vertex 1.036386e+02 1.048420e+01 1.227651e+01
         vertex 1.042615e+02 8.845765e+00 1.227651e+01
         vertex 1.034646e+02 1.041806e+01 1.202885e+01
      endloop
   endfacet
   facet normal 7.472555e-01 2.841044e-01 -6.007445e-01
      outer loop
         vertex 1.034646e+02 1.041806e+01 1.202885e+01
         vertex 1.042615e+02 8.845765e+00 1.227651e+01
         vertex 1.040876e+02 8.779626e+00 1.202885e+01
      endloop
   endfacet
   facet normal 8.276588e-01 3.146735e-01 -4.647165e-01
      outer loop
         vertex 1.034646e+02 1.041806e+01 1.202885e+01
         vertex 1.040876e+02 8.779626e+00 1.202885e+01
         vertex 1.033301e+02 1.036690e+01 1.175454e+01
      endloop
   endfacet
   facet normal 8.276550e-01 3.146701e-01 -4.647258e-01
      outer loop
         vertex 1.033301e+02 1.036690e+01 1.175454e+01
         vertex 1.040876e+02 8.779626e+00 1.202885e+01
         vertex 1.039530e+02 8.728462e+00 1.175454e+01
      endloop
   endfacet
   facet normal 8.866165e-01 3.370869e-01 -3.166758e-01
      outer loop
         vertex 1.033301e+02 1.036690e+01 1.175454e+01
         vertex 1.039530e+02 8.728462e+00 1.175454e+01
         vertex 1.032384e+02 1.033203e+01 1.146068e+01
      endloop
   endfacet
   facet normal 8.866191e-01 3.370901e-01 -3.166652e-01
      outer loop
         vertex 1.032384e+02 1.033203e+01 1.146068e+01
         vertex 1.039530e+02 8.728462e+00 1.175454e+01
         vertex 1.038613e+02 8.693599e+00 1.146068e+01
      endloop
   endfacet
   facet normal 9.226180e-01 3.507767e-01 -1.604109e-01
      outer loop
         vertex 1.032384e+02 1.033203e+01 1.146068e+01
         vertex 1.038613e+02 8.693599e+00 1.146068e+01
         vertex 1.031919e+02 1.031437e+01 1.115490e+01
      endloop
   endfacet
   facet normal 4.273879e-01 -9.040684e-01 0.000000e+00
      outer loop
         vertex 1.092604e+02 1.074634e+01 1.700000e+01
         vertex 1.092604e+02 1.074634e+01 0.000000e+00
         vertex 1.095432e+02 1.088004e+01 0.000000e+00
      endloop
   endfacet
   facet normal 4.273879e-01 -9.040684e-01 0.000000e+00
      outer loop
         vertex 1.092604e+02 1.074634e+01 1.700000e+01
         vertex 1.095432e+02 1.088004e+01 0.000000e+00
         vertex 1.095432e+02 1.088004e+01 1.700000e+01
      endloop
   endfacet
   facet normal 5.631321e-01 -8.263669e-01 0.000000e+00
      outer loop
         vertex 1.095432e+02 1.088004e+01 1.700000e+01
         vertex 1.095432e+02 1.088004e+01 0.000000e+00
         vertex 1.098017e+02 1.105619e+01 0.000000e+00
      endloop
   endfacet
   facet normal 5.631321e-01 -8.263669e-01 0.000000e+00
      outer loop
         vertex 1.095432e+02 1.088004e+01 1.700000e+01
         vertex 1.098017e+02 1.105619e+01 0.000000e+00
         vertex 1.098017e+02 1.105619e+01 1.700000e+01
      endloop
   endfacet
   facet normal 6.850926e-01 -7.284560e-01 0.000000e+00
      outer loop
         vertex 1.098017e+02 1.105619e+01 1.700000e+01
         vertex 1.098017e+02 1.105619e+01 0.000000e+00
         vertex 1.100296e+02 1.127050e+01 0.000000e+00
      endloop
   endfacet
   facet normal 6.850926e-01 -7.284560e-01 0.000000e+00
      outer loop
         vertex 1.098017e+02 1.105619e+01 1.700000e+01
         vertex 1.100296e+02 1.127050e+01 0.000000e+00
         vertex 1.100296e+02 1.127050e+01 1.700000e+01
      endloop
   endfacet
   facet normal 7.903026e-01 -6.127167e-01 0.000000e+00
      outer loop
         vertex 1.100296e+02 1.127050e+01 1.700000e+01
         vertex 1.100296e+02 1.127050e+01 0.000000e+00
         vertex 1.102213e+02 1.151772e+01 0.000000e+00
      endloop
   endfacet
   facet normal 7.903026e-01 -6.127167e-01 0.000000e+00
      outer loop
         vertex 1.100296e+02 1.127050e+01 1.700000e+01
         vertex 1.102213e+02 1.151772e+01 0.000000e+00
         vertex 1.102213e+02 1.151772e+01 1.700000e+01
      endloop
   endfacet
   facet normal 8.761756e-01 -4.819921e-01 0.000000e+00
      outer loop
         vertex 1.102213e+02 1.151772e+01 1.700000e+01
         vertex 1.102213e+02 1.151772e+01 0.000000e+00
         vertex 1.103721e+02 1.179180e+01 0.000000e+00
      endloop
   endfacet
   facet normal 8.761756e-01 -4.819921e-01 0.000000e+00
      outer loop
         vertex 1.102213e+02 1.151772e+01 1.700000e+01
         vertex 1.103721e+02 1.179180e+01 0.000000e+00
         vertex 1.103721e+02 1.179180e+01 1.700000e+01
      endloop
   endfacet
   facet normal 9.406143e-01 -3.394771e-01 0.000000e+00
      outer loop
         vertex 1.103721e+02 1.179180e+01 1.700000e+01
         vertex 1.103721e+02 1.179180e+01 0.000000e+00
         vertex 1.104783e+02 1.208603e+01 0.000000e+00
      endloop
   endfacet
   facet normal 9.406143e-01 -3.394771e-01 0.000000e+00
      outer loop
         vertex 1.103721e+02 1.179180e+01 1.700000e+01
         vertex 1.104783e+02 1.208603e+01 0.000000e+00
         vertex 1.104783e+02 1.208603e+01 1.700000e+01
      endloop
   endfacet
   facet normal 9.820443e-01 -1.886503e-01 0.000000e+00
      outer loop
         vertex 1.104783e+02 1.208603e+01 1.700000e+01
         vertex 1.104783e+02 1.208603e+01 0.000000e+00
         vertex 1.105373e+02 1.239323e+01 0.000000e+00
      endloop
   endfacet
   facet normal 9.820443e-01 -1.886503e-01 0.000000e+00
      outer loop
         vertex 1.104783e+02 1.208603e+01 1.700000e+01
         vertex 1.105373e+02 1.239323e+01 0.000000e+00
         vertex 1.105373e+02 1.239323e+01 1.700000e+01
      endloop
   endfacet
   facet normal 6.481950e-01 7.614744e-01 0.000000e+00
      outer loop
         vertex 1.122955e+02 7.445077e+00 1.700000e+01
         vertex 1.122955e+02 7.445077e+00 0.000000e+00
         vertex 1.120787e+02 7.629617e+00 0.000000e+00
      endloop
   endfacet
   facet normal 6.481950e-01 7.614744e-01 0.000000e+00
      outer loop
         vertex 1.122955e+02 7.445077e+00 1.700000e+01
         vertex 1.120787e+02 7.629617e+00 0.000000e+00
         vertex 1.120787e+02 7.629617e+00 1.700000e+01
      endloop
   endfacet
   facet normal 5.334994e-01 8.458004e-01 0.000000e+00
      outer loop
         vertex 1.120787e+02 7.629617e+00 1.700000e+01
         vertex 1.120787e+02 7.629617e+00 0.000000e+00
         vertex 1.118379e+02 7.781504e+00 0.000000e+00
      endloop
   endfacet
   facet normal 5.334994e-01 8.458004e-01 0.000000e+00
      outer loop
         vertex 1.120787e+02 7.629617e+00 1.700000e+01
         vertex 1.118379e+02 7.781504e+00 0.000000e+00
         vertex 1.118379e+02 7.781504e+00 1.700000e+01
      endloop
   endfacet
   facet normal 4.080036e-01 9.129803e-01 0.000000e+00
      outer loop
         vertex 1.118379e+02 7.781504e+00 1.700000e+01
         vertex 1.118379e+02 7.781504e+00 0.000000e+00
         vertex 1.115780e+02 7.897662e+00 0.000000e+00
      endloop
   endfacet
   facet normal 4.080036e-01 9.129803e-01 0.000000e+00
      outer loop
         vertex 1.118379e+02 7.781504e+00 1.700000e+01
         vertex 1.115780e+02 7.897662e+00 0.000000e+00
         vertex 1.115780e+02 7.897662e+00 1.700000e+01
      endloop
   endfacet
   facet normal 2.742372e-01 9.616621e-01 0.000000e+00
      outer loop
         vertex 1.115780e+02 7.897662e+00 1.700000e+01
         vertex 1.115780e+02 7.897662e+00 0.000000e+00
         vertex 1.113042e+02 7.975737e+00 0.000000e+00
      endloop
   endfacet
   facet normal 2.742372e-01 9.616621e-01 0.000000e+00
      outer loop
         vertex 1.115780e+02 7.897662e+00 1.700000e+01
         vertex 1.113042e+02 7.975737e+00 0.000000e+00
         vertex 1.113042e+02 7.975737e+00 1.700000e+01
      endloop
   endfacet
   facet normal 1.349123e-01 9.908575e-01 0.000000e+00
      outer loop
         vertex 1.113042e+02 7.975737e+00 1.700000e+01
         vertex 1.113042e+02 7.975737e+00 0.000000e+00
         vertex 1.110221e+02 8.014146e+00 0.000000e+00
      endloop
   endfacet
   facet normal 1.349123e-01 9.908575e-01 0.000000e+00
      outer loop
         vertex 1.113042e+02 7.975737e+00 1.700000e+01
         vertex 1.110221e+02 8.014146e+00 0.000000e+00
         vertex 1.110221e+02 8.014146e+00 1.700000e+01
      endloop
   endfacet
   facet normal -7.144451e-03 9.999745e-01 0.000000e+00
      outer loop
         vertex 1.110221e+02 8.014146e+00 1.700000e+01
         vertex 1.110221e+02 8.014146e+00 0.000000e+00
         vertex 1.107375e+02 8.012112e+00 0.000000e+00
      endloop
   endfacet
   facet normal -7.144451e-03 9.999745e-01 0.000000e+00
      outer loop
         vertex 1.110221e+02 8.014146e+00 1.700000e+01
         vertex 1.107375e+02 8.012112e+00 0.000000e+00
         vertex 1.107375e+02 8.012112e+00 1.700000e+01
      endloop
   endfacet
   facet normal -1.490554e-01 9.888288e-01 0.000000e+00
      outer loop
         vertex 1.107375e+02 8.012112e+00 1.700000e+01
         vertex 1.107375e+02 8.012112e+00 0.000000e+00
         vertex 1.104559e+02 7.969676e+00 0.000000e+00
      endloop
   endfacet
   facet normal -1.490554e-01 9.888288e-01 0.000000e+00
      outer loop
         vertex 1.107375e+02 8.012112e+00 1.700000e+01
         vertex 1.104559e+02 7.969676e+00 0.000000e+00
         vertex 1.104559e+02 7.969676e+00 1.700000e+01
      endloop
   endfacet
   facet normal -2.879505e-01 9.576453e-01 0.000000e+00
      outer loop
         vertex 1.104559e+02 7.969676e+00 1.700000e+01
         vertex 1.104559e+02 7.969676e+00 0.000000e+00
         vertex 1.101833e+02 7.887697e+00 0.000000e+00
      endloop
   endfacet
   facet normal -2.879505e-01 9.576453e-01 0.000000e+00
      outer loop
         vertex 1.104559e+02 7.969676e+00 1.700000e+01
         vertex 1.101833e+02 7.887697e+00 0.000000e+00
         vertex 1.101833e+02 7.887697e+00 1.700000e+01
      endloop
   endfacet
   facet normal -0.000000e+00 0.000000e+00 1.000000e+00
      outer loop
         vertex 9.733592e+01 1.802257e+01 5.000000e+00
         vertex 9.733592e+01 1.772555e+01 5.000000e+00
         vertex 1.056419e+02 1.802257e+01 5.000000e+00
      endloop
   endfacet
   facet normal 0.000000e+00 0.000000e+00 1.000000e+00
      outer loop
         vertex 1.056419e+02 1.802257e+01 5.000000e+00
         vertex 9.733592e+01 1.772555e+01 5.000000e+00
         vertex 1.056419e+02 1.772555e+01 5.000000e+00
      endloop
   endfacet
   facet normal 1.000000e+00 0.000000e+00 0.000000e+00
      outer loop
         vertex 9.533592e+01 1.802257e+01 1.500000e+01
         vertex 9.533592e+01 1.772555e+01 1.500000e+01
         vertex 9.533592e+01 1.802257e+01 7.000000e+00
      endloop
   endfacet
   facet normal 1.000000e+00 0.000000e+00 0.000000e+00
      outer loop
         vertex 9.533592e+01 1.802257e+01 7.000000e+00
         vertex 9.533592e+01 1.772555e+01 1.500000e+01
         vertex 9.533592e+01 1.772555e+01 7.000000e+00
      endloop
   endfacet
   facet normal -1.000000e+00 0.000000e+00 0.000000e+00
      outer loop
         vertex 1.076419e+02 1.802257e+01 7.000000e+00
         vertex 1.076419e+02 1.772555e+01 7.000000e+00
         vertex 1.076419e+02 1.802257e+01 1.500000e+01
      endloop
   endfacet
   facet normal -1.000000e+00 -0.000000e+00 0.000000e+00
      outer loop
         vertex 1.076419e+02 1.802257e+01 1.500000e+01
         vertex 1.076419e+02 1.772555e+01 7.000000e+00
         vertex 1.076419e+02 1.772555e+01 1.500000e+01
      endloop
   endfacet
   facet normal -7.845894e-02 0.000000e+00 9.969173e-01
      outer loop
         vertex 1.056419e+02 1.802257e+01 5.000000e+00
         vertex 1.056419e+02 1.772555e+01 5.000000e+00
         vertex 1.059548e+02 1.802257e+01 5.024623e+00
      endloop
   endfacet
   facet normal -7.845894e-02 0.000000e+00 9.969173e-01
      outer loop
         vertex 1.059548e+02 1.802257e+01 5.024623e+00
         vertex 1.056419e+02 1.772555e+01 5.000000e+00
         vertex 1.059548e+02 1.772555e+01 5.024623e+00
      endloop
   endfacet
   facet normal -2.334464e-01 0.000000e+00 9.723697e-01
      outer loop
         vertex 1.059548e+02 1.802257e+01 5.024623e+00
         vertex 1.059548e+02 1.772555e+01 5.024623e+00
         vertex 1.062599e+02 1.802257e+01 5.097887e+00
      endloop
   endfacet
   facet normal -2.334464e-01 0.000000e+00 9.723697e-01
      outer loop
         vertex 1.062599e+02 1.802257e+01 5.097887e+00
         vertex 1.059548e+02 1.772555e+01 5.024623e+00
         vertex 1.062599e+02 1.772555e+01 5.097887e+00
      endloop
   endfacet
   facet normal -3.826840e-01 0.000000e+00 9.238793e-01
      outer loop
         vertex 1.062599e+02 1.802257e+01 5.097887e+00
         vertex 1.062599e+02 1.772555e+01 5.097887e+00
         vertex 1.065499e+02 1.802257e+01 5.217987e+00
      endloop
   endfacet
   facet normal -3.826840e-01 0.000000e+00 9.238793e-01
      outer loop
         vertex 1.065499e+02 1.802257e+01 5.217987e+00
         vertex 1.062599e+02 1.772555e+01 5.097887e+00
         vertex 1.065499e+02 1.772555e+01 5.217987e+00
      endloop
   endfacet
   facet normal -5.224956e-01 0.000000e+00 8.526420e-01
      outer loop
         vertex 1.065499e+02 1.802257e+01 5.217987e+00
         vertex 1.065499e+02 1.772555e+01 5.217987e+00
         vertex 1.068175e+02 1.802257e+01 5.381966e+00
      endloop
   endfacet
   facet normal -5.224956e-01 0.000000e+00 8.526420e-01
      outer loop
         vertex 1.068175e+02 1.802257e+01 5.381966e+00
         vertex 1.065499e+02 1.772555e+01 5.217987e+00
         vertex 1.068175e+02 1.772555e+01 5.381966e+00
      endloop
   endfacet
   facet normal -6.494495e-01 0.000000e+00 7.604047e-01
      outer loop
         vertex 1.068175e+02 1.802257e+01 5.381966e+00
         vertex 1.068175e+02 1.772555e+01 5.381966e+00
         vertex 1.070561e+02 1.802257e+01 5.585786e+00
      endloop
   endfacet
   facet normal -6.494495e-01 0.000000e+00 7.604047e-01
      outer loop
         vertex 1.070561e+02 1.802257e+01 5.585786e+00
         vertex 1.068175e+02 1.772555e+01 5.381966e+00
         vertex 1.070561e+02 1.772555e+01 5.585786e+00
      endloop
   endfacet
   facet normal -7.604038e-01 0.000000e+00 6.494506e-01
      outer loop
         vertex 1.070561e+02 1.802257e+01 5.585786e+00
         vertex 1.070561e+02 1.772555e+01 5.585786e+00
         vertex 1.072599e+02 1.802257e+01 5.824429e+00
      endloop
   endfacet
   facet normal -7.604038e-01 0.000000e+00 6.494506e-01
      outer loop
         vertex 1.072599e+02 1.802257e+01 5.824429e+00
         vertex 1.070561e+02 1.772555e+01 5.585786e+00
         vertex 1.072599e+02 1.772555e+01 5.824429e+00
      endloop
   endfacet
   facet normal -8.526390e-01 0.000000e+00 5.225004e-01
      outer loop
         vertex 1.072599e+02 1.802257e+01 5.824429e+00
         vertex 1.072599e+02 1.772555e+01 5.824429e+00
         vertex 1.074239e+02 1.802257e+01 6.092019e+00
      endloop
   endfacet
   facet normal -8.526390e-01 0.000000e+00 5.225004e-01
      outer loop
         vertex 1.074239e+02 1.802257e+01 6.092019e+00
         vertex 1.072599e+02 1.772555e+01 5.824429e+00
         vertex 1.074239e+02 1.772555e+01 6.092019e+00
      endloop
   endfacet
   facet normal -9.238800e-01 0.000000e+00 3.826822e-01
      outer loop
         vertex 1.074239e+02 1.802257e+01 6.092019e+00
         vertex 1.074239e+02 1.772555e+01 6.092019e+00
         vertex 1.075440e+02 1.802257e+01 6.381966e+00
      endloop
   endfacet
   facet normal -9.238800e-01 0.000000e+00 3.826822e-01
      outer loop
         vertex 1.075440e+02 1.802257e+01 6.381966e+00
         vertex 1.074239e+02 1.772555e+01 6.092019e+00
         vertex 1.075440e+02 1.772555e+01 6.381966e+00
      endloop
   endfacet
   facet normal -9.723714e-01 0.000000e+00 2.334391e-01
      outer loop
         vertex 1.075440e+02 1.802257e+01 6.381966e+00
         vertex 1.075440e+02 1.772555e+01 6.381966e+00
         vertex 1.076173e+02 1.802257e+01 6.687131e+00
      endloop
   endfacet
   facet normal -9.723714e-01 0.000000e+00 2.334391e-01
      outer loop
         vertex 1.076173e+02 1.802257e+01 6.687131e+00
         vertex 1.075440e+02 1.772555e+01 6.381966e+00
         vertex 1.076173e+02 1.772555e+01 6.687131e+00
      endloop
   endfacet
   facet normal -9.969171e-01 0.000000e+00 7.846178e-02
      outer loop
         vertex 1.076173e+02 1.802257e+01 6.687131e+00
         vertex 1.076173e+02 1.772555e+01 6.687131e+00
         vertex 1.076419e+02 1.802257e+01 7.000000e+00
      endloop
   endfacet
   facet normal -9.969171e-01 0.000000e+00 7.846178e-02
      outer loop
         vertex 1.076419e+02 1.802257e+01 7.000000e+00
         vertex 1.076173e+02 1.772555e+01 6.687131e+00
         vertex 1.076419e+02 1.772555e+01 7.000000e+00
      endloop
   endfacet
   facet normal 7.845802e-02 -0.000000e+00 9.969174e-01
      outer loop
         vertex 9.733592e+01 1.772555e+01 5.000000e+00
         vertex 9.733592e+01 1.802257e+01 5.000000e+00
         vertex 9.702304e+01 1.772555e+01 5.024623e+00
      endloop
   endfacet
   facet normal 7.845802e-02 -0.000000e+00 9.969174e-01
      outer loop
         vertex 9.702304e+01 1.772555e+01 5.024623e+00
         vertex 9.733592e+01 1.802257e+01 5.000000e+00
         vertex 9.702304e+01 1.802257e+01 5.024623e+00
      endloop
   endfacet
   facet normal 2.334464e-01 -0.000000e+00 9.723697e-01
      outer loop
         vertex 9.702304e+01 1.772555e+01 5.024623e+00
         vertex 9.702304e+01 1.802257e+01 5.024623e+00
         vertex 9.671788e+01 1.772555e+01 5.097887e+00
      endloop
   endfacet
   facet normal 2.334464e-01 -0.000000e+00 9.723697e-01
      outer loop
         vertex 9.671788e+01 1.772555e+01 5.097887e+00
         vertex 9.702304e+01 1.802257e+01 5.024623e+00
         vertex 9.671788e+01 1.802257e+01 5.097887e+00
      endloop
   endfacet
   facet normal 3.826840e-01 -0.000000e+00 9.238793e-01
      outer loop
         vertex 9.671788e+01 1.772555e+01 5.097887e+00
         vertex 9.671788e+01 1.802257e+01 5.097887e+00
         vertex 9.642793e+01 1.772555e+01 5.217987e+00
      endloop
   endfacet
   facet normal 3.826840e-01 -0.000000e+00 9.238793e-01
      outer loop
         vertex 9.642793e+01 1.772555e+01 5.217987e+00
         vertex 9.671788e+01 1.802257e+01 5.097887e+00
         vertex 9.642793e+01 1.802257e+01 5.217987e+00
      endloop
   endfacet
   facet normal 5.225009e-01 -0.000000e+00 8.526387e-01
      outer loop
         vertex 9.642793e+01 1.772555e+01 5.217987e+00
         vertex 9.642793e+01 1.802257e+01 5.217987e+00
         vertex 9.616034e+01 1.772555e+01 5.381966e+00
      endloop
   endfacet
   facet normal 5.225009e-01 -0.000000e+00 8.526387e-01
      outer loop
         vertex 9.616034e+01 1.772555e+01 5.381966e+00
         vertex 9.642793e+01 1.802257e+01 5.217987e+00
         vertex 9.616034e+01 1.802257e+01 5.381966e+00
      endloop
   endfacet
   facet normal 6.494437e-01 -0.000000e+00 7.604097e-01
      outer loop
         vertex 9.616034e+01 1.772555e+01 5.381966e+00
         vertex 9.616034e+01 1.802257e+01 5.381966e+00
         vertex 9.592170e+01 1.772555e+01 5.585786e+00
      endloop
   endfacet
   facet normal 6.494437e-01 -0.000000e+00 7.604097e-01
      outer loop
         vertex 9.592170e+01 1.772555e+01 5.585786e+00
         vertex 9.616034e+01 1.802257e+01 5.381966e+00
         vertex 9.592170e+01 1.802257e+01 5.585786e+00
      endloop
   endfacet
   facet normal 7.604096e-01 -0.000000e+00 6.494438e-01
      outer loop
         vertex 9.592170e+01 1.772555e+01 5.585786e+00
         vertex 9.592170e+01 1.802257e+01 5.585786e+00
         vertex 9.571788e+01 1.772555e+01 5.824429e+00
      endloop
   endfacet
   facet normal 7.604096e-01 -0.000000e+00 6.494438e-01
      outer loop
         vertex 9.571788e+01 1.772555e+01 5.824429e+00
         vertex 9.592170e+01 1.802257e+01 5.585786e+00
         vertex 9.571788e+01 1.802257e+01 5.824429e+00
      endloop
   endfacet
   facet normal 8.526390e-01 -0.000000e+00 5.225004e-01
      outer loop
         vertex 9.571788e+01 1.772555e+01 5.824429e+00
         vertex 9.571788e+01 1.802257e+01 5.824429e+00
         vertex 9.555390e+01 1.772555e+01 6.092019e+00
      endloop
   endfacet
   facet normal 8.526390e-01 -0.000000e+00 5.225004e-01
      outer loop
         vertex 9.555390e+01 1.772555e+01 6.092019e+00
         vertex 9.571788e+01 1.802257e+01 5.824429e+00
         vertex 9.555390e+01 1.802257e+01 6.092019e+00
      endloop
   endfacet
   facet normal 9.238800e-01 -0.000000e+00 3.826822e-01
      outer loop
         vertex 9.555390e+01 1.772555e+01 6.092019e+00
         vertex 9.555390e+01 1.802257e+01 6.092019e+00
         vertex 9.543380e+01 1.772555e+01 6.381966e+00
      endloop
   endfacet
   facet normal 9.238800e-01 -0.000000e+00 3.826822e-01
      outer loop
         vertex 9.543380e+01 1.772555e+01 6.381966e+00
         vertex 9.555390e+01 1.802257e+01 6.092019e+00
         vertex 9.543380e+01 1.802257e+01 6.381966e+00
      endloop
   endfacet
   facet normal 9.723687e-01 -0.000000e+00 2.334503e-01
      outer loop
         vertex 9.543380e+01 1.772555e+01 6.381966e+00
         vertex 9.543380e+01 1.802257e+01 6.381966e+00
         vertex 9.536054e+01 1.772555e+01 6.687131e+00
      endloop
   endfacet
   facet normal 9.723687e-01 -0.000000e+00 2.334503e-01
      outer loop
         vertex 9.536054e+01 1.772555e+01 6.687131e+00
         vertex 9.543380e+01 1.802257e+01 6.381966e+00
         vertex 9.536054e+01 1.802257e+01 6.687131e+00
      endloop
   endfacet
   facet normal 9.969181e-01 -0.000000e+00 7.844998e-02
      outer loop
         vertex 9.536054e+01 1.772555e+01 6.687131e+00
         vertex 9.536054e+01 1.802257e+01 6.687131e+00
         vertex 9.533592e+01 1.772555e+01 7.000000e+00
      endloop
   endfacet
   facet normal 9.969181e-01 -0.000000e+00 7.844998e-02
      outer loop
         vertex 9.533592e+01 1.772555e+01 7.000000e+00
         vertex 9.536054e+01 1.802257e+01 6.687131e+00
         vertex 9.533592e+01 1.802257e+01 7.000000e+00
      endloop
   endfacet
   facet normal -0.000000e+00 -1.000000e+00 -0.000000e+00
      outer loop
         vertex 1.076419e+02 1.802257e+01 1.500000e+01
         vertex 9.533592e+01 1.802257e+01 1.500000e+01
         vertex 1.076419e+02 1.802257e+01 7.000000e+00
      endloop
   endfacet
   facet normal 0.000000e+00 -1.000000e+00 0.000000e+00
      outer loop
         vertex 1.076419e+02 1.802257e+01 7.000000e+00
         vertex 9.533592e+01 1.802257e+01 1.500000e+01
         vertex 9.533592e+01 1.802257e+01 7.000000e+00
      endloop
   endfacet
   facet normal 0.000000e+00 -1.000000e+00 0.000000e+00
      outer loop
         vertex 1.062599e+02 1.802257e+01 5.097887e+00
         vertex 1.065499e+02 1.802257e+01 5.217987e+00
         vertex 1.068175e+02 1.802257e+01 5.381966e+00
      endloop
   endfacet
   facet normal 0.000000e+00 -1.000000e+00 0.000000e+00
      outer loop
         vertex 9.536054e+01 1.802257e+01 6.687131e+00
         vertex 9.543380e+01 1.802257e+01 6.381966e+00
         vertex 9.733592e+01 1.802257e+01 5.000000e+00
      endloop
   endfacet
   facet normal 0.000000e+00 -1.000000e+00 0.000000e+00
      outer loop
         vertex 9.733592e+01 1.802257e+01 5.000000e+00
         vertex 9.543380e+01 1.802257e+01 6.381966e+00
         vertex 9.555390e+01 1.802257e+01 6.092019e+00
      endloop
   endfacet
   facet normal 0.000000e+00 -1.000000e+00 0.000000e+00
      outer loop
         vertex 9.733592e+01 1.802257e+01 5.000000e+00
         vertex 9.555390e+01 1.802257e+01 6.092019e+00
         vertex 9.571788e+01 1.802257e+01 5.824429e+00
      endloop
   endfacet
   facet normal 0.000000e+00 -1.000000e+00 0.000000e+00
      outer loop
         vertex 9.616034e+01 1.802257e+01 5.381966e+00
         vertex 9.642793e+01 1.802257e+01 5.217987e+00
         vertex 9.671788e+01 1.802257e+01 5.097887e+00
      endloop
   endfacet
   facet normal -0.000000e+00 -1.000000e+00 0.000000e+00
      outer loop
         vertex 1.070561e+02 1.802257e+01 5.585786e+00
         vertex 1.072599e+02 1.802257e+01 5.824429e+00
         vertex 1.056419e+02 1.802257e+01 5.000000e+00
      endloop
   endfacet
   facet normal 0.000000e+00 -1.000000e+00 0.000000e+00
      outer loop
         vertex 1.056419e+02 1.802257e+01 5.000000e+00
         vertex 1.072599e+02 1.802257e+01 5.824429e+00
         vertex 1.074239e+02 1.802257e+01 6.092019e+00
      endloop
   endfacet
   facet normal 0.000000e+00 -1.000000e+00 0.000000e+00
      outer loop
         vertex 1.056419e+02 1.802257e+01 5.000000e+00
         vertex 1.074239e+02 1.802257e+01 6.092019e+00
         vertex 1.075440e+02 1.802257e+01 6.381966e+00
      endloop
   endfacet
   facet normal -0.000000e+00 -1.000000e+00 0.000000e+00
      outer loop
         vertex 1.075440e+02 1.802257e+01 6.381966e+00
         vertex 1.076173e+02 1.802257e+01 6.687131e+00
         vertex 1.056419e+02 1.802257e+01 5.000000e+00
      endloop
   endfacet
   facet normal 0.000000e+00 -1.000000e+00 0.000000e+00
      outer loop
         vertex 1.056419e+02 1.802257e+01 5.000000e+00
         vertex 1.076173e+02 1.802257e+01 6.687131e+00
         vertex 1.076419e+02 1.802257e+01 7.000000e+00
      endloop
   endfacet
   facet normal 0.000000e+00 -1.000000e+00 0.000000e+00
      outer loop
         vertex 1.056419e+02 1.802257e+01 5.000000e+00
         vertex 1.076419e+02 1.802257e+01 7.000000e+00
         vertex 9.733592e+01 1.802257e+01 5.000000e+00
      endloop
   endfacet
   facet normal 0.000000e+00 -1.000000e+00 0.000000e+00
      outer loop
         vertex 9.733592e+01 1.802257e+01 5.000000e+00
         vertex 1.076419e+02 1.802257e+01 7.000000e+00
         vertex 9.533592e+01 1.802257e+01 7.000000e+00
      endloop
   endfacet
   facet normal 0.000000e+00 -1.000000e+00 0.000000e+00
      outer loop
         vertex 9.733592e+01 1.802257e+01 5.000000e+00
         vertex 9.533592e+01 1.802257e+01 7.000000e+00
         vertex 9.536054e+01 1.802257e+01 6.687131e+00
      endloop
   endfacet
   facet normal 0.000000e+00 -1.000000e+00 0.000000e+00
      outer loop
         vertex 9.571788e+01 1.802257e+01 5.824429e+00
         vertex 9.592170e+01 1.802257e+01 5.585786e+00
         vertex 9.733592e+01 1.802257e+01 5.000000e+00
      endloop
   endfacet
   facet normal 0.000000e+00 -1.000000e+00 0.000000e+00
      outer loop
         vertex 9.733592e+01 1.802257e+01 5.000000e+00
         vertex 9.592170e+01 1.802257e+01 5.585786e+00
         vertex 9.616034e+01 1.802257e+01 5.381966e+00
      endloop
   endfacet
   facet normal 0.000000e+00 -1.000000e+00 0.000000e+00
      outer loop
         vertex 9.733592e+01 1.802257e+01 5.000000e+00
         vertex 9.616034e+01 1.802257e+01 5.381966e+00
         vertex 9.702304e+01 1.802257e+01 5.024623e+00
      endloop
   endfacet
   facet normal 0.000000e+00 -1.000000e+00 0.000000e+00
      outer loop
         vertex 9.702304e+01 1.802257e+01 5.024623e+00
         vertex 9.616034e+01 1.802257e+01 5.381966e+00
         vertex 9.671788e+01 1.802257e+01 5.097887e+00
      endloop
   endfacet
   facet normal 0.000000e+00 -1.000000e+00 0.000000e+00
      outer loop
         vertex 1.070561e+02 1.802257e+01 5.585786e+00
         vertex 1.056419e+02 1.802257e+01 5.000000e+00
         vertex 1.068175e+02 1.802257e+01 5.381966e+00
      endloop
   endfacet
   facet normal 0.000000e+00 -1.000000e+00 0.000000e+00
      outer loop
         vertex 1.068175e+02 1.802257e+01 5.381966e+00
         vertex 1.056419e+02 1.802257e+01 5.000000e+00
         vertex 1.059548e+02 1.802257e+01 5.024623e+00
      endloop
   endfacet
   facet normal 0.000000e+00 -1.000000e+00 0.000000e+00
      outer loop
         vertex 1.068175e+02 1.802257e+01 5.381966e+00
         vertex 1.059548e+02 1.802257e+01 5.024623e+00
         vertex 1.062599e+02 1.802257e+01 5.097887e+00
      endloop
   endfacet
endsolid